# Blender 4.2.0
# www.blender.org
mtllib model.mtl
o texture_mapping
v -0.429738 -0.016334 0.223819
v -0.429749 0.013717 0.174104
v -0.427457 -0.036446 0.170655
v -0.424691 -0.049837 0.145934
v -0.429960 -0.003113 0.145655
v -0.426562 -0.017074 -0.210227
v -0.427623 0.031344 -0.221236
v -0.430170 -0.011677 -0.238943
v -0.426866 0.038040 -0.292017
v -0.430639 -0.010038 -0.286518
v -0.424461 -0.050259 -0.309492
v -0.429895 -0.003240 -0.311654
v -0.427590 0.031721 0.244806
v -0.424229 0.012777 0.253318
v -0.423082 -0.039536 0.251482
v -0.427751 0.031906 0.223937
v -0.425714 0.040148 0.146040
v -0.413519 -0.040123 0.135436
v -0.423185 0.020366 -0.206140
v -0.424954 0.021325 -0.314576
v -0.416426 -0.062074 -0.208173
v -0.425775 -0.049610 -0.272270
v -0.421249 -0.023780 -0.318636
v -0.423085 0.057923 0.170122
v -0.424940 -0.055042 -0.227153
v -0.420258 0.068757 -0.262134
v -0.415146 0.028043 0.130604
v -0.422599 0.052201 -0.212406
v -0.417729 0.071979 -0.310706
v -0.412822 0.089416 -0.216228
v -0.417898 -0.054176 0.138364
v -0.413530 -0.023546 -0.200475
v -0.410731 0.052565 -0.200478
v -0.415678 0.083166 0.144906
v -0.415187 0.027411 -0.204543
v -0.413124 0.016388 -0.324274
v -0.412780 -0.032977 0.104052
v -0.407632 0.085923 -0.206066
v -0.414602 0.012982 0.079858
v -0.413931 -0.025019 0.027223
v -0.414500 0.013483 -0.006882
v -0.413693 -0.029770 -0.047373
v -0.412807 0.029801 -0.100379
v -0.414652 -0.015492 -0.116696
v -0.414658 0.003525 -0.188258
v -0.412069 -0.042043 -0.160167
v -0.410744 0.046433 0.058394
v -0.412338 0.035537 -0.179231
v -0.404432 0.072160 0.108662
v -0.408088 0.059057 -0.006574
v -0.408661 -0.061588 -0.021039
v -0.406996 -0.067331 -0.074718
v -0.404125 -0.077842 0.087859
v -0.404162 -0.076693 0.020432
v -0.402598 -0.082665 -0.137788
v -0.406883 0.064462 -0.135748
v -0.405537 -0.074030 -0.181867
v -0.401530 -0.086911 0.123487
v -0.404520 0.072513 -0.080039
v -0.400764 0.082667 -0.178855
v -0.412506 0.061378 0.137794
v -0.392315 0.100792 0.061431
v -0.393074 0.100260 -0.117857
v -0.396699 0.093200 -0.202101
v -0.393586 0.099629 0.013263
v -0.391074 0.104547 -0.047575
v -0.412506 0.061378 0.137794
v -0.425714 0.040148 0.146040
v -0.415678 0.083166 0.144906
v -0.415146 0.028043 0.130604
v -0.399908 0.097073 0.137242
v -0.391035 0.131502 0.146520
v -0.373713 0.132085 0.135951
v -0.357138 0.159026 0.136917
v -0.368112 0.159222 0.144259
v -0.344999 0.154035 0.136622
v -0.353183 0.171039 0.147667
v -0.319431 0.170466 0.141706
v -0.314592 0.158675 0.131225
v -0.286317 0.153136 0.136703
v -0.280834 0.163317 0.138012
v -0.275069 0.153753 0.139227
v -0.280556 0.144572 0.131418
v -0.413367 -0.008537 -0.467863
v -0.409525 0.028892 -0.478208
v -0.395389 0.019805 -0.487711
v -0.394727 0.065275 -0.486314
v -0.371192 0.079371 -0.486918
v -0.382937 0.099035 -0.484079
v -0.347591 0.129162 -0.486351
v -0.335753 0.106892 -0.480596
v -0.323570 0.123979 -0.486781
v -0.342214 0.146267 -0.479011
v -0.320860 0.150876 -0.478370
v -0.305386 0.106274 -0.470494
v -0.343685 0.092080 -0.465444
v -0.307878 0.111301 -0.479833
v -0.313494 0.138892 -0.486495
v -0.291699 0.115596 -0.483933
v -0.288703 0.131300 -0.481219
v -0.274170 0.116065 -0.476376
v -0.282044 0.097534 -0.463400
v -0.273341 0.150264 -0.468119
v -0.275621 0.127414 -0.473401
v -0.281558 0.140366 -0.460509
v -0.275621 0.127414 -0.473401
v -0.232504 0.102239 -0.467857
v -0.267962 0.140997 -0.484041
v -0.274170 0.116065 -0.476376
v -0.256579 0.119182 -0.483343
v -0.260200 0.158874 -0.482229
v -0.226179 0.155640 -0.485055
v -0.237015 0.137205 -0.486581
v -0.220748 0.111010 -0.477745
v -0.209162 0.116469 -0.483964
v -0.190646 0.130420 -0.486229
v -0.181243 0.163184 -0.478932
v -0.211894 0.164496 -0.477275
v -0.178737 0.112753 -0.481421
v -0.169516 0.149970 -0.486502
v -0.150572 0.162352 -0.481213
v -0.136190 0.126671 -0.486110
v -0.139594 0.112545 -0.482302
v -0.119850 0.154213 -0.485666
v -0.107477 0.163087 -0.479696
v -0.103018 0.112291 -0.483906
v -0.096734 0.143688 -0.487208
v -0.069879 0.122334 -0.485800
v -0.061447 0.155657 -0.485330
v -0.072646 0.164217 -0.478223
v -0.073636 0.111700 -0.481452
v -0.043795 0.136838 -0.487018
v -0.039510 0.163927 -0.480261
v -0.035282 0.112824 -0.484572
v -0.003765 0.156330 -0.485020
v -0.004310 0.165099 -0.477941
v -0.001295 0.113640 -0.484376
v 0.012033 0.137852 -0.486850
v 0.036166 0.164769 -0.480790
v 0.043479 0.112478 -0.484145
v 0.041310 0.156712 -0.485037
v 0.056453 0.121064 -0.485884
v 0.070769 0.141163 -0.486954
v 0.074100 0.163349 -0.482453
v 0.080867 0.112253 -0.483811
v 0.087124 0.120931 -0.485921
v 0.104291 0.153636 -0.485774
v 0.112963 0.164580 -0.482126
v 0.116806 0.114342 -0.484074
v 0.114641 0.131371 -0.486919
v 0.143635 0.159045 -0.484824
v 0.163679 0.140528 -0.486812
v 0.158142 0.165917 -0.479735
v 0.172789 0.116867 -0.484699
v 0.196406 0.164366 -0.483041
v 0.211103 0.153276 -0.485960
v 0.212380 0.128953 -0.486330
v 0.187961 0.111006 -0.479533
v 0.218817 0.112970 -0.484124
v 0.223953 0.165884 -0.480730
v 0.237186 0.141688 -0.487654
v 0.235992 0.165438 -0.483838
v 0.237731 0.111384 -0.482425
v 0.240650 0.153309 -0.493841
v 0.244962 0.171409 -0.490927
v 0.240803 0.122566 -0.493796
v 0.245472 0.105840 -0.490234
v 0.256285 0.126064 -0.494995
v 0.263023 0.153889 -0.494764
v 0.272388 0.105896 -0.491086
v 0.274979 0.173450 -0.491219
v 0.294007 0.118819 -0.494526
v 0.308382 0.145429 -0.495069
v 0.314681 0.108274 -0.491849
v 0.316337 0.169127 -0.491366
v 0.330990 0.119930 -0.494616
v 0.353848 0.142515 -0.495143
v 0.355199 0.163719 -0.492811
v 0.351669 0.173829 -0.487673
v 0.353375 0.108660 -0.491255
v 0.383144 0.127612 -0.494968
v 0.391439 0.173031 -0.487734
v 0.383413 0.106411 -0.489597
v 0.394066 0.156392 -0.494116
v 0.403104 0.112648 -0.491770
v 0.406311 0.132391 -0.494148
v 0.410878 0.167768 -0.487564
v 0.417766 0.122659 -0.488760
v 0.416936 0.149085 -0.490152
v 0.414330 0.107100 -0.480151
v -0.407519 -0.018515 0.394817
v -0.399890 0.003470 0.398211
v -0.410917 0.025193 0.388631
v -0.397306 0.050778 0.398603
v -0.403862 -0.059871 0.389971
v -0.383137 -0.059761 0.397557
v -0.380742 0.024093 0.393899
v -0.378714 -0.036277 0.393164
v -0.382613 0.056907 0.399064
v -0.389075 -0.089637 0.395834
v -0.402349 0.066042 0.390229
v -0.384751 0.096153 0.396210
v -0.370794 -0.106507 0.397335
v -0.370982 -0.126799 0.392731
v -0.370350 0.102331 0.399418
v -0.358668 0.085833 0.392010
v -0.356985 0.128626 0.396498
v -0.360301 -0.094493 0.392740
v -0.363173 -0.007207 0.360995
v -0.365620 -0.049745 0.356913
v -0.354736 -0.054832 0.363319
v -0.351788 0.061319 0.364651
v -0.363448 0.069879 0.377835
v -0.369006 0.035158 0.361215
v -0.357350 -0.081883 0.361955
v -0.347054 -0.142228 0.395798
v -0.336939 0.113148 0.398096
v -0.344441 -0.125229 0.396369
v -0.349947 0.006249 0.367185
v -0.335830 -0.096785 0.366413
v -0.345431 -0.042309 0.367038
v -0.344475 -0.101560 0.357148
v -0.344275 0.044905 0.365116
v -0.326495 0.020050 0.359085
v -0.345476 0.029113 0.359067
v -0.345528 -0.012810 0.360380
v -0.324244 0.106848 0.383755
v -0.327530 -0.087070 0.368216
v -0.332327 0.074931 0.366880
v -0.341820 0.050032 0.359204
v -0.331647 0.044603 0.356880
v -0.329707 0.100607 0.367014
v -0.345586 0.092796 0.367588
v -0.320580 -0.039522 0.357839
v -0.335612 -0.051418 0.360175
v -0.315752 -0.142546 0.397060
v -0.326704 -0.015215 0.359081
v -0.309812 0.080194 0.364584
v -0.313482 -0.128581 0.392967
v -0.337447 -0.116314 0.387336
v -0.330407 -0.116390 0.367273
v -0.319673 0.144216 0.395426
v -0.310502 -0.157045 0.391941
v -0.320005 -0.080055 0.360147
v -0.296727 -0.060951 0.359918
v -0.296573 0.045365 0.357500
v -0.308385 0.123104 0.398831
v -0.322408 -0.122559 0.380986
v -0.311459 -0.122565 0.377843
v -0.304311 0.107256 0.373881
v -0.288240 -0.008123 0.358790
v -0.296659 -0.111070 0.374511
v -0.313482 -0.128581 0.392967
v -0.295811 0.108017 0.392331
v -0.293848 0.137614 0.394646
v -0.281382 -0.086280 0.360207
v -0.290417 -0.126993 0.392598
v -0.289389 0.020134 0.359119
v -0.291011 -0.023092 0.360045
v -0.289483 -0.149727 0.387305
v -0.287314 0.118247 0.393610
v -0.265469 0.095208 0.364756
v -0.290417 -0.126993 0.392598
v -0.250807 0.068323 0.362836
v -0.264001 0.110391 0.372677
v -0.237783 -0.024473 0.361258
v -0.282846 0.104733 0.383200
v -0.276936 -0.124687 0.383036
v -0.277614 0.130462 0.384902
v -0.274785 0.115017 0.378955
v -0.276936 -0.124687 0.383036
v -0.252990 0.040717 0.357356
v -0.264166 0.110934 0.385443
v -0.269364 0.144857 0.394832
v -0.273399 0.150886 0.381919
v -0.277905 -0.146814 0.370581
v -0.271856 -0.136389 0.391773
v -0.272591 -0.111014 0.372502
v -0.266019 0.009668 0.362532
v -0.265520 -0.119117 0.388314
v -0.269738 0.120143 0.389700
v -0.267989 -0.156741 0.391466
v -0.260293 0.130429 0.398307
v -0.244050 -0.053201 0.359300
v -0.254427 -0.003985 0.360139
v -0.259754 -0.129619 0.397292
v -0.255100 0.116124 0.396330
v -0.246022 -0.152754 0.398372
v -0.240795 0.132695 0.399514
v -0.196823 -0.134015 0.399048
v -0.229823 -0.168403 0.391018
v -0.205289 0.153882 0.398769
v -0.260009 0.162236 0.392375
v -0.234023 -0.119287 0.395649
v -0.231234 -0.110774 0.371200
v -0.220093 -0.083633 0.360856
v -0.240534 0.017206 0.359354
v -0.224416 0.112679 0.391037
v -0.222203 0.106549 0.369662
v -0.211165 -0.005513 0.359907
v -0.205666 0.069861 0.362945
v -0.210738 -0.050479 0.358768
v -0.188001 0.134724 0.399949
v -0.200870 0.054415 0.360655
v -0.198673 0.025916 0.358536
v -0.225119 0.010445 0.364151
v -0.181538 -0.163454 0.396867
v -0.202013 -0.026139 0.357939
v -0.205452 -0.015246 0.361096
v -0.201826 0.092634 0.363716
v -0.199334 0.011284 0.361805
v -0.181905 -0.118239 0.395919
v -0.180467 -0.019901 0.362801
v -0.183412 0.114835 0.395780
v -0.178763 -0.088532 0.362431
v -0.184685 -0.112365 0.372448
v -0.183950 0.110734 0.372926
v -0.187504 0.102407 0.368457
v -0.162399 0.079308 0.362143
v -0.180324 -0.012563 0.359104
v -0.177083 0.005287 0.360379
v -0.171597 -0.041716 0.358260
v -0.165518 0.097362 0.362174
v -0.162564 0.066332 0.363662
v -0.164365 0.035237 0.358639
v -0.155730 -0.027157 0.357793
v -0.149357 -0.152723 0.399940
v -0.153319 0.101427 0.367783
v -0.155216 0.134597 0.400384
v -0.132561 -0.098237 0.365322
v -0.154407 0.153049 0.399688
v -0.138315 0.164544 0.390871
v -0.149520 0.115139 0.396178
v -0.110854 -0.070991 0.359464
v -0.103482 0.001236 0.359018
v -0.152253 -0.009730 0.358667
v -0.139848 -0.114780 0.381178
v -0.133023 -0.019287 0.362890
v -0.130290 0.109738 0.374519
v -0.126140 0.094683 0.362427
v -0.132409 -0.121911 0.398330
v -0.121682 0.141086 0.400701
v -0.113322 0.075288 0.363009
v -0.102738 -0.030355 0.357245
v -0.113321 0.039775 0.358086
v -0.122107 0.118379 0.397863
v -0.114754 -0.167758 0.394729
v -0.101363 -0.141240 0.400961
v -0.112549 0.102886 0.368597
v -0.096286 0.154556 0.399885
v -0.088726 -0.160726 0.398851
v -0.096135 -0.113523 0.374068
v -0.082931 -0.018058 0.362589
v -0.092447 -0.047296 0.358245
v -0.090742 0.109951 0.371012
v -0.080147 -0.116987 0.393332
v -0.090499 0.122975 0.399327
v -0.081846 0.111798 0.391270
v -0.058144 -0.098044 0.364909
v -0.064611 0.099107 0.364354
v -0.082143 0.163884 0.396929
v -0.052548 0.086080 0.363441
v -0.054579 0.036305 0.358975
v -0.062466 0.143023 0.400886
v -0.080070 0.070093 0.362620
v -0.050259 -0.133502 0.400564
v -0.042310 -0.058212 0.358487
v -0.038631 0.117457 0.398015
v -0.035112 -0.112948 0.374027
v -0.042072 -0.158575 0.399755
v -0.053934 -0.027729 0.357753
v -0.054213 0.109714 0.373593
v -0.017261 0.161269 0.398277
v -0.041234 -0.168469 0.394434
v -0.032820 -0.006085 0.359448
v -0.045699 0.069013 0.362570
v -0.034997 -0.020296 0.362432
v -0.017930 -0.116842 0.397332
v 0.009483 0.092779 0.362237
v -0.012040 0.069745 0.363079
v 0.017534 -0.021728 0.359837
v -0.024035 0.047256 0.358738
v -0.003510 0.140331 0.401004
v -0.006145 -0.153111 0.400574
v -0.011573 -0.030798 0.357914
v 0.003204 0.107757 0.371597
v 0.012703 -0.094459 0.363558
v 0.010644 -0.131131 0.400582
v 0.012069 -0.073773 0.358759
v -0.000768 0.026172 0.358683
v 0.019969 0.049248 0.359367
v 0.011030 -0.053611 0.358628
v 0.037426 0.112718 0.395611
v 0.017063 -0.167634 0.396472
v 0.032782 0.008342 0.359290
v 0.015133 -0.112529 0.373648
v 0.022027 0.075012 0.362510
v 0.041964 0.155003 0.400284
v 0.023244 -0.116979 0.397976
v 0.044008 -0.014436 0.360794
v 0.048652 -0.158685 0.399656
v 0.055443 -0.039513 0.358299
v 0.066557 0.131371 0.400701
v 0.058034 -0.066550 0.358749
v 0.048096 0.107508 0.374869
v 0.043236 0.166676 0.391403
v 0.060057 -0.111983 0.373376
v 0.069107 -0.115325 0.393630
v 0.063292 0.067302 0.362442
v 0.064257 -0.133639 0.400959
v 0.059322 -0.098556 0.365288
v 0.070101 0.100247 0.365002
v 0.065737 0.036084 0.357733
v 0.074428 -0.010187 0.358661
v 0.086606 -0.080207 0.360443
v 0.092629 0.165535 0.395394
v 0.084135 0.007898 0.359384
v 0.086023 -0.017038 0.362254
v 0.082427 -0.026087 0.357688
v 0.083505 0.108543 0.371668
v 0.098312 0.154922 0.400104
v 0.093198 -0.100230 0.365808
v 0.094996 0.042188 0.357928
v 0.108588 -0.156418 0.399993
v 0.112279 -0.112112 0.377890
v 0.100679 0.073727 0.363552
v 0.094367 -0.167998 0.395164
v 0.102580 -0.053852 0.358686
v 0.099270 -0.129703 0.400442
v 0.110449 -0.116830 0.397296
v 0.108877 0.113491 0.396134
v 0.108815 0.097320 0.364944
v 0.110817 -0.008849 0.359474
v 0.140138 0.137413 0.401014
v 0.123202 -0.082423 0.360603
v 0.125393 -0.018302 0.362504
v 0.113443 0.019232 0.358817
v 0.126310 0.108336 0.372823
v 0.137656 0.065798 0.362501
v 0.131631 -0.103174 0.367315
v 0.134502 0.039652 0.356651
v 0.135301 -0.028451 0.357513
v 0.142141 -0.056272 0.358692
v 0.142186 -0.167405 0.396227
v 0.139102 0.162832 0.397649
v 0.153757 0.009507 0.359406
v 0.155432 0.087290 0.362598
v 0.157619 -0.012948 0.360967
v 0.149642 0.115556 0.398558
v 0.157373 -0.128241 0.400217
v 0.163037 0.105014 0.370192
v 0.152508 -0.154886 0.400109
v 0.154039 -0.115714 0.397272
v 0.171227 0.046634 0.359102
v 0.170183 -0.094907 0.363476
v 0.164889 -0.111211 0.372489
v 0.170827 -0.042963 0.358651
v 0.185432 0.117819 0.399172
v 0.178221 0.163336 0.396817
v 0.190258 -0.024515 0.359033
v 0.197488 -0.071695 0.358858
v 0.187915 -0.167571 0.396460
v 0.183180 -0.156125 0.399734
v 0.187763 -0.117406 0.397589
v 0.186475 0.071668 0.362993
v 0.210307 0.137225 0.400870
v 0.196483 0.018898 0.358985
v 0.191838 -0.012647 0.359445
v 0.198430 0.092980 0.364123
v 0.220276 0.054791 0.359828
v 0.217032 -0.133278 0.400102
v 0.212663 -0.047062 0.359567
v 0.204383 -0.090958 0.361288
v 0.214683 -0.109676 0.371706
v 0.221145 -0.157165 0.399496
v 0.192983 0.107370 0.371986
v 0.220079 0.162010 0.398335
v 0.222483 -0.167990 0.396211
v 0.235607 -0.013143 0.360989
v 0.220645 0.107221 0.371129
v 0.223214 -0.116151 0.396466
v 0.243730 -0.102748 0.367927
v 0.246890 0.011634 0.359398
v 0.239057 -0.072744 0.359314
v 0.230400 0.096864 0.364851
v 0.243073 -0.026262 0.358157
v 0.225292 0.112461 0.397354
v 0.235940 0.122164 0.400518
v 0.265050 -0.054954 0.359383
v 0.250431 0.103409 0.372512
v 0.241382 -0.109794 0.374068
v 0.261445 0.079137 0.362435
v 0.236425 0.151307 0.400675
v 0.238409 -0.121148 0.399491
v 0.238699 -0.144247 0.401386
v 0.235850 0.165587 0.399040
v 0.237953 -0.167978 0.394729
v 0.243538 -0.170214 0.404901
v 0.242478 0.146754 0.407716
v 0.242961 0.107365 0.400066
v 0.242541 -0.142049 0.408245
v 0.242949 0.120742 0.408859
v 0.250815 -0.107629 0.403074
v 0.244390 0.171296 0.405443
v 0.274606 0.132232 0.410670
v 0.262307 0.169036 0.407246
v 0.253212 0.109750 0.408491
v 0.266405 -0.020070 0.362314
v 0.270008 -0.142612 0.410253
v 0.274905 0.095449 0.364483
v 0.265008 0.040684 0.357338
v 0.265819 -0.171756 0.406498
v 0.279128 -0.087816 0.362248
v 0.273453 -0.103563 0.370796
v 0.282458 -0.111201 0.408463
v 0.272895 -0.008778 0.359286
v 0.289995 -0.029227 0.358568
v 0.284892 0.107340 0.405181
v 0.259655 0.103035 0.401022
v 0.288591 0.101372 0.371083
v 0.304494 -0.016395 0.362247
v 0.293306 0.084527 0.361817
v 0.304641 -0.161297 0.409064
v 0.295522 0.149070 0.410179
v 0.315292 -0.060312 0.360025
v 0.294511 0.006962 0.359618
v 0.310660 0.040927 0.358720
v 0.301993 -0.099679 0.367249
v 0.302348 0.168697 0.406851
v 0.290903 0.176144 0.399937
v 0.305294 0.070511 0.363748
v 0.305337 -0.173578 0.402552
v 0.310240 0.095014 0.363511
v 0.318950 -0.132271 0.409969
v 0.322827 0.116838 0.408783
v 0.313630 -0.105793 0.404098
v 0.338012 0.143134 0.410079
v 0.338060 0.001292 0.359783
v 0.337745 0.078841 0.361058
v 0.335300 -0.169443 0.406071
v 0.328593 -0.091743 0.363008
v 0.334988 0.063602 0.361483
v 0.325627 0.105438 0.401700
v 0.338653 0.072296 0.365244
v 0.327962 -0.027511 0.358709
v 0.358600 -0.153420 0.409842
v 0.348867 -0.113851 0.408179
v 0.348793 -0.021428 0.361182
v 0.343440 0.090528 0.362568
v 0.331785 0.100903 0.370396
v 0.354300 0.168331 0.406569
v 0.340439 -0.104117 0.400344
v 0.351556 -0.103349 0.371510
v 0.364583 -0.039445 0.358889
v 0.347400 0.041029 0.356091
v 0.361012 -0.086369 0.361872
v 0.362483 -0.068316 0.359713
v 0.362881 0.091699 0.362788
v 0.368943 0.110942 0.405839
v 0.360470 0.070866 0.365724
v 0.365229 -0.014878 0.357755
v 0.375914 0.125725 0.409413
v 0.364022 0.102020 0.370184
v 0.364068 0.061625 0.360520
v 0.367745 0.004764 0.359743
v 0.389343 0.146136 0.409477
v 0.372409 -0.105202 0.403895
v 0.367605 0.075935 0.360180
v 0.372612 0.045568 0.354102
v 0.372933 -0.022120 0.360623
v 0.383365 -0.139331 0.409755
v 0.379208 -0.167893 0.406896
v 0.381148 -0.100287 0.362210
v 0.376725 0.070391 0.359934
v 0.374994 0.095820 0.359553
v 0.376346 0.080163 0.354009
v 0.378403 0.021884 0.356376
v 0.362529 0.175471 0.399768
v 0.399947 0.170811 0.402327
v 0.383703 -0.077141 0.356301
v 0.382687 -0.009408 0.354604
v 0.391697 -0.112855 0.407166
v 0.385143 -0.048453 0.355275
v 0.399920 -0.155063 0.408359
v 0.405402 0.112970 0.404522
v 0.393693 0.105571 0.398126
v 0.396267 -0.102954 0.401747
v 0.400379 -0.170528 0.402556
v 0.408484 -0.116651 0.405144
v 0.414000 0.124738 0.404447
v 0.411067 -0.102389 0.391001
v 0.420250 0.142429 0.401014
v 0.418604 -0.134195 0.403443
v 0.422171 -0.116619 0.394288
v 0.421684 -0.160275 0.396920
v 0.416655 0.108458 0.390527
v 0.416318 0.174111 0.390253
v 0.424062 0.160201 0.393715
v -0.390144 -0.019402 -0.487309
v -0.401858 -0.043046 -0.486005
v -0.395389 0.019805 -0.487711
v -0.389746 -0.093345 -0.483126
v -0.379307 -0.077437 -0.486979
v -0.359542 0.024990 -0.466304
v -0.367897 -0.019711 -0.461069
v -0.368078 0.033108 -0.460798
v -0.349853 -0.007472 -0.467597
v -0.353891 -0.136178 -0.486684
v -0.365648 -0.135901 -0.479408
v -0.357959 -0.040611 -0.465690
v -0.363686 -0.059677 -0.458548
v -0.340958 0.067756 -0.466558
v -0.362177 0.065857 -0.461631
v -0.351924 -0.069907 -0.463464
v -0.345443 -0.098726 -0.460365
v -0.345070 -0.053743 -0.468159
v -0.339252 -0.126354 -0.486643
v -0.343685 0.092080 -0.465444
v -0.344167 0.034478 -0.464504
v -0.343276 -0.040454 -0.465372
v -0.331661 -0.099556 -0.469417
v -0.344167 0.034478 -0.464504
v -0.317165 0.025156 -0.462063
v -0.345974 0.020126 -0.459995
v -0.322264 0.009327 -0.461558
v -0.345904 0.009031 -0.463436
v -0.342504 -0.011956 -0.459715
v -0.330767 -0.077155 -0.466630
v -0.354190 -0.099317 -0.477696
v -0.320848 -0.123781 -0.478562
v -0.320946 -0.016633 -0.463521
v -0.330554 0.061996 -0.456180
v -0.343276 -0.040454 -0.465372
v -0.326729 -0.064532 -0.462620
v -0.345070 -0.053743 -0.468159
v -0.330554 0.061996 -0.456180
v -0.327002 0.039050 -0.457802
v -0.330767 -0.077155 -0.466630
v -0.317057 -0.042730 -0.462564
v -0.320946 -0.016633 -0.463521
v -0.328387 -0.152488 -0.482935
v -0.290201 0.046024 -0.456182
v -0.305386 0.106274 -0.470494
v -0.316212 -0.103029 -0.471430
v -0.314496 -0.092670 -0.461479
v -0.313305 0.088016 -0.463195
v -0.316676 -0.070684 -0.456778
v -0.320848 -0.123781 -0.478562
v -0.263690 -0.062791 -0.460194
v -0.316212 -0.103029 -0.471430
v -0.296512 -0.128209 -0.484633
v -0.294926 0.015051 -0.458932
v -0.282044 0.097534 -0.463400
v -0.293499 0.075789 -0.454679
v -0.299298 -0.112794 -0.470504
v -0.293499 0.075789 -0.454679
v -0.290577 -0.146062 -0.479672
v -0.308359 -0.160951 -0.474235
v -0.282828 -0.000669 -0.463047
v -0.261322 -0.094873 -0.460323
v -0.274297 0.024649 -0.461110
v -0.273983 -0.022210 -0.463426
v -0.277938 -0.116409 -0.474304
v -0.251683 0.010249 -0.462560
v -0.277094 -0.127164 -0.474400
v -0.254581 0.016917 -0.456819
v -0.235852 0.038799 -0.458600
v -0.245608 0.076653 -0.455081
v -0.282044 0.097534 -0.463400
v -0.262341 -0.125452 -0.483393
v -0.272069 -0.142702 -0.480954
v -0.249006 -0.145712 -0.487194
v -0.240318 0.023607 -0.460094
v -0.265147 -0.158799 -0.481336
v -0.242100 -0.115024 -0.474190
v -0.238664 -0.014848 -0.461071
v -0.251562 -0.017521 -0.467403
v -0.228008 -0.164921 -0.482482
v -0.213944 -0.003770 -0.462828
v -0.225433 0.093908 -0.454763
v -0.220497 -0.030166 -0.462746
v -0.219484 -0.018983 -0.467129
v -0.212510 -0.125943 -0.485550
v -0.198107 0.043326 -0.457209
v -0.199683 0.013144 -0.459702
v -0.204782 -0.015165 -0.461624
v -0.196002 -0.145707 -0.487291
v -0.191001 -0.039107 -0.463187
v -0.190054 0.077535 -0.455374
v -0.197692 0.025475 -0.460568
v -0.177081 -0.095538 -0.461057
v -0.198067 -0.068720 -0.460311
v -0.186574 -0.115816 -0.474391
v -0.161066 -0.021346 -0.466315
v -0.179946 0.093158 -0.455471
v -0.175140 -0.014136 -0.461733
v -0.166347 -0.154259 -0.486528
v -0.157325 0.027115 -0.462887
v -0.144795 -0.006288 -0.462572
v -0.164668 -0.060980 -0.463336
v -0.157337 -0.165994 -0.483087
v -0.157160 0.040804 -0.458517
v -0.141112 -0.133185 -0.487567
v -0.132385 0.014451 -0.459310
v -0.154630 -0.069126 -0.457034
v -0.136647 -0.115069 -0.475637
v -0.156017 0.075144 -0.455202
v -0.145489 -0.040845 -0.462649
v -0.128683 -0.079768 -0.459420
v -0.142696 0.093515 -0.455699
v -0.119789 -0.063668 -0.460053
v -0.116314 -0.157174 -0.486120
v -0.104857 -0.044375 -0.462403
v -0.112593 0.064896 -0.456087
v -0.118224 -0.095442 -0.460614
v -0.111921 0.037706 -0.458685
v -0.108834 -0.168593 -0.475444
v -0.103641 0.093303 -0.455453
v -0.111366 0.023956 -0.462213
v -0.107983 -0.020185 -0.466440
v -0.073065 -0.119000 -0.481367
v -0.094475 -0.144382 -0.488154
v -0.072903 -0.026517 -0.462953
v -0.090555 -0.002878 -0.462598
v -0.079425 -0.012257 -0.460952
v -0.086693 -0.112693 -0.468676
v -0.080116 -0.104001 -0.464612
v -0.064954 -0.087335 -0.458636
v -0.070211 -0.073563 -0.458963
v -0.079197 0.025229 -0.463559
v -0.070166 -0.158256 -0.485764
v -0.076029 0.010444 -0.462474
v -0.072119 0.043209 -0.457348
v -0.081770 0.072335 -0.456107
v -0.081256 0.019727 -0.458720
v -0.067397 -0.062444 -0.463133
v -0.036301 -0.040896 -0.462761
v -0.056020 -0.017994 -0.466547
v -0.057953 0.094120 -0.455637
v -0.045545 -0.132888 -0.487520
v -0.043188 0.017392 -0.458958
v -0.051986 0.026150 -0.462765
v -0.035868 0.000784 -0.463087
v -0.046176 0.064656 -0.455655
v -0.039784 -0.100869 -0.463157
v -0.032307 -0.112994 -0.470110
v -0.031786 -0.078932 -0.460153
v -0.018926 -0.051102 -0.462104
v -0.023308 -0.025538 -0.463354
v -0.031449 0.037599 -0.458514
v -0.017470 -0.069047 -0.459672
v -0.034348 -0.012234 -0.461823
v -0.013895 -0.155084 -0.486779
v -0.030601 -0.168594 -0.475275
v -0.014587 0.025509 -0.463160
v -0.006014 -0.091746 -0.459998
v -0.025319 -0.117386 -0.482554
v -0.028045 0.093168 -0.455737
v -0.012019 -0.133914 -0.487572
v 0.001345 0.015442 -0.460126
v 0.011808 0.073701 -0.456481
v -0.008749 -0.017777 -0.466157
v -0.001343 0.053455 -0.456108
v 0.001008 -0.078704 -0.461123
v 0.004724 0.094031 -0.455529
v 0.004883 -0.013270 -0.460845
v 0.007976 -0.119668 -0.483611
v 0.007037 -0.001008 -0.462686
v 0.010802 0.034825 -0.460001
v 0.018807 -0.033997 -0.464575
v 0.021813 -0.043028 -0.459684
v 0.015680 -0.022721 -0.462518
v 0.021405 0.024537 -0.463325
v 0.027762 -0.113282 -0.471803
v 0.039254 -0.164357 -0.483396
v 0.031298 -0.081840 -0.459418
v 0.025457 0.056265 -0.456826
v 0.025942 -0.066834 -0.460614
v 0.024272 -0.142831 -0.488260
v 0.027645 -0.017341 -0.467119
v 0.036207 0.064584 -0.455439
v 0.034127 0.085213 -0.455378
v 0.033290 -0.099941 -0.462429
v 0.040235 0.003670 -0.462720
v 0.047010 -0.051241 -0.463113
v 0.040419 0.048482 -0.454949
v 0.038620 0.035540 -0.459651
v 0.046330 -0.022524 -0.463819
v 0.049202 0.095832 -0.456849
v 0.050956 0.017104 -0.459195
v 0.038491 -0.012626 -0.461276
v 0.051063 -0.034975 -0.464108
v 0.047555 0.071242 -0.458082
v 0.061226 0.025950 -0.463164
v 0.062375 -0.067107 -0.461111
v 0.049251 -0.133330 -0.487577
v 0.063637 0.076801 -0.453468
v 0.050076 -0.117624 -0.483001
v 0.065343 -0.101851 -0.463415
v 0.067837 -0.017576 -0.466451
v 0.065238 0.048722 -0.456355
v 0.080543 -0.152586 -0.486759
v 0.067090 0.064783 -0.455951
v 0.073570 0.086266 -0.455465
v 0.064955 -0.083759 -0.459468
v 0.074287 -0.012168 -0.460726
v 0.077736 0.072298 -0.458362
v 0.077001 0.002002 -0.462716
v 0.066788 -0.113418 -0.472124
v 0.079063 -0.131629 -0.487740
v 0.086687 -0.046604 -0.461587
v 0.090349 -0.119794 -0.484371
v 0.077535 -0.022620 -0.461923
v 0.082165 0.035332 -0.459798
v 0.093636 -0.033981 -0.463713
v 0.089888 -0.167226 -0.482416
v 0.098320 0.018315 -0.460045
v 0.099730 -0.088288 -0.459111
v 0.103678 -0.064219 -0.463022
v 0.106772 0.044912 -0.456769
v 0.090806 -0.077653 -0.460732
v 0.109693 0.068112 -0.457599
v 0.103501 -0.108526 -0.468159
v 0.100482 -0.070997 -0.457405
v 0.111196 0.081250 -0.455587
v 0.098458 -0.017535 -0.467475
v 0.098179 0.026852 -0.463687
v 0.106165 0.094686 -0.455263
v 0.114308 -0.022179 -0.462447
v 0.115153 -0.013891 -0.461417
v 0.119728 0.002894 -0.462834
v 0.110535 -0.136524 -0.487984
v 0.132861 -0.043324 -0.460078
v 0.114344 -0.054866 -0.463690
v 0.125472 -0.080411 -0.460393
v 0.135888 -0.070526 -0.457467
v 0.129193 -0.126079 -0.486369
v 0.130418 -0.035571 -0.464852
v 0.133462 0.027473 -0.463427
v 0.134622 -0.017698 -0.467418
v 0.129655 -0.166303 -0.481620
v 0.133147 -0.102365 -0.463633
v 0.147396 -0.116355 -0.480754
v 0.141153 -0.153068 -0.486911
v 0.145444 0.018135 -0.459863
v 0.146160 -0.063713 -0.463006
v 0.138926 -0.112054 -0.469075
v 0.139703 0.096046 -0.455091
v 0.163672 0.039380 -0.459013
v 0.159831 -0.050915 -0.463148
v 0.152428 0.072987 -0.456607
v 0.148118 -0.012336 -0.461878
v 0.167613 -0.020609 -0.464764
v 0.155624 -0.083772 -0.459883
v 0.164596 0.005240 -0.462889
v 0.170751 -0.135351 -0.487386
v 0.172977 -0.034953 -0.464424
v 0.182297 -0.111767 -0.471477
v 0.173906 0.096205 -0.455013
v 0.179400 0.027259 -0.463984
v 0.177312 -0.100960 -0.462853
v 0.176814 -0.164224 -0.483643
v 0.180027 -0.069643 -0.458154
v 0.201562 -0.090290 -0.460372
v 0.192583 -0.011717 -0.461013
v 0.190204 -0.059857 -0.464024
v 0.183264 -0.043163 -0.460025
v 0.184226 0.078527 -0.456264
v 0.184808 0.018711 -0.459457
v 0.193219 -0.155812 -0.486283
v 0.200125 0.005589 -0.462738
v 0.200308 0.047301 -0.457687
v 0.205699 -0.117989 -0.482812
v 0.206024 -0.039034 -0.463703
v 0.210428 0.093851 -0.455397
v 0.215359 -0.024667 -0.462535
v 0.210257 -0.067811 -0.460438
v 0.204502 -0.017637 -0.467472
v 0.215725 -0.166869 -0.481211
v 0.218751 -0.144429 -0.486728
v 0.218832 -0.109145 -0.468913
v 0.231646 0.021639 -0.461539
v 0.230339 0.074122 -0.457012
v 0.229674 -0.009240 -0.461011
v 0.236312 -0.055858 -0.464088
v 0.239032 0.043430 -0.458577
v 0.228803 -0.123313 -0.485761
v 0.238522 -0.016663 -0.467102
v 0.244294 -0.098332 -0.461447
v 0.248091 0.095401 -0.455922
v 0.238897 -0.069278 -0.461015
v 0.243578 -0.084404 -0.460163
v 0.245382 -0.040423 -0.462409
v 0.236690 -0.114795 -0.479929
v 0.252614 0.000237 -0.463020
v 0.238235 -0.167513 -0.484584
v 0.238393 -0.108421 -0.467459
v 0.238830 -0.138196 -0.487861
v 0.240648 -0.149505 -0.493268
v 0.240369 -0.113264 -0.490064
v 0.242661 -0.126632 -0.494251
v 0.253080 -0.170526 -0.492876
v 0.268609 -0.011415 -0.459989
v 0.244348 -0.176887 -0.481791
v 0.252572 -0.154250 -0.495120
v 0.264298 -0.123605 -0.494828
v 0.256298 -0.106505 -0.490921
v 0.274360 -0.103125 -0.465370
v 0.280113 -0.026068 -0.462842
v 0.267560 0.024159 -0.462553
v 0.284719 -0.048422 -0.462817
v 0.272013 0.088261 -0.456225
v 0.298348 0.076669 -0.457123
v 0.264812 -0.064001 -0.464323
v 0.283033 0.047283 -0.457918
v 0.280365 -0.016411 -0.465784
v 0.274687 -0.085662 -0.460975
v 0.273291 -0.069309 -0.459174
v 0.286395 -0.150842 -0.495133
v 0.290209 0.095597 -0.456796
v 0.294585 -0.170358 -0.492730
v 0.291766 0.027045 -0.463761
v 0.292466 -0.105449 -0.489662
v 0.292104 0.006795 -0.463295
v 0.294423 -0.068689 -0.462843
v 0.314064 -0.116095 -0.493736
v 0.305988 0.019554 -0.459242
v 0.310781 -0.010913 -0.461283
v 0.320392 -0.091919 -0.460895
v 0.314332 0.037763 -0.460534
v 0.334310 -0.058490 -0.463102
v 0.319545 -0.017502 -0.466894
v 0.333336 0.076141 -0.456260
v 0.325063 -0.156486 -0.495102
v 0.321838 0.090990 -0.455944
v 0.323771 0.026743 -0.463025
v 0.325688 0.008818 -0.463130
v 0.327932 -0.103921 -0.466007
v 0.327154 -0.168383 -0.493520
v 0.345594 -0.104592 -0.488824
v 0.339461 -0.022004 -0.463647
v 0.347149 -0.124785 -0.494773
v 0.354246 0.044575 -0.460086
v 0.343502 0.019891 -0.459608
v 0.357402 -0.011145 -0.461808
v 0.355677 0.026234 -0.463659
v 0.346677 0.094900 -0.456173
v 0.361861 -0.021428 -0.465037
v 0.354574 0.069934 -0.458264
v 0.363999 -0.166721 -0.492627
v 0.362939 0.004144 -0.463572
v 0.363687 0.092316 -0.457429
v 0.364266 -0.105057 -0.466254
v 0.372694 -0.144656 -0.495487
v 0.372819 0.022975 -0.456467
v 0.376661 -0.064188 -0.460270
v 0.368409 0.077937 -0.456789
v 0.371821 0.066804 -0.454937
v 0.376893 -0.097622 -0.458308
v 0.380254 -0.105508 -0.489986
v 0.374594 0.052862 -0.453703
v 0.369974 0.040913 -0.457493
v 0.379710 0.012562 -0.458311
v 0.378278 0.071905 -0.455481
v 0.383300 -0.015442 -0.458836
v 0.374957 0.091796 -0.448029
v 0.376116 0.076932 -0.452250
v 0.380139 0.027202 -0.456483
v 0.379717 0.034793 -0.449308
v 0.386945 -0.114863 -0.494113
v 0.382433 -0.107739 -0.463749
v 0.387552 -0.097921 -0.448444
v 0.387280 -0.069378 -0.449998
v 0.386595 -0.042545 -0.453380
v 0.405282 -0.110893 -0.490593
v 0.401649 -0.161280 -0.493126
v 0.394619 -0.172271 -0.486992
v 0.406627 -0.133670 -0.494592
v 0.416230 -0.168754 -0.479727
v 0.424119 -0.119685 -0.477258
v 0.420979 -0.139100 -0.486030
v 0.417052 -0.107197 -0.478692
v -0.395389 0.019805 -0.487711
v -0.378698 0.004543 -0.476712
v -0.390144 -0.019402 -0.487309
v -0.379307 -0.077437 -0.486979
v -0.375359 -0.042432 -0.477721
v -0.371192 0.079371 -0.486918
v -0.376870 0.045294 -0.482422
v -0.371823 0.046772 -0.472418
v -0.367897 -0.019711 -0.461069
v -0.368078 0.033108 -0.460798
v -0.361676 0.080253 -0.479761
v -0.354190 -0.099317 -0.477696
v -0.363686 -0.059677 -0.458548
v -0.362989 -0.074966 -0.468651
v -0.362177 0.065857 -0.461631
v -0.345443 -0.098726 -0.460365
v -0.343685 0.092080 -0.465444
v -0.339252 -0.126354 -0.486643
v -0.335753 0.106892 -0.480596
v -0.320848 -0.123781 -0.478562
v -0.378714 -0.036277 0.393164
v -0.373970 -0.016487 0.375184
v -0.380742 0.024093 0.393899
v -0.367639 -0.059185 0.378109
v -0.373335 0.026104 0.375989
v -0.363173 -0.007207 0.360995
v -0.358668 0.085833 0.392010
v -0.363448 0.069879 0.377835
v -0.369006 0.035158 0.361215
v -0.360301 -0.094493 0.392740
v -0.365620 -0.049745 0.356913
v -0.357350 -0.081883 0.361955
v -0.348349 -0.102749 0.374594
v -0.345586 0.092796 0.367588
v -0.351788 0.061319 0.364651
v -0.344475 -0.101560 0.357148
v -0.337447 -0.116314 0.387336
v -0.344441 -0.125229 0.396369
v -0.330407 -0.116390 0.367273
v -0.322408 -0.122559 0.380986
v -0.313482 -0.128581 0.392967
v -0.364737 -0.168213 -0.308035
v -0.341591 -0.180650 -0.290867
v -0.371312 -0.162467 -0.273403
v -0.359136 -0.147015 0.382747
v -0.347054 -0.142228 0.395798
v -0.370982 -0.126799 0.392731
v -0.366023 -0.145139 0.346452
v -0.336708 -0.161931 0.375663
v -0.346698 -0.181192 -0.250236
v -0.353762 -0.175834 0.164062
v -0.355030 -0.171629 0.141228
v -0.328435 -0.175342 0.143721
v -0.327199 -0.169160 -0.055760
v -0.351094 -0.159679 -0.043086
v -0.358169 -0.153960 -0.097446
v -0.346247 -0.176505 -0.315650
v -0.353891 -0.136178 -0.486684
v -0.328387 -0.152488 -0.482935
v -0.365648 -0.135901 -0.479408
v -0.360697 -0.150024 -0.419059
v -0.361382 -0.148096 -0.456873
v -0.343048 -0.162396 -0.438044
v -0.361625 -0.150266 0.037794
v -0.346833 -0.162922 0.002119
v -0.339196 -0.166149 0.040934
v -0.368394 -0.158243 -0.208216
v -0.348283 -0.179001 -0.220514
v -0.341279 -0.169452 -0.203002
v -0.346235 -0.157793 -0.467582
v -0.348194 -0.160408 0.335784
v -0.329191 -0.169436 -0.111932
v -0.344155 -0.162352 -0.387071
v -0.331663 -0.180091 0.172113
v -0.353359 -0.158010 -0.138628
v -0.344564 -0.179229 0.193724
v -0.352997 -0.157995 -0.325927
v -0.323314 -0.169707 -0.356833
v -0.352482 -0.159845 0.137480
v -0.351668 -0.157624 0.266371
v -0.363398 -0.156379 0.255935
v -0.331905 -0.167671 0.267354
v -0.325482 -0.169835 -0.018077
v -0.328425 -0.194928 -0.266351
v -0.316014 -0.182262 -0.307783
v -0.346378 -0.160806 0.300130
v -0.355402 -0.172182 0.239245
v -0.326570 -0.173976 0.253765
v -0.328031 -0.180881 0.220027
v -0.344740 -0.163821 0.076930
v -0.323436 -0.170504 0.050448
v -0.332061 -0.169194 -0.165917
v -0.348437 -0.162255 -0.172097
v -0.324121 -0.169596 -0.323803
v -0.322036 -0.169782 -0.423277
v -0.316112 -0.178777 0.234774
v -0.341738 -0.165316 0.116806
v -0.312634 -0.179402 -0.213220
v -0.327909 -0.168238 0.345056
v -0.319576 -0.189272 -0.283807
v -0.319395 -0.184571 -0.239571
v -0.303172 -0.173406 -0.320245
v -0.310502 -0.157045 0.391941
v -0.311925 -0.171918 0.129563
v -0.321520 -0.167940 -0.458278
v -0.327156 -0.189265 0.195997
v -0.320769 -0.169895 0.301732
v -0.314328 -0.193368 -0.249072
v -0.306457 -0.182492 0.179519
v -0.297638 -0.168130 0.106049
v -0.306369 -0.171020 -0.089856
v -0.306744 -0.171416 -0.174129
v -0.309166 -0.169989 0.272063
v -0.307457 -0.169742 0.334817
v -0.307312 -0.182832 0.214822
v -0.305154 -0.171840 0.257885
v -0.308359 -0.160951 -0.474235
v -0.295103 -0.162304 -0.453806
v -0.304910 -0.168348 0.369086
v -0.302880 -0.184865 -0.283831
v -0.296602 -0.167046 0.012199
v -0.302094 -0.193960 -0.266067
v -0.296547 -0.166774 -0.381923
v -0.304069 -0.171043 -0.044007
v -0.301342 -0.169614 -0.340429
v -0.297359 -0.168993 -0.136041
v -0.281475 -0.178682 -0.238946
v -0.291554 -0.175957 0.251698
v -0.283029 -0.172323 0.145174
v -0.283318 -0.174975 -0.210189
v -0.286174 -0.161973 -0.203500
v -0.284599 -0.176062 0.225722
v -0.282268 -0.180604 -0.297866
v -0.281327 -0.176601 -0.314976
v -0.284947 -0.182064 -0.266789
v -0.334947 0.155810 0.327366
v -0.358408 0.142742 0.319875
v -0.334646 0.152618 0.379773
v -0.346791 0.174313 0.202792
v -0.337998 0.175439 0.170042
v -0.365261 0.163300 0.161710
v -0.353183 0.171039 0.147667
v -0.332924 0.168477 0.254245
v -0.320794 0.173580 0.236705
v -0.355567 0.169290 0.247905
v -0.355115 0.170352 0.226054
v -0.319431 0.170466 0.141706
v -0.352885 0.146643 0.273576
v -0.356985 0.128626 0.396498
v -0.319673 0.144216 0.395426
v -0.326384 0.158588 0.271473
v -0.320955 0.177626 0.222459
v -0.310953 0.186430 0.179527
v -0.339975 0.185753 0.190026
v -0.331946 0.187152 0.211422
v -0.322100 0.194928 0.193805
v -0.340524 0.157789 0.256209
v -0.302352 0.158335 0.257789
v -0.318336 0.192059 0.209216
v -0.316386 0.159209 0.342678
v -0.308956 0.158658 0.290399
v -0.302134 0.157503 0.326895
v -0.313472 0.175336 0.169184
v -0.304559 0.156164 0.375626
v -0.307030 0.183631 0.214817
v -0.290560 0.168261 0.252525
v -0.290411 0.174169 0.158947
v -0.300969 0.186432 0.201577
v -0.298360 0.175763 0.212819
v -0.293848 0.137614 0.394646
v -0.295009 0.176959 0.188571
v -0.288676 0.150628 0.274461
v -0.287982 0.146574 0.379290
v -0.288056 0.149750 0.358511
v -0.284456 0.172683 0.199116
v -0.288402 0.150642 0.324923
v -0.286686 0.174243 0.228130
v -0.280361 0.142459 0.327780
v -0.277943 0.146936 0.257448
v -0.280834 0.163317 0.138012
v -0.275887 0.162177 0.220559
v -0.277364 0.165683 0.163625
v -0.277614 0.130462 0.384902
v -0.278413 0.139612 0.368111
v -0.279204 0.141638 0.285594
v -0.273135 0.153275 0.331269
v -0.274122 0.150217 0.273905
v -0.275069 0.153753 0.139227
v -0.279941 0.142886 -0.429677
v -0.278886 0.141186 -0.386352
v -0.265219 0.159607 -0.398988
v -0.273399 0.150886 0.381919
v -0.274529 0.148896 -0.348067
v -0.273426 0.151472 -0.440255
v -0.281558 0.140366 -0.460509
v -0.270970 0.157771 0.172257
v -0.279349 0.141941 -0.323939
v -0.273770 0.152701 -0.317840
v -0.273341 0.150264 -0.468119
v -0.270985 0.158177 0.248829
v -0.253361 0.165011 0.297207
v -0.257507 0.164096 0.222340
v -0.253960 0.164975 -0.255084
v -0.271922 0.158118 -0.286801
v -0.273678 0.160567 -0.235696
v -0.262389 0.163212 -0.319082
v -0.263223 0.163132 -0.222918
v -0.255678 0.164736 -0.446381
v -0.260009 0.162236 0.392375
v -0.269364 0.144857 0.394832
v -0.257912 0.164852 -0.366862
v -0.260200 0.158874 -0.482229
v -0.260936 0.164812 0.372984
v -0.266829 0.159855 0.128419
v -0.252187 0.164605 0.106787
v -0.258942 0.163782 0.071385
v -0.239335 0.164200 -0.067332
v -0.264418 0.161198 -0.087938
v -0.262306 0.162351 -0.031137
v -0.222503 0.165788 0.356079
v -0.253361 0.165011 0.297207
v -0.260936 0.164812 0.372984
v -0.233751 0.164188 0.035880
v -0.254977 0.163646 0.010144
v -0.244502 0.164404 -0.117902
v -0.264275 0.161621 -0.138946
v -0.242056 0.165452 0.264948
v -0.257507 0.164096 0.222340
v -0.233041 0.164930 0.184500
v -0.263124 0.163192 0.164214
v -0.229900 0.164644 0.136994
v -0.233990 0.164341 0.085792
v -0.234413 0.164728 -0.160910
v -0.262654 0.163074 -0.183951
v -0.239858 0.165317 -0.194266
v -0.243866 0.165360 -0.332558
v -0.229694 0.165218 -0.294605
v -0.216189 0.165046 0.385645
v -0.260009 0.162236 0.392375
v -0.224492 0.165088 0.226081
v -0.225024 0.164007 -0.036837
v -0.221986 0.165318 -0.407015
v -0.239485 0.165251 -0.471170
v -0.205289 0.153882 0.398769
v -0.226179 0.155640 -0.485055
v -0.220744 0.165103 -0.356698
v -0.203144 0.164572 -0.219718
v -0.208373 0.165677 -0.451198
v -0.180076 0.164999 0.283952
v -0.216352 0.164893 -0.256474
v -0.185344 0.163737 0.049456
v -0.198188 0.165005 -0.381950
v -0.187897 0.163598 0.002900
v -0.194568 0.163657 -0.088768
v -0.211894 0.164496 -0.477275
v -0.184541 0.163885 0.090542
v -0.187103 0.164545 -0.302597
v -0.194788 0.163861 -0.142300
v -0.189418 0.164121 0.143227
v -0.177035 0.163434 -0.032188
v -0.168097 0.165483 -0.425566
v -0.176977 0.164360 0.202336
v -0.175715 0.164291 -0.262237
v -0.180991 0.163990 -0.180372
v -0.167163 0.164755 -0.343010
v -0.181243 0.163184 -0.478932
v -0.152339 0.164008 -0.200690
v -0.140734 0.165683 0.340304
v -0.151878 0.163915 0.138578
v -0.155891 0.163430 -0.110794
v -0.144812 0.165782 -0.463668
v -0.138315 0.164544 0.390871
v -0.150282 0.163681 -0.158994
v -0.136634 0.164374 -0.285522
v -0.131342 0.165039 -0.360646
v -0.145066 0.165302 -0.399909
v -0.145288 0.164572 0.240305
v -0.137618 0.163658 0.053357
v -0.142399 0.164161 0.188287
v -0.108346 0.163353 -0.044535
v -0.128595 0.163438 0.000261
v -0.150572 0.162352 -0.481213
v -0.132730 0.164033 -0.221769
v -0.124144 0.163376 -0.134098
v -0.114690 0.164628 -0.306056
v -0.103490 0.165924 -0.454630
v -0.102334 0.163733 0.095366
v -0.097421 0.165086 0.276300
v -0.107477 0.163087 -0.479696
v -0.110089 0.165330 -0.403436
v -0.110583 0.163989 0.141942
v -0.098914 0.163261 -0.084776
v -0.095340 0.163667 -0.180558
v -0.094305 0.164551 0.217266
v -0.081246 0.163849 -0.241683
v -0.097388 0.163518 0.043697
v -0.091735 0.166114 0.369811
v -0.083937 0.164183 0.179875
v -0.080173 0.164696 -0.338609
v -0.069882 0.163276 0.018793
v -0.089626 0.163270 -0.122984
v -0.077292 0.165210 -0.386618
v -0.065984 0.165645 0.320638
v -0.063324 0.164250 -0.294447
v -0.082143 0.163884 0.396929
v -0.064689 0.163859 0.134183
v -0.058588 0.163422 0.078410
v -0.054339 0.163144 -0.104361
v -0.066324 0.163491 -0.199795
v -0.072646 0.164217 -0.478223
v -0.051087 0.163265 -0.144200
v -0.047475 0.164240 0.191916
v -0.061437 0.166064 -0.435354
v -0.046003 0.166210 0.351070
v -0.064489 0.164777 0.238695
v -0.041052 0.163059 -0.070519
v -0.050253 0.165157 0.267862
v -0.033750 0.163061 -0.025602
v -0.039152 0.166714 0.386012
v -0.017261 0.161269 0.398277
v -0.030067 0.166536 -0.462337
v -0.047077 0.164803 -0.372146
v -0.026153 0.164225 -0.317495
v -0.027764 0.165475 -0.419836
v -0.032700 0.163824 -0.244848
v -0.039510 0.163927 -0.480261
v -0.014523 0.163366 -0.205990
v -0.032999 0.163117 0.047940
v -0.024515 0.164681 0.228126
v 0.000330 0.162902 0.016007
v -0.023468 0.163674 0.130461
v -0.022623 0.165315 0.292421
v -0.023015 0.163078 -0.162913
v -0.005577 0.162956 -0.113174
v -0.014924 0.164528 -0.355058
v -0.005557 0.166818 0.359752
v -0.003852 0.164044 0.182628
v 0.009714 0.162772 -0.031559
v 0.004852 0.164863 -0.400449
v -0.000820 0.163036 0.057892
v 0.003967 0.165764 0.328166
v 0.004840 0.163198 0.104396
v -0.004310 0.165099 -0.477941
v 0.006830 0.167352 0.384496
v 0.019449 0.166532 -0.460744
v 0.014020 0.162766 -0.079012
v 0.016259 0.164605 0.225427
v 0.014335 0.163580 -0.259130
v 0.031534 0.165211 0.286634
v 0.022150 0.163017 -0.170081
v 0.027802 0.164237 -0.352998
v 0.034115 0.163454 0.133189
v 0.049953 0.166388 0.342670
v 0.039754 0.162867 -0.142301
v 0.024641 0.163811 -0.300070
v 0.036166 0.164769 -0.480790
v 0.037721 0.162910 0.056895
v 0.031925 0.162699 -0.107986
v 0.044999 0.162684 -0.026392
v 0.039652 0.163158 -0.210996
v 0.054323 0.162658 -0.068292
v 0.043541 0.163077 0.093047
v 0.043236 0.166676 0.391403
v 0.046933 0.164654 -0.395384
v 0.045669 0.164709 0.236439
v 0.060319 0.162766 0.009014
v 0.058238 0.166608 -0.468151
v 0.060126 0.163795 0.174237
v 0.061345 0.163791 -0.302838
v 0.058894 0.163435 -0.250525
v 0.074902 0.165092 -0.418477
v 0.066483 0.162688 -0.107514
v 0.075344 0.162860 -0.169051
v 0.084589 0.164272 0.208415
v 0.073062 0.163193 0.120698
v 0.067445 0.165293 0.297006
v 0.080148 0.164284 -0.359839
v 0.075292 0.162909 0.061886
v 0.073594 0.167682 0.381271
v 0.092629 0.165535 0.395394
v 0.074100 0.163349 -0.482453
v 0.085985 0.164793 0.254135
v 0.085849 0.166562 -0.450029
v 0.087271 0.162613 -0.032685
v 0.101127 0.167182 0.357417
v 0.090001 0.163450 -0.255280
v 0.098205 0.163152 -0.220658
v 0.091887 0.162600 -0.077758
v 0.094300 0.166676 -0.471483
v 0.095245 0.163951 -0.325137
v 0.112233 0.163033 0.093073
v 0.099965 0.165136 0.305765
v 0.117627 0.162859 0.038053
v 0.113989 0.162718 -0.002636
v 0.122989 0.162739 -0.107536
v 0.110609 0.164621 -0.399817
v 0.112963 0.164580 -0.482126
v 0.112497 0.162943 -0.189974
v 0.110469 0.163759 -0.289149
v 0.126787 0.163375 0.134080
v 0.136170 0.164808 0.290229
v 0.126217 0.162672 -0.051651
v 0.128762 0.164139 -0.331279
v 0.127259 0.166583 -0.450008
v 0.124397 0.162888 -0.157534
v 0.125774 0.163824 0.181750
v 0.133500 0.167641 0.383870
v 0.127205 0.166427 -0.474353
v 0.133361 0.164298 0.234298
v 0.139107 0.166333 0.345516
v 0.137714 0.163475 -0.253118
v 0.148611 0.163174 -0.202964
v 0.139102 0.162832 0.397649
v 0.148573 0.164366 -0.379270
v 0.158142 0.165917 -0.479735
v 0.165781 0.162900 -0.133414
v 0.167998 0.163639 0.175872
v 0.170981 0.162993 0.025961
v 0.156578 0.162800 -0.022747
v 0.164775 0.163920 -0.302344
v 0.160743 0.163149 0.090293
v 0.174223 0.162878 -0.072087
v 0.189967 0.166156 0.340989
v 0.175896 0.163096 -0.169667
v 0.177928 0.163596 -0.257930
v 0.164723 0.165037 -0.417870
v 0.164928 0.163951 0.211744
v 0.170965 0.167016 -0.456430
v 0.178860 0.164315 0.245620
v 0.166552 0.163377 0.135783
v 0.178221 0.163336 0.396817
v 0.180101 0.164342 -0.360259
v 0.215383 0.164896 0.294726
v 0.177554 0.168084 0.379112
v 0.208165 0.163043 -0.029976
v 0.186464 0.163334 -0.210621
v 0.191915 0.166169 -0.433958
v 0.211367 0.163439 0.111670
v 0.193017 0.166946 -0.472802
v 0.196739 0.163949 0.199465
v 0.203083 0.163295 0.055621
v 0.196406 0.164366 -0.483041
v 0.213766 0.164816 -0.386048
v 0.206622 0.163137 -0.116549
v 0.210064 0.168275 0.368583
v 0.221198 0.164357 -0.337770
v 0.224466 0.163684 0.167815
v 0.203767 0.163981 -0.297801
v 0.212168 0.164304 0.244606
v 0.206552 0.167687 0.387858
v 0.210935 0.163094 -0.071003
v 0.227405 0.163673 -0.223756
v 0.222179 0.163388 -0.176525
v 0.235329 0.163356 0.002423
v 0.225403 0.163880 -0.267659
v 0.235776 0.165934 -0.419243
v 0.220079 0.162010 0.398335
v 0.223953 0.165884 -0.480730
v 0.270605 0.164389 -0.301529
v 0.240239 0.168481 0.349382
v 0.245727 0.164134 0.208341
v 0.229124 0.167887 -0.458341
v 0.249855 0.163547 0.040609
v 0.243152 0.163342 -0.049335
v 0.244551 0.163340 -0.096080
v 0.233831 0.168426 0.386279
v 0.251492 0.163527 -0.130134
v 0.257419 0.163633 0.087810
v 0.235850 0.165587 0.399040
v 0.251919 0.164559 0.247668
v 0.238456 0.169032 -0.465975
v 0.235992 0.165438 -0.483838
v 0.244320 0.174844 0.395271
v 0.273067 0.163827 0.146467
v 0.264379 0.163795 -0.181471
v 0.242959 0.175876 -0.474411
v 0.244390 0.171296 0.405443
v 0.246850 0.168421 -0.435905
v 0.251554 0.178005 0.374179
v 0.244962 0.171409 -0.490927
v 0.269316 0.164908 -0.340149
v 0.246782 0.175636 -0.447024
v 0.270071 0.163993 -0.271835
v 0.253644 0.178932 -0.456695
v 0.262307 0.169036 0.407246
v 0.260243 0.177294 -0.477307
v 0.258600 0.177203 0.393487
v 0.281158 0.165598 -0.382514
v 0.260267 0.179080 -0.430965
v 0.264550 0.169024 -0.413461
v 0.284786 0.166278 0.313062
v 0.287224 0.165144 0.279157
v 0.271092 0.163940 -0.229110
v 0.275500 0.176532 0.327240
v 0.274979 0.173450 -0.491219
v 0.275571 0.178253 -0.436053
v 0.285206 0.177593 0.384751
v 0.285587 0.178177 0.347110
v 0.299218 0.163807 -0.087909
v 0.277222 0.163632 -0.035257
v 0.291330 0.164610 0.231188
v 0.297222 0.164130 -0.196561
v 0.289350 0.176585 -0.482691
v 0.298717 0.163885 -0.135933
v 0.304215 0.163894 0.068314
v 0.290903 0.176144 0.399937
v 0.278032 0.178846 -0.410611
v 0.295772 0.163845 0.008520
v 0.290307 0.169979 -0.399440
v 0.306492 0.164328 0.174544
v 0.312667 0.164092 0.118666
v 0.300297 0.164295 -0.243153
v 0.306147 0.178081 -0.410881
v 0.313939 0.165110 -0.325653
v 0.309113 0.176139 -0.391328
v 0.311531 0.177109 0.309039
v 0.303814 0.177291 -0.457827
v 0.327265 0.164222 -0.163931
v 0.316362 0.165580 -0.356914
v 0.318709 0.164049 -0.038749
v 0.316337 0.169127 -0.491366
v 0.316733 0.166649 -0.379295
v 0.322181 0.177848 0.380159
v 0.330128 0.166667 0.272799
v 0.330517 0.176697 -0.477173
v 0.329592 0.176714 0.398046
v 0.341821 0.178232 0.323433
v 0.302348 0.168697 0.406851
v 0.343443 0.164416 -0.118830
v 0.324644 0.164735 0.200065
v 0.343062 0.165373 0.225503
v 0.333629 0.165017 -0.288777
v 0.352775 0.164835 -0.004021
v 0.340828 0.164537 0.141526
v 0.340871 0.166841 -0.338712
v 0.353112 0.177800 -0.369316
v 0.338444 0.164698 -0.214551
v 0.340175 0.177162 -0.426963
v 0.333767 0.177743 -0.367422
v 0.342360 0.164283 0.028859
v 0.354300 0.168331 0.406569
v 0.352307 0.165054 0.177923
v 0.346794 0.164359 0.074559
v 0.332923 0.167533 -0.360518
v 0.339706 0.177425 0.273282
v 0.349896 0.164655 0.107998
v 0.356985 0.165017 -0.049362
v 0.351669 0.173829 -0.487673
v 0.376512 0.177670 0.365162
v 0.356207 0.178569 -0.338135
v 0.362529 0.175471 0.399768
v 0.382658 0.165993 0.048018
v 0.374845 0.165897 -0.178486
v 0.366794 0.169886 -0.320997
v 0.375204 0.168286 0.229430
v 0.366248 0.177594 0.247541
v 0.376117 0.165930 0.131941
v 0.386818 0.166345 -0.114403
v 0.371521 0.166488 -0.290824
v 0.388710 0.176421 -0.455692
v 0.400384 0.178211 0.284049
v 0.382915 0.176883 -0.415879
v 0.373518 0.176257 -0.480418
v 0.380815 0.166721 0.209540
v 0.377092 0.166371 -0.230792
v 0.400140 0.166469 0.178117
v 0.385385 0.167028 -0.264347
v 0.396073 0.176762 -0.385503
v 0.387691 0.178895 -0.323045
v 0.399638 0.177046 -0.340446
v 0.391439 0.173031 -0.487734
v 0.388726 0.166399 0.098374
v 0.393680 0.166729 -0.026922
v 0.399947 0.170811 0.402327
v 0.396308 0.171080 -0.311869
v 0.402644 0.166943 -0.293387
v 0.402770 0.166436 -0.062764
v 0.406142 0.166331 -0.250995
v 0.407010 0.166392 0.136283
v 0.403617 0.166609 0.002185
v 0.417427 0.176239 0.352700
v 0.404537 0.166347 -0.205295
v 0.409099 0.178053 0.237434
v 0.406638 0.166315 -0.161792
v 0.392191 0.176871 0.229506
v 0.409580 0.165972 0.070682
v 0.417867 0.164505 0.041422
v 0.410529 0.176297 -0.316623
v 0.411005 0.174799 -0.477691
v 0.410378 0.167838 0.219334
v 0.415500 0.164951 -0.100376
v 0.417658 0.174921 -0.411679
v 0.415696 0.165125 -0.031718
v 0.410878 0.167768 -0.487564
v 0.418159 0.164272 -0.182862
v 0.423717 0.166823 -0.472882
v 0.414303 0.165484 0.113651
v 0.418589 0.164290 -0.073156
v 0.418905 0.174612 -0.360919
v 0.419250 0.175119 -0.449912
v 0.416318 0.174111 0.390253
v 0.419759 0.166697 -0.309275
v 0.419020 0.175136 0.226968
v 0.419319 0.164140 -0.289463
v 0.420926 0.175343 0.283904
v 0.419175 0.163905 0.158224
v 0.419399 0.163344 0.000366
v 0.418482 0.164201 -0.141485
v 0.419127 0.163472 -0.219223
v 0.419847 0.175289 -0.322349
v 0.425728 0.166881 0.238051
v 0.422809 0.164107 0.223720
v 0.419251 0.164526 0.199131
v 0.419269 0.162909 -0.254325
v 0.419689 0.163450 0.084871
v 0.421275 0.157860 0.125586
v 0.424704 0.169558 0.380458
v -0.359982 0.165648 -0.309894
v -0.348191 0.172246 -0.296022
v -0.321714 0.170866 -0.315434
v -0.353945 0.159713 -0.319592
v -0.332752 0.171057 -0.210054
v -0.355360 0.168732 -0.213692
v -0.363496 0.157485 -0.207192
v -0.349135 0.151647 -0.202941
v -0.350634 0.171983 -0.234162
v -0.329227 0.179025 -0.287114
v -0.345372 0.174078 -0.274685
v -0.321481 0.174898 -0.300071
v -0.356392 0.146455 -0.321734
v -0.328537 0.160570 -0.319985
v -0.314592 0.158675 0.131225
v -0.351704 0.147929 0.118777
v -0.344999 0.154035 0.136622
v -0.311399 0.175366 -0.230567
v -0.340441 0.176803 -0.250999
v -0.321877 0.158883 -0.335731
v -0.343301 0.152429 -0.343367
v -0.342214 0.146267 -0.479011
v -0.333203 0.155356 -0.450096
v -0.320860 0.150876 -0.478370
v -0.348746 0.149118 -0.076044
v -0.326889 0.157536 -0.133140
v -0.347051 0.150401 -0.137184
v -0.324463 0.157201 -0.062024
v -0.307231 0.157150 -0.111361
v -0.337644 0.154718 -0.180664
v -0.312074 0.158580 -0.400457
v -0.350794 0.148251 -0.382432
v -0.336641 0.155055 0.071494
v -0.330392 0.156101 0.001689
v -0.308440 0.161182 -0.204182
v -0.304821 0.156314 0.110544
v -0.309171 0.158311 -0.180557
v -0.309018 0.157539 0.045762
v -0.295234 0.155052 -0.320735
v -0.295450 0.153985 -0.347726
v -0.303099 0.153626 -0.468293
v -0.319732 0.187225 -0.285155
v -0.327602 0.192800 -0.267945
v -0.307350 0.192241 -0.272384
v -0.297821 0.177967 -0.283599
v -0.321120 0.189064 -0.249206
v -0.307589 0.157447 -0.019521
v -0.313494 0.138892 -0.486495
v -0.286269 0.168888 -0.210963
v -0.292140 0.177812 -0.243913
v -0.296925 0.154481 -0.055566
v -0.288703 0.131300 -0.481219
v -0.289036 0.149242 0.085294
v -0.290153 0.151242 -0.155712
v -0.290552 0.151294 -0.393703
v -0.292183 0.151926 -0.005289
v -0.288477 0.148937 -0.084417
v -0.284542 0.146729 -0.185474
v -0.282963 0.165928 -0.314715
v -0.291994 0.153580 -0.437776
v -0.291049 0.151809 0.040722
v -0.286317 0.153136 0.136703
v -0.282217 0.142418 0.031315
v -0.281558 0.140366 -0.460509
v -0.280556 0.144572 0.131418
v -0.281573 0.146810 -0.204513
v -0.278425 0.168506 -0.270122
v -0.281115 0.142291 -0.045562
v -0.279941 0.142886 -0.429677
v -0.281608 0.142281 -0.117646
v -0.279119 0.141197 0.104649
v -0.279782 0.140979 -0.011405
v -0.278886 0.141186 -0.386352
v -0.278932 0.141399 -0.160822
v -0.279349 0.141941 -0.323939
v -0.278942 0.140685 0.072736
v -0.276382 0.143979 -0.075131
v -0.277657 0.142039 -0.188337
v -0.273678 0.160567 -0.235696
v -0.274529 0.148896 -0.348067
v -0.273770 0.152701 -0.317840
v -0.275621 0.127414 -0.473401
v -0.271922 0.158118 -0.286801
v -0.273529 0.152826 -0.205491
v -0.349853 -0.007472 -0.467597
v -0.344167 0.034478 -0.464504
v -0.345904 0.009031 -0.463436
v -0.345974 0.020126 -0.459995
v -0.342504 -0.011956 -0.459715
v -0.320946 -0.016633 -0.463521
v -0.345528 -0.012810 0.360380
v -0.349947 0.006249 0.367185
v -0.345431 -0.042309 0.367038
v -0.345476 0.029113 0.359067
v -0.344275 0.044905 0.365116
v -0.341820 0.050032 0.359204
v -0.335612 -0.051418 0.360175
v -0.332327 0.074931 0.366880
v -0.327530 -0.087070 0.368216
v -0.320005 -0.080055 0.360147
v -0.337998 0.175439 0.170042
v -0.346791 0.174313 0.202792
v -0.339975 0.185753 0.190026
v -0.331946 0.187152 0.211422
v -0.320955 0.177626 0.222459
v -0.324244 0.106848 0.383755
v -0.358668 0.085833 0.392010
v -0.345586 0.092796 0.367588
v -0.329707 0.100607 0.367014
v -0.304311 0.107256 0.373881
v -0.295811 0.108017 0.392331
v -0.282846 0.104733 0.383200
v -0.264001 0.110391 0.372677
v -0.264166 0.110934 0.385443
v -0.232504 0.102239 -0.467857
v -0.274170 0.116065 -0.476376
v -0.256579 0.119182 -0.483343
v -0.224416 0.112679 0.391037
v -0.255100 0.116124 0.396330
v -0.225433 0.093908 -0.454763
v -0.282044 0.097534 -0.463400
v -0.220748 0.111010 -0.477745
v -0.222203 0.106549 0.369662
v -0.183950 0.110734 0.372926
v -0.169978 0.103373 -0.468872
v -0.179946 0.093158 -0.455471
v -0.178737 0.112753 -0.481421
v -0.209162 0.116469 -0.483964
v -0.164650 0.110816 0.384333
v -0.183412 0.114835 0.395780
v -0.149520 0.115139 0.396178
v -0.142696 0.093515 -0.455699
v -0.139594 0.112545 -0.482302
v -0.130290 0.109738 0.374519
v -0.135535 0.099356 -0.465089
v -0.111480 0.110956 0.386402
v -0.113847 0.109444 -0.475808
v -0.122107 0.118379 0.397863
v -0.103641 0.093303 -0.455453
v -0.088434 0.100713 -0.466194
v -0.103018 0.112291 -0.483906
v -0.090742 0.109951 0.371012
v -0.081846 0.111798 0.391270
v -0.073636 0.111700 -0.481452
v -0.054213 0.109714 0.373593
v -0.057953 0.094120 -0.455637
v -0.052334 0.104872 -0.470343
v -0.028522 0.110171 0.384165
v -0.038631 0.117457 0.398015
v -0.035282 0.112824 -0.484572
v -0.020141 0.102907 -0.467773
v -0.028045 0.093168 -0.455737
v 0.003204 0.107757 0.371597
v -0.001295 0.113640 -0.484376
v 0.004724 0.094031 -0.455529
v 0.037426 0.112718 0.395611
v 0.022834 0.102504 -0.467166
v 0.043479 0.112478 -0.484145
v 0.049202 0.095832 -0.456849
v 0.048096 0.107508 0.374869
v 0.065035 0.107917 -0.473497
v 0.083206 0.109407 0.383811
v 0.105079 0.101467 -0.465734
v 0.080867 0.112253 -0.483811
v 0.083505 0.108543 0.371668
v 0.108877 0.113491 0.396134
v 0.106165 0.094686 -0.455263
v 0.116806 0.114342 -0.484074
v 0.126310 0.108336 0.372823
v 0.142061 0.103554 -0.468816
v 0.144087 0.109737 0.387008
v 0.139703 0.096046 -0.455091
v 0.149642 0.115556 0.398558
v 0.172789 0.116867 -0.484699
v 0.163037 0.105014 0.370192
v 0.173906 0.096205 -0.455013
v 0.187317 0.108881 0.385461
v 0.190068 0.098794 -0.463718
v 0.187961 0.111006 -0.479533
v 0.185432 0.117819 0.399172
v 0.192983 0.107370 0.371986
v 0.210428 0.093851 -0.455397
v 0.222024 0.102375 -0.467954
v 0.225292 0.112461 0.397354
v 0.218817 0.112970 -0.484124
v 0.220645 0.107221 0.371129
v 0.227308 0.108703 0.385462
v 0.248091 0.095401 -0.455922
v 0.250431 0.103409 0.372512
v 0.237731 0.111384 -0.482425
v 0.243214 0.104848 -0.474453
v 0.242961 0.107365 0.400066
v 0.251502 0.103999 0.385090
v 0.264708 0.099465 -0.470789
v 0.245472 0.105840 -0.490234
v 0.259655 0.103035 0.401022
v 0.253212 0.109750 0.408491
v 0.272388 0.105896 -0.491086
v 0.288591 0.101372 0.371083
v 0.290209 0.095597 -0.456796
v 0.295119 0.103373 0.387468
v 0.284892 0.107340 0.405181
v 0.316183 0.103151 -0.483845
v 0.314681 0.108274 -0.491849
v 0.306204 0.099046 -0.468802
v 0.336143 0.096227 -0.464142
v 0.321838 0.090990 -0.455944
v 0.331785 0.100903 0.370396
v 0.310240 0.095014 0.363511
v 0.325627 0.105438 0.401700
v 0.342473 0.103891 0.383190
v 0.345846 0.102210 -0.470862
v 0.346677 0.094900 -0.456173
v 0.354512 0.103396 -0.482695
v 0.353375 0.108660 -0.491255
v 0.361185 0.104505 0.395537
v 0.368943 0.110942 0.405839
v 0.363687 0.092316 -0.457429
v 0.364022 0.102020 0.370184
v 0.370603 0.100562 -0.472479
v 0.376678 0.103529 0.369286
v 0.383413 0.106411 -0.489597
v 0.374957 0.091796 -0.448029
v 0.393693 0.105571 0.398126
v 0.374994 0.095820 0.359553
v 0.388159 0.107516 0.123843
v 0.377623 0.088565 0.168903
v 0.376002 0.095777 0.118756
v 0.378666 0.102308 -0.461522
v 0.393871 0.102745 -0.353357
v 0.378647 0.102407 -0.359862
v 0.380478 0.102398 -0.393693
v 0.377619 0.099106 -0.422669
v 0.390631 0.102571 -0.434931
v 0.383171 0.107098 -0.308222
v 0.409726 0.102648 -0.401482
v 0.378122 0.100364 0.067270
v 0.377197 0.099279 -0.215454
v 0.404065 0.108929 -0.220788
v 0.389821 0.108918 -0.192765
v 0.380916 0.108566 -0.252538
v 0.395182 0.108556 -0.276216
v 0.403148 0.104779 0.354736
v 0.382815 0.103817 0.333615
v 0.399352 0.108910 0.071716
v 0.381720 0.105869 0.023905
v 0.401474 0.108911 -0.062825
v 0.381823 0.106585 -0.020571
v 0.382013 0.108379 -0.083260
v 0.398667 0.108852 -0.126473
v 0.382457 0.107524 -0.148977
v 0.383248 0.102491 0.287726
v 0.404870 0.104625 0.298417
v 0.381926 0.102443 0.244872
v 0.397859 0.104148 0.263217
v 0.392720 0.108085 0.218864
v 0.382793 0.107169 0.211515
v 0.406823 0.107516 -0.312263
v 0.401764 0.102919 -0.471603
v 0.387178 0.107895 0.173440
v 0.395827 0.103751 0.237806
v 0.406998 0.109135 -0.001209
v 0.406228 0.109000 -0.165126
v 0.403104 0.112648 -0.491770
v 0.414330 0.107100 -0.480151
v 0.412038 0.108077 0.218692
v 0.417274 0.104915 0.257248
v 0.415664 0.110685 0.127891
v 0.405402 0.112970 0.404522
v 0.416655 0.108458 0.390527
v 0.417821 0.112827 0.180216
v 0.415766 0.111099 -0.245974
v 0.417699 0.102776 -0.436745
v 0.418353 0.112440 -0.193080
v 0.422311 0.107343 -0.319445
v 0.423722 0.106850 0.312796
v 0.419767 0.103300 -0.343300
v 0.423555 0.105648 -0.373475
v 0.423897 0.107409 0.360572
v 0.418065 0.111415 0.024325
v 0.418103 0.111908 -0.091690
v 0.418201 0.112028 -0.283034
v 0.419487 0.113449 0.219812
v 0.426080 0.107703 -0.445867
v 0.424523 0.108184 0.237138
v 0.420795 0.119408 0.085188
v 0.418825 0.113280 -0.021225
v 0.419369 0.114787 -0.137319
v 0.425555 0.108829 0.266554
v 0.424424 0.105508 -0.408406
v 0.426150 0.113395 0.226272
v 0.422364 0.121108 -0.308429
v 0.425411 0.113483 -0.473596
v 0.424522 0.110818 -0.311027
v -0.307312 -0.182832 0.214822
v -0.327156 -0.189265 0.195997
v -0.306457 -0.182492 0.179519
v -0.288519 -0.159829 0.288881
v -0.320769 -0.169895 0.301732
v -0.309166 -0.169989 0.272063
v -0.307457 -0.169742 0.334817
v -0.296602 -0.167046 0.012199
v -0.285038 -0.158337 0.065414
v -0.297638 -0.168130 0.106049
v -0.288888 -0.162443 -0.081790
v -0.304069 -0.171043 -0.044007
v -0.306369 -0.171020 -0.089856
v -0.312634 -0.179402 -0.213220
v -0.286174 -0.161973 -0.203500
v -0.306744 -0.171416 -0.174129
v -0.281475 -0.178682 -0.238946
v -0.314328 -0.193368 -0.249072
v -0.302094 -0.193960 -0.266067
v -0.310502 -0.157045 0.391941
v -0.304910 -0.168348 0.369086
v -0.289483 -0.149727 0.387305
v -0.297359 -0.168993 -0.136041
v -0.287328 -0.161292 -0.178760
v -0.305154 -0.171840 0.257885
v -0.288252 -0.161328 0.258710
v -0.281760 -0.151332 0.333043
v -0.290594 -0.162605 0.364848
v -0.291554 -0.175957 0.251698
v -0.286900 -0.162332 0.137328
v -0.311925 -0.171918 0.129563
v -0.284947 -0.182064 -0.266789
v -0.284599 -0.176062 0.225722
v -0.283029 -0.172323 0.145174
v -0.302880 -0.184865 -0.283831
v -0.301342 -0.169614 -0.340429
v -0.285925 -0.161656 -0.321446
v -0.303172 -0.173406 -0.320245
v -0.308359 -0.160951 -0.474235
v -0.290577 -0.146062 -0.479672
v -0.295103 -0.162304 -0.453806
v -0.287084 -0.159462 -0.336659
v -0.296547 -0.166774 -0.381923
v -0.285358 -0.156111 -0.408674
v -0.279705 -0.150286 0.009449
v -0.279457 -0.151104 -0.041468
v -0.283013 -0.155547 -0.147024
v -0.279316 -0.150226 0.115893
v -0.278697 -0.146846 -0.366427
v -0.277905 -0.146814 0.370581
v -0.276059 -0.160624 0.252219
v -0.279809 -0.172592 0.173945
v -0.281327 -0.176601 -0.314976
v -0.277964 -0.170547 0.249512
v -0.278141 -0.140988 -0.456992
v -0.275900 -0.147652 0.037983
v -0.275538 -0.149255 -0.102371
v -0.276114 -0.149415 -0.198343
v -0.277488 -0.145589 0.299467
v -0.276807 -0.147130 0.261803
v -0.273351 -0.163292 0.199288
v -0.276507 -0.152188 0.138063
v -0.276459 -0.147028 0.081089
v -0.276300 -0.145979 -0.165268
v -0.276850 -0.146813 -0.321730
v -0.277094 -0.127164 -0.474400
v -0.276936 -0.124687 0.383036
v -0.276151 -0.147707 -0.412378
v -0.272146 -0.163778 0.230979
v -0.272348 -0.158431 -0.208477
v -0.283318 -0.174975 -0.210189
v -0.271362 -0.168274 -0.285758
v -0.282268 -0.180604 -0.297866
v -0.270883 -0.160904 -0.313524
v -0.272352 -0.159456 0.154617
v -0.269601 -0.162564 -0.233826
v -0.281573 0.146810 -0.204513
v -0.273529 0.152826 -0.205491
v -0.286269 0.168888 -0.210963
v -0.278932 0.141399 -0.160822
v -0.273203 0.149247 -0.152015
v -0.273488 0.150002 -0.181859
v -0.277657 0.142039 -0.188337
v -0.272826 0.152167 0.105205
v -0.279119 0.141197 0.104649
v -0.280556 0.144572 0.131418
v -0.278942 0.140685 0.072736
v -0.274251 0.148834 0.062058
v -0.282217 0.142418 0.031315
v -0.271999 0.152665 0.006213
v -0.279782 0.140979 -0.011405
v -0.273394 0.150582 -0.040959
v -0.281115 0.142291 -0.045562
v -0.276382 0.143979 -0.075131
v -0.273646 0.149444 -0.119345
v -0.281608 0.142281 -0.117646
v -0.266829 0.159855 0.128419
v -0.275069 0.153753 0.139227
v -0.264418 0.161198 -0.087938
v -0.262654 0.163074 -0.183951
v -0.268519 0.158358 0.043556
v -0.270970 0.157771 0.172257
v -0.262306 0.162351 -0.031137
v -0.264275 0.161621 -0.138946
v -0.263223 0.163132 -0.222918
v -0.273678 0.160567 -0.235696
v -0.257507 0.164096 0.222340
v -0.263124 0.163192 0.164214
v -0.258942 0.163782 0.071385
v -0.254977 0.163646 0.010144
v -0.279316 -0.150226 0.115893
v -0.271740 -0.155658 0.130237
v -0.276507 -0.152188 0.138063
v -0.279457 -0.151104 -0.041468
v -0.270202 -0.156778 -0.004599
v -0.279705 -0.150286 0.009449
v -0.272735 -0.154540 -0.448655
v -0.276151 -0.147707 -0.412378
v -0.278141 -0.140988 -0.456992
v -0.281760 -0.151332 0.333043
v -0.270797 -0.157817 0.332097
v -0.277905 -0.146814 0.370581
v -0.277488 -0.145589 0.299467
v -0.270364 -0.157483 0.278913
v -0.276807 -0.147130 0.261803
v -0.270777 -0.156862 0.098583
v -0.276459 -0.147028 0.081089
v -0.270081 -0.158290 0.053274
v -0.275900 -0.147652 0.037983
v -0.276300 -0.145979 -0.165268
v -0.270441 -0.156160 -0.142922
v -0.275538 -0.149255 -0.102371
v -0.276850 -0.146813 -0.321730
v -0.264319 -0.163037 -0.345046
v -0.270883 -0.160904 -0.313524
v -0.278697 -0.146846 -0.366427
v -0.277094 -0.127164 -0.474400
v -0.272069 -0.142702 -0.480954
v -0.262866 -0.164377 -0.079137
v -0.270627 -0.156941 -0.176537
v -0.276114 -0.149415 -0.198343
v -0.265147 -0.158799 -0.481336
v -0.267989 -0.156741 0.391466
v -0.262699 -0.164528 0.380004
v -0.264041 -0.164828 0.253528
v -0.276059 -0.160624 0.252219
v -0.272348 -0.158431 -0.208477
v -0.260822 -0.166778 0.126106
v -0.262481 -0.165418 -0.416662
v -0.272146 -0.163778 0.230979
v -0.254977 -0.167162 0.190388
v -0.273351 -0.163292 0.199288
v -0.272352 -0.159456 0.154617
v -0.262200 -0.166040 -0.198718
v -0.269601 -0.162564 -0.233826
v -0.258494 -0.167498 -0.243129
v -0.271362 -0.168274 -0.285758
v -0.259186 -0.167697 0.344292
v -0.257964 -0.167967 0.297113
v -0.259204 -0.167555 0.019957
v -0.258181 -0.167191 -0.026939
v -0.258584 -0.167805 -0.302665
v -0.258836 -0.166788 -0.472067
v -0.258825 -0.168021 0.071481
v -0.258026 -0.168335 -0.128184
v -0.257924 -0.168407 -0.164704
v -0.236132 -0.168920 0.276398
v -0.241269 -0.168609 0.142516
v -0.229646 -0.169104 0.079207
v -0.224592 -0.169125 -0.007053
v -0.238456 -0.168697 -0.054717
v -0.238056 -0.168559 -0.386712
v -0.234342 -0.168853 0.358832
v -0.232474 -0.169103 -0.176505
v -0.231046 -0.169137 -0.211761
v -0.238913 -0.168677 -0.277143
v -0.231530 -0.168693 -0.455783
v -0.231060 -0.169081 -0.119807
v -0.228008 -0.164921 -0.482482
v -0.229823 -0.168403 0.391018
v -0.227264 -0.169159 -0.339194
v -0.191259 -0.169574 -0.233783
v -0.207559 -0.169622 0.181053
v -0.202927 -0.169731 0.226885
v -0.187208 -0.169535 -0.080381
v -0.183523 -0.169598 0.119594
v -0.193165 -0.169550 0.042551
v -0.200255 -0.169880 0.318596
v -0.188877 -0.169588 -0.308851
v -0.188706 -0.169559 -0.370292
v -0.185938 -0.169654 -0.163288
v -0.170044 -0.169124 -0.469705
v -0.183372 -0.169658 0.279074
v -0.189935 -0.169613 -0.413016
v -0.177308 -0.169364 0.378385
v -0.181538 -0.163454 0.396867
v -0.158468 -0.169413 -0.006601
v -0.172673 -0.169735 -0.454305
v -0.169537 -0.169506 0.196515
v -0.171578 -0.169468 0.241045
v -0.154001 -0.169373 0.156027
v -0.142039 -0.169172 -0.334814
v -0.157337 -0.165994 -0.483087
v -0.142817 -0.169794 0.341733
v -0.118330 -0.169028 -0.110895
v -0.142154 -0.169320 -0.384973
v -0.106664 -0.169016 0.076646
v -0.139591 -0.169294 -0.047511
v -0.119884 -0.168952 -0.273368
v -0.137663 -0.169165 0.262280
v -0.122139 -0.169022 0.198572
v -0.124185 -0.170220 -0.439926
v -0.103559 -0.169220 0.286737
v -0.106798 -0.168869 -0.192591
v -0.114754 -0.167758 0.394729
v -0.108094 -0.168932 0.137962
v -0.110783 -0.170064 0.366653
v -0.100734 -0.168902 0.020199
v -0.108834 -0.168593 -0.475444
v -0.098359 -0.168845 -0.032968
v -0.085975 -0.168991 0.246507
v -0.078106 -0.169107 -0.381955
v -0.077466 -0.169457 0.320878
v -0.052359 -0.168683 -0.257433
v -0.062988 -0.168810 -0.326343
v -0.075373 -0.168829 0.210158
v -0.088764 -0.169467 0.388164
v -0.070259 -0.169976 -0.449770
v -0.055236 -0.168574 -0.097109
v -0.088726 -0.160726 0.398851
v -0.070026 -0.168727 0.166314
v -0.062967 -0.170034 0.376790
v -0.023992 -0.168592 -0.057228
v -0.030601 -0.168594 -0.475275
v -0.070166 -0.158256 -0.485764
v -0.060645 -0.168579 -0.148376
v -0.051063 -0.168653 0.117124
v -0.041234 -0.168469 0.394434
v -0.038616 -0.168563 -0.004273
v -0.052628 -0.169078 0.277740
v -0.045915 -0.168625 -0.179586
v -0.060345 -0.168652 0.050429
v -0.039127 -0.168593 0.079692
v -0.031549 -0.168723 0.228266
v -0.033343 -0.169557 0.338256
v -0.034195 -0.168604 0.179221
v -0.017968 -0.169088 0.300811
v -0.008244 -0.169008 -0.386688
v -0.014130 -0.168502 0.031645
v -0.007086 -0.170028 0.377914
v 0.000793 -0.168571 -0.130916
v 0.010392 -0.168597 0.130379
v -0.004742 -0.168655 -0.227066
v -0.000949 -0.168824 0.249625
v -0.004532 -0.168678 -0.307398
v 0.008458 -0.168500 0.095983
v 0.007239 -0.168538 0.060528
v 0.036026 -0.169541 -0.449282
v 0.022135 -0.168661 0.162192
v 0.020226 -0.168680 0.198115
v 0.011223 -0.168516 -0.003859
v 0.034406 -0.168854 -0.355202
v 0.056369 -0.168734 -0.162232
v 0.017063 -0.167634 0.396472
v 0.007970 -0.169179 0.326903
v 0.021779 -0.170405 0.358624
v 0.025235 -0.168985 0.290607
v 0.035009 -0.168709 -0.308050
v 0.039254 -0.164357 -0.483396
v 0.035934 -0.168753 0.025131
v 0.040127 -0.168714 -0.244379
v 0.062689 -0.168773 -0.076139
v 0.053088 -0.169038 0.318479
v 0.048233 -0.170031 0.384283
v 0.047564 -0.168838 0.072351
v 0.054738 -0.168768 0.103850
v 0.061879 -0.169065 -0.401030
v 0.055519 -0.168804 -0.012529
v 0.063845 -0.168601 0.227052
v 0.060370 -0.168744 0.135893
v 0.063297 -0.170437 0.357668
v 0.048652 -0.158685 0.399656
v 0.084685 -0.168811 0.029462
v 0.071479 -0.168801 -0.319479
v 0.063065 -0.168772 0.261976
v 0.066791 -0.168691 0.187523
v 0.099991 -0.168714 0.079989
v 0.083618 -0.169027 -0.363309
v 0.075701 -0.169069 -0.472450
v 0.085658 -0.168630 -0.205853
v 0.088058 -0.168867 0.283332
v 0.104880 -0.168754 -0.019042
v 0.094367 -0.167998 0.395164
v 0.102343 -0.168695 -0.288362
v 0.101627 -0.169210 -0.422426
v 0.094296 -0.168646 -0.243866
v 0.089888 -0.167226 -0.482416
v 0.109439 -0.168696 0.159045
v 0.103497 -0.168682 0.113605
v 0.102067 -0.168628 0.250403
v 0.097554 -0.169236 0.330938
v 0.109119 -0.170112 0.381840
v 0.111971 -0.168737 -0.105353
v 0.105754 -0.168650 0.200880
v 0.128652 -0.168755 -0.051324
v 0.118265 -0.168621 -0.185526
v 0.113833 -0.169461 -0.470520
v 0.135916 -0.168651 -0.146360
v 0.137171 -0.169685 0.358120
v 0.134807 -0.168696 0.050364
v 0.133423 -0.168816 -0.336555
v 0.129984 -0.169023 -0.390814
v 0.129359 -0.168858 0.298047
v 0.129655 -0.166303 -0.481620
v 0.143650 -0.168576 0.207026
v 0.138810 -0.168743 0.003386
v 0.142186 -0.167405 0.396227
v 0.150451 -0.168551 -0.223958
v 0.146951 -0.168663 -0.274592
v 0.164491 -0.168591 0.083778
v 0.144658 -0.169551 -0.452683
v 0.144743 -0.168609 0.128193
v 0.158832 -0.168620 0.243400
v 0.168224 -0.168667 -0.098251
v 0.164658 -0.168501 -0.178730
v 0.158767 -0.168541 0.163282
v 0.160808 -0.169959 0.381166
v 0.171540 -0.168521 0.320592
v 0.169915 -0.169293 -0.426882
v 0.175069 -0.168647 0.033550
v 0.180398 -0.168273 -0.332202
v 0.168714 -0.168650 -0.377692
v 0.180721 -0.168836 -0.473293
v 0.177426 -0.168233 0.273541
v 0.184637 -0.168689 -0.043739
v 0.187915 -0.167571 0.396460
v 0.204053 -0.168349 0.231011
v 0.186182 -0.168473 0.121091
v 0.191618 -0.168579 -0.118387
v 0.204033 -0.167944 -0.276273
v 0.176814 -0.164224 -0.483643
v 0.185236 -0.169584 0.354063
v 0.195216 -0.169533 0.386121
v 0.192346 -0.168414 0.188330
v 0.207585 -0.168522 -0.235060
v 0.201107 -0.168439 -0.157809
v 0.204250 -0.168431 -0.197582
v 0.204145 -0.168617 0.003504
v 0.214193 -0.168980 -0.388762
v 0.205205 -0.168845 0.296477
v 0.207706 -0.168531 0.047472
v 0.207604 -0.168350 0.147379
v 0.205231 -0.167427 -0.308300
v 0.220603 -0.168750 0.261126
v 0.205745 -0.169647 -0.460886
v 0.216974 -0.168382 0.090622
v 0.213988 -0.168605 -0.086015
v 0.215725 -0.166869 -0.481211
v 0.221510 -0.169207 -0.430324
v 0.222922 -0.170232 0.377756
v 0.222483 -0.167990 0.396211
v 0.222483 -0.168628 0.325578
v 0.231040 -0.168055 0.202226
v 0.232675 -0.168466 -0.138224
v 0.228445 -0.169484 0.350304
v 0.236964 -0.168521 -0.041317
v 0.238617 -0.168250 0.141613
v 0.239086 -0.168882 -0.333902
v 0.241913 -0.168308 0.066435
v 0.239488 -0.168451 0.015007
v 0.255058 -0.168363 -0.076456
v 0.252084 -0.168411 -0.218507
v 0.237742 -0.170222 -0.467284
v 0.250722 -0.168600 0.305982
v 0.255946 -0.168783 -0.295154
v 0.253810 -0.168366 -0.182496
v 0.258632 -0.168133 0.105426
v 0.261848 -0.168517 -0.252546
v 0.258530 -0.169223 -0.412242
v 0.237953 -0.167978 0.394729
v 0.256383 -0.168518 0.228299
v 0.238235 -0.167513 -0.484584
v 0.244843 -0.174063 0.374829
v 0.274968 -0.168635 -0.361107
v 0.244348 -0.176887 -0.481791
v 0.247996 -0.176226 0.396164
v 0.243538 -0.170214 0.404901
v 0.258070 -0.176013 0.350244
v 0.276296 -0.168416 0.259815
v 0.250190 -0.177346 -0.465890
v 0.278418 -0.168369 0.198114
v 0.259739 -0.177680 -0.432661
v 0.271344 -0.167754 -0.146134
v 0.262938 -0.177312 0.378725
v 0.257118 -0.168942 0.335317
v 0.274807 -0.168185 0.135475
v 0.281922 -0.176536 -0.463568
v 0.266978 -0.176495 -0.483795
v 0.253080 -0.170526 -0.492876
v 0.286951 -0.167921 0.039487
v 0.265819 -0.171756 0.406498
v 0.282244 -0.168226 -0.005549
v 0.268373 -0.175427 0.328838
v 0.289490 -0.168678 0.294191
v 0.283307 -0.175872 0.397940
v 0.273989 -0.168147 0.076233
v 0.286152 -0.167661 -0.114072
v 0.283131 -0.175715 -0.405559
v 0.281204 -0.169582 0.314779
v 0.289165 -0.168418 -0.275490
v 0.295754 -0.177391 -0.421429
v 0.294585 -0.170358 -0.492730
v 0.292361 -0.168988 -0.394718
v 0.300629 -0.167918 -0.035729
v 0.314373 -0.167964 -0.077154
v 0.289982 -0.177443 0.318004
v 0.292915 -0.168210 -0.182618
v 0.295658 -0.177301 0.340126
v 0.293393 -0.168279 -0.232512
v 0.284867 -0.168602 -0.312264
v 0.323992 -0.168100 0.144368
v 0.317278 -0.168020 0.090780
v 0.305518 -0.176542 0.379454
v 0.305337 -0.173578 0.402552
v 0.325627 -0.174266 -0.486173
v 0.324143 -0.168552 -0.341638
v 0.318256 -0.168030 -0.125518
v 0.328803 -0.168296 -0.304442
v 0.314339 -0.169627 0.294972
v 0.314471 -0.168205 0.221978
v 0.323512 -0.168020 0.181691
v 0.320245 -0.176938 -0.383881
v 0.320868 -0.178727 0.308337
v 0.333348 -0.167917 -0.267182
v 0.328049 -0.167857 -0.207293
v 0.327536 -0.167939 -0.000613
v 0.314843 -0.175907 -0.462982
v 0.324964 -0.176364 0.291705
v 0.321472 -0.168573 0.269518
v 0.344171 -0.176204 0.357286
v 0.323391 -0.169627 -0.371750
v 0.327154 -0.168383 -0.493520
v 0.329443 -0.167965 0.049830
v 0.354870 -0.175096 0.394882
v 0.335300 -0.169443 0.406071
v 0.336923 -0.176337 -0.437223
v 0.346631 -0.175407 -0.470776
v 0.342534 -0.167969 -0.150120
v 0.370208 -0.168335 0.201436
v 0.347975 -0.176709 -0.407262
v 0.354320 -0.169233 0.234627
v 0.348904 -0.168044 0.107466
v 0.359258 -0.167935 -0.059891
v 0.341688 -0.171041 0.259754
v 0.345090 -0.179033 -0.355945
v 0.346114 -0.170821 -0.337335
v 0.361937 -0.167835 -0.227283
v 0.379309 -0.168283 0.079574
v 0.356779 -0.176780 0.304198
v 0.359354 -0.168005 -0.110347
v 0.353509 -0.177155 -0.374036
v 0.349769 -0.178741 0.269643
v 0.374940 -0.168172 0.165112
v 0.365155 -0.168035 0.015846
v 0.363999 -0.166721 -0.492627
v 0.363642 -0.168075 -0.304733
v 0.364805 -0.178369 -0.331695
v 0.377036 -0.167906 -0.029786
v 0.381181 -0.175577 0.355887
v 0.372804 -0.174306 -0.482289
v 0.390258 -0.175496 -0.444820
v 0.373419 -0.178085 0.245023
v 0.369313 -0.167999 -0.184486
v 0.385444 -0.176610 -0.352535
v 0.373055 -0.168212 0.132887
v 0.378649 -0.168290 -0.260761
v 0.380850 -0.172367 -0.316455
v 0.382925 -0.167937 -0.138269
v 0.379208 -0.167893 0.406896
v 0.388543 -0.176311 0.271338
v 0.398380 -0.168240 -0.080410
v 0.394582 -0.176056 -0.401289
v 0.398330 -0.168709 -0.291028
v 0.389896 -0.175888 0.311737
v 0.398945 -0.170910 0.223669
v 0.392227 -0.168202 -0.222764
v 0.403210 -0.168040 -0.184921
v 0.394619 -0.172271 -0.486992
v 0.400379 -0.170528 0.402556
v 0.408465 -0.167669 0.044622
v 0.402823 -0.177365 -0.322470
v 0.401064 -0.168218 0.125071
v 0.414064 -0.175131 0.247941
v 0.407484 -0.174444 -0.468905
v 0.407557 -0.168222 -0.252692
v 0.415176 -0.174812 0.347566
v 0.409463 -0.168174 0.190420
v 0.404305 -0.168332 -0.021793
v 0.411844 -0.167697 0.154635
v 0.409532 -0.167745 -0.128186
v 0.414155 -0.172319 -0.313294
v 0.416230 -0.168754 -0.479727
v 0.414504 -0.175378 -0.372197
v 0.418129 -0.166495 -0.204111
v 0.416087 -0.175008 0.284265
v 0.414649 -0.172891 0.387368
v 0.417639 -0.174157 0.228206
v 0.419237 -0.166157 0.093780
v 0.420420 -0.165028 -0.153768
v 0.423014 -0.172114 -0.340597
v 0.419916 -0.164931 -0.094966
v 0.423620 -0.171995 0.310912
v 0.418283 -0.166961 0.132328
v 0.419037 -0.174107 -0.415862
v 0.421684 -0.160275 0.396920
v 0.425661 -0.168385 -0.456937
v 0.420529 -0.164679 0.222211
v 0.420668 -0.164829 -0.250309
v 0.421569 -0.167125 -0.310484
v 0.419649 -0.165780 -0.289507
v 0.420730 -0.164492 -0.005084
v 0.426251 -0.168542 0.362767
v 0.421866 -0.159921 0.206020
v 0.420946 -0.165351 0.166119
v 0.427825 -0.166410 -0.383642
v 0.427761 -0.164752 0.275913
v 0.420640 -0.165576 0.053480
v 0.426757 -0.168752 0.239601
v 0.427750 -0.164235 0.226121
v 0.428438 -0.167413 -0.316811
v -0.296659 -0.111070 0.374511
v -0.265520 -0.119117 0.388314
v -0.272591 -0.111014 0.372502
v -0.239871 -0.116147 0.383746
v -0.231234 -0.110774 0.371200
v -0.234023 -0.119287 0.395649
v -0.210927 -0.116002 0.385648
v -0.184685 -0.112365 0.372448
v -0.181905 -0.118239 0.395919
v -0.179057 -0.115176 0.383073
v -0.139848 -0.114780 0.381178
v -0.132409 -0.121911 0.398330
v -0.080147 -0.116987 0.393332
v -0.096135 -0.113523 0.374068
v -0.086693 -0.112693 -0.468676
v -0.073065 -0.119000 -0.481367
v -0.136647 -0.115069 -0.475637
v -0.035112 -0.112948 0.374027
v -0.042257 -0.114266 0.386524
v -0.032307 -0.112994 -0.470110
v -0.017930 -0.116842 0.397332
v -0.025319 -0.117386 -0.482554
v 0.002332 -0.113742 0.386760
v 0.007976 -0.119668 -0.483611
v 0.015133 -0.112529 0.373648
v 0.027762 -0.113282 -0.471803
v 0.023244 -0.116979 0.397976
v 0.040814 -0.113392 0.384593
v 0.050076 -0.117624 -0.483001
v 0.069107 -0.115325 0.393630
v 0.060057 -0.111983 0.373376
v 0.066788 -0.113418 -0.472124
v 0.090349 -0.119794 -0.484371
v 0.112279 -0.112112 0.377890
v 0.103501 -0.108526 -0.468159
v 0.110449 -0.116830 0.397296
v 0.147396 -0.116355 -0.480754
v 0.093198 -0.100230 0.365808
v 0.131631 -0.103174 0.367315
v 0.138926 -0.112054 -0.469075
v 0.153835 -0.112866 0.384073
v 0.154039 -0.115714 0.397272
v 0.164889 -0.111211 0.372489
v 0.182297 -0.111767 -0.471477
v 0.191422 -0.112991 0.386419
v 0.187763 -0.117406 0.397589
v 0.205699 -0.117989 -0.482812
v 0.214683 -0.109676 0.371706
v 0.223214 -0.116151 0.396466
v 0.224126 -0.112471 0.383610
v 0.218832 -0.109145 -0.468913
v 0.236690 -0.114795 -0.479929
v 0.239538 -0.112003 0.390483
v 0.241382 -0.109794 0.374068
v 0.238393 -0.108421 -0.467459
v 0.238409 -0.121148 0.399491
v 0.244858 -0.105382 -0.479759
v 0.240369 -0.113264 -0.490064
v 0.250815 -0.107629 0.403074
v 0.246253 -0.105184 0.388210
v 0.256298 -0.106505 -0.490921
v 0.274360 -0.103125 -0.465370
v 0.262344 -0.103707 0.384709
v 0.243730 -0.102748 0.367927
v 0.273453 -0.103563 0.370796
v 0.290125 -0.103826 0.397092
v 0.282458 -0.111201 0.408463
v 0.292466 -0.105449 -0.489662
v 0.308866 -0.104001 -0.480068
v 0.319779 -0.104378 0.381518
v 0.301993 -0.099679 0.367249
v 0.313630 -0.105793 0.404098
v 0.327932 -0.103921 -0.466007
v 0.345594 -0.104592 -0.488824
v 0.340439 -0.104117 0.400344
v 0.351556 -0.103349 0.371510
v 0.364652 -0.104157 -0.475179
v 0.360004 -0.103564 0.384495
v 0.364266 -0.105057 -0.466254
v 0.372409 -0.105202 0.403895
v 0.383994 -0.107754 0.370230
v 0.380254 -0.105508 -0.489986
v 0.388805 -0.102222 0.388192
v 0.381148 -0.100287 0.362210
v 0.382433 -0.107739 -0.463749
v 0.396530 -0.106015 -0.456698
v 0.404532 -0.102163 -0.476541
v 0.396267 -0.102954 0.401747
v 0.395124 -0.108897 0.356144
v 0.395296 -0.109100 -0.447785
v 0.404548 -0.104878 0.352894
v 0.405282 -0.110893 -0.490593
v 0.392998 -0.099437 0.296247
v 0.396604 -0.106159 0.329388
v 0.401542 -0.104911 0.293104
v 0.395221 -0.103505 0.260423
v 0.405332 -0.104049 0.236219
v 0.395651 -0.108825 0.214639
v 0.406291 -0.105428 -0.319236
v 0.393219 -0.099115 -0.321428
v 0.395816 -0.107945 -0.285358
v 0.393070 -0.101242 -0.393323
v 0.396698 -0.103914 -0.354773
v 0.401236 -0.105570 -0.390926
v 0.398468 -0.107059 -0.422389
v 0.408496 -0.110431 -0.006077
v 0.394957 -0.108627 -0.048115
v 0.396400 -0.109832 0.018682
v 0.408788 -0.110818 -0.091295
v 0.397011 -0.110322 -0.118287
v 0.407917 -0.110406 -0.218674
v 0.396032 -0.109750 -0.231467
v 0.393888 -0.103536 -0.173865
v 0.408417 -0.110801 0.182705
v 0.395802 -0.109550 0.163418
v 0.393755 -0.106233 0.118453
v 0.405853 -0.110528 0.108634
v 0.394935 -0.108639 0.067699
v 0.408147 -0.110534 0.038882
v 0.415289 -0.111294 -0.156215
v 0.414927 -0.103627 0.256113
v 0.405906 -0.110794 0.219220
v 0.407576 -0.103401 -0.423776
v 0.411067 -0.102389 0.391001
v 0.412383 -0.103521 0.318581
v 0.408919 -0.110698 0.072941
v 0.409443 -0.110327 -0.254044
v 0.411564 -0.101348 0.372199
v 0.417052 -0.107197 -0.478692
v 0.414177 -0.110663 0.129822
v 0.415997 -0.111219 -0.041427
v 0.418509 -0.103939 -0.344030
v 0.418410 -0.111735 -0.196046
v 0.416560 -0.103501 -0.392973
v 0.418733 -0.111885 0.083078
v 0.421727 -0.103300 0.347546
v 0.419884 -0.113737 0.161696
v 0.418649 -0.111629 0.043543
v 0.420563 -0.116601 -0.103270
v 0.420794 -0.117289 -0.266528
v 0.419770 -0.111252 -0.307521
v 0.420267 -0.103310 -0.442074
v 0.423566 -0.108974 0.228976
v 0.421643 -0.104323 0.291245
v 0.419159 -0.112106 -0.231444
v 0.419408 -0.111802 -0.000178
v 0.426245 -0.107909 0.260742
v 0.419225 -0.111850 0.207352
v 0.424194 -0.106433 0.373292
v 0.418776 -0.111400 -0.080709
v 0.419179 -0.103562 -0.320062
v 0.427263 -0.113468 -0.317991
v 0.423450 -0.105347 -0.462305
v 0.425962 -0.108678 -0.382388
v 0.427581 -0.111189 -0.434247
v 0.425198 -0.106051 0.318613
v 0.428231 -0.112268 -0.346138
v -0.266890 -0.082307 0.474322
v -0.255480 -0.094709 0.486363
v -0.266039 -0.093577 0.495487
v -0.250886 -0.081284 0.463276
v -0.254501 -0.059844 0.443772
v -0.254515 -0.091042 0.491907
v -0.248384 -0.026517 0.415475
v -0.267318 0.000025 0.404831
v -0.252157 0.006499 0.395501
v -0.236577 -0.084381 0.478279
v -0.209875 -0.069194 0.446564
v -0.219229 -0.047988 0.424760
v -0.225398 -0.083663 0.465823
v -0.205099 -0.001643 0.400667
v -0.209211 -0.088627 0.478700
v -0.205946 -0.018885 0.408627
v -0.197005 0.007780 0.387181
v -0.229563 0.005266 0.383768
v -0.186590 -0.087007 0.474563
v -0.188643 -0.025581 0.412048
v -0.187557 -0.049800 0.426311
v -0.184478 -0.064480 0.443493
v -0.186351 -0.088510 0.490412
v -0.184472 -0.005362 0.406603
v -0.186019 0.012063 0.388822
v -0.266039 -0.093577 0.495487
v -0.251318 -0.079849 0.478793
v -0.266890 -0.082307 0.474322
v -0.254501 -0.059844 0.443772
v -0.248384 -0.026517 0.415475
v -0.250782 -0.012590 0.414882
v -0.267318 0.000025 0.404831
v -0.266019 0.009668 0.362532
v -0.256434 0.006879 0.375786
v -0.240066 0.012206 0.379436
v -0.248261 0.002069 0.407783
v -0.252157 0.006499 0.395501
v -0.254515 -0.091042 0.491907
v -0.236577 -0.084381 0.478279
v -0.225119 0.010445 0.364151
v -0.240534 0.017206 0.359354
v -0.213670 0.008551 0.397036
v -0.223162 -0.078479 0.473399
v -0.212586 0.001809 0.407499
v -0.209768 -0.062328 0.452978
v -0.205786 -0.016245 0.416205
v -0.197391 -0.034972 0.424973
v -0.196510 -0.076123 0.472864
v -0.203400 0.013332 0.381465
v -0.200740 -0.085223 0.487774
v -0.199334 0.011284 0.361805
v -0.186116 0.010768 0.373516
v -0.187277 0.002869 0.405323
v -0.184472 -0.005362 0.406603
v -0.186351 -0.088510 0.490412
v -0.186417 -0.047641 0.435249
v -0.186019 0.012063 0.388822
v -0.185703 -0.067672 0.459029
v -0.184422 -0.033232 0.421027
v -0.177083 0.005287 0.360379
v -0.256434 0.006879 0.375786
v -0.266019 0.009668 0.362532
v -0.254427 -0.003985 0.360139
v -0.229563 0.005266 0.383768
v -0.252157 0.006499 0.395501
v -0.211165 -0.005513 0.359907
v -0.205099 -0.001643 0.400667
v -0.207736 0.002053 0.369452
v -0.197005 0.007780 0.387181
v -0.186116 0.010768 0.373516
v -0.177083 0.005287 0.360379
v -0.186019 0.012063 0.388822
v -0.223162 -0.078479 0.473399
v -0.236577 -0.084381 0.478279
v -0.225398 -0.083663 0.465823
v -0.209211 -0.088627 0.478700
v -0.200740 -0.085223 0.487774
v -0.186351 -0.088510 0.490412
v -0.184422 -0.033232 0.421027
v -0.187557 -0.049800 0.426311
v -0.188643 -0.025581 0.412048
v -0.186417 -0.047641 0.435249
v -0.185703 -0.067672 0.459029
v -0.184478 -0.064480 0.443493
v -0.184472 -0.005362 0.406603
v -0.186590 -0.087007 0.474563
v -0.186351 -0.088510 0.490412
v 0.240239 0.168481 0.349382
v 0.275500 0.176532 0.327240
v 0.284786 0.166278 0.313062
v 0.311531 0.177109 0.309039
v 0.330128 0.166667 0.272799
v 0.339706 0.177425 0.273282
v 0.366248 0.177594 0.247541
v 0.375204 0.168286 0.229430
v 0.392191 0.176871 0.229506
v 0.410378 0.167838 0.219334
v 0.419020 0.175136 0.226968
v 0.422809 0.164107 0.223720
v 0.374994 0.095820 0.359553
v 0.376346 0.080163 0.354009
v 0.378102 0.095681 0.346607
v 0.372612 0.045568 0.354102
v 0.380307 0.068933 0.342544
v 0.376725 0.070391 0.359934
v 0.375434 0.093699 0.236690
v 0.379308 0.070800 0.246956
v 0.377659 0.096373 0.205497
v 0.378980 0.080043 0.316830
v 0.377419 0.093122 0.305663
v 0.377282 0.093212 0.268902
v 0.376002 0.095777 0.118756
v 0.377623 0.088565 0.168903
v 0.379209 0.062701 0.121375
v 0.378122 0.100364 0.067270
v 0.376339 0.084015 0.086945
v 0.379192 0.062838 0.068570
v 0.375850 0.095631 0.011223
v 0.376141 0.094708 -0.059379
v 0.378686 0.072320 0.003878
v 0.378234 0.072995 -0.086659
v 0.375964 0.092239 -0.141754
v 0.379024 0.060830 -0.201222
v 0.377197 0.099279 -0.215454
v 0.378254 0.076980 -0.250407
v 0.375757 0.091924 -0.307284
v 0.380840 0.044014 -0.305902
v 0.376006 0.092500 -0.376962
v 0.378300 0.078492 -0.401548
v 0.377619 0.099106 -0.422669
v 0.378364 0.070220 -0.426400
v 0.374957 0.091796 -0.448029
v 0.374594 0.052862 -0.453703
v 0.371821 0.066804 -0.454937
v 0.378712 0.053007 -0.433659
v 0.379717 0.034793 -0.449308
v 0.381484 0.042695 0.330128
v 0.381926 0.102443 0.244872
v 0.381720 0.105869 0.023905
v 0.379400 0.071210 -0.149560
v 0.379878 0.071189 -0.344890
v 0.379594 0.048109 -0.387372
v 0.369974 0.040913 -0.457493
v 0.380139 0.027202 -0.456483
v 0.380733 0.065673 0.300170
v 0.383248 0.102491 0.287726
v 0.380631 0.049435 0.275721
v 0.382537 0.027875 0.174108
v 0.379651 0.051324 0.044594
v 0.381823 0.106585 -0.020571
v 0.381002 0.034438 -0.268716
v 0.381469 0.032190 -0.345718
v 0.378647 0.102407 -0.359862
v 0.380478 0.102398 -0.393693
v 0.376116 0.076932 -0.452250
v 0.378666 0.102308 -0.461522
v 0.378278 0.071905 -0.455481
v 0.379130 0.069951 0.100985
v 0.380017 0.049663 0.009638
v 0.381886 0.029709 -0.062576
v 0.382679 0.025408 -0.105495
v 0.383171 0.107098 -0.308222
v 0.378403 0.021884 0.356376
v 0.383557 0.007380 0.345801
v 0.379828 0.043054 -0.133945
v 0.382457 0.107524 -0.148977
v 0.380916 0.108566 -0.252538
v 0.383150 0.022847 -0.400364
v 0.382998 0.022564 -0.440440
v 0.376678 0.103529 0.369286
v 0.382815 0.103817 0.333615
v 0.387178 0.107895 0.173440
v 0.382013 0.108379 -0.083260
v 0.372819 0.022975 -0.456467
v 0.379710 0.012562 -0.458311
v 0.382793 0.107169 0.211515
v 0.388159 0.107516 0.123843
v 0.385697 0.003834 0.111647
v 0.383764 0.013730 0.047187
v 0.383866 0.008570 -0.012075
v 0.382687 -0.009408 0.354604
v 0.389226 -0.029852 0.340012
v 0.384612 0.010241 0.290223
v 0.384198 0.012773 0.252428
v 0.383620 0.013642 -0.140841
v 0.385346 -0.003929 0.320702
v 0.387097 -0.011654 -0.082258
v 0.386534 -0.010703 -0.166451
v 0.383499 0.016440 -0.200669
v 0.384854 -0.007051 -0.239597
v 0.387040 -0.013682 -0.304462
v 0.386191 -0.010942 -0.350907
v 0.388523 -0.025494 -0.383165
v 0.386204 -0.007704 -0.421775
v 0.388729 -0.023197 -0.438405
v 0.383300 -0.015442 -0.458836
v 0.385143 -0.048453 0.355275
v 0.390694 -0.040146 0.305631
v 0.388923 -0.017048 0.273138
v 0.389385 -0.025389 0.226639
v 0.389144 -0.021984 -0.008612
v 0.389684 -0.028268 -0.134031
v 0.389199 -0.026711 -0.208247
v 0.390370 -0.040493 0.064973
v 0.389365 -0.023322 -0.258410
v 0.386595 -0.042545 -0.453380
v 0.391330 -0.097627 0.349415
v 0.383703 -0.077141 0.356301
v 0.381148 -0.100287 0.362210
v 0.387280 -0.069378 -0.449998
v 0.390294 -0.071577 -0.418115
v 0.387552 -0.097921 -0.448444
v 0.391026 -0.068294 0.345948
v 0.388353 -0.044310 -0.283602
v 0.389583 -0.043393 -0.265078
v 0.387656 -0.046251 -0.284530
v 0.387807 -0.045078 -0.286307
v 0.388598 -0.044698 -0.295027
v 0.388767 -0.044580 -0.287198
v 0.391182 -0.037196 -0.290188
v 0.390392 -0.044767 -0.326725
v 0.391676 -0.059506 0.243345
v 0.391509 -0.054827 0.192811
v 0.391107 -0.041440 0.148518
v 0.391222 -0.053774 -0.035955
v 0.391203 -0.054494 -0.098154
v 0.390558 -0.045893 -0.174354
v 0.391121 -0.048726 -0.281215
v 0.391469 -0.047834 -0.294160
v 0.390999 -0.095834 -0.422477
v 0.395296 -0.109100 -0.447785
v 0.382433 -0.107739 -0.463749
v 0.392302 -0.072037 0.332071
v 0.391853 -0.094563 0.323524
v 0.391908 -0.086391 0.148106
v 0.391823 -0.083528 0.095732
v 0.391614 -0.084245 0.019346
v 0.391781 -0.076958 -0.251864
v 0.391597 -0.070355 -0.305963
v 0.391013 -0.077596 -0.361227
v 0.390742 -0.090969 -0.394267
v 0.395124 -0.108897 0.356144
v 0.392325 -0.088593 0.288502
v 0.392471 -0.099583 0.213703
v 0.392279 -0.097261 0.247437
v 0.391822 -0.067401 -0.139292
v 0.391948 -0.081365 -0.169786
v 0.391834 -0.093499 -0.114528
v 0.393888 -0.103536 -0.173865
v 0.391698 -0.067851 -0.211283
v 0.393219 -0.099115 -0.321428
v 0.393070 -0.101242 -0.393323
v 0.392998 -0.099437 0.296247
v 0.395221 -0.103505 0.260423
v 0.392688 -0.101020 0.184007
v 0.393755 -0.106233 0.118453
v 0.394935 -0.108639 0.067699
v 0.391934 -0.092257 -0.030891
v 0.391880 -0.093061 -0.072758
v 0.395816 -0.107945 -0.285358
v 0.396604 -0.106159 0.329388
v 0.395651 -0.108825 0.214639
v 0.395802 -0.109550 0.163418
v 0.394957 -0.108627 -0.048115
v 0.396698 -0.103914 -0.354773
v 0.396400 -0.109832 0.018682
v 0.397011 -0.110322 -0.118287
v 0.396032 -0.109750 -0.231467
v 0.398468 -0.107059 -0.422389
v 0.387656 -0.046251 -0.284530
v 0.391121 -0.048726 -0.281215
v 0.389516 -0.045843 -0.285240
v 0.391469 -0.047834 -0.294160
v 0.389516 -0.045843 -0.285240
v 0.391121 -0.048726 -0.281215
v 0.388353 -0.044310 -0.283602
v 0.387807 -0.045078 -0.286307
v 0.388767 -0.044580 -0.287198
v 0.391469 -0.047834 -0.294160
v 0.423717 0.166823 -0.472882
v 0.427500 0.153840 -0.474394
v 0.410878 0.167768 -0.487564
v 0.416936 0.149085 -0.490152
v 0.414330 0.107100 -0.480151
v 0.417766 0.122659 -0.488760
v 0.425411 0.113483 -0.473596
v 0.423082 0.131031 -0.006512
v 0.422715 0.128662 0.041632
v 0.418065 0.111415 0.024325
v 0.418825 0.113280 -0.021225
v 0.422375 0.127778 -0.186061
v 0.419369 0.114787 -0.137319
v 0.418353 0.112440 -0.193080
v 0.422634 0.129996 -0.232051
v 0.415766 0.111099 -0.245974
v 0.421398 0.121325 -0.269710
v 0.418201 0.112028 -0.283034
v 0.422103 0.127769 -0.295825
v 0.427631 0.131120 -0.476327
v 0.421449 0.119915 0.201470
v 0.419487 0.113449 0.219812
v 0.417821 0.112827 0.180216
v 0.419175 0.163905 0.158224
v 0.419251 0.164526 0.199131
v 0.422670 0.149033 0.158016
v 0.415664 0.110685 0.127891
v 0.421782 0.120614 0.135415
v 0.420795 0.119408 0.085188
v 0.417867 0.164505 0.041422
v 0.419689 0.163450 0.084871
v 0.422264 0.151794 0.069362
v 0.421763 0.154630 0.028237
v 0.419399 0.163344 0.000366
v 0.418103 0.111908 -0.091690
v 0.422420 0.126159 -0.075839
v 0.419269 0.162909 -0.254325
v 0.419127 0.163472 -0.219223
v 0.422219 0.150188 -0.220790
v 0.419319 0.164140 -0.289463
v 0.422639 0.144478 -0.275135
v 0.423506 0.151186 -0.304775
v 0.418905 0.174612 -0.360919
v 0.426991 0.164865 -0.377464
v 0.417658 0.174921 -0.411679
v 0.423657 0.135178 0.220895
v 0.421833 0.154268 0.199482
v 0.422809 0.164107 0.223720
v 0.421275 0.157860 0.125586
v 0.414303 0.165484 0.113651
v 0.415696 0.165125 -0.031718
v 0.422349 0.151476 -0.012830
v 0.418589 0.164290 -0.073156
v 0.421942 0.152808 -0.046455
v 0.422024 0.152368 -0.083904
v 0.415500 0.164951 -0.100376
v 0.421522 0.155209 -0.123951
v 0.418482 0.164201 -0.141485
v 0.421286 0.156427 -0.162169
v 0.418159 0.164272 -0.182862
v 0.419759 0.166697 -0.309275
v 0.422364 0.121108 -0.308429
v 0.426613 0.123349 0.389891
v 0.414000 0.124738 0.404447
v 0.416655 0.108458 0.390527
v 0.424704 0.169558 0.380458
v 0.416318 0.174111 0.390253
v 0.424062 0.160201 0.393715
v 0.420926 0.175343 0.283904
v 0.417427 0.176239 0.352700
v 0.428642 0.160218 0.339054
v 0.419847 0.175289 -0.322349
v 0.426762 0.162102 -0.313468
v 0.426697 0.166225 -0.338362
v 0.427980 0.164021 -0.439236
v 0.419250 0.175119 -0.449912
v 0.428938 0.154530 0.262497
v 0.425728 0.166881 0.238051
v 0.426150 0.113395 0.226272
v 0.423352 0.133619 0.175752
v 0.423319 0.140847 0.111886
v 0.423333 0.136804 -0.135897
v 0.420250 0.142429 0.401014
v 0.419767 0.103300 -0.343300
v 0.423555 0.105648 -0.373475
v 0.429536 0.119765 -0.354144
v 0.429626 0.155872 -0.410360
v 0.428635 0.118673 0.374380
v 0.423897 0.107409 0.360572
v 0.419020 0.175136 0.226968
v 0.428769 0.130771 0.228550
v 0.429554 0.148571 0.381679
v 0.428258 0.126240 -0.311242
v 0.424522 0.110818 -0.311027
v 0.422311 0.107343 -0.319445
v 0.429370 0.114625 -0.399346
v 0.424424 0.105508 -0.408406
v 0.423722 0.106850 0.312796
v 0.429179 0.119014 0.346180
v 0.425555 0.108829 0.266554
v 0.428858 0.118123 0.298730
v 0.424523 0.108184 0.237138
v 0.429110 0.119634 0.251030
v 0.426080 0.107703 -0.445867
v 0.429574 0.150887 -0.320628
v 0.429970 0.146962 -0.350645
v 0.430639 0.132907 -0.443170
v 0.430193 0.135620 0.342508
v 0.430001 0.138340 0.289464
v 0.430073 0.128090 -0.323677
v 0.430419 0.137748 -0.389939
v 0.422171 -0.116619 0.394288
v 0.424194 -0.106433 0.373292
v 0.411067 -0.102389 0.391001
v 0.419225 -0.111850 0.207352
v 0.423566 -0.108974 0.228976
v 0.425915 -0.122778 0.226113
v 0.419884 -0.113737 0.161696
v 0.422669 -0.128697 0.197837
v 0.423072 -0.128145 0.168027
v 0.423103 -0.127384 0.134405
v 0.414177 -0.110663 0.129822
v 0.421598 -0.119103 0.101442
v 0.418733 -0.111885 0.083078
v 0.421582 -0.118516 0.063748
v 0.418649 -0.111629 0.043543
v 0.421900 -0.119356 0.016791
v 0.419408 -0.111802 -0.000178
v 0.423400 -0.128659 -0.012689
v 0.415997 -0.111219 -0.041427
v 0.422665 -0.122865 -0.057272
v 0.418776 -0.111400 -0.080709
v 0.420563 -0.116601 -0.103270
v 0.422573 -0.121999 -0.140830
v 0.415289 -0.111294 -0.156215
v 0.422734 -0.123215 -0.182144
v 0.418410 -0.111735 -0.196046
v 0.420794 -0.117289 -0.266528
v 0.423127 -0.126688 -0.307243
v 0.419770 -0.111252 -0.307521
v 0.425815 -0.147095 -0.309315
v 0.419649 -0.165780 -0.289507
v 0.421569 -0.167125 -0.310484
v 0.420946 -0.165351 0.166119
v 0.423273 -0.150030 0.157874
v 0.421866 -0.159921 0.206020
v 0.423013 -0.154418 0.119639
v 0.418283 -0.166961 0.132328
v 0.419237 -0.166157 0.093780
v 0.422858 -0.156384 0.070167
v 0.420640 -0.165576 0.053480
v 0.423270 -0.151110 0.021772
v 0.420730 -0.164492 -0.005084
v 0.423665 -0.149180 -0.043165
v 0.419916 -0.164931 -0.094966
v 0.420420 -0.165028 -0.153768
v 0.423670 -0.150852 -0.133813
v 0.418129 -0.166495 -0.204111
v 0.423746 -0.149450 -0.167812
v 0.422617 -0.157882 -0.199938
v 0.423418 -0.129978 -0.213560
v 0.422634 -0.157662 -0.238939
v 0.419159 -0.112106 -0.231444
v 0.420668 -0.164829 -0.250309
v 0.423104 -0.150852 -0.277616
v 0.420979 -0.139100 -0.486030
v 0.428296 -0.152600 -0.472131
v 0.416230 -0.168754 -0.479727
v 0.423947 -0.138687 0.094264
v 0.423812 -0.148927 -0.093938
v 0.429402 -0.118716 0.339217
v 0.425198 -0.106051 0.318613
v 0.421727 -0.103300 0.347546
v 0.426278 -0.144462 0.223610
v 0.420529 -0.164679 0.222211
v 0.423450 -0.105347 -0.462305
v 0.424119 -0.119685 -0.477258
v 0.417052 -0.107197 -0.478692
v 0.421684 -0.160275 0.396920
v 0.427874 -0.138189 0.391636
v 0.418604 -0.134195 0.403443
v 0.414649 -0.172891 0.387368
v 0.428912 -0.159045 0.380514
v 0.426251 -0.168542 0.362767
v 0.428951 -0.163232 -0.432546
v 0.427825 -0.166410 -0.383642
v 0.419037 -0.174107 -0.415862
v 0.425661 -0.168385 -0.456937
v 0.429251 -0.118620 0.378323
v 0.421643 -0.104323 0.291245
v 0.429241 -0.115891 0.298203
v 0.429025 -0.159960 0.319862
v 0.423620 -0.171995 0.310912
v 0.426245 -0.107909 0.260742
v 0.427750 -0.164235 0.226121
v 0.427263 -0.113468 -0.317991
v 0.427581 -0.111189 -0.434247
v 0.430272 -0.141734 0.363013
v 0.427761 -0.164752 0.275913
v 0.429714 -0.125627 0.262854
v 0.428438 -0.167413 -0.316811
v 0.430057 -0.153433 0.241423
v 0.426757 -0.168752 0.239601
v 0.429962 -0.156375 -0.333483
v 0.429694 -0.127170 -0.324972
v 0.423014 -0.172114 -0.340597
v 0.428231 -0.112268 -0.346138
v 0.429965 -0.126678 -0.400397
v 0.425962 -0.108678 -0.382388
v 0.429916 -0.153212 -0.402047
v 0.430296 -0.141359 0.299957
v 0.430059 -0.129376 -0.360609
v 0.430178 -0.134117 -0.444706
v -0.423082 -0.039536 0.251482
v -0.429738 -0.016334 0.223819
v -0.419805 -0.072818 0.220128
v -0.427457 -0.036446 0.170655
v -0.410215 -0.094257 0.250580
v -0.417837 -0.080966 -0.285851
v -0.425775 -0.049610 -0.272270
v -0.424461 -0.050259 -0.309492
v -0.417219 -0.083737 0.166546
v -0.416073 -0.087386 -0.240694
v -0.416426 -0.062074 -0.208173
v -0.424940 -0.055042 -0.227153
v -0.424691 -0.049837 0.145934
v -0.417898 -0.054176 0.138364
v -0.410311 -0.088843 0.142966
v -0.421249 -0.023780 -0.318636
v -0.410563 -0.070705 -0.320220
v -0.405136 -0.104606 -0.211483
v -0.404969 -0.109312 -0.312745
v -0.413219 -0.022366 0.371634
v -0.410917 0.025193 0.388631
v -0.413773 0.025207 0.362189
v -0.414158 0.008246 0.326803
v -0.411437 -0.040922 0.311975
v -0.412793 -0.029638 0.279958
v -0.414245 -0.000564 0.278948
v -0.413356 -0.029960 0.256947
v -0.414637 0.010096 0.256997
v -0.407867 -0.070462 0.257049
v -0.398048 -0.125578 0.175974
v -0.413124 0.016388 -0.324274
v -0.411850 -0.040251 -0.322363
v -0.414182 0.016537 -0.357238
v -0.412655 -0.033333 -0.353118
v -0.413954 -0.018922 -0.425682
v -0.411241 0.041247 -0.456361
v -0.413367 -0.008537 -0.467863
v -0.409525 0.028892 -0.478208
v -0.403061 -0.080309 0.352760
v -0.407519 -0.018515 0.394817
v -0.405725 -0.070424 0.280390
v -0.403857 -0.115662 0.226357
v -0.413519 -0.040123 0.135436
v -0.403481 -0.116896 -0.292326
v -0.405781 -0.071980 -0.337856
v -0.406299 -0.070843 -0.394290
v -0.403402 -0.074122 -0.469039
v -0.399192 -0.091329 -0.436678
v -0.403862 -0.059871 0.389971
v -0.397984 -0.098185 0.259581
v -0.405543 -0.112877 -0.251174
v -0.390570 -0.113231 -0.326461
v -0.401530 -0.086911 0.123487
v -0.394399 -0.131972 -0.221301
v -0.401858 -0.043046 -0.486005
v -0.396367 -0.097738 0.312649
v -0.394218 -0.131715 0.146099
v -0.398733 -0.095807 -0.205100
v -0.405537 -0.074030 -0.181867
v -0.395389 0.019805 -0.487711
v -0.385229 -0.127418 0.255681
v -0.404162 -0.076693 0.020432
v -0.408661 -0.061588 -0.021039
v -0.395217 -0.102392 -0.035896
v -0.406996 -0.067331 -0.074718
v -0.402598 -0.082665 -0.137788
v -0.392615 -0.108038 -0.097103
v -0.393020 -0.107328 -0.182333
v -0.394044 -0.133360 -0.264772
v -0.392740 -0.106193 -0.383590
v -0.388847 -0.110130 0.382306
v -0.394437 -0.104173 0.049961
v -0.404125 -0.077842 0.087859
v -0.385661 -0.122061 0.130806
v -0.389746 -0.093345 -0.483126
v -0.390340 -0.111840 0.093560
v -0.389075 -0.089637 0.395834
v -0.387837 -0.139608 0.248897
v -0.388353 -0.115139 0.357486
v -0.379276 -0.149027 -0.312266
v -0.384913 -0.121213 0.018102
v -0.378459 -0.153862 0.208636
v -0.385702 -0.117645 -0.465284
v -0.381135 -0.125738 0.275252
v -0.382748 -0.124996 -0.146816
v -0.381681 -0.127394 -0.202830
v -0.375682 -0.134727 -0.066847
v -0.372297 -0.137445 0.302637
v -0.370926 -0.158228 0.144126
v -0.381764 -0.126498 -0.033509
v -0.367997 -0.143852 -0.188475
v -0.376226 -0.134192 0.089295
v -0.371312 -0.162467 -0.273403
v -0.368394 -0.158243 -0.208216
v -0.369069 -0.141221 -0.367083
v -0.370982 -0.126799 0.392731
v -0.375629 -0.135493 -0.114221
v -0.376646 -0.132344 -0.438828
v -0.363398 -0.156379 0.255935
v -0.373883 -0.159888 -0.229380
v -0.366023 -0.145139 0.346452
v -0.364763 -0.147207 -0.016168
v -0.361625 -0.150266 0.037794
v -0.355402 -0.172182 0.239245
v -0.352997 -0.157995 -0.325927
v -0.362695 -0.149226 0.114075
v -0.363270 -0.151535 -0.204456
v -0.365648 -0.135901 -0.479408
v -0.364737 -0.168213 -0.308035
v -0.359136 -0.147015 0.382747
v -0.361382 -0.148096 -0.456873
v -0.358169 -0.153960 -0.097446
v -0.360697 -0.150024 -0.419059
v -0.352482 -0.159845 0.137480
v -0.353359 -0.158010 -0.138628
v -0.346698 -0.181192 -0.250236
v -0.344564 -0.179229 0.193724
v -0.351094 -0.159679 -0.043086
v -0.346378 -0.160806 0.300130
v -0.351668 -0.157624 0.266371
v -0.353762 -0.175834 0.164062
v -0.344155 -0.162352 -0.387071
v -0.346833 -0.162922 0.002119
v -0.348283 -0.179001 -0.220514
v -0.348437 -0.162255 -0.172097
v -0.341279 -0.169452 -0.203002
v -0.346247 -0.176505 -0.315650
v -0.346235 -0.157793 -0.467582
v -0.348194 -0.160408 0.335784
v -0.355030 -0.171629 0.141228
v -0.344740 -0.163821 0.076930
v -0.341738 -0.165316 0.116806
v -0.413124 0.016388 -0.324274
v -0.424954 0.021325 -0.314576
v -0.417729 0.071979 -0.310706
v -0.420258 0.068757 -0.262134
v -0.402075 0.113999 -0.290454
v -0.405856 0.107747 -0.249466
v -0.396766 0.096644 -0.327055
v -0.412822 0.089416 -0.216228
v -0.406585 0.064398 -0.341433
v -0.414182 0.016537 -0.357238
v -0.399332 0.085340 -0.379857
v -0.411241 0.041247 -0.456361
v -0.388666 0.128587 -0.316899
v -0.412506 0.061378 0.137794
v -0.399908 0.097073 0.137242
v -0.404432 0.072160 0.108662
v -0.392827 0.099885 -0.433448
v -0.400850 0.076155 -0.473133
v -0.409525 0.028892 -0.478208
v -0.392562 0.131346 -0.231586
v -0.394727 0.065275 -0.486314
v -0.407632 0.085923 -0.206066
v -0.388165 0.129712 -0.207987
v -0.404520 0.072513 -0.080039
v -0.391074 0.104547 -0.047575
v -0.393074 0.100260 -0.117857
v -0.376562 0.126508 -0.202229
v -0.383197 0.117575 0.108552
v -0.392315 0.100792 0.061431
v -0.400764 0.082667 -0.178855
v -0.384850 0.114596 -0.183405
v -0.396699 0.093200 -0.202101
v -0.382937 0.099035 -0.484079
v -0.372102 0.126016 -0.469753
v -0.378603 0.149414 -0.213786
v -0.377247 0.151150 -0.306429
v -0.376081 0.125499 -0.131630
v -0.374916 0.127400 -0.076545
v -0.375896 0.126111 -0.379706
v -0.373713 0.132085 0.135951
v -0.393586 0.099629 0.013263
v -0.369749 0.132528 -0.019496
v -0.373450 0.155237 -0.272642
v -0.373853 0.128550 -0.329774
v -0.368243 0.160179 -0.238658
v -0.366583 0.135786 0.053274
v -0.361011 0.140728 -0.432201
v -0.363496 0.157485 -0.207192
v -0.362727 0.139385 -0.176867
v -0.356392 0.146455 -0.321734
v -0.347591 0.129162 -0.486351
v -0.359982 0.165648 -0.309894
v -0.360444 0.141221 0.008735
v -0.355360 0.168732 -0.213692
v -0.353945 0.159713 -0.319592
v -0.351704 0.147929 0.118777
v -0.348746 0.149118 -0.076044
v -0.350794 0.148251 -0.382432
v -0.345372 0.174078 -0.274685
v -0.349135 0.151647 -0.202941
v -0.344999 0.154035 0.136622
v -0.347051 0.150401 -0.137184
v -0.348191 0.172246 -0.296022
v -0.350634 0.171983 -0.234162
v -0.336641 0.155055 0.071494
v -0.330392 0.156101 0.001689
v -0.343301 0.152429 -0.343367
v -0.333203 0.155356 -0.450096
v -0.337644 0.154718 -0.180664
v -0.340441 0.176803 -0.250999
v -0.342214 0.146267 -0.479011
v -0.327602 0.192800 -0.267945
v -0.329227 0.179025 -0.287114
v -0.321120 0.189064 -0.249206
v -0.311399 0.175366 -0.230567
v -0.319732 0.187225 -0.285155
v -0.427751 0.031906 0.223937
v -0.427590 0.031721 0.244806
v -0.418123 0.073423 0.238446
v -0.423085 0.057923 0.170122
v -0.412184 0.093884 0.173141
v -0.415678 0.083166 0.144906
v -0.423082 -0.039536 0.251482
v -0.413356 -0.029960 0.256947
v -0.424229 0.012777 0.253318
v -0.415827 0.064412 0.254156
v -0.408854 0.054144 0.259517
v -0.414637 0.010096 0.256997
v -0.414245 -0.000564 0.278948
v -0.414158 0.008246 0.326803
v -0.411483 0.035629 0.286503
v -0.413773 0.025207 0.362189
v -0.407533 0.058781 0.356842
v -0.397282 0.114949 0.252133
v -0.407867 -0.070462 0.257049
v -0.410917 0.025193 0.388631
v -0.405361 0.086643 0.256406
v -0.391035 0.131502 0.146520
v -0.397310 0.124386 0.218407
v -0.402349 0.066042 0.390229
v -0.403068 0.075690 0.285123
v -0.390285 0.134966 0.175210
v -0.397306 0.050778 0.398603
v -0.395829 0.092540 0.258767
v -0.393341 0.098786 0.266430
v -0.392201 0.099717 0.381437
v -0.390950 0.103186 0.325847
v -0.384751 0.096153 0.396210
v -0.376565 0.124664 0.258380
v -0.377502 0.124259 0.279304
v -0.372389 0.154960 0.246598
v -0.370098 0.158985 0.214061
v -0.372338 0.128214 0.376365
v -0.358408 0.142742 0.319875
v -0.364922 0.152433 0.255747
v -0.361515 0.143041 0.256494
v -0.356985 0.128626 0.396498
v -0.365261 0.163300 0.161710
v -0.352885 0.146643 0.273576
v -0.355115 0.170352 0.226054
v -0.355567 0.169290 0.247905
v -0.340524 0.157789 0.256209
v -0.346791 0.174313 0.202792
v -0.334646 0.152618 0.379773
v -0.332924 0.168477 0.254245
v -0.391035 0.131502 0.146520
v -0.390285 0.134966 0.175210
v -0.365261 0.163300 0.161710
v -0.368112 0.159222 0.144259
v -0.353183 0.171039 0.147667
vn -0.9960 -0.0687 0.0572
vn -0.9987 0.0500 -0.0051
vn -0.9906 -0.1368 -0.0010
vn -0.9451 -0.1918 -0.2646
vn -0.9335 -0.0260 -0.3577
vn -0.9338 -0.0772 0.3492
vn -0.9917 0.1129 0.0612
vn -0.9983 -0.0277 0.0510
vn -0.9912 0.1282 -0.0336
vn -0.9994 -0.0215 -0.0258
vn -0.9556 -0.2008 -0.2156
vn -0.9624 -0.0258 -0.2704
vn -0.9754 0.1096 0.1913
vn -0.8080 -0.0046 0.5892
vn -0.9265 -0.1447 0.3473
vn -0.9906 0.1367 0.0109
vn -0.9501 0.1553 -0.2706
vn -0.9134 -0.1097 -0.3920
vn -0.7229 0.0509 0.6891
vn -0.9030 0.1146 -0.4140
vn -0.9181 -0.2120 0.3348
vn -0.9837 -0.1797 -0.0087
vn -0.6270 -0.0584 -0.7768
vn -0.9754 0.2206 -0.0024
vn -0.9771 -0.1843 0.1067
vn -0.9583 0.2858 -0.0037
vn -0.9720 0.0559 -0.2283
vn -0.9388 0.2255 0.2605
vn -0.9042 0.2852 -0.3180
vn -0.9201 0.3688 0.1317
vn -0.5981 -0.1607 -0.7852
vn -0.9503 -0.0746 0.3022
vn -0.9234 0.2031 0.3257
vn -0.9038 0.3309 -0.2714
vn -0.8898 0.0328 0.4552
vn -0.9557 0.0811 -0.2831
vn -0.9921 -0.1251 -0.0070
vn -0.6288 0.2577 0.7336
vn -0.9985 0.0540 -0.0022
vn -0.9953 -0.0966 0.0060
vn -0.9983 0.0584 -0.0052
vn -0.9981 -0.0611 -0.0049
vn -0.9954 0.0961 0.0021
vn -0.9966 -0.0826 0.0017
vn -0.9999 0.0147 0.0081
vn -0.9902 -0.1394 0.0082
vn -0.9760 0.2176 0.0019
vn -0.9872 0.1592 0.0052
vn -0.9563 0.2854 -0.0636
vn -0.9676 0.2526 0.0047
vn -0.9744 -0.2249 0.0061
vn -0.9711 -0.2386 -0.0106
vn -0.9612 -0.2759 0.0017
vn -0.9632 -0.2689 0.0017
vn -0.9580 -0.2868 0.0068
vn -0.9663 0.2573 -0.0018
vn -0.9654 -0.2487 0.0786
vn -0.9491 -0.2929 -0.1157
vn -0.9559 0.2938 0.0031
vn -0.9393 0.3431 0.0068
vn -0.8768 0.2172 -0.4290
vn -0.9088 0.4171 -0.0032
vn -0.8877 0.4604 -0.0009
vn -0.8882 0.4187 0.1893
vn -0.8667 0.4987 0.0066
vn -0.8857 0.4643 0.0063
vn -0.8768 0.2173 -0.4290
vn -0.9501 0.1552 -0.2706
vn -0.9720 0.0558 -0.2283
vn -0.8258 0.4293 -0.3657
vn -0.8017 0.5095 -0.3125
vn -0.6701 0.6108 -0.4217
vn -0.2664 0.4081 -0.8732
vn -0.6758 0.6567 -0.3346
vn -0.2921 0.7153 -0.6349
vn -0.2584 0.9221 -0.2881
vn 0.0029 0.8463 -0.5326
vn -0.1035 0.9798 -0.1709
vn 0.2782 0.7451 -0.6061
vn 0.3338 0.7482 -0.5734
vn 0.2095 0.8953 -0.3930
vn -0.1023 0.9664 -0.2358
vn -0.9691 -0.0483 -0.2419
vn -0.8672 0.0844 -0.4907
vn -0.1895 -0.0250 -0.9816
vn -0.4386 0.1262 -0.8898
vn 0.1618 -0.0709 -0.9843
vn -0.4827 0.3394 -0.8074
vn -0.1537 0.2055 -0.9665
vn 0.2893 -0.4965 -0.8184
vn 0.0471 -0.1768 -0.9831
vn -0.4539 0.7980 -0.3964
vn -0.0716 0.8172 -0.5719
vn 0.1143 -0.5462 -0.8298
vn 0.2509 -0.4430 -0.8607
vn 0.0677 -0.6370 -0.7679
vn 0.1400 0.3873 -0.9113
vn 0.1770 -0.3923 -0.9026
vn 0.3927 0.4038 -0.8263
vn -0.0267 -0.5234 -0.8517
vn 0.0553 -0.4780 -0.8766
vn -0.7560 0.6155 -0.2228
vn -0.4862 0.4297 -0.7609
vn 0.2001 0.9109 -0.3609
vn -0.0193 -0.7536 -0.6571
vn -0.3560 0.0760 -0.9314
vn -0.0268 -0.5235 -0.8516
vn -0.0804 -0.4203 -0.9038
vn -0.3550 0.7849 -0.5079
vn -0.0212 0.3185 -0.9477
vn -0.0319 -0.1078 -0.9937
vn -0.0258 -0.6286 -0.7773
vn -0.0542 -0.3282 -0.9431
vn -0.0020 -0.0770 -0.9970
vn 0.0001 0.9089 -0.4171
vn -0.0036 0.9593 -0.2824
vn -0.0101 -0.5209 -0.8536
vn -0.0036 0.1626 -0.9867
vn -0.0110 0.7874 -0.6163
vn -0.0098 -0.0995 -0.9950
vn -0.0148 -0.6495 -0.7602
vn 0.0086 0.2007 -0.9796
vn -0.0001 0.8520 -0.5235
vn -0.0046 -0.4589 -0.8885
vn -0.0063 0.0816 -0.9966
vn -0.0019 -0.1436 -0.9896
vn -0.0112 0.3080 -0.9513
vn -0.0143 0.9851 -0.1714
vn -0.0076 -0.7475 -0.6642
vn 0.0051 -0.0095 -0.9999
vn -0.0083 0.8499 -0.5270
vn -0.0046 -0.5423 -0.8401
vn -0.0018 0.2794 -0.9602
vn -0.0075 0.9513 -0.3082
vn 0.0027 -0.4656 -0.8850
vn -0.0025 -0.0154 -0.9999
vn -0.0105 0.8980 -0.4398
vn -0.0015 -0.5616 -0.8274
vn 0.0028 0.2052 -0.9787
vn -0.0062 -0.1072 -0.9942
vn -0.0013 0.0532 -0.9986
vn -0.0064 0.6286 -0.7777
vn 0.0020 -0.7114 -0.7028
vn 0.0016 -0.1223 -0.9925
vn -0.0066 0.1410 -0.9900
vn -0.0112 0.7507 -0.6606
vn 0.0189 -0.4940 -0.8692
vn 0.0085 -0.0378 -0.9992
vn 0.0438 0.2794 -0.9592
vn -0.0000 0.0405 -0.9992
vn -0.0007 0.8978 -0.4403
vn 0.0090 -0.4072 -0.9133
vn -0.0330 0.4794 -0.8770
vn -0.0166 0.1356 -0.9906
vn -0.0000 -0.1158 -0.9933
vn -0.0181 -0.6919 -0.7217
vn -0.0429 -0.5787 -0.8144
vn -0.0333 0.9277 -0.3718
vn -0.2825 -0.0180 -0.9591
vn -0.4482 0.4926 -0.7460
vn -0.2690 -0.4501 -0.8515
vn -0.3130 0.0727 -0.9470
vn -0.2096 0.5967 -0.7746
vn -0.5299 -0.1178 -0.8399
vn -0.2063 -0.7165 -0.6663
vn -0.0248 -0.0827 -0.9963
vn -0.0031 0.0820 -0.9966
vn -0.0110 -0.6809 -0.7323
vn -0.0019 0.5875 -0.8092
vn -0.0037 -0.0812 -0.9967
vn -0.0004 0.0573 -0.9984
vn 0.0146 -0.4896 -0.8718
vn 0.0163 0.4395 -0.8981
vn 0.0049 -0.0981 -0.9952
vn 0.0011 0.0367 -0.9993
vn 0.0052 0.2328 -0.9725
vn -0.0109 0.7845 -0.6200
vn 0.0206 -0.4910 -0.8709
vn 0.0190 -0.1007 -0.9947
vn 0.0632 0.7962 -0.6017
vn 0.0586 -0.7606 -0.6466
vn 0.0645 0.1464 -0.9871
vn 0.1786 -0.3663 -0.9132
vn 0.1689 -0.0256 -0.9853
vn 0.4574 0.4294 -0.7787
vn 0.6208 -0.2109 -0.7550
vn 0.5633 0.1149 -0.8183
vn 0.3740 -0.8498 -0.3715
vn -0.7237 -0.0809 0.6854
vn -0.0363 0.0090 0.9993
vn -0.9405 0.0910 0.3274
vn -0.2863 0.0430 0.9572
vn -0.8910 -0.2189 0.3978
vn -0.0075 0.0002 1.0000
vn 0.7071 -0.1127 0.6981
vn 0.7096 0.1167 0.6949
vn 0.1670 -0.0630 0.9839
vn -0.5020 -0.1988 0.8417
vn -0.9119 0.2597 0.3177
vn -0.5514 0.3539 0.7554
vn 0.0017 -0.0216 0.9998
vn -0.5428 -0.4323 0.7200
vn 0.0627 -0.0423 0.9971
vn 0.6307 -0.4565 0.6276
vn -0.3540 0.5019 0.7892
vn 0.6645 0.3182 0.6761
vn 0.1256 -0.0180 0.9919
vn 0.7403 0.0970 0.6652
vn -0.3338 -0.0357 0.9420
vn 0.0351 -0.0991 0.9945
vn 0.8685 -0.3308 0.3692
vn 0.6514 -0.1597 0.7417
vn 0.6033 0.2628 0.7530
vn -0.2122 -0.4579 0.8633
vn 0.1373 -0.2013 0.9699
vn 0.1633 0.2264 0.9602
vn 0.1116 0.0041 0.9937
vn -0.3713 -0.0858 0.9245
vn 0.0856 0.0520 0.9950
vn 0.3556 0.4073 0.8412
vn 0.5210 -0.1167 0.8455
vn 0.0112 0.0308 0.9995
vn 0.4148 0.0019 0.9099
vn 0.3188 0.0386 0.9470
vn 0.3029 -0.8537 0.4236
vn 0.0764 0.2160 0.9734
vn 0.1222 -0.1410 0.9824
vn 0.3478 -0.3012 0.8879
vn 0.0232 -0.0863 0.9960
vn 0.0499 -0.3665 0.9291
vn 0.6302 -0.6139 0.4754
vn 0.0089 0.0140 0.9999
vn 0.2820 0.1312 0.9504
vn 0.1136 -0.0674 0.9912
vn 0.0122 -0.0049 0.9999
vn 0.0241 -0.2090 0.9776
vn 0.0346 0.6834 0.7292
vn 0.5410 0.7304 0.4169
vn 0.2170 0.7390 0.6378
vn -0.0350 0.4943 0.8686
vn 0.0034 -0.7288 0.6848
vn 0.1257 0.2612 0.9571
vn -0.0058 0.0032 1.0000
vn -0.0093 -0.0946 0.9955
vn 0.0565 -0.2216 0.9735
vn 0.3076 0.9221 0.2349
vn -0.2437 0.3952 0.8857
vn 0.0320 -0.7225 0.6906
vn -0.0268 0.0022 0.9996
vn 0.0261 0.5684 0.8223
vn 0.0346 0.6835 0.7292
vn -0.0157 -0.8029 0.5960
vn 0.3269 0.4782 0.8152
vn 0.0125 0.2425 0.9701
vn 0.2509 0.3134 0.9159
vn -0.0312 0.0597 0.9977
vn -0.0348 0.0146 0.9993
vn 0.5295 -0.4923 0.6908
vn 0.4852 -0.1262 0.8653
vn 0.0318 -0.2207 0.9748
vn 0.2509 0.3134 0.9158
vn -0.0021 -0.1493 0.9888
vn 0.0392 -0.8920 0.4504
vn 0.0041 -0.0210 0.9998
vn 0.2308 -0.9236 0.3060
vn 0.1309 0.0678 0.9891
vn -0.0510 0.3333 0.9414
vn 0.1627 -0.2114 0.9638
vn -0.0093 -0.0371 0.9993
vn -0.0878 -0.9063 0.4134
vn -0.3068 0.1705 0.9364
vn -0.8458 0.5159 0.1355
vn -0.3136 -0.8950 0.3173
vn -0.7800 -0.0098 0.6257
vn 0.0279 0.6921 0.7213
vn -0.1195 0.2963 0.9476
vn -0.2033 0.7157 0.6682
vn -0.5960 -0.3191 0.7369
vn -0.5097 -0.4775 0.7157
vn -0.2841 -0.0913 0.9544
vn 0.0080 -0.0009 1.0000
vn -0.0854 -0.3095 0.9470
vn -0.1451 0.1165 0.9825
vn -0.0822 -0.4931 0.8661
vn -0.0623 -0.1728 0.9830
vn -0.0124 -0.0861 0.9962
vn -0.0147 0.0483 0.9987
vn -0.0698 -0.9319 0.3561
vn -0.0326 0.3611 0.9320
vn -0.1932 0.7355 0.6494
vn -0.0472 0.6154 0.7868
vn -0.0020 0.5464 0.8375
vn -0.0124 0.1810 0.9834
vn 0.0041 0.2226 0.9749
vn -0.0000 -0.8138 0.5812
vn 0.0010 -0.7173 0.6968
vn 0.0287 -0.4066 0.9132
vn 0.0014 -0.0854 0.9963
vn 0.0093 0.0409 0.9991
vn -0.0224 -0.1698 0.9852
vn -0.0230 -0.1173 0.9928
vn -0.0053 0.0588 0.9983
vn -0.0268 0.9311 0.3637
vn -0.0167 -0.5106 0.8596
vn 0.0323 -0.1395 0.9897
vn -0.0029 0.1913 0.9815
vn 0.0223 -0.1754 0.9842
vn 0.1140 0.9060 0.4076
vn -0.0005 0.7470 0.6648
vn -0.0046 -0.1189 0.9929
vn -0.0375 -0.5718 0.8195
vn 0.0010 0.1980 0.9802
vn -0.0162 0.6743 0.7382
vn 0.0032 -0.9018 0.4321
vn 0.0117 -0.5290 0.8485
vn 0.0057 0.0278 0.9996
vn 0.0176 0.0920 0.9956
vn 0.0610 -0.0493 0.9969
vn 0.0073 0.0666 0.9978
vn 0.0200 -0.2914 0.9564
vn 0.0071 -0.1017 0.9948
vn 0.0077 -0.0328 0.9994
vn 0.0027 -0.1056 0.9944
vn -0.0185 -0.0882 0.9959
vn -0.0145 -0.6295 0.7769
vn -0.0125 -0.0652 0.9978
vn 0.0016 0.4156 0.9095
vn 0.0225 0.2911 0.9564
vn -0.0150 0.9399 0.3412
vn -0.0052 -0.5743 0.8186
vn 0.0028 0.1164 0.9932
vn 0.0002 0.0581 0.9983
vn -0.0124 0.1297 0.9915
vn -0.0016 0.8887 0.4585
vn -0.0142 -0.0595 0.9981
vn 0.0011 -0.9020 0.4318
vn -0.0158 -0.2021 0.9792
vn 0.0011 0.3871 0.9220
vn -0.0081 0.0695 0.9975
vn -0.0044 -0.0691 0.9976
vn 0.0033 -0.0881 0.9961
vn 0.0046 -0.0712 0.9974
vn -0.0030 -0.4106 0.9118
vn -0.0135 -0.8938 0.4483
vn 0.0022 0.0964 0.9953
vn 0.0293 -0.5725 0.8193
vn -0.0550 0.2552 0.9653
vn -0.0038 -0.2950 0.9555
vn 0.0171 0.7830 0.6218
vn 0.0083 -0.0407 0.9991
vn 0.0042 0.0537 0.9985
vn 0.0079 -0.8459 0.5334
vn -0.0195 0.7651 0.6437
vn -0.0030 -0.2370 0.9715
vn -0.0044 -0.8818 0.4716
vn 0.0045 0.2840 0.9588
vn -0.0055 -0.3428 0.9394
vn -0.0142 0.8207 0.5711
vn 0.0085 -0.0358 0.9993
vn -0.0025 -0.0403 0.9992
vn 0.0019 0.0240 0.9997
vn -0.0018 -0.0893 0.9960
vn -0.0181 0.0954 0.9953
vn 0.0024 0.0808 0.9967
vn -0.0001 -0.4134 0.9105
vn -0.0110 0.8071 0.5903
vn -0.0045 -0.1738 0.9848
vn -0.0090 -0.1483 0.9889
vn -0.0164 -0.9404 0.3397
vn -0.0022 0.5136 0.8580
vn -0.0065 -0.8570 0.5153
vn 0.0056 0.0612 0.9981
vn 0.0072 -0.1105 0.9939
vn 0.0168 -0.1113 0.9937
vn -0.0279 0.5841 0.8112
vn -0.0052 -0.2379 0.9713
vn 0.0078 -0.0821 0.9966
vn 0.0062 -0.0239 0.9997
vn 0.0057 -0.0994 0.9950
vn -0.0022 -0.0596 0.9982
vn -0.0020 -0.1338 0.9910
vn -0.0125 -0.0760 0.9970
vn -0.0212 -0.8382 0.5449
vn -0.0067 0.3628 0.9318
vn 0.0082 0.0967 0.9953
vn 0.0088 0.1342 0.9909
vn -0.0034 0.0079 1.0000
vn 0.0023 -0.0789 0.9969
vn -0.0045 -0.0014 1.0000
vn -0.0082 -0.6874 0.7262
vn 0.0170 -0.8027 0.5962
vn 0.0036 0.0230 0.9997
vn -0.0033 0.8105 0.5857
vn 0.0064 -0.0643 0.9979
vn -0.0020 0.2408 0.9706
vn 0.0193 0.7140 0.6998
vn -0.0018 -0.0274 0.9996
vn 0.0013 -0.2768 0.9609
vn 0.0105 0.0011 0.9999
vn -0.0022 -0.1073 0.9942
vn -0.0065 0.1072 0.9942
vn 0.0052 -0.8719 0.4897
vn -0.0081 0.9611 0.2760
vn -0.0099 0.7926 0.6096
vn 0.0017 0.7421 0.6702
vn -0.0118 -0.1071 0.9942
vn -0.0019 0.0918 0.9958
vn 0.0050 0.3036 0.9528
vn -0.0048 -0.2675 0.9635
vn 0.0094 -0.0319 0.9994
vn 0.0054 0.0948 0.9955
vn 0.0049 0.1630 0.9866
vn -0.0028 0.9091 0.4166
vn -0.0039 0.0226 0.9997
vn -0.0262 0.0034 0.9997
vn 0.0020 -0.1257 0.9921
vn 0.0055 -0.8361 0.5485
vn 0.0040 0.1378 0.9905
vn -0.0079 0.4585 0.8887
vn 0.0071 -0.0926 0.9957
vn 0.0019 -0.0785 0.9969
vn -0.0024 0.9093 0.4162
vn 0.0045 -0.1005 0.9949
vn -0.0258 -0.8009 0.5983
vn -0.0009 0.0488 0.9988
vn 0.0168 0.1687 0.9855
vn -0.0122 0.5615 0.8274
vn -0.0040 -0.6177 0.7864
vn -0.0058 -0.3126 0.9499
vn -0.0114 0.0971 0.9952
vn 0.0017 -0.0073 1.0000
vn -0.0043 0.1700 0.9854
vn 0.0119 -0.1736 0.9848
vn 0.0089 0.0509 0.9987
vn -0.0192 -0.9162 0.4003
vn 0.0010 -0.1368 0.9906
vn 0.0161 0.4941 0.8693
vn -0.0112 -0.0449 0.9989
vn -0.0015 -0.0697 0.9976
vn 0.0010 0.0765 0.9971
vn -0.0006 -0.7989 0.6015
vn 0.0201 0.4921 0.8703
vn -0.0165 0.0469 0.9988
vn 0.0016 -0.1466 0.9892
vn 0.0128 -0.0107 0.9999
vn -0.0070 -0.5532 0.8330
vn -0.0090 0.0664 0.9978
vn -0.0108 -0.7145 0.6996
vn 0.0023 -0.1304 0.9915
vn -0.0020 0.7780 0.6283
vn -0.0133 -0.0719 0.9973
vn 0.0084 0.2751 0.9614
vn 0.0005 0.8131 0.5821
vn -0.0175 0.0073 0.9998
vn -0.0125 -0.3292 0.9442
vn -0.0051 0.5169 0.8561
vn -0.0053 -0.0513 0.9987
vn 0.0084 0.0653 0.9978
vn -0.0054 -0.7033 0.7109
vn 0.0038 -0.0680 0.9977
vn 0.0160 0.4741 0.8803
vn 0.0074 -0.0935 0.9956
vn -0.0108 0.0462 0.9989
vn -0.0033 0.0141 0.9999
vn -0.0003 0.0011 1.0000
vn 0.0093 -0.2406 0.9706
vn 0.0128 -0.0704 0.9974
vn -0.0088 0.0634 0.9980
vn -0.0027 0.0109 0.9999
vn -0.0178 0.2994 0.9540
vn -0.0111 0.7295 0.6838
vn 0.0092 -0.1582 0.9874
vn 0.0207 -0.7965 0.6043
vn -0.0489 0.4542 0.8896
vn 0.0155 -0.8813 0.4724
vn -0.0110 0.0190 0.9998
vn -0.0302 -0.8532 0.5207
vn -0.0200 0.7036 0.7103
vn -0.0585 0.5301 0.8459
vn 0.0143 0.0285 0.9995
vn -0.0195 0.1222 0.9923
vn -0.0054 -0.2551 0.9669
vn -0.0035 -0.0506 0.9987
vn -0.0919 -0.7518 0.6529
vn -0.2114 -0.1005 0.9722
vn -0.0079 0.0475 0.9988
vn -0.0854 -0.9005 0.4264
vn -0.2802 0.9042 0.3224
vn -0.0095 -0.1218 0.9925
vn -0.1889 0.0525 0.9806
vn -0.3341 0.2931 0.8958
vn -0.3348 -0.0753 0.9393
vn -0.5475 0.4942 0.6753
vn -0.3232 -0.7634 0.5593
vn -0.4748 -0.3356 0.8136
vn -0.2768 0.0648 0.9587
vn -0.3578 -0.8094 0.4656
vn -0.2410 0.0226 0.9703
vn -0.2838 -0.0799 0.9555
vn -0.2077 0.5426 0.8139
vn -0.3187 0.4013 0.8587
vn -0.0166 -0.0393 0.9991
vn -0.0388 0.3361 0.9410
vn -0.0414 -0.3450 0.9377
vn -0.0267 -0.2365 0.9713
vn -0.0483 0.0134 0.9987
vn 0.0089 -0.4265 0.9045
vn 0.0037 -0.0306 0.9995
vn -0.0371 -0.3712 0.9278
vn -0.0050 0.2044 0.9789
vn -0.0078 0.9357 0.3526
vn -0.0299 0.2898 0.9566
vn -0.0067 0.0876 0.9961
vn -0.0045 -0.0591 0.9982
vn 0.0297 -0.5985 0.8006
vn -0.0278 -0.9741 0.2246
vn -0.0165 -0.9452 0.3260
vn 0.0004 0.0099 1.0000
vn 0.0199 -0.0302 0.9993
vn 0.0008 -0.1585 0.9874
vn 0.0051 0.0554 0.9984
vn 0.0029 0.0655 0.9979
vn -0.0124 0.0513 0.9986
vn 0.0016 -0.0595 0.9982
vn 0.0033 0.7248 0.6890
vn 0.0141 0.3452 0.9384
vn -0.0097 0.9069 0.4212
vn -0.0146 -0.0498 0.9987
vn 0.0237 -0.8865 0.4622
vn -0.0041 -0.4352 0.9003
vn 0.0077 0.0629 0.9980
vn 0.0050 -0.1800 0.9836
vn 0.0061 0.6791 0.7340
vn 0.0054 0.0523 0.9986
vn 0.0296 0.0630 0.9976
vn 0.0116 0.0433 0.9990
vn 0.0122 -0.5395 0.8419
vn -0.0077 0.2613 0.9652
vn 0.0273 -0.2528 0.9671
vn 0.0108 -0.9014 0.4329
vn -0.0094 0.1827 0.9831
vn -0.0075 -0.0653 0.9978
vn 0.0081 -0.0593 0.9982
vn -0.0026 0.1847 0.9828
vn 0.0275 -0.0205 0.9994
vn -0.0121 -0.3925 0.9197
vn 0.0068 -0.8882 0.4593
vn 0.0234 0.3248 0.9455
vn -0.0144 0.9627 0.2701
vn 0.0622 0.8185 0.5711
vn 0.0347 -0.0216 0.9992
vn 0.0507 -0.0185 0.9985
vn 0.0746 0.2219 0.9722
vn 0.0868 0.0531 0.9948
vn 0.1463 -0.3514 0.9247
vn 0.0301 -0.5530 0.8326
vn 0.0942 -0.1440 0.9851
vn 0.0957 0.0625 0.9935
vn 0.0451 -0.1052 0.9934
vn 0.1071 -0.8236 0.5569
vn 0.1005 -0.3096 0.9455
vn 0.0787 0.0468 0.9958
vn 0.1082 0.0997 0.9891
vn -0.0267 0.8852 0.4645
vn 0.1776 0.2471 0.9526
vn 0.5724 -0.0190 0.8197
vn 0.1807 0.0348 0.9829
vn 0.0468 0.0435 0.9980
vn 0.0307 -0.5124 0.8582
vn 0.3841 0.4270 0.8186
vn 0.7299 -0.0944 0.6770
vn 0.6165 -0.4463 0.6486
vn 0.9355 0.0570 0.3486
vn 0.7985 0.1625 0.5797
vn 0.0656 0.9653 0.2528
vn 0.1565 0.8054 0.5717
vn 0.4524 0.0927 0.8870
vn 0.7069 0.0684 0.7040
vn 0.0588 0.2031 0.9774
vn 0.5672 0.0204 0.8233
vn 0.1911 -0.1089 0.9755
vn 0.1978 -0.4456 0.8731
vn 0.0847 -0.9779 0.1912
vn 0.1367 0.8243 0.5494
vn 0.1257 -0.9356 0.3300
vn 0.2924 0.2144 0.9320
vn 0.3674 -0.1367 0.9200
vn 0.3734 0.8632 0.3398
vn 0.5532 0.0999 0.8270
vn 0.5357 0.0080 0.8444
vn 0.7556 0.3910 0.5255
vn 0.6420 -0.3320 0.6911
vn 0.4257 -0.8652 0.2650
vn 0.3122 0.9008 0.3017
vn 0.7074 0.2930 0.6433
vn 0.3734 0.0467 -0.9265
vn -0.6381 -0.0730 -0.7665
vn -0.6135 -0.2899 -0.7346
vn 0.1872 0.0788 -0.9792
vn -0.2233 0.0219 -0.9745
vn 0.3783 0.0153 -0.9256
vn 0.3706 -0.0059 -0.9288
vn 0.0230 0.0402 -0.9989
vn -0.1789 -0.1782 -0.9676
vn -0.6146 -0.6057 -0.5054
vn -0.3134 -0.0530 -0.9481
vn 0.5018 0.1009 -0.8591
vn 0.0454 -0.0986 -0.9941
vn 0.4735 -0.2645 -0.8401
vn -0.3663 -0.1241 -0.9222
vn 0.2822 0.4339 -0.8556
vn 0.0237 0.0081 -0.9997
vn 0.1936 0.1968 -0.9611
vn 0.2509 -0.4429 -0.8607
vn 0.3271 -0.0028 -0.9450
vn 0.1166 -0.0084 -0.9931
vn -0.2927 0.0774 -0.9531
vn 0.3271 -0.0027 -0.9450
vn 0.0304 0.0778 -0.9965
vn 0.0759 -0.0505 -0.9958
vn -0.0045 0.0616 -0.9981
vn 0.4141 -0.0173 -0.9101
vn 0.1337 0.1333 -0.9820
vn 0.1385 0.1389 -0.9806
vn 0.6477 0.4755 -0.5953
vn 0.1578 0.5967 -0.7868
vn 0.0251 0.0444 -0.9987
vn 0.2231 -0.1034 -0.9693
vn 0.1167 -0.0084 -0.9931
vn 0.1865 -0.0561 -0.9809
vn 0.0238 0.0081 -0.9997
vn 0.2231 -0.1033 -0.9693
vn 0.1086 0.1951 -0.9748
vn 0.1386 0.1390 -0.9806
vn 0.0368 -0.0435 -0.9984
vn -0.0683 -0.5048 -0.8605
vn -0.0037 0.1237 -0.9923
vn 0.1143 -0.5461 -0.8299
vn 0.2158 0.3694 -0.9039
vn 0.1145 0.2367 -0.9648
vn 0.2481 -0.4359 -0.8651
vn 0.0392 -0.0235 -0.9990
vn 0.1579 0.5966 -0.7868
vn -0.0026 -0.0376 -0.9993
vn 0.2159 0.3694 -0.9038
vn 0.1266 0.1819 -0.9751
vn 0.0235 0.0946 -0.9952
vn 0.0554 -0.4779 -0.8766
vn 0.0450 -0.1682 -0.9847
vn 0.0507 0.5280 -0.8478
vn 0.0449 -0.1682 -0.9847
vn 0.5136 -0.5160 -0.6855
vn 0.2177 -0.8222 -0.5259
vn 0.0026 0.0547 -0.9985
vn 0.0004 0.2888 -0.9574
vn 0.0171 0.0377 -0.9991
vn 0.0013 -0.0613 -0.9981
vn -0.0198 0.5414 -0.8405
vn 0.0038 0.2710 -0.9626
vn 0.0724 -0.2399 -0.9681
vn 0.0012 0.0902 -0.9959
vn -0.0045 0.1225 -0.9925
vn 0.0091 -0.0058 -0.9999
vn 0.0554 -0.4779 -0.8767
vn -0.1483 0.3551 -0.9230
vn -0.7626 -0.2219 -0.6077
vn -0.0699 -0.0516 -0.9962
vn -0.0108 -0.0801 -0.9967
vn -0.5203 -0.5423 -0.6597
vn -0.0061 0.6082 -0.7938
vn 0.0032 0.1929 -0.9812
vn -0.0898 0.6671 -0.7396
vn -0.0369 -0.7411 -0.6704
vn 0.0090 0.0170 -0.9998
vn 0.0374 -0.3710 -0.9279
vn -0.0180 -0.1430 -0.9896
vn -0.0038 0.0403 -0.9992
vn -0.0037 0.3966 -0.9180
vn -0.0087 0.1145 -0.9934
vn 0.0050 0.1114 -0.9938
vn 0.0025 0.3807 -0.9247
vn -0.0100 -0.0569 -0.9983
vn -0.0210 -0.0777 -0.9968
vn -0.0077 0.0483 -0.9988
vn -0.0175 0.0078 -0.9998
vn -0.0008 0.2941 -0.9558
vn 0.0008 -0.0283 -0.9996
vn 0.0013 0.6104 -0.7921
vn -0.0130 -0.0139 -0.9998
vn -0.0055 -0.5038 -0.8638
vn -0.0311 0.1038 -0.9941
vn -0.0070 -0.1639 -0.9865
vn -0.0134 0.0899 -0.9959
vn 0.0010 0.1621 -0.9868
vn 0.0130 -0.1613 -0.9868
vn 0.0047 -0.7391 -0.6735
vn -0.0023 0.1277 -0.9918
vn -0.0013 0.2778 -0.9606
vn -0.0105 0.0116 -0.9999
vn 0.0147 -0.1770 -0.9841
vn -0.0002 0.6141 -0.7892
vn -0.0011 0.0469 -0.9989
vn 0.0166 -0.0949 -0.9953
vn 0.0114 0.0592 -0.9982
vn -0.0085 -0.3237 -0.9461
vn -0.0088 -0.1368 -0.9906
vn 0.0055 -0.3093 -0.9509
vn -0.0030 -0.0912 -0.9958
vn -0.0000 0.0571 -0.9984
vn 0.0219 0.3857 -0.9224
vn 0.0050 0.1952 -0.9807
vn 0.0052 -0.9633 -0.2684
vn 0.0027 -0.3201 -0.9474
vn 0.0067 -0.0872 -0.9962
vn 0.0216 0.0623 -0.9978
vn -0.0158 0.5771 -0.8165
vn 0.0016 0.0748 -0.9972
vn 0.0157 -0.1517 -0.9883
vn -0.0146 0.0161 -0.9998
vn 0.0076 0.1937 -0.9810
vn 0.0282 0.6993 -0.7143
vn -0.0084 0.4011 -0.9160
vn -0.0030 0.1479 -0.9890
vn -0.0067 -0.1214 -0.9926
vn -0.0088 0.1174 -0.9930
vn 0.0065 -0.4074 -0.9132
vn -0.0090 0.1897 -0.9818
vn 0.0048 0.1519 -0.9884
vn 0.0035 0.0295 -0.9996
vn 0.0052 -0.1375 -0.9905
vn -0.0039 -0.1168 -0.9932
vn 0.0039 -0.0515 -0.9987
vn -0.0029 0.1163 -0.9932
vn 0.0036 -0.3999 -0.9166
vn -0.0132 0.1031 -0.9946
vn -0.0035 0.0116 -0.9999
vn 0.0040 0.0441 -0.9990
vn 0.0053 0.0371 -0.9993
vn 0.0002 0.0370 -0.9993
vn -0.0089 0.3988 -0.9170
vn -0.0162 0.7079 -0.7061
vn -0.0288 -0.0119 -0.9995
vn 0.0131 -0.0367 -0.9992
vn -0.0025 -0.1268 -0.9919
vn -0.0021 0.2051 -0.9787
vn 0.0092 -0.0909 -0.9958
vn 0.0032 0.2831 -0.9591
vn -0.0096 -0.2881 -0.9576
vn 0.0081 -0.9515 -0.3076
vn -0.0143 0.0190 -0.9997
vn -0.0080 0.2802 -0.9599
vn -0.0112 0.5963 -0.8027
vn -0.0060 -0.1920 -0.9814
vn 0.0001 0.1293 -0.9916
vn -0.0038 0.0246 -0.9997
vn 0.0006 0.0335 -0.9994
vn 0.0134 0.1388 -0.9902
vn 0.0038 0.1065 -0.9943
vn 0.0126 0.0207 -0.9997
vn 0.0087 -0.4589 -0.8884
vn 0.0032 0.2075 -0.9782
vn -0.0031 0.5593 -0.8289
vn 0.0008 0.0030 -1.0000
vn -0.0063 0.2595 -0.9657
vn -0.0044 -0.1037 -0.9946
vn -0.0106 -0.0962 -0.9953
vn -0.0044 -0.1822 -0.9833
vn 0.0072 -0.0420 -0.9991
vn -0.0029 0.6872 -0.7265
vn -0.0072 -0.7312 -0.6821
vn -0.0019 0.0492 -0.9988
vn 0.0068 -0.0339 -0.9994
vn -0.0153 -0.1198 -0.9927
vn 0.0165 -0.0159 -0.9997
vn -0.0134 0.2154 -0.9764
vn 0.0044 -0.0393 -0.9992
vn 0.0146 -0.0707 -0.9974
vn 0.0072 0.3658 -0.9307
vn 0.0037 0.0608 -0.9981
vn -0.0085 -0.0348 -0.9994
vn 0.0062 0.1389 -0.9903
vn 0.0021 0.2993 -0.9541
vn 0.0121 -0.1669 -0.9859
vn 0.0028 -0.6453 -0.7639
vn 0.0044 -0.0252 -0.9997
vn 0.0051 0.2217 -0.9751
vn 0.0014 -0.0611 -0.9981
vn -0.0218 0.1042 -0.9943
vn -0.0036 0.0366 -0.9993
vn 0.0013 -0.0938 -0.9956
vn -0.0089 0.0676 -0.9977
vn -0.0070 0.1879 -0.9822
vn -0.0052 0.6792 -0.7339
vn -0.0027 0.3939 -0.9191
vn 0.0055 0.2019 -0.9794
vn -0.0128 0.1165 -0.9931
vn -0.0101 -0.1713 -0.9852
vn -0.0227 -0.1044 -0.9943
vn 0.0020 -0.1087 -0.9941
vn 0.0048 0.0451 -0.9990
vn -0.0019 0.1928 -0.9812
vn -0.0169 0.1849 -0.9826
vn -0.0087 0.0474 -0.9988
vn -0.0060 0.7944 -0.6073
vn -0.0028 0.0734 -0.9973
vn 0.0096 -0.0334 -0.9994
vn -0.0073 0.5941 -0.8043
vn 0.0129 -0.1678 -0.9857
vn 0.0005 0.3185 -0.9479
vn 0.0004 -0.0615 -0.9981
vn 0.0013 -0.7337 -0.6795
vn -0.0046 -0.0585 -0.9983
vn -0.0099 0.2126 -0.9771
vn -0.0225 -0.2740 -0.9615
vn -0.0087 0.1422 -0.9898
vn 0.0201 0.0305 -0.9993
vn 0.0010 0.0029 -1.0000
vn 0.0003 0.6787 -0.7344
vn 0.0373 -0.0833 -0.9958
vn -0.0086 0.1008 -0.9949
vn -0.0025 0.1385 -0.9904
vn -0.0081 0.1320 -0.9912
vn 0.0130 -0.4218 -0.9066
vn -0.0254 -0.1688 -0.9853
vn -0.0091 0.2042 -0.9789
vn -0.0034 0.0588 -0.9983
vn 0.0087 0.0426 -0.9991
vn 0.0050 -0.0897 -0.9960
vn -0.0089 0.1154 -0.9933
vn -0.0032 0.1635 -0.9865
vn 0.0033 -0.1837 -0.9830
vn 0.0191 0.1963 -0.9804
vn -0.0205 -0.0948 -0.9953
vn -0.0025 0.0983 -0.9952
vn 0.0194 0.1737 -0.9846
vn 0.0066 -0.8176 -0.5758
vn -0.0011 0.3382 -0.9411
vn 0.0095 0.6918 -0.7220
vn 0.0089 -0.1365 -0.9906
vn -0.0000 -0.0375 -0.9993
vn 0.0045 -0.3006 -0.9538
vn 0.0054 0.7765 -0.6301
vn 0.0052 -0.3897 -0.9209
vn -0.0103 0.1599 -0.9871
vn -0.0252 0.1748 -0.9843
vn -0.0065 0.0567 -0.9984
vn 0.0128 0.1172 -0.9930
vn -0.0013 0.0426 -0.9991
vn 0.0129 0.1661 -0.9860
vn 0.0045 0.0571 -0.9984
vn 0.0092 0.0932 -0.9956
vn 0.0168 -0.1936 -0.9809
vn -0.0230 0.7069 -0.7069
vn -0.0175 -0.3998 -0.9164
vn 0.0147 0.0377 -0.9992
vn -0.0203 0.3660 -0.9304
vn 0.0005 -0.4529 -0.8916
vn -0.0185 -0.1427 -0.9896
vn -0.0062 0.2014 -0.9795
vn -0.0080 0.1918 -0.9814
vn -0.0047 -0.1563 -0.9877
vn -0.0471 -0.0410 -0.9981
vn -0.0002 0.0602 -0.9982
vn -0.0129 -0.0132 -0.9998
vn 0.0111 -0.1769 -0.9842
vn -0.0100 0.0218 -0.9997
vn 0.0070 0.1213 -0.9926
vn -0.0120 0.5007 -0.8655
vn -0.0037 0.0484 -0.9988
vn -0.0072 -0.3214 -0.9469
vn 0.0142 -0.1600 -0.9870
vn -0.0302 -0.1584 -0.9869
vn -0.0359 0.0541 -0.9979
vn -0.0202 -0.7964 -0.6045
vn -0.0157 -0.0174 -0.9997
vn 0.0177 0.6510 -0.7589
vn -0.0032 0.0899 -0.9959
vn -0.0089 0.0532 -0.9985
vn 0.0009 0.0927 -0.9957
vn 0.0022 -0.0392 -0.9992
vn -0.0074 0.0860 -0.9963
vn -0.0088 0.2287 -0.9735
vn 0.0084 0.1697 -0.9855
vn -0.0048 0.3077 -0.9515
vn -0.0202 -0.5515 -0.8339
vn -0.0028 -0.1403 -0.9901
vn 0.0039 0.0342 -0.9994
vn 0.0095 0.0372 -0.9993
vn -0.2744 0.7178 -0.6399
vn -0.0057 -0.0463 -0.9989
vn -0.3643 -0.4416 -0.8199
vn -0.1467 0.8675 -0.4752
vn -0.4304 0.0351 -0.9020
vn -0.5577 -0.1298 -0.8199
vn -0.5275 0.3463 -0.7758
vn -0.2537 0.0750 -0.9644
vn -0.1160 -0.3939 -0.9118
vn 0.0068 0.1613 -0.9869
vn -0.3279 -0.9142 -0.2384
vn -0.0378 -0.0334 -0.9987
vn -0.0108 0.1142 -0.9934
vn -0.0614 0.8238 -0.5635
vn -0.0293 0.8506 -0.5249
vn -0.0071 -0.1165 -0.9932
vn -0.0093 0.1012 -0.9948
vn 0.0052 0.0269 -0.9996
vn -0.0099 0.0376 -0.9992
vn 0.0072 0.0361 -0.9993
vn 0.0021 -0.1766 -0.9843
vn -0.0103 0.1237 -0.9923
vn -0.0039 0.2998 -0.9540
vn -0.0313 0.1060 -0.9939
vn -0.0302 -0.1386 -0.9899
vn 0.0054 -0.0270 -0.9996
vn -0.0193 -0.6821 -0.7310
vn 0.0005 -0.4449 -0.8956
vn -0.0115 0.0622 -0.9980
vn -0.0116 0.7708 -0.6370
vn 0.0125 -0.0084 -0.9999
vn -0.0122 -0.0658 -0.9978
vn 0.0038 0.1254 -0.9921
vn 0.0270 -0.0067 -0.9996
vn -0.0123 0.1427 -0.9897
vn 0.0323 0.0834 -0.9960
vn -0.0170 0.1639 -0.9863
vn 0.0107 -0.0443 -0.9990
vn 0.0108 0.1033 -0.9946
vn -0.0177 0.0744 -0.9971
vn -0.0027 -0.0345 -0.9994
vn 0.0128 -0.2322 -0.9726
vn -0.0076 -0.0409 -0.9991
vn -0.0054 0.0594 -0.9982
vn 0.0095 0.9037 -0.4281
vn 0.0248 -0.4480 -0.8937
vn 0.0089 0.7439 -0.6682
vn -0.0210 -0.0997 -0.9948
vn -0.0116 0.1251 -0.9921
vn 0.0515 0.1274 -0.9905
vn 0.0334 0.0200 -0.9992
vn 0.0294 0.1009 -0.9945
vn 0.1230 -0.0656 -0.9902
vn -0.0216 -0.3626 -0.9317
vn 0.0942 -0.0078 -0.9955
vn 0.0518 0.0625 -0.9967
vn 0.0283 -0.4160 -0.9089
vn 0.0909 0.1024 -0.9906
vn 0.0930 -0.5080 -0.8563
vn 0.0875 0.7534 -0.6517
vn 0.0125 -0.0325 -0.9994
vn 0.3099 0.0382 -0.9500
vn 0.1988 -0.0679 -0.9777
vn 0.1878 0.1103 -0.9760
vn 0.6124 -0.1013 -0.7840
vn 0.2583 0.1439 -0.9553
vn 0.0059 0.7495 -0.6619
vn 0.8275 0.1396 -0.5438
vn 0.3731 0.1972 -0.9066
vn 0.8197 0.1840 -0.5425
vn 0.7278 -0.2516 -0.6379
vn 0.5691 0.0400 -0.8213
vn 0.9432 -0.1843 -0.2766
vn 0.9375 0.2480 -0.2441
vn 0.6208 -0.0291 -0.7835
vn 0.9300 0.2072 -0.3037
vn 0.0213 0.1422 -0.9896
vn 0.3358 0.8750 -0.3487
vn 0.9316 0.2236 -0.2866
vn 0.9493 -0.0166 -0.3138
vn 0.8842 -0.0113 -0.4670
vn 0.3681 0.4566 -0.8100
vn 0.2263 -0.2367 -0.9449
vn 0.1280 -0.8295 -0.5437
vn 0.2625 0.0545 -0.9634
vn 0.6081 -0.5616 -0.5612
vn 0.9148 0.1787 -0.3622
vn 0.6710 -0.0942 -0.7354
vn 0.5694 0.6567 -0.4944
vn -0.1896 -0.0250 -0.9815
vn 0.7518 -0.0117 -0.6593
vn 0.3735 0.0467 -0.9265
vn 0.7737 0.1502 -0.6155
vn 0.1618 -0.0710 -0.9843
vn 0.6523 -0.1949 -0.7325
vn 0.8984 -0.2065 -0.3877
vn 0.3782 0.0154 -0.9256
vn 0.3705 -0.0059 -0.9288
vn 0.7553 -0.4735 -0.4532
vn 0.6478 0.4755 -0.5953
vn 0.8735 0.3649 -0.3221
vn 0.2509 -0.4429 -0.8608
vn 0.1935 0.1968 -0.9611
vn 0.2894 -0.4965 -0.8184
vn 0.1578 0.5966 -0.7869
vn 0.9193 0.0365 0.3918
vn 0.9289 0.2719 0.2516
vn 0.9231 -0.0787 0.3763
vn 0.1255 -0.0180 0.9919
vn 0.8685 -0.3307 0.3692
vn 0.6513 -0.1597 0.7418
vn 0.6645 0.3183 0.6761
vn 0.6033 0.2627 0.7530
vn 0.8124 0.5402 0.2196
vn 0.6302 -0.6138 0.4754
vn 0.0351 -0.0990 0.9945
vn 0.5411 0.7303 0.4169
vn 0.1633 0.2265 0.9602
vn 0.3076 0.9221 0.2348
vn -0.6065 -0.7890 -0.0977
vn -0.4025 -0.9061 -0.1302
vn -0.6886 -0.7248 -0.0225
vn -0.6535 -0.7145 0.2497
vn -0.2122 -0.4580 0.8633
vn -0.5428 -0.4324 0.7200
vn -0.7092 -0.7031 0.0512
vn -0.3653 -0.8884 0.2781
vn -0.5160 -0.8548 0.0559
vn -0.4910 -0.8699 -0.0474
vn -0.3280 -0.8025 -0.4985
vn -0.0717 -0.9665 -0.2466
vn -0.2794 -0.9602 -0.0040
vn -0.5551 -0.8317 -0.0131
vn -0.5807 -0.8141 0.0049
vn -0.2787 -0.8019 -0.5284
vn -0.0684 -0.5048 -0.8605
vn -0.6627 -0.7488 -0.0039
vn -0.6882 -0.7178 -0.1059
vn -0.4546 -0.8898 -0.0406
vn -0.7021 -0.7121 -0.0020
vn -0.4797 -0.8774 -0.0008
vn -0.4689 -0.8833 0.0025
vn -0.6282 -0.5746 0.5246
vn -0.3405 -0.9068 0.2484
vn -0.4444 -0.8569 0.2612
vn -0.4227 -0.8392 -0.3421
vn -0.5161 -0.8549 0.0533
vn -0.2319 -0.9726 0.0136
vn -0.4939 -0.8695 -0.0045
vn -0.1390 -0.9693 -0.2028
vn -0.6326 -0.7745 0.0085
vn -0.4760 -0.8789 0.0296
vn -0.5976 -0.7764 -0.2003
vn -0.1611 -0.9869 -0.0056
vn -0.5847 -0.7085 -0.3950
vn -0.6646 -0.7378 0.1179
vn -0.4891 -0.6992 0.5214
vn -0.3180 -0.9420 0.1072
vn -0.1357 -0.9907 0.0023
vn -0.3157 -0.9467 -0.0634
vn -0.0145 -0.9664 -0.2565
vn -0.5226 -0.8526 -0.0037
vn -0.4760 -0.8627 0.1709
vn -0.1867 -0.9274 0.3240
vn -0.2042 -0.9570 0.2062
vn -0.5224 -0.8527 -0.0028
vn -0.0734 -0.9973 -0.0084
vn -0.2650 -0.9616 0.0720
vn -0.5896 -0.8070 0.0328
vn -0.1888 -0.9427 -0.2752
vn -0.0378 -0.9989 -0.0265
vn -0.0202 -0.9834 0.1804
vn -0.3637 -0.9305 -0.0439
vn 0.0507 -0.9706 0.2353
vn -0.2356 -0.9708 0.0445
vn 0.0112 -0.8735 -0.4866
vn -0.0271 -0.9600 0.2787
vn 0.0966 -0.8397 -0.5344
vn 0.0034 -0.7288 0.6847
vn 0.0289 -0.9944 -0.1018
vn -0.0869 -0.9729 -0.2143
vn -0.0911 -0.9958 -0.0103
vn -0.0337 -0.9994 0.0020
vn -0.0108 -0.9153 0.4027
vn 0.1996 -0.9722 -0.1224
vn 0.3919 -0.9199 -0.0118
vn 0.1142 -0.9934 -0.0049
vn 0.1904 -0.9799 0.0601
vn 0.1972 -0.9728 0.1212
vn 0.3328 -0.9428 -0.0182
vn 0.1812 -0.9750 0.1286
vn 0.2271 -0.8639 0.4496
vn 0.4790 -0.8693 -0.1221
vn 0.0909 -0.9624 0.2561
vn 0.1381 -0.9587 -0.2486
vn 0.4163 -0.9092 0.0043
vn 0.3161 -0.9456 -0.0769
vn 0.4020 -0.9152 -0.0272
vn 0.1731 -0.9848 0.0118
vn 0.2376 -0.9692 -0.0654
vn 0.3510 -0.9364 0.0017
vn 0.4705 -0.8649 0.1746
vn 0.1594 -0.9218 0.3533
vn 0.3275 -0.9030 -0.2782
vn 0.4716 -0.7918 0.3880
vn 0.5011 -0.7992 0.3318
vn 0.4183 -0.9078 0.0285
vn 0.3464 -0.9321 -0.1059
vn 0.4544 -0.7525 -0.4768
vn 0.5616 -0.8254 -0.0570
vn -0.2972 0.9546 0.0184
vn -0.6544 0.7555 0.0303
vn -0.3962 0.8941 0.2087
vn -0.5139 0.8541 0.0804
vn -0.2747 0.9339 -0.2286
vn -0.6396 0.7685 -0.0178
vn -0.0482 0.7050 0.7075
vn -0.0452 0.9812 0.1875
vn -0.2952 0.8992 0.3230
vn -0.3854 0.9215 0.0479
vn -0.5139 0.8541 0.0805
vn 0.0029 0.8464 -0.5326
vn -0.5559 0.8303 0.0403
vn -0.0350 0.4944 0.8685
vn -0.2066 0.9779 0.0315
vn -0.1404 0.7399 0.6579
vn 0.1600 0.8337 -0.5286
vn -0.5310 0.8048 -0.2653
vn -0.5301 0.7218 0.4449
vn -0.0403 0.9907 -0.1303
vn -0.2555 0.7944 0.5510
vn 0.1721 0.8896 0.4231
vn 0.1130 0.8821 0.4574
vn -0.0798 0.9959 0.0429
vn 0.1019 0.9945 0.0238
vn 0.2349 0.9720 0.0013
vn 0.0697 0.9500 -0.3044
vn 0.1744 0.9474 0.2685
vn 0.4030 0.6390 0.6552
vn 0.2663 0.8301 0.4899
vn 0.2375 0.9539 -0.1833
vn 0.5825 0.8124 0.0261
vn 0.3254 0.9205 0.2164
vn 0.3269 0.4782 0.8151
vn 0.4460 0.8829 -0.1469
vn 0.4732 0.8805 0.0281
vn 0.5668 0.7454 0.3508
vn 0.5502 0.8336 0.0490
vn 0.5532 0.8330 -0.0015
vn 0.5932 0.8050 0.0045
vn 0.3160 0.9371 0.1482
vn 0.0645 0.9976 0.0241
vn 0.1253 0.8337 0.5377
vn 0.4713 0.8809 0.0446
vn 0.7247 0.6864 -0.0605
vn -0.3918 0.9076 0.1508
vn -0.0896 0.9956 0.0284
vn -0.7221 0.6917 -0.0136
vn -0.6935 0.7198 0.0305
vn 0.2095 0.8954 -0.3930
vn -0.1089 0.9940 0.0121
vn -0.1541 0.9870 -0.0448
vn -0.4980 0.8672 0.0015
vn -0.8458 0.5160 0.1355
vn -0.5448 0.8383 -0.0226
vn -0.6916 0.7220 -0.0187
vn 0.2000 0.9109 -0.3609
vn -0.0613 0.9969 -0.0502
vn 0.1772 0.9804 -0.0865
vn -0.2969 0.8568 -0.4216
vn -0.2675 0.9484 0.1700
vn -0.1869 0.9824 -0.0024
vn -0.1378 0.9905 -0.0028
vn -0.0866 0.9962 -0.0050
vn 0.0987 0.9930 -0.0651
vn 0.3632 0.9295 0.0642
vn -0.3234 0.9462 -0.0133
vn -0.2773 0.9602 0.0338
vn -0.2330 0.9725 -0.0011
vn -0.1931 0.7355 0.6494
vn -0.2433 0.9696 -0.0272
vn -0.2666 0.9636 0.0188
vn -0.4056 0.9139 -0.0178
vn -0.0971 0.9948 0.0299
vn -0.3140 0.9494 -0.0053
vn -0.0384 0.9993 0.0046
vn -0.4842 0.8750 0.0018
vn -0.3048 0.9524 0.0057
vn -0.0052 1.0000 -0.0013
vn -0.0011 1.0000 -0.0067
vn -0.1284 0.9917 -0.0077
vn -0.0331 0.9994 0.0044
vn -0.3962 0.9182 0.0025
vn -0.0095 1.0000 -0.0028
vn -0.1377 0.9905 -0.0029
vn -0.0093 0.9999 -0.0062
vn -0.1596 0.9869 -0.0226
vn -0.0244 0.9997 -0.0048
vn 0.0042 1.0000 -0.0059
vn -0.0150 0.9998 0.0105
vn -0.3992 0.9166 0.0225
vn -0.0302 0.9995 0.0068
vn -0.0369 0.9993 0.0094
vn -0.0081 1.0000 0.0009
vn -0.0032 0.9866 0.1634
vn 0.0015 1.0000 -0.0072
vn -0.0040 1.0000 0.0017
vn -0.0402 0.9992 0.0030
vn -0.0607 0.9785 -0.1971
vn -0.0326 0.3611 0.9319
vn 0.0056 1.0000 0.0016
vn 0.0134 0.9999 0.0031
vn -0.0049 0.9998 -0.0184
vn 0.0016 1.0000 -0.0080
vn 0.0108 0.9999 0.0045
vn 0.0069 1.0000 -0.0034
vn 0.0003 1.0000 0.0075
vn 0.0040 1.0000 -0.0029
vn 0.0083 1.0000 0.0017
vn 0.0071 1.0000 -0.0040
vn 0.0088 1.0000 0.0042
vn 0.0113 0.9999 0.0064
vn 0.0099 0.9999 -0.0049
vn 0.0051 1.0000 -0.0000
vn -0.0015 1.0000 0.0086
vn 0.0073 1.0000 -0.0068
vn 0.0074 1.0000 0.0034
vn 0.0113 0.9999 0.0078
vn 0.0003 1.0000 0.0070
vn 0.0058 1.0000 0.0054
vn -0.0020 1.0000 0.0005
vn 0.0021 1.0000 -0.0041
vn 0.0051 1.0000 0.0015
vn -0.0028 0.9978 -0.0661
vn 0.0049 1.0000 0.0069
vn 0.0020 1.0000 0.0073
vn -0.0008 1.0000 0.0081
vn -0.0018 1.0000 0.0090
vn -0.0010 1.0000 -0.0091
vn 0.0023 1.0000 -0.0034
vn -0.0005 1.0000 -0.0068
vn 0.0034 1.0000 -0.0003
vn 0.0025 1.0000 -0.0026
vn 0.0039 1.0000 0.0046
vn 0.0032 1.0000 0.0049
vn 0.0011 1.0000 0.0089
vn -0.0010 0.9999 -0.0135
vn 0.0026 1.0000 -0.0046
vn -0.0024 0.9999 -0.0106
vn -0.0005 1.0000 0.0096
vn -0.0001 1.0000 -0.0053
vn 0.0033 1.0000 -0.0003
vn 0.0051 1.0000 0.0053
vn -0.0014 1.0000 -0.0097
vn 0.0038 1.0000 0.0070
vn 0.0041 1.0000 -0.0040
vn -0.0116 0.9998 0.0185
vn -0.0000 1.0000 -0.0072
vn 0.0048 1.0000 0.0087
vn 0.0049 1.0000 -0.0024
vn 0.0025 1.0000 0.0040
vn 0.0012 0.9999 0.0130
vn -0.0027 0.9999 -0.0116
vn 0.0037 1.0000 0.0085
vn -0.0142 0.8207 0.5712
vn 0.0029 1.0000 -0.0069
vn 0.0055 1.0000 -0.0059
vn 0.0034 1.0000 0.0020
vn 0.0051 1.0000 0.0044
vn 0.0050 1.0000 0.0036
vn 0.0014 0.9999 -0.0099
vn -0.0045 1.0000 -0.0025
vn -0.0051 0.9998 -0.0168
vn -0.0011 0.9999 -0.0111
vn 0.0046 1.0000 0.0002
vn -0.0007 0.9999 -0.0104
vn 0.0054 1.0000 -0.0010
vn -0.0107 0.9958 0.0911
vn -0.0105 0.9995 -0.0288
vn 0.0059 0.9999 0.0121
vn 0.0057 1.0000 0.0075
vn 0.0051 0.9997 0.0223
vn 0.0045 1.0000 0.0076
vn -0.0083 0.8499 -0.5269
vn 0.0044 1.0000 0.0069
vn 0.0053 1.0000 -0.0033
vn 0.0008 0.9999 -0.0117
vn 0.0039 1.0000 -0.0020
vn 0.0047 0.9999 -0.0091
vn 0.0012 0.9999 -0.0115
vn 0.0046 1.0000 0.0038
vn 0.0050 1.0000 0.0022
vn 0.0050 0.9999 0.0095
vn -0.0065 0.9997 -0.0242
vn 0.0024 0.9999 -0.0112
vn 0.0046 1.0000 -0.0007
vn 0.0041 0.9998 0.0185
vn 0.0038 1.0000 -0.0038
vn -0.0026 0.9998 -0.0212
vn 0.0042 1.0000 -0.0074
vn -0.0021 0.9971 0.0761
vn 0.0014 1.0000 0.0078
vn 0.0045 1.0000 0.0007
vn 0.0011 0.9999 -0.0122
vn 0.0046 1.0000 0.0068
vn -0.0000 0.9999 -0.0132
vn 0.0029 1.0000 0.0054
vn 0.0031 1.0000 0.0092
vn 0.0031 0.9999 -0.0099
vn -0.0041 0.9998 -0.0211
vn 0.0029 1.0000 0.0036
vn 0.0033 1.0000 0.0074
vn -0.0105 0.8981 -0.4398
vn 0.0020 1.0000 -0.0033
vn 0.0031 1.0000 0.0026
vn 0.0020 1.0000 -0.0019
vn 0.0027 1.0000 0.0062
vn 0.0019 1.0000 0.0002
vn 0.0014 1.0000 -0.0062
vn 0.0018 0.9998 0.0190
vn 0.0017 0.9999 -0.0109
vn 0.0005 1.0000 -0.0029
vn -0.0055 0.9994 -0.0336
vn 0.0016 0.9999 -0.0123
vn 0.0003 1.0000 0.0076
vn 0.0012 1.0000 0.0074
vn -0.0009 0.9997 0.0257
vn 0.0004 1.0000 0.0026
vn 0.0011 1.0000 0.0040
vn 0.0028 0.9999 -0.0128
vn 0.0007 1.0000 -0.0081
vn 0.0028 0.9997 -0.0224
vn -0.0001 1.0000 0.0100
vn 0.0002 1.0000 -0.0037
vn 0.0005 0.9999 0.0158
vn -0.0029 0.9091 0.4165
vn 0.0044 0.9999 -0.0102
vn -0.0066 0.9995 0.0307
vn -0.0001 1.0000 -0.0016
vn 0.0024 0.9998 -0.0180
vn -0.0003 1.0000 0.0082
vn -0.0002 1.0000 0.0072
vn -0.0006 1.0000 0.0013
vn -0.0065 0.9969 -0.0784
vn -0.0017 1.0000 0.0082
vn -0.0014 1.0000 -0.0051
vn 0.0066 0.9997 -0.0248
vn -0.0017 1.0000 -0.0031
vn -0.0017 1.0000 -0.0028
vn -0.0023 1.0000 0.0022
vn 0.0012 0.9998 0.0222
vn -0.0019 1.0000 0.0049
vn -0.0015 1.0000 0.0079
vn -0.0002 1.0000 -0.0081
vn 0.0017 0.9999 -0.0171
vn -0.0030 1.0000 -0.0001
vn -0.0009 1.0000 0.0074
vn -0.0003 0.9997 0.0247
vn -0.0023 1.0000 0.0033
vn 0.0027 0.9999 -0.0099
vn -0.0045 0.9963 0.0853
vn 0.0036 0.9980 -0.0639
vn 0.0042 0.9999 -0.0101
vn 0.0008 0.9994 -0.0351
vn -0.0017 1.0000 0.0077
vn -0.0032 1.0000 0.0057
vn 0.0202 0.4921 0.8703
vn -0.0015 1.0000 0.0098
vn -0.0008 0.8978 -0.4403
vn -0.0042 1.0000 0.0023
vn -0.0001 1.0000 -0.0082
vn -0.0050 1.0000 -0.0031
vn -0.0040 1.0000 -0.0015
vn -0.0017 1.0000 0.0079
vn -0.0034 1.0000 -0.0040
vn -0.0049 1.0000 0.0008
vn -0.0126 0.9992 -0.0392
vn -0.0046 1.0000 0.0041
vn -0.0035 1.0000 0.0068
vn -0.0049 0.9996 0.0292
vn 0.0010 1.0000 -0.0096
vn -0.0059 1.0000 -0.0011
vn 0.0002 0.9999 -0.0103
vn -0.0020 1.0000 -0.0051
vn -0.0052 0.5168 0.8561
vn -0.0034 1.0000 0.0089
vn -0.0071 0.9996 -0.0287
vn -0.0107 0.9997 0.0221
vn -0.0064 1.0000 -0.0014
vn -0.0048 1.0000 0.0056
vn -0.0051 0.9994 0.0347
vn -0.0045 1.0000 -0.0028
vn -0.0104 0.9997 -0.0223
vn -0.0024 1.0000 -0.0091
vn -0.0059 1.0000 -0.0024
vn -0.0100 0.9998 0.0190
vn -0.0067 1.0000 0.0022
vn -0.0206 0.9996 -0.0209
vn -0.0068 0.9999 0.0092
vn -0.0035 1.0000 -0.0063
vn -0.0040 1.0000 0.0076
vn -0.0028 0.9999 -0.0096
vn -0.0161 0.9730 0.2300
vn -0.0067 1.0000 0.0009
vn -0.0059 1.0000 0.0044
vn -0.0074 1.0000 0.0035
vn -0.0076 1.0000 -0.0024
vn -0.0039 1.0000 0.0070
vn -0.0390 0.9980 0.0497
vn -0.0488 0.4542 0.8896
vn -0.0092 0.9999 0.0097
vn -0.1237 0.9861 -0.1113
vn -0.0051 1.0000 -0.0085
vn -0.0603 0.9981 0.0157
vn -0.0083 1.0000 -0.0006
vn -0.0079 1.0000 0.0013
vn -0.2241 0.9724 0.0648
vn -0.0080 1.0000 0.0030
vn -0.0059 1.0000 -0.0016
vn -0.0058 0.9999 -0.0109
vn -0.4711 0.8814 0.0353
vn -0.3157 0.9230 0.2200
vn -0.0069 1.0000 -0.0046
vn -0.0082 1.0000 0.0033
vn -0.4513 0.8877 -0.0919
vn -0.3186 0.4013 0.8587
vn -0.3661 0.9073 0.2066
vn -0.1951 0.9791 -0.0581
vn -0.0103 0.9999 0.0133
vn -0.6315 0.7512 0.1922
vn -0.0071 1.0000 0.0059
vn -0.0767 0.9968 -0.0229
vn -0.0119 0.9910 -0.1335
vn -0.0469 0.9699 0.2389
vn -0.0341 0.9978 0.0568
vn -0.3484 0.9035 0.2497
vn -0.3031 0.8959 0.3247
vn -0.1194 0.9757 -0.1838
vn -0.0181 0.9996 -0.0229
vn -0.0084 1.0000 0.0019
vn -0.2635 0.9182 -0.2959
vn 0.0286 0.9992 -0.0285
vn 0.0007 0.9991 0.0420
vn -0.0124 0.9998 -0.0123
vn -0.0124 0.9999 0.0001
vn -0.0089 1.0000 -0.0009
vn -0.0103 0.9999 -0.0102
vn -0.0103 0.9999 0.0039
vn 0.0222 0.9874 -0.1568
vn -0.0093 1.0000 0.0022
vn -0.0082 1.0000 -0.0009
vn -0.1870 0.9350 0.3014
vn -0.0104 0.9999 0.0001
vn -0.2780 0.8222 0.4966
vn -0.0105 0.9999 -0.0071
vn -0.0107 0.9999 -0.0033
vn -0.0131 0.9999 0.0052
vn 0.0084 1.0000 0.0051
vn -0.0225 0.9996 0.0147
vn -0.2442 0.9099 0.3354
vn -0.1955 0.9548 -0.2241
vn 0.0137 0.9997 -0.0205
vn -0.0190 0.9998 0.0042
vn -0.0331 0.9992 0.0241
vn -0.0176 0.9998 -0.0000
vn -0.2823 0.8969 0.3405
vn 0.0041 0.9998 0.0196
vn -0.2458 0.9410 -0.2327
vn 0.0069 0.9956 -0.0931
vn 0.0141 0.9653 0.2607
vn 0.0021 1.0000 -0.0004
vn 0.0141 0.3453 0.9384
vn -0.0286 0.9996 0.0006
vn -0.0157 0.9998 -0.0092
vn -0.0387 0.9988 -0.0284
vn -0.0336 0.9993 0.0186
vn -0.0306 0.9995 0.0032
vn -0.0234 0.9997 -0.0052
vn -0.2288 0.9630 0.1426
vn 0.0105 0.9999 -0.0119
vn -0.0291 0.9996 0.0053
vn 0.0130 0.9998 -0.0132
vn -0.4524 0.8354 0.3122
vn -0.0225 0.9997 0.0032
vn -0.0281 0.9996 -0.0085
vn -0.0245 0.9997 -0.0019
vn -0.4431 0.8581 0.2595
vn -0.2031 0.9637 -0.1731
vn -0.0366 0.9993 -0.0041
vn -0.0309 0.9995 -0.0009
vn 0.0422 0.9977 0.0524
vn -0.2449 0.9323 0.2661
vn 0.0656 0.9653 0.2529
vn -0.0209 0.9998 -0.0004
vn -0.0290 0.9996 0.0033
vn -0.1594 0.9596 0.2320
vn -0.2133 0.9329 -0.2901
vn -0.1137 0.9854 -0.1266
vn -0.0310 0.9995 -0.0004
vn -0.0077 1.0000 0.0009
vn -0.0380 0.9982 0.0473
vn 0.0268 0.9994 -0.0198
vn 0.0292 0.9996 0.0065
vn 0.0265 0.9996 -0.0104
vn 0.0381 0.9915 -0.1245
vn -0.0367 0.9986 -0.0380
vn -0.0178 0.9998 0.0086
vn 0.0179 0.9998 -0.0132
vn -0.0199 0.9998 0.0067
vn 0.0517 0.9986 -0.0084
vn -0.0341 0.9860 0.1634
vn 0.0672 0.9974 -0.0245
vn -0.0120 0.9999 -0.0027
vn -0.0139 0.9999 -0.0013
vn 0.1565 0.8053 0.5718
vn -0.0356 0.9397 0.3401
vn 0.0648 0.9958 0.0654
vn 0.0203 0.9998 -0.0039
vn 0.1010 0.9948 0.0083
vn 0.0428 0.9991 0.0023
vn 0.0308 0.9995 0.0083
vn 0.1789 0.9834 0.0314
vn 0.0489 0.9988 0.0010
vn 0.1600 0.9868 -0.0254
vn 0.0460 0.9989 0.0059
vn -0.1457 0.8549 -0.4979
vn 0.0679 0.9976 -0.0108
vn 0.3926 0.9197 0.0010
vn 0.1030 0.9445 0.3121
vn 0.1872 0.9656 -0.1803
vn 0.0402 0.9687 -0.2449
vn 0.3665 0.9304 -0.0096
vn 0.3578 0.9338 0.0007
vn 0.4592 0.8883 -0.0003
vn 0.4574 0.4295 -0.7787
vn 0.6427 0.7661 -0.0065
vn 0.8021 0.5473 -0.2390
vn 0.2573 0.9663 -0.0024
vn 0.6727 0.7399 -0.0037
vn 0.3590 0.9332 -0.0136
vn 0.3486 0.9369 -0.0278
vn 0.3121 0.9008 0.3017
vn 0.4411 0.8206 0.3635
vn 0.3587 0.8419 -0.4032
vn 0.6965 0.7159 0.0486
vn 0.6625 0.7491 -0.0055
vn 0.5777 0.8162 -0.0028
vn 0.6894 0.7243 -0.0129
vn 0.3844 0.9231 0.0144
vn 0.5738 0.8190 -0.0004
vn 0.4634 0.8834 0.0702
vn 0.9011 0.4284 -0.0672
vn 0.9293 0.2805 -0.2401
vn 0.6276 0.7773 -0.0437
vn 0.8637 0.5041 0.0012
vn 0.7570 0.6534 0.0016
vn 0.9578 0.2875 0.0017
vn 0.8786 0.4726 0.0689
vn -0.4635 0.8555 -0.2308
vn -0.3596 0.9241 -0.1289
vn -0.0052 0.8452 -0.5344
vn -0.3261 0.4935 -0.8063
vn -0.0563 0.8406 0.5387
vn -0.4728 0.8536 0.2189
vn -0.3063 0.4191 0.8547
vn -0.3990 0.7949 0.4570
vn -0.3043 0.9494 0.0776
vn -0.2653 0.8551 -0.4454
vn -0.5596 0.8269 -0.0564
vn -0.0382 0.9575 -0.2860
vn -0.4533 0.7598 -0.4660
vn -0.0760 0.7521 -0.6546
vn -0.5352 0.8442 -0.0293
vn -0.2920 0.7153 -0.6349
vn -0.0439 0.9475 0.3166
vn -0.4587 0.8394 0.2914
vn -0.0567 0.9978 -0.0331
vn -0.4173 0.9082 -0.0316
vn -0.4538 0.7981 -0.3964
vn -0.3144 0.9465 -0.0724
vn -0.4748 0.8801 0.0088
vn -0.1687 0.9852 0.0289
vn -0.5397 0.8418 0.0086
vn -0.1061 0.9941 -0.0218
vn 0.1526 0.9882 0.0111
vn -0.3106 0.9504 0.0181
vn -0.0262 0.9995 -0.0162
vn -0.4815 0.8764 0.0021
vn -0.2914 0.9566 -0.0084
vn -0.3516 0.9361 0.0016
vn 0.0876 0.8865 0.4543
vn 0.2383 0.9706 -0.0336
vn 0.1372 0.9904 0.0170
vn 0.1133 0.9935 0.0089
vn 0.2538 0.8155 -0.5201
vn 0.3250 0.9457 -0.0044
vn 0.2230 0.9394 -0.2603
vn 0.0109 0.7361 -0.6768
vn -0.4678 0.8805 -0.0773
vn 0.4009 0.9153 -0.0395
vn 0.3694 0.8869 -0.2772
vn -0.0312 0.8979 0.4392
vn 0.1013 0.9949 -0.0035
vn 0.3020 0.8335 0.4627
vn 0.4851 0.8621 0.1462
vn 0.3336 0.9427 -0.0055
vn 0.3927 0.4038 -0.8262
vn 0.5094 0.8604 0.0165
vn 0.4849 0.8743 0.0198
vn 0.4947 0.8689 0.0137
vn 0.5039 0.8637 -0.0002
vn 0.4730 0.8806 -0.0266
vn 0.4953 0.8679 0.0387
vn 0.4182 0.8262 -0.3776
vn 0.4381 0.8974 -0.0520
vn 0.4949 0.8689 0.0085
vn 0.2782 0.7451 -0.6062
vn 0.1495 0.9888 0.0012
vn 0.2001 0.9109 -0.3608
vn 0.2599 0.7343 0.6271
vn 0.6342 0.7722 -0.0393
vn 0.3447 0.9386 0.0137
vn -0.1090 0.9940 0.0121
vn 0.2264 0.9740 -0.0007
vn 0.1788 0.9835 -0.0275
vn -0.2216 0.9751 -0.0040
vn -0.1542 0.9870 -0.0447
vn 0.0171 0.9998 0.0029
vn 0.1773 0.9804 -0.0865
vn -0.2781 0.9605 0.0078
vn -0.5458 0.8379 -0.0049
vn -0.4109 0.9031 0.1244
vn -0.4863 0.4297 -0.7608
vn -0.3999 0.8781 0.2628
vn 0.3272 -0.0027 -0.9450
vn 0.4141 -0.0172 -0.9101
vn 0.0760 -0.0506 -0.9958
vn 0.1338 0.1333 -0.9820
vn 0.0252 0.0444 -0.9987
vn 0.3188 0.0387 0.9470
vn 0.4148 0.0018 0.9099
vn 0.5210 -0.1166 0.8456
vn 0.3479 -0.3012 0.8878
vn 0.1223 -0.1409 0.9824
vn 0.0765 0.2160 0.9734
vn 0.1257 0.2613 0.9570
vn -0.2747 0.9340 -0.2286
vn -0.5301 0.7218 0.4450
vn -0.1404 0.7398 0.6580
vn 0.3028 -0.8538 0.4235
vn 0.6306 -0.4565 0.6277
vn 0.0319 -0.7225 0.6906
vn -0.0157 -0.8029 0.5959
vn 0.2309 -0.9236 0.3059
vn 0.0391 -0.8920 0.4504
vn -0.0193 -0.7536 -0.6570
vn -0.0804 -0.4204 -0.9038
vn -0.0821 -0.4931 0.8661
vn 0.0375 -0.3710 -0.9279
vn 0.0553 -0.4779 -0.8767
vn -0.0257 -0.6287 -0.7773
vn -0.0030 -0.7948 -0.6068
vn -0.0101 -0.5210 -0.8535
vn -0.0091 -0.9809 0.1945
vn 0.0011 -0.9020 0.4317
vn -0.0042 -0.7887 -0.6148
vn -0.0012 -0.9710 0.2392
vn -0.0050 -0.8144 -0.5803
vn 0.0065 -0.8039 -0.5948
vn -0.0047 -0.4589 -0.8885
vn 0.0078 -0.8459 0.5333
vn -0.0044 -0.8818 0.4715
vn -0.0076 -0.7476 -0.6641
vn -0.0164 -0.9404 0.3396
vn 0.0036 -0.3999 -0.9165
vn 0.0057 -0.8352 -0.5499
vn -0.0108 -0.9594 0.2818
vn -0.0046 -0.5424 -0.8401
vn 0.0016 -0.8232 -0.5677
vn -0.0082 -0.6874 0.7263
vn 0.0080 -0.8390 -0.5441
vn 0.0028 -0.6454 -0.7639
vn 0.0053 -0.8719 0.4897
vn -0.0014 -0.8551 -0.5184
vn 0.0124 -0.9773 0.2113
vn 0.0014 -0.8391 -0.5440
vn 0.0055 -0.8362 0.5484
vn -0.0040 -0.6176 0.7864
vn 0.0188 -0.4940 -0.8692
vn -0.0054 -0.8270 -0.5622
vn -0.0271 -0.9548 0.2960
vn -0.0071 -0.5532 0.8330
vn 0.0089 -0.4073 -0.9132
vn -0.0108 -0.7145 0.6995
vn -0.0176 -0.3998 -0.9164
vn -0.0037 -0.9439 0.3303
vn -0.0170 -0.8444 -0.5354
vn -0.0181 -0.6920 -0.7217
vn -0.0126 -0.3292 0.9442
vn -0.0265 -0.8443 -0.5353
vn -0.0303 -0.8532 0.5207
vn -0.1088 -0.9802 0.1657
vn -0.0202 -0.5514 -0.8340
vn -0.0855 -0.9005 0.4263
vn -0.2689 -0.4502 -0.8515
vn -0.2307 -0.8949 -0.3819
vn -0.3577 -0.8095 0.4656
vn -0.0872 -0.9946 0.0569
vn -0.0372 -0.9533 -0.2997
vn -0.0278 -0.9741 0.2245
vn -0.0111 -0.6809 -0.7323
vn -0.0192 -0.6821 -0.7310
vn 0.0098 -0.9907 0.1361
vn 0.0171 -0.9428 -0.3331
vn 0.0133 -0.9486 -0.3163
vn -0.0263 -0.8716 -0.4895
vn 0.0068 -0.8883 0.4593
vn -0.0040 -0.4353 0.9003
vn 0.0208 -0.9913 0.1297
vn 0.0056 -0.9458 -0.3247
vn -0.0216 -0.3627 -0.9317
vn -0.0046 -0.9490 -0.3153
vn 0.0206 -0.4911 -0.8709
vn 0.0158 -0.9817 0.1897
vn 0.0300 -0.5531 0.8326
vn 0.1071 -0.8237 0.5569
vn 0.0896 -0.9414 -0.3251
vn 0.1442 -0.9859 0.0852
vn 0.0586 -0.7606 -0.6465
vn 0.9432 -0.1842 -0.2767
vn 0.6166 -0.4463 0.6485
vn 0.4630 -0.8863 -0.0059
vn 0.9989 -0.0465 -0.0079
vn 0.9765 -0.2125 -0.0347
vn 0.3292 -0.9433 -0.0426
vn 0.0334 -0.9981 0.0517
vn 0.6770 -0.7357 0.0208
vn 0.2390 -0.9704 0.0351
vn 0.8162 -0.5775 -0.0184
vn 0.0641 -0.9975 -0.0297
vn 0.3826 -0.9224 0.0534
vn 0.0873 -0.9960 0.0187
vn 0.8803 -0.4744 -0.0041
vn 0.9569 -0.2904 -0.0016
vn 0.1800 -0.9836 -0.0138
vn 0.2352 -0.9706 0.0518
vn 0.5500 -0.8346 -0.0304
vn 0.0887 -0.9959 0.0184
vn 0.0899 -0.9957 0.0210
vn 0.3367 -0.9413 0.0266
vn 0.2848 -0.9586 0.0024
vn 0.3758 -0.9265 -0.0180
vn 0.1353 -0.9908 -0.0072
vn 0.4497 -0.8931 -0.0117
vn 0.5559 -0.8312 -0.0007
vn 0.1382 -0.9904 0.0007
vn 0.5230 -0.8523 0.0075
vn 0.4220 -0.9066 0.0064
vn 0.1076 -0.9942 0.0088
vn 0.5265 -0.8485 -0.0526
vn 0.0779 -0.9970 0.0023
vn 0.0430 -0.9955 -0.0846
vn 0.6216 -0.7832 -0.0141
vn 0.1541 -0.9820 0.1095
vn 0.1155 -0.9890 -0.0921
vn 0.3835 -0.9234 0.0130
vn 0.0696 -0.9931 -0.0940
vn 0.1642 -0.9864 -0.0047
vn 0.1623 -0.9867 0.0097
vn 0.3740 -0.8498 -0.3714
vn 0.1764 -0.9792 -0.1001
vn 0.1607 -0.9868 -0.0184
vn 0.3331 -0.9428 -0.0122
vn 0.5880 -0.8087 -0.0169
vn 0.5991 -0.8006 -0.0004
vn 0.1427 -0.9895 -0.0248
vn 0.7399 -0.6727 -0.0053
vn 0.5818 -0.8057 0.1107
vn 0.4729 -0.8811 -0.0007
vn 0.4310 -0.9015 0.0382
vn 0.4564 -0.8896 0.0202
vn 0.5213 -0.8517 0.0535
vn 0.7077 -0.7060 0.0264
vn 0.5305 -0.8477 -0.0084
vn 0.5741 -0.8188 0.0010
vn 0.8810 -0.4490 -0.1491
vn 0.8102 -0.5807 -0.0803
vn 0.6275 -0.7730 -0.0931
vn 0.8946 -0.4468 -0.0034
vn 0.7369 -0.6760 -0.0017
vn 0.8240 -0.5666 0.0012
vn 0.6355 -0.7721 0.0049
vn 0.5346 -0.8450 0.0144
vn 0.8882 -0.3153 -0.3341
vn 0.8627 -0.4124 0.2927
vn 0.9185 -0.3264 -0.2232
vn 0.4541 -0.5578 0.6948
vn 0.1812 -0.9750 0.1285
vn 0.1997 -0.9722 -0.1223
vn 0.5418 -0.8401 0.0274
vn 0.1974 -0.9728 0.1212
vn 0.3329 -0.9428 -0.0183
vn 0.6969 -0.7171 -0.0007
vn 0.3920 -0.9199 -0.0118
vn 0.6169 -0.7870 0.0068
vn 0.1732 -0.9848 0.0118
vn 0.0508 -0.9706 0.2353
vn 0.5012 -0.7992 0.3319
vn 0.1905 -0.9798 0.0601
vn 0.4706 -0.8649 0.1746
vn 0.5296 -0.4924 0.6908
vn 0.3510 -0.9364 0.0018
vn 0.6545 -0.7558 0.0171
vn 0.2272 -0.8639 0.4496
vn 0.5475 -0.7661 0.3367
vn 0.4927 -0.8701 -0.0134
vn 0.6046 -0.7937 0.0668
vn 0.1595 -0.9218 0.3533
vn 0.5794 -0.7765 -0.2477
vn 0.4184 -0.9078 0.0285
vn 0.2376 -0.9692 -0.0655
vn 0.5787 -0.5984 -0.5541
vn 0.0967 -0.8397 -0.5344
vn 0.2178 -0.8222 -0.5259
vn 0.5136 -0.5161 -0.6854
vn 0.4791 -0.8692 -0.1221
vn 0.7262 -0.6856 -0.0512
vn 0.4021 -0.9152 -0.0272
vn 0.7091 -0.7042 -0.0356
vn 0.4938 -0.8695 0.0031
vn 0.1874 -0.9822 0.0080
vn 0.7201 -0.6938 -0.0102
vn 0.4904 -0.8704 -0.0432
vn 0.2649 -0.9643 -0.0049
vn -0.3136 -0.8950 0.3172
vn 0.2774 -0.6776 0.6811
vn 0.5737 -0.8185 -0.0313
vn 0.4544 -0.7524 -0.4768
vn 0.6667 -0.7171 0.2030
vn 0.3710 -0.8910 -0.2618
vn -0.2082 -0.9779 0.0205
vn -0.0513 -0.9983 -0.0267
vn 0.2241 -0.9511 0.2128
vn -0.1195 -0.9921 -0.0386
vn 0.1114 -0.9676 0.2265
vn 0.4062 -0.9132 -0.0330
vn 0.0985 -0.9198 -0.3798
vn -0.1984 -0.9799 -0.0202
vn 0.0872 -0.9961 0.0115
vn -0.1795 -0.9610 -0.2103
vn 0.0724 -0.2400 -0.9681
vn -0.6039 -0.7970 -0.0135
vn 0.2224 -0.9748 0.0162
vn -0.1382 -0.9184 0.3707
vn 0.4717 -0.7918 0.3880
vn 0.4990 -0.8665 -0.0155
vn -0.0770 -0.8991 -0.4308
vn 0.0540 -0.9934 -0.1010
vn 0.3668 -0.9243 0.1058
vn 0.2599 0.7342 0.6272
vn -0.4000 0.8780 0.2628
vn 0.3020 0.8335 0.4626
vn -0.7799 0.6258 -0.0096
vn -0.8142 0.5797 0.0324
vn -0.4110 0.9031 0.1244
vn -0.7718 0.6346 -0.0384
vn 0.1787 0.9835 -0.0276
vn -0.1022 0.9664 -0.2358
vn -0.2780 0.9605 0.0077
vn -0.7626 0.6465 0.0226
vn 0.1496 0.9887 0.0012
vn -0.7050 0.7092 -0.0064
vn -0.7706 0.6372 -0.0071
vn 0.3446 0.9387 0.0137
vn -0.5459 0.8379 -0.0049
vn -0.7681 0.6402 0.0111
vn -0.4842 0.8749 0.0018
vn -0.3993 0.9165 0.0225
vn -0.6235 0.7818 -0.0084
vn -0.0613 0.9969 -0.0503
vn -0.3049 0.9524 0.0057
vn -0.2774 0.9602 0.0338
vn -0.3141 0.9494 -0.0053
vn 0.4904 -0.8705 -0.0431
vn -0.6644 -0.7473 -0.0080
vn 0.0986 -0.9198 -0.3798
vn 0.1875 -0.9822 0.0079
vn -0.6527 -0.7576 0.0117
vn 0.4938 -0.8696 0.0032
vn -0.8193 -0.5707 -0.0555
vn -0.6039 -0.7969 -0.0135
vn -0.6871 -0.7266 0.0004
vn -0.1194 -0.9921 -0.0386
vn -0.7687 -0.6396 -0.0022
vn -0.7226 -0.6911 -0.0114
vn -0.1984 -0.9799 -0.0201
vn -0.7647 -0.6443 -0.0040
vn -0.2081 -0.9779 0.0206
vn 0.0872 -0.9961 0.0116
vn -0.7596 -0.6504 0.0018
vn -0.0512 -0.9983 -0.0267
vn -0.4689 -0.8831 -0.0157
vn -0.0770 -0.8992 -0.4308
vn 0.2649 -0.9643 -0.0048
vn -0.7626 -0.2219 -0.6076
vn -0.4519 -0.8921 -0.0007
vn -0.7700 -0.6368 0.0407
vn -0.5204 -0.5423 -0.6597
vn -0.5097 -0.4775 0.7156
vn -0.4339 -0.8955 0.0990
vn -0.2916 -0.9560 0.0320
vn 0.2775 -0.6776 0.6811
vn -0.1381 -0.9184 0.3708
vn -0.3122 -0.9500 -0.0014
vn -0.3932 -0.9194 0.0091
vn -0.1202 -0.9927 -0.0001
vn 0.4062 -0.9132 -0.0331
vn 0.0540 -0.9934 -0.1009
vn -0.2703 -0.9627 0.0080
vn 0.3668 -0.9243 0.1057
vn -0.0791 -0.9968 0.0115
vn 0.4990 -0.8665 -0.0156
vn -0.2125 -0.9771 0.0149
vn -0.3862 -0.9224 -0.0125
vn -0.2334 -0.9723 -0.0084
vn -0.2575 -0.9662 -0.0091
vn -0.1160 -0.9924 -0.0420
vn -0.2927 -0.9507 -0.1027
vn -0.3260 -0.9454 0.0042
vn -0.3253 -0.9453 0.0257
vn -0.2748 -0.9615 -0.0048
vn -0.0489 -0.9988 -0.0040
vn -0.0407 -0.9992 0.0017
vn -0.0299 -0.9996 0.0012
vn -0.0216 -0.9998 -0.0012
vn -0.0613 -0.9981 -0.0054
vn -0.0745 -0.9972 0.0050
vn -0.0398 -0.9991 0.0159
vn -0.0324 -0.9994 -0.0073
vn -0.0372 -0.9993 -0.0026
vn -0.0274 -0.9996 0.0048
vn -0.0428 -0.9986 -0.0307
vn -0.0363 -0.9993 0.0069
vn -0.0368 -0.7411 -0.6704
vn -0.0698 -0.9318 0.3561
vn -0.0573 -0.9983 -0.0087
vn -0.0028 -1.0000 -0.0010
vn -0.0186 -0.9998 0.0009
vn -0.0211 -0.9998 -0.0019
vn -0.0028 -1.0000 0.0009
vn -0.0012 -1.0000 -0.0002
vn -0.0007 -1.0000 -0.0010
vn -0.0110 -0.9999 0.0028
vn -0.0015 -1.0000 0.0006
vn -0.0041 -1.0000 -0.0006
vn 0.0010 -1.0000 -0.0000
vn -0.0134 -0.9933 -0.1146
vn 0.0005 -1.0000 -0.0042
vn -0.0112 -0.9999 0.0005
vn -0.0070 -0.9976 0.0686
vn 0.0035 -1.0000 -0.0001
vn -0.0092 -1.0000 -0.0036
vn 0.0072 -1.0000 -0.0003
vn 0.0093 -1.0000 -0.0001
vn 0.0080 -1.0000 0.0001
vn 0.0060 -1.0000 0.0019
vn 0.0048 -0.7392 -0.6735
vn 0.0011 -1.0000 -0.0035
vn 0.0080 -1.0000 -0.0003
vn 0.0008 -1.0000 0.0076
vn 0.0070 -1.0000 -0.0001
vn 0.0081 -1.0000 -0.0006
vn 0.0063 -1.0000 0.0007
vn 0.0058 -1.0000 -0.0034
vn 0.0071 -1.0000 -0.0004
vn -0.0001 -1.0000 -0.0042
vn 0.0035 -1.0000 -0.0071
vn 0.0070 -1.0000 -0.0003
vn -0.0134 -0.8938 0.4483
vn 0.0071 -1.0000 0.0007
vn -0.0040 -0.9998 0.0176
vn 0.0076 -1.0000 -0.0007
vn 0.0067 -1.0000 -0.0001
vn 0.0030 -1.0000 -0.0039
vn 0.0032 -1.0000 0.0091
vn 0.0023 -1.0000 -0.0097
vn 0.0022 -1.0000 0.0008
vn 0.0027 -1.0000 0.0031
vn 0.0042 -1.0000 -0.0026
vn -0.0115 -0.9680 0.2508
vn 0.0031 -1.0000 -0.0064
vn 0.0036 -1.0000 -0.0005
vn 0.0045 -1.0000 -0.0006
vn 0.0014 -1.0000 0.0095
vn -0.0003 -1.0000 -0.0000
vn 0.0080 -0.9515 -0.3076
vn 0.0065 -0.4075 -0.9132
vn 0.0040 -1.0000 0.0003
vn 0.0037 -1.0000 0.0001
vn 0.0038 -1.0000 0.0005
vn 0.0026 -1.0000 -0.0060
vn 0.0006 -1.0000 0.0011
vn 0.0053 -1.0000 -0.0009
vn 0.0036 -1.0000 -0.0006
vn 0.0015 -1.0000 -0.0041
vn 0.0030 -0.9999 -0.0120
vn 0.0012 -1.0000 -0.0011
vn 0.0026 -1.0000 -0.0069
vn 0.0018 -1.0000 0.0077
vn -0.0002 -1.0000 -0.0003
vn -0.0036 -0.9996 0.0291
vn -0.0012 -1.0000 -0.0009
vn -0.0006 -1.0000 0.0002
vn 0.0013 -1.0000 -0.0043
vn 0.0003 -1.0000 0.0020
vn -0.0017 -1.0000 -0.0003
vn -0.0029 -1.0000 0.0004
vn 0.0030 -0.9997 -0.0259
vn -0.0015 -1.0000 -0.0006
vn 0.0002 -1.0000 -0.0014
vn -0.0030 -1.0000 0.0008
vn -0.0009 -1.0000 0.0039
vn -0.0020 -0.9999 -0.0161
vn -0.0070 -0.9998 -0.0161
vn 0.0019 -1.0000 -0.0046
vn -0.0014 -1.0000 0.0014
vn -0.0072 -0.7312 -0.6822
vn -0.0038 -1.0000 0.0006
vn -0.0001 -1.0000 0.0004
vn -0.0009 -1.0000 -0.0005
vn 0.0004 -0.9998 -0.0180
vn -0.0009 -0.9847 0.1744
vn -0.0027 -1.0000 0.0001
vn -0.0015 -1.0000 0.0012
vn -0.0005 -1.0000 0.0059
vn -0.0019 -1.0000 -0.0000
vn 0.0011 -1.0000 -0.0012
vn -0.0006 -1.0000 0.0005
vn 0.0054 -0.9999 -0.0152
vn -0.0001 -1.0000 0.0002
vn -0.0002 -1.0000 0.0028
vn 0.0017 -1.0000 -0.0050
vn 0.0001 -1.0000 0.0014
vn 0.0019 -1.0000 0.0012
vn -0.0005 -1.0000 0.0039
vn -0.0195 -0.9978 -0.0641
vn 0.0015 -1.0000 -0.0004
vn 0.0011 -1.0000 -0.0064
vn 0.0006 -1.0000 -0.0003
vn 0.0007 -1.0000 0.0020
vn -0.0007 -1.0000 0.0033
vn 0.0010 -1.0000 0.0010
vn 0.0017 -1.0000 0.0004
vn 0.0017 -1.0000 0.0002
vn 0.0007 -1.0000 -0.0030
vn 0.0039 -0.9998 -0.0170
vn 0.0062 -0.9994 0.0349
vn 0.0010 -1.0000 -0.0009
vn 0.0009 -1.0000 0.0011
vn 0.0008 -1.0000 -0.0002
vn 0.0017 -1.0000 -0.0009
vn 0.0078 -0.9985 -0.0543
vn 0.0020 -1.0000 -0.0017
vn 0.0038 -0.9998 -0.0177
vn 0.0018 -1.0000 0.0014
vn 0.0049 -1.0000 0.0032
vn 0.0031 -1.0000 0.0064
vn 0.0064 -1.0000 -0.0072
vn 0.0025 -1.0000 -0.0002
vn 0.0014 -1.0000 0.0004
vn 0.0015 -1.0000 0.0012
vn 0.0056 -1.0000 -0.0006
vn 0.0027 -1.0000 0.0014
vn 0.0023 -0.9998 -0.0209
vn 0.0026 -1.0000 0.0004
vn 0.0048 -1.0000 -0.0002
vn 0.0017 -1.0000 -0.0013
vn 0.0024 -1.0000 -0.0007
vn 0.0035 -1.0000 0.0005
vn 0.0026 -0.9986 0.0532
vn 0.0034 -0.9999 -0.0143
vn 0.0003 -1.0000 0.0060
vn 0.0022 -1.0000 0.0014
vn 0.0050 -1.0000 0.0068
vn 0.0027 -1.0000 0.0090
vn -0.0072 -0.9938 -0.1113
vn 0.0002 -1.0000 -0.0023
vn 0.0021 -1.0000 -0.0001
vn 0.0010 -1.0000 -0.0035
vn 0.0038 -1.0000 0.0010
vn 0.0020 -1.0000 -0.0024
vn 0.0025 -1.0000 -0.0068
vn -0.0008 -0.9998 -0.0209
vn -0.0036 -0.9981 0.0618
vn 0.0058 -1.0000 0.0004
vn 0.0021 -1.0000 -0.0034
vn 0.0019 -1.0000 -0.0019
vn 0.0013 -1.0000 0.0009
vn 0.0032 -1.0000 0.0010
vn -0.0021 -1.0000 0.0074
vn -0.0045 -1.0000 -0.0008
vn 0.0039 -1.0000 0.0021
vn 0.0048 -1.0000 0.0017
vn -0.0113 -0.9999 0.0094
vn -0.0010 -1.0000 -0.0040
vn -0.0103 -0.9995 -0.0283
vn 0.0046 -1.0000 0.0016
vn 0.0036 -1.0000 -0.0010
vn -0.0202 -0.7963 -0.6045
vn -0.0037 -0.9999 0.0126
vn -0.0453 -0.9983 0.0362
vn 0.0154 -0.8813 0.4724
vn -0.0023 -0.9999 -0.0157
vn 0.0003 -1.0000 -0.0018
vn 0.0082 -1.0000 -0.0014
vn -0.0642 -0.9958 -0.0650
vn 0.0059 -1.0000 -0.0002
vn 0.0013 -1.0000 0.0006
vn -0.0066 -0.9999 0.0101
vn 0.0063 -1.0000 0.0015
vn 0.0062 -1.0000 0.0023
vn 0.0088 -1.0000 -0.0025
vn 0.0025 -1.0000 0.0024
vn -0.2059 -0.9781 0.0319
vn -0.0019 -1.0000 -0.0081
vn -0.0068 -1.0000 0.0025
vn 0.0052 -1.0000 0.0039
vn 0.0034 -1.0000 -0.0000
vn -0.0014 -1.0000 0.0009
vn -0.0886 -0.9929 0.0799
vn -0.0004 -1.0000 -0.0072
vn -0.3643 -0.4416 -0.8200
vn -0.2246 -0.9745 0.0030
vn 0.0028 -1.0000 0.0043
vn -0.3279 -0.9141 -0.2384
vn -0.1765 -0.9699 0.1680
vn -0.1443 -0.9856 -0.0883
vn 0.0022 -1.0000 -0.0032
vn -0.1144 -0.9932 0.0211
vn 0.0015 -1.0000 -0.0018
vn -0.1813 -0.9785 0.0981
vn 0.0039 -1.0000 0.0064
vn -0.0295 -0.9995 0.0068
vn -0.1517 -0.9728 -0.1748
vn 0.0016 -1.0000 -0.0026
vn 0.0241 -0.9993 -0.0292
vn 0.0197 -0.9744 -0.2240
vn 0.0048 -1.0000 0.0008
vn 0.0072 -1.0000 0.0009
vn -0.4299 -0.7967 -0.4249
vn -0.0132 -0.9996 -0.0247
vn 0.0207 -0.9855 0.1685
vn 0.0043 -1.0000 -0.0014
vn 0.0063 -1.0000 -0.0044
vn -0.1997 -0.9333 0.2985
vn -0.1613 -0.9586 -0.2349
vn 0.0083 -1.0000 0.0043
vn 0.0050 -1.0000 -0.0025
vn -0.0965 -0.9836 0.1524
vn 0.0052 -1.0000 -0.0005
vn 0.0011 -1.0000 -0.0006
vn -0.1797 -0.9557 -0.2330
vn 0.0035 -1.0000 0.0031
vn 0.0072 -0.9998 0.0175
vn 0.0082 -1.0000 0.0022
vn 0.0052 -1.0000 0.0026
vn 0.0007 -1.0000 -0.0007
vn 0.0002 -1.0000 -0.0013
vn 0.0182 -0.9988 0.0460
vn 0.0237 -0.8865 0.4621
vn 0.0256 -0.9667 -0.2547
vn -0.0237 -0.9996 0.0128
vn -0.0037 -1.0000 0.0028
vn -0.0043 -0.9998 0.0189
vn -0.2682 -0.9137 -0.3051
vn -0.0051 -1.0000 -0.0082
vn 0.0005 -1.0000 -0.0019
vn -0.1176 -0.9844 0.1306
vn 0.0068 -0.9999 -0.0152
vn 0.0033 -1.0000 0.0041
vn 0.0050 -1.0000 -0.0007
vn 0.0010 -1.0000 -0.0005
vn 0.0137 -0.9992 -0.0377
vn -0.2160 -0.9514 -0.2194
vn -0.0335 -0.9991 -0.0254
vn 0.0183 -0.9997 0.0178
vn -0.3066 -0.9195 0.2462
vn -0.0026 -1.0000 -0.0017
vn 0.0347 -0.9886 0.1463
vn 0.0122 -0.5396 0.8419
vn 0.0137 -0.9996 -0.0227
vn 0.0117 -0.9991 -0.0417
vn 0.0020 -1.0000 -0.0008
vn -0.0137 -0.9995 -0.0271
vn 0.0131 -0.9998 -0.0125
vn -0.0833 -0.9904 -0.1105
vn -0.0034 -1.0000 -0.0001
vn -0.0017 -1.0000 0.0012
vn -0.3370 -0.9012 -0.2727
vn -0.1778 -0.9770 0.1175
vn -0.2015 -0.9613 0.1879
vn -0.0055 -1.0000 0.0028
vn 0.0112 -0.9999 -0.0018
vn 0.0246 -0.9995 0.0216
vn -0.0014 -1.0000 -0.0003
vn 0.0216 -0.9993 -0.0295
vn -0.0651 -0.9967 -0.0483
vn 0.0021 -1.0000 -0.0012
vn -0.0003 -1.0000 -0.0008
vn 0.0283 -0.4161 -0.9089
vn -0.0279 -0.9983 0.0512
vn -0.0964 -0.9781 0.1844
vn -0.0062 -1.0000 -0.0009
vn 0.0302 -0.9987 0.0400
vn 0.0201 -0.9829 -0.1829
vn 0.0529 -0.9983 -0.0260
vn -0.0595 -0.9820 -0.1791
vn -0.0013 -1.0000 -0.0013
vn 0.0625 -0.9978 -0.0212
vn -0.0025 -1.0000 0.0001
vn -0.0087 -1.0000 0.0044
vn -0.1187 -0.9454 0.3036
vn 0.0020 -1.0000 -0.0010
vn 0.0503 -0.9985 0.0210
vn 0.0293 -0.9996 -0.0005
vn 0.0332 -0.9994 -0.0133
vn 0.0329 -0.9966 0.0761
vn 0.0530 -0.9985 0.0092
vn 0.0086 -0.9840 -0.1777
vn 0.0170 -0.9998 0.0060
vn 0.0402 -0.9992 0.0003
vn 0.1280 -0.8295 -0.5436
vn 0.0637 -0.9980 0.0029
vn 0.0879 -0.9921 0.0892
vn 0.0329 -0.9994 -0.0071
vn 0.1975 -0.9795 -0.0401
vn 0.1461 -0.9874 -0.0607
vn 0.0903 -0.9959 0.0042
vn 0.1421 -0.9898 0.0133
vn 0.1300 -0.9913 -0.0191
vn 0.0775 -0.9970 -0.0004
vn 0.0603 -0.9982 0.0008
vn 0.0969 -0.9953 0.0020
vn 0.1761 -0.9554 0.2373
vn 0.2052 -0.9787 0.0108
vn 0.4783 -0.8782 0.0065
vn 0.2241 -0.9746 0.0055
vn 0.2570 -0.9528 0.1615
vn 0.2456 -0.9189 -0.3086
vn 0.3254 -0.9456 0.0005
vn 0.6884 -0.7253 -0.0054
vn 0.4533 -0.8913 0.0027
vn 0.6591 -0.7521 0.0021
vn 0.4738 -0.8806 -0.0031
vn 0.5218 -0.8529 -0.0130
vn 0.3114 -0.9496 -0.0356
vn 0.4984 -0.8627 -0.0857
vn 0.5670 -0.7744 -0.2808
vn 0.7352 -0.6779 -0.0052
vn 0.6250 -0.7178 0.3067
vn 0.6492 -0.7600 0.0310
vn 0.7091 -0.7051 -0.0049
vn 0.8641 -0.5017 0.0396
vn 0.9639 -0.2654 -0.0216
vn 0.8166 -0.5769 0.0186
vn 0.9257 -0.3782 0.0013
vn 0.9460 -0.3241 -0.0021
vn 0.7736 -0.6336 -0.0059
vn 0.7892 -0.6140 0.0106
vn 0.8985 -0.2634 -0.3512
vn 0.8698 -0.4573 0.1851
vn -0.2032 0.7157 0.6682
vn 0.0279 0.6922 0.7212
vn -0.0218 0.9288 0.3699
vn -0.0471 0.6153 0.7868
vn -0.0068 0.9577 0.2876
vn -0.0162 0.6744 0.7382
vn -0.0014 0.9700 0.2429
vn -0.0016 0.8887 0.4584
vn -0.0195 0.7650 0.6437
vn 0.0171 0.7830 0.6217
vn 0.0282 0.6993 -0.7142
vn -0.0158 0.5772 -0.8165
vn -0.0110 0.8071 0.5902
vn -0.0242 0.9830 0.1821
vn -0.0162 0.7080 -0.7061
vn -0.0056 0.9849 0.1729
vn -0.0034 0.8105 0.5857
vn -0.0029 0.6873 -0.7264
vn -0.0009 0.9847 0.1744
vn -0.0053 0.6793 -0.7338
vn -0.0060 0.7945 -0.6073
vn -0.0073 0.5942 -0.8043
vn 0.0095 0.6919 -0.7220
vn 0.0161 0.4941 0.8692
vn 0.0054 0.7766 -0.6300
vn -0.0129 0.9812 0.1927
vn -0.0019 0.7780 0.6283
vn -0.0229 0.7069 -0.7069
vn -0.0041 0.9698 0.2438
vn 0.0160 0.4740 0.8804
vn -0.0121 0.5008 -0.8655
vn -0.0111 0.7296 0.6838
vn -0.0199 0.7036 0.7103
vn -0.0329 0.9725 0.2306
vn 0.0177 0.6510 -0.7588
vn -0.2744 0.7179 -0.6398
vn -0.3614 0.8641 0.3503
vn -0.2802 0.9042 0.3223
vn -0.2711 0.9573 -0.1009
vn -0.2077 0.5427 0.8139
vn -0.3818 0.9086 0.1695
vn -0.0294 0.8506 -0.5250
vn -0.0316 0.9947 0.0980
vn -0.0079 0.9358 0.3526
vn -0.0061 0.9853 0.1708
vn -0.0115 0.7708 -0.6370
vn -0.0006 0.9984 -0.0567
vn -0.0026 0.9947 0.1028
vn 0.0033 0.7248 0.6889
vn 0.0062 0.6791 0.7341
vn -0.0160 0.9994 0.0314
vn 0.0035 0.9998 -0.0182
vn 0.0028 0.9999 -0.0154
vn 0.0058 0.7495 -0.6619
vn -0.0927 0.9938 -0.0619
vn 0.3841 0.4271 0.8186
vn -0.1707 0.9754 0.1395
vn 0.0380 0.9952 -0.0900
vn 0.1366 0.8244 0.5493
vn 0.4477 0.8612 0.2407
vn 0.2406 0.9605 -0.1400
vn -0.1980 0.9762 -0.0888
vn 0.3681 0.4566 -0.8099
vn 0.8805 0.4736 0.0212
vn 0.4118 0.9099 0.0495
vn 0.0908 0.9958 0.0148
vn 0.4961 0.8677 -0.0306
vn 0.0497 0.9846 -0.1674
vn 0.5630 0.8245 -0.0564
vn 0.1927 0.9757 0.1048
vn 0.9494 0.3138 0.0080
vn 0.8311 0.5549 0.0364
vn 0.8970 0.4394 -0.0489
vn 0.5392 0.8421 -0.0106
vn 0.0220 0.9996 -0.0192
vn 0.5136 0.8547 -0.0760
vn 0.0998 0.9950 0.0069
vn 0.7539 0.6570 -0.0061
vn 0.7758 0.6309 0.0007
vn 0.1687 0.9856 -0.0120
vn 0.5799 0.8143 0.0244
vn 0.1713 0.9842 -0.0449
vn 0.8557 0.5174 -0.0004
vn 0.8751 0.4838 0.0073
vn 0.1527 0.9883 0.0019
vn 0.6452 0.7638 0.0172
vn 0.8634 0.5046 -0.0019
vn 0.1850 0.9824 -0.0261
vn 0.8619 0.5070 0.0026
vn 0.1033 0.9946 -0.0032
vn 0.4789 0.8772 0.0341
vn 0.1251 0.9919 -0.0214
vn 0.1173 0.9843 -0.1323
vn -0.1908 0.9816 0.0044
vn -0.0288 0.9996 -0.0060
vn 0.1263 0.9920 0.0047
vn 0.2313 0.9723 -0.0341
vn 0.0522 0.9982 -0.0303
vn 0.5694 0.6568 -0.4944
vn 0.4522 0.8918 0.0125
vn 0.5221 0.8529 -0.0000
vn 0.2828 0.9590 0.0171
vn 0.6350 0.7725 -0.0051
vn 0.1935 0.9811 0.0016
vn 0.5117 0.8591 0.0132
vn 0.4256 0.9049 -0.0088
vn 0.8334 0.5523 -0.0186
vn 0.5598 0.8286 0.0040
vn 0.9255 0.3787 -0.0085
vn 0.9189 0.3941 0.0157
vn 0.5357 0.8192 0.2049
vn 0.1761 0.9842 0.0186
vn 0.5223 0.8326 -0.1844
vn 0.3361 0.9418 -0.0052
vn 0.7438 0.6683 -0.0125
vn 0.6565 0.7539 -0.0247
vn 0.8772 0.4774 -0.0516
vn 0.6902 0.7185 -0.0859
vn 0.7612 0.6375 0.1186
vn 0.6753 0.7374 -0.0143
vn 0.3436 0.9230 0.1731
vn 0.9071 0.3620 0.2149
vn 0.7115 0.6862 -0.1512
vn 0.8772 0.4802 -0.0025
vn 0.9314 0.3629 -0.0290
vn 0.7244 0.6893 0.0005
vn 0.9323 0.3615 0.0093
vn -0.9710 -0.0587 -0.2317
vn -0.0061 -0.9331 -0.3597
vn -0.5770 0.4933 0.6510
vn -0.1046 -0.7913 -0.6024
vn -0.8998 0.2436 -0.3620
vn 0.3993 0.3248 0.8574
vn -0.9538 0.1525 -0.2587
vn -0.9943 0.0317 0.1017
vn -0.2693 -0.4093 -0.8718
vn 0.4274 -0.8731 0.2346
vn -0.0151 -0.7699 -0.6380
vn -0.0812 -0.6022 -0.7942
vn 0.0115 -0.9338 -0.3576
vn 0.0056 -0.6369 -0.7709
vn -0.0878 -0.9652 -0.2464
vn -0.0441 -0.4502 -0.8918
vn 0.1858 -0.9536 -0.2370
vn -0.0322 -0.9967 -0.0749
vn 0.2704 -0.8462 -0.4591
vn 0.1369 -0.4462 -0.8844
vn 0.1348 -0.6405 -0.7561
vn 0.5182 -0.6759 -0.5240
vn 0.6080 0.1373 0.7820
vn 0.9621 -0.2168 0.1654
vn 0.3894 0.8966 0.2109
vn -0.5770 0.4932 0.6510
vn -0.0546 0.8223 0.5664
vn -0.9710 -0.0588 -0.2317
vn -0.8998 0.2436 -0.3619
vn -0.9538 0.1526 -0.2586
vn -0.0760 0.3104 0.9476
vn -0.9943 0.0316 0.1017
vn -0.1196 0.2964 0.9476
vn -0.2086 -0.8424 0.4969
vn -0.0933 0.9899 0.1068
vn -0.0598 0.7428 0.6668
vn -0.2694 -0.4092 -0.8718
vn 0.3994 0.3249 0.8573
vn -0.0267 0.9312 0.3636
vn 0.0041 0.2227 0.9749
vn -0.0267 0.9236 0.3824
vn -0.0672 0.6270 0.7762
vn 0.0196 0.5683 0.8226
vn -0.0259 0.7559 0.6542
vn 0.0183 0.3598 0.9329
vn 0.0304 0.6091 0.7925
vn 0.0005 0.8321 0.5546
vn -0.0056 0.9996 0.0287
vn -0.2070 0.5785 0.7890
vn 0.9566 0.0541 0.2862
vn 0.1541 0.6734 0.7231
vn 0.9621 -0.2167 0.1654
vn 0.6081 0.1372 0.7819
vn 0.2585 0.6984 0.6673
vn 0.3894 0.8966 0.2110
vn 0.4433 0.7151 0.5405
vn 0.8796 0.2880 0.3786
vn -0.2086 -0.8423 0.4969
vn -0.1196 0.2964 0.9475
vn -0.0854 -0.3096 0.9470
vn -0.0323 -0.9967 -0.0749
vn 0.0056 -0.6368 -0.7710
vn 0.1079 -0.9211 0.3741
vn 0.1858 -0.9536 -0.2369
vn 0.0610 -0.0494 0.9969
vn -0.0671 0.6270 0.7761
vn 0.0114 -0.9338 -0.3576
vn -0.0879 -0.9652 -0.2463
vn -0.2070 0.5785 0.7889
vn 0.6080 0.1372 0.7820
vn 0.8796 0.2880 0.3785
vn 0.1349 -0.6404 -0.7561
vn 0.2585 0.6984 0.6674
vn 0.5183 -0.6759 -0.5240
vn 0.2705 -0.8462 -0.4591
vn -0.1236 0.9861 -0.1113
vn -0.2635 0.9181 -0.2959
vn -0.1193 0.9757 -0.1839
vn -0.1955 0.9547 -0.2241
vn -0.2032 0.9637 -0.1731
vn -0.2134 0.9329 -0.2901
vn 0.0401 0.9687 -0.2448
vn 0.9294 0.2805 -0.2400
vn 0.9355 0.0571 0.3486
vn 0.9851 -0.1559 0.0733
vn 0.9923 0.0253 0.1213
vn 0.7299 -0.0945 0.6770
vn 0.9966 -0.0824 0.0018
vn 0.9960 0.0894 -0.0030
vn 0.9786 -0.2017 0.0401
vn 0.9943 0.1061 0.0090
vn 0.9928 -0.1201 -0.0026
vn 0.9842 -0.1746 -0.0291
vn 0.9766 -0.2125 -0.0348
vn 0.9989 -0.0466 -0.0078
vn 0.9951 0.0989 -0.0030
vn 0.9974 0.0676 0.0256
vn 0.9963 0.0858 -0.0066
vn 0.9972 -0.0748 -0.0086
vn 0.9965 -0.0841 -0.0001
vn 0.9961 0.0881 0.0009
vn 0.9959 0.0906 -0.0016
vn 0.9978 -0.0660 0.0023
vn 0.9967 0.0817 0.0020
vn 0.9569 -0.2905 -0.0016
vn 0.9972 0.0742 -0.0051
vn 0.9991 -0.0420 0.0037
vn 0.9958 0.0915 0.0071
vn 0.9999 0.0055 0.0099
vn 0.9977 0.0677 -0.0039
vn 0.9973 0.0275 -0.0688
vn 0.9908 0.1262 -0.0497
vn 0.9300 0.2072 -0.3036
vn 0.9945 0.0755 0.0724
vn 0.3758 -0.9265 -0.0181
vn 0.9969 0.0781 -0.0014
vn 0.9959 0.0906 0.0015
vn 0.9975 0.0700 -0.0139
vn 0.6208 -0.0291 -0.7834
vn 0.9981 0.0605 -0.0093
vn 0.9972 0.0743 -0.0033
vn 0.9948 0.1016 -0.0004
vn 0.9965 0.0830 -0.0046
vn 0.9960 0.0888 0.0057
vn 0.9954 0.0955 -0.0024
vn 0.2391 -0.9704 0.0350
vn 0.3291 -0.9433 -0.0426
vn 0.9910 0.1335 -0.0000
vn 0.9959 0.0906 0.0058
vn 0.9944 0.1055 0.0010
vn 0.9939 0.1097 -0.0079
vn 0.9847 0.1194 0.1270
vn 0.9970 0.0769 -0.0016
vn 0.9926 0.1215 0.0008
vn 0.9890 0.1221 -0.0841
vn 0.1442 -0.9859 0.0853
vn 0.3366 -0.9413 0.0266
vn 0.5559 -0.8312 -0.0008
vn 0.9950 0.0994 -0.0043
vn 0.9931 0.1170 -0.0057
vn 0.9934 0.1146 0.0027
vn 0.9886 0.1026 0.1098
vn 0.9935 0.1127 0.0123
vn 0.9939 0.1107 -0.0009
vn 0.9925 0.1220 0.0003
vn 0.9934 0.1133 0.0185
vn 0.9939 0.1102 -0.0022
vn 0.9925 0.1225 -0.0010
vn 0.9942 0.1072 -0.0082
vn 0.9903 0.1386 -0.0024
vn 0.9920 0.1260 -0.0016
vn 0.9933 0.1155 0.0013
vn 0.9968 0.0794 0.0009
vn 0.9930 0.1178 0.0031
vn 0.9951 0.0641 -0.0749
vn 0.5691 0.0401 -0.8213
vn 0.9970 0.0769 0.0092
vn 0.9943 0.1066 0.0013
vn 0.9943 0.1065 -0.0083
vn 0.9951 0.0992 0.0015
vn 0.9948 0.1017 -0.0023
vn 0.9953 0.0964 -0.0044
vn 0.9972 0.0742 0.0063
vn 0.9893 0.1455 0.0106
vn 0.8842 -0.0113 -0.4669
vn 0.9461 0.1677 0.2769
vn 0.4525 0.0927 0.8869
vn 0.9991 0.0267 -0.0327
vn 0.9455 0.0536 0.3212
vn 0.9771 -0.2127 -0.0007
vn 0.9992 0.0394 0.0068
vn 0.7923 0.6087 -0.0423
vn 0.6954 -0.7182 0.0240
vn 0.9979 -0.0032 0.0643
vn 0.0189 -0.9804 -0.1963
vn 0.9993 0.0379 -0.0072
vn 0.9971 0.0744 -0.0139
vn 0.9991 0.0415 0.0001
vn 0.9979 0.0640 -0.0011
vn 0.9968 0.0798 -0.0068
vn 0.9987 0.0503 0.0004
vn 0.9987 0.0514 0.0040
vn 0.9975 0.0704 -0.0033
vn 0.9968 0.0775 0.0176
vn 0.9890 0.1476 -0.0031
vn 0.9706 0.2339 -0.0566
vn 0.2406 0.9605 -0.1399
vn 0.9994 0.0302 0.0180
vn 0.9944 0.1047 0.0158
vn 0.9984 0.0561 -0.0022
vn 0.9978 0.0660 -0.0030
vn 0.9970 0.0775 -0.0005
vn 0.9962 0.0869 0.0033
vn 0.9981 0.0610 -0.0127
vn 0.9971 0.0748 -0.0159
vn 0.9970 0.0746 -0.0224
vn 0.4476 0.8612 0.2407
vn 0.9991 0.0432 -0.0005
vn 0.9984 0.0558 0.0006
vn 0.9944 0.1053 -0.0116
vn 0.9994 0.0340 -0.0004
vn 0.9988 0.0489 0.0075
vn 0.9936 0.1130 0.0060
vn 0.8751 0.4838 0.0072
vn 0.9983 0.0577 -0.0019
vn 0.9495 0.3138 0.0080
vn 0.9947 0.1031 0.0056
vn 0.8619 0.5070 0.0025
vn 0.9976 0.0687 -0.0037
vn 0.9987 0.0505 -0.0016
vn 0.8311 0.5550 0.0364
vn 0.4117 0.9100 0.0494
vn 0.5630 0.8245 -0.0563
vn 0.6452 0.7639 0.0173
vn 0.7538 0.6571 -0.0060
vn 0.7758 0.6310 0.0007
vn 0.5135 0.8547 -0.0760
vn 0.9968 0.0774 0.0176
vn -0.9998 -0.0168 -0.0061
vn 0.9890 0.1477 -0.0032
vn -0.9998 -0.0167 -0.0061
vn 0.0190 -0.9804 -0.1963
vn 0.8022 0.5472 -0.2390
vn 0.9587 0.1436 -0.2454
vn 0.5633 0.1150 -0.8182
vn 0.6209 -0.2109 -0.7550
vn 0.9185 -0.3264 -0.2233
vn 0.9971 -0.0764 0.0005
vn 0.9969 -0.0784 0.0067
vn 0.9973 -0.0732 -0.0012
vn 0.8240 -0.5667 0.0012
vn 0.9839 -0.1786 -0.0078
vn 0.5992 -0.8006 -0.0004
vn 0.9896 -0.1432 0.0100
vn 0.5741 -0.8188 0.0009
vn 0.9948 -0.0992 0.0232
vn 0.9447 -0.0446 -0.3249
vn 0.9745 -0.2237 -0.0169
vn 0.8810 -0.4489 -0.1491
vn 0.6276 0.7773 -0.0436
vn 0.9961 0.0887 -0.0004
vn 0.9803 -0.1976 0.0006
vn 0.8946 -0.4468 -0.0033
vn 0.3926 0.9197 0.0011
vn 0.7570 0.6534 0.0017
vn 0.9970 0.0773 -0.0041
vn 0.9926 0.1215 0.0058
vn 0.5305 -0.8477 -0.0085
vn 0.9956 -0.0935 -0.0006
vn 0.9960 0.0898 0.0002
vn 0.6964 0.7160 0.0486
vn 0.9981 0.0605 0.0152
vn 0.9734 0.0760 0.2163
vn 0.3591 0.9332 -0.0136
vn 0.9373 0.3483 -0.0125
vn 0.9909 -0.0253 -0.1323
vn 0.9942 0.1041 -0.0254
vn 0.9293 0.2805 -0.2400
vn 0.9828 0.1841 -0.0123
vn 0.9907 0.1358 0.0016
vn 0.9866 0.1627 -0.0100
vn 0.9849 0.1723 0.0143
vn 0.9912 0.1324 -0.0068
vn 0.4411 0.8205 0.3635
vn 0.8627 -0.4124 0.2926
vn 0.8774 -0.1928 0.4393
vn 0.4257 -0.8652 0.2651
vn 0.3121 0.9008 0.3018
vn 0.7074 0.2930 0.6432
vn 0.6625 0.7490 -0.0055
vn 0.1789 0.9834 0.0313
vn 0.9619 0.2734 -0.0005
vn 0.4635 0.8833 0.0702
vn 0.9012 0.3591 0.2426
vn 0.9254 0.3791 0.0048
vn 0.9477 0.3188 -0.0136
vn 0.9867 0.1611 -0.0194
vn 0.9972 -0.0750 -0.0068
vn 0.9999 -0.0099 -0.0089
vn 0.9994 -0.0338 -0.0019
vn 0.5533 0.0999 0.8270
vn 0.4564 -0.8895 0.0202
vn 0.9760 -0.2163 0.0248
vn 0.9723 0.2339 0.0049
vn 0.9721 -0.2156 0.0928
vn 0.3586 0.8419 -0.4032
vn 0.9879 0.0428 -0.1490
vn 0.9904 0.0626 0.1230
vn 0.9364 -0.0914 0.3389
vn 0.9787 -0.2053 0.0003
vn 0.9660 -0.2585 0.0038
vn 0.9837 -0.1797 0.0002
vn 0.9948 -0.1000 -0.0209
vn 0.8102 -0.5806 -0.0803
vn 0.9894 0.0900 0.1137
vn 0.9976 0.0698 -0.0024
vn 0.9988 -0.0312 -0.0367
vn 1.0000 -0.0060 0.0041
vn 0.9999 0.0126 -0.0068
vn 0.9918 -0.1202 0.0427
vn 0.9997 0.0222 0.0082
vn 0.7557 0.3910 0.5254
vn 0.7613 0.6375 0.1187
vn 0.6901 0.7185 -0.0860
vn 0.5223 0.8326 -0.1843
vn 0.9833 0.1321 -0.1253
vn 0.9970 0.0644 -0.0435
vn 0.9957 0.0921 0.0087
vn 0.9888 0.1494 -0.0017
vn 0.9560 0.2924 0.0262
vn 0.5117 0.8591 0.0131
vn 0.9909 0.1345 -0.0063
vn 0.5598 0.8286 0.0039
vn 0.9909 0.1343 0.0104
vn 0.9909 0.1349 -0.0013
vn 0.9867 0.1626 0.0008
vn 0.9874 0.1584 0.0042
vn 0.9765 0.2154 0.0056
vn 0.9782 0.1582 0.1347
vn 0.9875 -0.0182 0.1563
vn 0.8166 -0.5769 0.0187
vn 0.9991 -0.0414 0.0086
vn 0.9894 -0.1455 0.0022
vn 0.9873 -0.1585 0.0031
vn 0.7736 -0.6336 -0.0060
vn 0.9997 -0.0261 0.0002
vn 0.7090 -0.7051 -0.0049
vn 0.9966 -0.0827 -0.0015
vn 0.6591 -0.7521 0.0020
vn 0.6884 -0.7253 -0.0053
vn 0.9956 -0.0939 0.0016
vn 0.9978 -0.0661 -0.0023
vn 0.9897 -0.1431 0.0010
vn 0.9975 0.0707 -0.0084
vn 0.9912 -0.1322 0.0035
vn 0.7351 -0.6779 -0.0053
vn 0.9994 -0.0339 0.0095
vn 0.6711 -0.0943 -0.7354
vn 0.9697 -0.0982 -0.2239
vn 0.6081 -0.5616 -0.5611
vn 0.9994 0.0330 -0.0045
vn 1.0000 0.0020 0.0007
vn 0.9914 0.1308 0.0051
vn 0.7245 0.6893 0.0005
vn 0.9799 -0.0430 -0.1947
vn 0.5670 -0.7744 -0.2807
vn 0.9149 0.1787 -0.3621
vn 0.9483 0.0092 0.3173
vn 0.5358 0.0080 0.8443
vn 0.2570 -0.9528 0.1616
vn 0.9422 -0.2886 0.1703
vn 0.9647 -0.2624 -0.0202
vn 0.3115 -0.9496 -0.0357
vn 0.9811 0.1618 0.1062
vn 0.9768 0.2140 -0.0044
vn 0.9913 -0.1312 0.0036
vn 0.8771 0.4774 -0.0516
vn 0.9071 0.3619 0.2150
vn 0.9314 0.3628 -0.0290
vn 0.9991 -0.0396 0.0124
vn 0.9460 -0.3240 -0.0021
vn 0.9985 0.0449 -0.0298
vn 0.8698 -0.4574 0.1851
vn 0.9987 -0.0198 -0.0472
vn 0.7893 -0.6139 0.0107
vn 0.9939 -0.1072 0.0241
vn 0.9958 0.0369 0.0832
vn 0.4533 -0.8914 0.0027
vn 0.9957 0.0926 0.0035
vn 0.8772 0.4801 -0.0025
vn 0.9989 -0.0466 0.0091
vn 0.9998 -0.0212 -0.0047
vn 0.9997 0.0257 -0.0033
vn 0.9979 0.0426 -0.0491
vn -0.9265 -0.1448 0.3473
vn -0.9960 -0.0688 0.0573
vn -0.9620 -0.2706 0.0355
vn -0.9906 -0.1369 -0.0009
vn -0.8849 -0.3184 0.3399
vn -0.9486 -0.3137 -0.0416
vn -0.9556 -0.2009 -0.2157
vn -0.9467 -0.3202 -0.0349
vn -0.9477 -0.3111 0.0714
vn -0.9181 -0.2121 0.3348
vn -0.9770 -0.1844 0.1067
vn -0.5980 -0.1607 -0.7852
vn -0.8789 -0.3392 -0.3354
vn -0.8165 -0.2216 -0.5331
vn -0.8519 -0.3704 0.3703
vn -0.8681 -0.3679 -0.3331
vn -0.9929 -0.0969 0.0697
vn -0.9966 0.0756 0.0315
vn -0.9996 0.0277 -0.0019
vn -0.9867 -0.1627 0.0047
vn -0.9944 -0.1031 0.0222
vn -0.9999 0.0107 0.0103
vn -0.9110 -0.0717 0.4061
vn -0.9667 0.0538 0.2502
vn -0.9097 -0.1882 0.3702
vn -0.8757 -0.4823 -0.0232
vn -0.9557 0.0810 -0.2831
vn -0.9690 -0.0822 -0.2331
vn -0.9949 0.1010 0.0007
vn -0.9955 -0.0947 0.0063
vn -0.9965 -0.0815 -0.0187
vn -0.9851 0.1713 -0.0157
vn -0.9691 -0.0484 -0.2419
vn -0.8673 0.0844 -0.4906
vn -0.9636 -0.2644 0.0407
vn -0.7236 -0.0809 0.6854
vn -0.9693 -0.2415 0.0457
vn -0.8901 -0.4552 0.0241
vn -0.8801 -0.4718 -0.0522
vn -0.9600 -0.2773 -0.0372
vn -0.9728 -0.2308 -0.0173
vn -0.9640 -0.2269 -0.1387
vn -0.9439 -0.3294 -0.0230
vn -0.9030 -0.3920 0.1760
vn -0.9091 -0.4158 0.0248
vn -0.8390 -0.5051 -0.2025
vn -0.9491 -0.2930 -0.1158
vn -0.8373 -0.5269 0.1458
vn -0.6380 -0.0730 -0.7665
vn -0.9212 -0.3890 0.0075
vn -0.8363 -0.4792 -0.2666
vn -0.8697 -0.4025 0.2856
vn -0.9654 -0.2488 0.0786
vn -0.6988 -0.4893 0.5218
vn -0.9182 -0.3961 0.0034
vn -0.9710 -0.2387 -0.0106
vn -0.9579 -0.2869 0.0068
vn -0.9021 -0.4316 -0.0008
vn -0.8890 -0.4576 0.0168
vn -0.8186 -0.5740 -0.0192
vn -0.8905 -0.4550 -0.0067
vn -0.8567 -0.4725 0.2068
vn -0.9053 -0.4247 -0.0081
vn -0.9612 -0.2760 0.0017
vn -0.7991 -0.5393 -0.2656
vn -0.6135 -0.2899 -0.7345
vn -0.8987 -0.4385 -0.0090
vn -0.5021 -0.1988 0.8417
vn -0.7717 -0.5912 0.2344
vn -0.8634 -0.5044 0.0124
vn -0.7562 -0.5760 -0.3105
vn -0.8504 -0.5262 0.0011
vn -0.7348 -0.6783 0.0070
vn -0.8513 -0.4973 -0.1671
vn -0.8173 -0.5726 0.0643
vn -0.8398 -0.5428 -0.0052
vn -0.7840 -0.4996 0.3684
vn -0.7917 -0.6109 0.0030
vn -0.7819 -0.6234 -0.0095
vn -0.7254 -0.6534 -0.2166
vn -0.8270 -0.5622 -0.0004
vn -0.7564 -0.6536 0.0272
vn -0.8047 -0.5937 -0.0067
vn -0.7625 -0.6470 0.0008
vn -0.7844 -0.6202 -0.0078
vn -0.8248 -0.5654 -0.0085
vn -0.4891 -0.6992 0.5215
vn -0.7185 -0.6934 0.0551
vn -0.7093 -0.7031 0.0512
vn -0.7366 -0.6763 0.0034
vn -0.7021 -0.7120 -0.0020
vn -0.4761 -0.8627 0.1708
vn -0.6922 -0.7217 0.0022
vn -0.6388 -0.6155 0.4616
vn -0.6146 -0.6057 -0.5053
vn -0.6066 -0.7890 -0.0977
vn -0.6536 -0.7145 0.2497
vn -0.6882 -0.7177 -0.1059
vn -0.5808 -0.8141 0.0049
vn -0.6628 -0.7488 -0.0039
vn -0.5848 -0.7085 -0.3951
vn -0.6326 -0.7744 0.0085
vn -0.5160 -0.8547 0.0559
vn -0.4761 -0.8789 0.0296
vn -0.5551 -0.8317 -0.0132
vn -0.5227 -0.8525 -0.0037
vn -0.6647 -0.7378 0.1179
vn -0.4911 -0.8698 -0.0474
vn -0.4798 -0.8774 -0.0008
vn -0.3406 -0.9068 0.2484
vn -0.5897 -0.8070 0.0328
vn -0.4445 -0.8569 0.2612
vn -0.2788 -0.8019 -0.5284
vn -0.4228 -0.8392 -0.3421
vn -0.5162 -0.8548 0.0533
vn -0.3638 -0.9305 -0.0439
vn -0.9041 0.2852 -0.3181
vn -0.8800 0.4717 -0.0551
vn -0.9147 0.4041 0.0014
vn -0.8943 0.3932 -0.2137
vn -0.9782 0.2073 0.0144
vn -0.9487 0.3160 -0.0133
vn -0.7515 0.4716 -0.4614
vn -0.9563 0.2855 -0.0636
vn -0.8826 0.4692 -0.0301
vn -0.9072 0.3692 -0.2015
vn -0.8336 0.5515 0.0318
vn -0.7282 0.4239 0.5386
vn -0.9558 0.2939 0.0031
vn -0.8856 0.4644 0.0063
vn -0.6784 0.5595 0.4762
vn -0.8106 0.5836 -0.0488
vn -0.9088 0.4172 -0.0032
vn -0.9392 0.3432 0.0068
vn -0.8367 0.5476 0.0048
vn -0.4827 0.3395 -0.8073
vn -0.7269 0.6511 -0.2184
vn -0.7377 0.6527 0.1726
vn -0.7703 0.6118 -0.1801
vn -0.7235 0.6903 0.0047
vn -0.7528 0.6583 -0.0040
vn -0.7956 0.6057 -0.0152
vn -0.6702 0.6108 -0.4217
vn -0.8667 0.4988 0.0066
vn -0.6997 0.7144 0.0077
vn -0.7257 0.6879 -0.0063
vn -0.7014 0.7025 -0.1211
vn -0.6565 0.7543 -0.0040
vn -0.6874 0.7263 -0.0060
vn -0.6806 0.7312 -0.0449
vn -0.3064 0.4191 0.8547
vn -0.6534 0.7566 0.0238
vn -0.4534 0.7598 -0.4660
vn -0.1537 0.2056 -0.9665
vn -0.4636 0.8555 -0.2308
vn -0.5072 0.8617 -0.0165
vn -0.4728 0.8536 0.2188
vn -0.4749 0.8800 0.0088
vn -0.4816 0.8764 0.0020
vn -0.5596 0.8268 -0.0564
vn -0.5398 0.8418 0.0086
vn -0.3597 0.9241 -0.1288
vn -0.3044 0.9494 0.0776
vn -0.2915 0.9565 -0.0085
vn -0.3517 0.9361 0.0016
vn -0.3145 0.9465 -0.0724
vn -0.4678 0.8804 -0.0773
vn -0.0313 0.8979 0.4392
vn -0.0439 0.9476 0.3166
vn 0.0109 0.7361 -0.6767
vn -0.9461 0.3163 0.0695
vn -0.9194 0.3932 -0.0048
vn -0.8079 -0.0045 0.5893
vn -0.8089 0.2246 0.5434
vn -0.9239 0.1946 0.3293
vn -0.9996 0.0278 -0.0019
vn -0.9897 0.1427 0.0069
vn -0.9686 0.2475 0.0218
vn -0.7893 0.4291 0.4392
vn -0.9097 -0.1881 0.3702
vn -0.9405 0.0911 0.3274
vn -0.4715 0.1942 0.8602
vn -0.8017 0.5095 -0.3124
vn -0.8674 0.4951 0.0494
vn -0.9532 0.3023 0.0048
vn -0.8183 0.5745 -0.0185
vn -0.2864 0.0430 0.9572
vn -0.8461 0.3648 0.3885
vn -0.8807 0.4735 -0.0127
vn -0.8942 0.4351 0.1056
vn -0.8648 0.5019 0.0127
vn -0.5515 0.3540 0.7554
vn -0.7454 0.5993 0.2919
vn -0.7696 0.6384 0.0132
vn -0.7577 0.6295 0.1721
vn -0.7117 0.7024 0.0093
vn -0.7040 0.6970 0.1360
vn -0.6545 0.7555 0.0303
vn -0.3273 0.3552 0.8756
vn -0.5035 0.5158 0.6931
vn -0.5560 0.8302 0.0403
vn -0.3855 0.9215 0.0479
vn -0.2555 0.7944 0.5511
vn -0.6759 0.6567 -0.3346
vt 0.623581 0.961219
vt 0.645687 0.947465
vt 0.646216 0.972560
vt 0.656925 0.979623
vt 0.657310 0.956467
vt 0.816249 0.967077
vt 0.821603 0.944230
vt 0.828307 0.965221
vt 0.851244 0.942218
vt 0.848120 0.965326
vt 0.857287 0.985229
vt 0.858537 0.962519
vt 0.615518 0.936605
vt 0.611177 0.945895
vt 0.610744 0.972155
vt 0.624582 0.937046
vt 0.658567 0.935096
vt 0.664104 0.975482
vt 0.814884 0.949098
vt 0.860606 0.950641
vt 0.813502 0.989184
vt 0.841602 0.984349
vt 0.862467 0.972757
vt 0.648559 0.925313
vt 0.822474 0.986089
vt 0.839218 0.926412
vt 0.666718 0.941438
vt 0.818007 0.933837
vt 0.859771 0.925580
vt 0.820029 0.915113
vt 0.661197 0.982369
vt 0.809537 0.970258
vt 0.810786 0.932316
vt 0.660296 0.912921
vt 0.811852 0.945259
vt 0.867047 0.953228
vt 0.677790 0.972245
vt 0.814987 0.915894
vt 0.688647 0.949382
vt 0.711203 0.968910
vt 0.726299 0.949959
vt 0.743494 0.971956
vt 0.766929 0.942693
vt 0.773592 0.965478
vt 0.804589 0.956755
vt 0.792140 0.979118
vt 0.698276 0.932724
vt 0.801165 0.940606
vt 0.676698 0.918990
vt 0.726560 0.926943
vt 0.731843 0.987823
vt 0.755039 0.991255
vt 0.684501 0.995262
vt 0.713737 0.995293
vt 0.782202 0.999700
vt 0.782540 0.925480
vt 0.801311 0.995483
vt 0.669009 0.999700
vt 0.758502 0.920747
vt 0.801352 0.916312
vt 0.663689 0.924684
vt 0.697466 0.903965
vt 0.775127 0.906138
vt 0.811333 0.910632
vt 0.718331 0.905200
vt 0.744733 0.903061
vt 0.231699 0.239082
vt 0.228453 0.251200
vt 0.241516 0.233121
vt 0.219388 0.251080
vt 0.241145 0.222456
vt 0.251934 0.207735
vt 0.245776 0.200872
vt 0.250646 0.185642
vt 0.254802 0.189807
vt 0.244693 0.182668
vt 0.254578 0.180229
vt 0.242806 0.167521
vt 0.236060 0.169513
vt 0.224893 0.160614
vt 0.227049 0.155162
vt 0.221551 0.156142
vt 0.219388 0.161221
vt 0.031513 0.388055
vt 0.045244 0.375400
vt 0.049587 0.383553
vt 0.061489 0.365408
vt 0.074459 0.365759
vt 0.074691 0.354868
vt 0.096165 0.351850
vt 0.095590 0.363923
vt 0.104646 0.359398
vt 0.102344 0.345438
vt 0.111960 0.348244
vt 0.106852 0.373714
vt 0.087887 0.371132
vt 0.107686 0.368694
vt 0.111946 0.355732
vt 0.115051 0.369437
vt 0.120053 0.364477
vt 0.121791 0.374209
vt 0.114709 0.382398
vt 0.195034 0.496672
vt 0.183947 0.496816
vt 0.190868 0.491297
vt 0.124886 0.369784
vt 0.136555 0.388055
vt 0.189468 0.502802
vt 0.178444 0.498398
vt 0.179296 0.506833
vt 0.197655 0.505728
vt 0.195786 0.520723
vt 0.187208 0.515892
vt 0.173968 0.522458
vt 0.177173 0.528023
vt 0.183666 0.536433
vt 0.200080 0.540873
vt 0.201259 0.527182
vt 0.174866 0.541626
vt 0.192796 0.546062
vt 0.199106 0.554691
vt 0.181436 0.560958
vt 0.174465 0.559283
vt 0.194495 0.568535
vt 0.199475 0.574261
vt 0.174166 0.575957
vt 0.189354 0.579046
vt 0.178798 0.591180
vt 0.194920 0.595298
vt 0.200328 0.590196
vt 0.173274 0.589365
vt 0.185647 0.603263
vt 0.199483 0.605427
vt 0.173872 0.607002
vt 0.194888 0.621814
vt 0.200374 0.621624
vt 0.173989 0.622655
vt 0.185733 0.628971
vt 0.199222 0.640296
vt 0.173061 0.643292
vt 0.194750 0.642606
vt 0.177218 0.649351
vt 0.186917 0.656102
vt 0.197929 0.657797
vt 0.172612 0.660553
vt 0.176920 0.663502
vt 0.192736 0.671670
vt 0.198300 0.675761
vt 0.173394 0.677154
vt 0.181811 0.676271
vt 0.194995 0.689795
vt 0.185889 0.698943
vt 0.198793 0.696621
vt 0.174254 0.702960
vt 0.197293 0.714263
vt 0.191636 0.720964
vt 0.179776 0.721340
vt 0.170580 0.709979
vt 0.171918 0.724240
vt 0.198246 0.726872
vt 0.185740 0.732901
vt 0.197415 0.732473
vt 0.170869 0.732836
vt 0.191020 0.736401
vt 0.199631 0.737930
vt 0.177110 0.736760
vt 0.169111 0.738293
vt 0.178653 0.743366
vt 0.191517 0.746170
vt 0.168968 0.750344
vt 0.200916 0.751287
vt 0.175272 0.759974
vt 0.187794 0.766262
vt 0.170209 0.769198
vt 0.199091 0.769684
vt 0.175911 0.776410
vt 0.186626 0.786483
vt 0.196650 0.787006
vt 0.201981 0.785416
vt 0.170500 0.786440
vt 0.179776 0.799560
vt 0.201629 0.803179
vt 0.169493 0.799880
vt 0.193271 0.804235
vt 0.172819 0.808637
vt 0.182194 0.809777
vt 0.199113 0.811910
vt 0.177596 0.815385
vt 0.190170 0.814627
vt 0.168968 0.815426
vt 0.524097 0.799812
vt 0.517057 0.794007
vt 0.516998 0.782893
vt 0.506544 0.777954
vt 0.531994 0.815010
vt 0.525202 0.820150
vt 0.506812 0.791430
vt 0.518633 0.813151
vt 0.500807 0.779187
vt 0.533204 0.829226
vt 0.505564 0.770374
vt 0.493493 0.764883
vt 0.531113 0.839494
vt 0.535714 0.846507
vt 0.487758 0.766238
vt 0.487224 0.775301
vt 0.478622 0.759604
vt 0.525184 0.837895
vt 0.079091 0.871335
vt 0.058344 0.872176
vt 0.056113 0.866745
vt 0.112522 0.868149
vt 0.118187 0.874743
vt 0.099374 0.874850
vt 0.042892 0.867728
vt 0.531578 0.857614
vt 0.475070 0.769589
vt 0.527206 0.852398
vt 0.086027 0.865514
vt 0.035567 0.858370
vt 0.062417 0.862665
vt 0.032497 0.863468
vt 0.104930 0.864485
vt 0.093218 0.856496
vt 0.097007 0.864549
vt 0.077064 0.863609
vt 0.472358 0.777588
vt 0.040434 0.854762
vt 0.119647 0.860461
vt 0.107042 0.863573
vt 0.104725 0.859210
vt 0.131836 0.860055
vt 0.127698 0.866423
vt 0.065008 0.852628
vt 0.058881 0.858638
vt 0.522351 0.865226
vt 0.076431 0.855732
vt 0.122712 0.851192
vt 0.518500 0.860976
vt 0.522256 0.850221
vt 0.026044 0.855911
vt 0.464028 0.761441
vt 0.523917 0.871760
vt 0.045554 0.851444
vt 0.055426 0.842189
vt 0.106167 0.844789
vt 0.464029 0.771489
vt 0.020195 0.850851
vt 0.023207 0.846768
vt 0.136514 0.849640
vt 0.080899 0.839973
vt 0.029623 0.840800
vt 0.015216 0.845386
vt 0.461755 0.779732
vt 0.456912 0.768787
vt 0.043798 0.835129
vt 0.511533 0.866533
vt 0.094347 0.841142
vt 0.073659 0.840741
vt 0.516037 0.874850
vt 0.457882 0.776848
vt 0.130953 0.833185
vt 0.018358 0.835706
vt 0.118650 0.826503
vt 0.139079 0.833090
vt 0.074516 0.818609
vt 0.456979 0.783806
vt 0.024219 0.830371
vt 0.451998 0.774836
vt 0.452981 0.781284
vt 0.506471 0.870406
vt 0.105296 0.826693
vt 0.449618 0.784573
vt 0.446131 0.769054
vt 0.451012 0.765209
vt 0.011453 0.835569
vt 0.018000 0.825760
vt 0.030874 0.830732
vt 0.090022 0.831139
vt 0.027977 0.824563
vt 0.449115 0.779692
vt 0.006974 0.824144
vt 0.443702 0.776416
vt 0.060620 0.820524
vt 0.083733 0.826074
vt 0.021779 0.820199
vt 0.443630 0.783379
vt 0.009807 0.813387
vt 0.436017 0.777817
vt 0.021220 0.790271
vt 0.000300 0.805692
vt 0.419704 0.772156
vt 0.440764 0.761984
vt 0.028678 0.808589
vt 0.032681 0.813633
vt 0.046828 0.809872
vt 0.094604 0.820912
vt 0.431895 0.789851
vt 0.138075 0.815769
vt 0.084516 0.808258
vt 0.120674 0.808007
vt 0.062799 0.806866
vt 0.414601 0.783264
vt 0.113421 0.805671
vt 0.100033 0.804047
vt 0.091382 0.814342
vt 0.004913 0.782381
vt 0.074429 0.803839
vt 0.080109 0.805615
vt 0.131557 0.806968
vt 0.092983 0.803897
vt 0.030654 0.783282
vt 0.078753 0.795288
vt 0.414858 0.793440
vt 0.045748 0.792738
vt 0.033358 0.794435
vt 0.141839 0.800271
vt 0.137255 0.801439
vt 0.126243 0.790586
vt 0.082534 0.795469
vt 0.090998 0.794710
vt 0.068073 0.791097
vt 0.134499 0.792270
vt 0.120180 0.790344
vt 0.105404 0.790290
vt 0.075397 0.785044
vt 0.011528 0.766550
vt 0.137952 0.787510
vt 0.401014 0.787265
vt 0.042479 0.773508
vt 0.398816 0.778509
vt 0.390575 0.773518
vt 0.400747 0.797558
vt 0.056335 0.765483
vt 0.091243 0.764622
vt 0.084730 0.784195
vt 0.031441 0.775784
vt 0.080510 0.776083
vt 0.143553 0.778405
vt 0.134525 0.776282
vt 0.029521 0.758603
vt 0.386107 0.788031
vt 0.125794 0.770555
vt 0.075695 0.763384
vt 0.109006 0.769628
vt 0.388754 0.799267
vt 0.002643 0.749145
vt 0.018783 0.742627
vt 0.139718 0.770972
vt 0.373701 0.784581
vt 0.007450 0.736086
vt 0.035567 0.758072
vt 0.082665 0.755719
vt 0.068097 0.758698
vt 0.143666 0.762212
vt 0.033993 0.732107
vt 0.374639 0.801012
vt 0.372453 0.809022
vt 0.045323 0.743168
vt 0.138378 0.751293
vt 0.366585 0.781393
vt 0.132614 0.746059
vt 0.109146 0.745625
vt 0.360259 0.794505
vt 0.124319 0.756870
vt 0.023740 0.716488
vt 0.064740 0.737984
vt 0.352663 0.810510
vt 0.037980 0.733276
vt 0.008884 0.712157
vt 0.078544 0.743647
vt 0.145225 0.747388
vt 0.338410 0.790788
vt 0.002212 0.711709
vt 0.089969 0.735678
vt 0.124810 0.742846
vt 0.083167 0.736214
vt 0.034146 0.699792
vt 0.137509 0.721026
vt 0.126159 0.729195
vt 0.084037 0.714752
vt 0.115129 0.733474
vt 0.334612 0.803267
vt 0.012206 0.693449
vt 0.078683 0.726366
vt 0.145545 0.724045
vt 0.049589 0.714539
vt 0.025532 0.684706
vt 0.059461 0.715438
vt 0.105989 0.723477
vt 0.117392 0.715665
vt 0.068835 0.716464
vt 0.319574 0.822901
vt 0.003122 0.681259
vt 0.098665 0.709357
vt 0.040035 0.712919
vt 0.129574 0.715506
vt 0.312788 0.801460
vt 0.034378 0.678153
vt 0.088329 0.704139
vt 0.008814 0.664614
vt 0.076811 0.698839
vt 0.304431 0.816733
vt 0.064317 0.697039
vt 0.147721 0.705923
vt 0.310622 0.794084
vt 0.041913 0.694778
vt 0.036191 0.653716
vt 0.127241 0.698610
vt 0.024101 0.656287
vt 0.049173 0.695548
vt 0.142769 0.696698
vt 0.112661 0.696780
vt 0.091560 0.691985
vt 0.058906 0.685095
vt 0.288866 0.801946
vt 0.100193 0.688605
vt 0.088506 0.687097
vt 0.083795 0.688294
vt 0.148025 0.691519
vt 0.287612 0.808664
vt 0.049531 0.681823
vt 0.116375 0.685157
vt 0.009970 0.632661
vt 0.042385 0.673579
vt 0.131373 0.683705
vt 0.002327 0.640315
vt 0.071653 0.679444
vt 0.026430 0.637596
vt 0.034497 0.631477
vt 0.287561 0.831699
vt 0.142559 0.681029
vt 0.093318 0.677501
vt 0.270797 0.823111
vt 0.059140 0.670321
vt 0.089268 0.671417
vt 0.106304 0.677166
vt 0.149269 0.674280
vt 0.128757 0.668643
vt 0.049368 0.666278
vt 0.116338 0.669254
vt 0.084483 0.667097
vt 0.071889 0.663501
vt 0.002552 0.614688
vt 0.268391 0.809680
vt 0.102973 0.660738
vt 0.139163 0.662029
vt 0.092652 0.658619
vt 0.268974 0.835743
vt 0.027064 0.606220
vt 0.148260 0.659432
vt 0.010575 0.609032
vt 0.035080 0.607949
vt 0.120675 0.654686
vt 0.054898 0.651094
vt 0.046133 0.652660
vt 0.079057 0.652391
vt 0.252576 0.839186
vt 0.250679 0.814387
vt 0.088278 0.645116
vt 0.066726 0.640870
vt 0.002055 0.590034
vt 0.009496 0.592481
vt 0.033695 0.589664
vt 0.132826 0.649196
vt 0.239138 0.832281
vt 0.108610 0.643796
vt 0.093850 0.644809
vt 0.143005 0.644927
vt 0.125922 0.635184
vt 0.023375 0.573903
vt 0.078550 0.635489
vt 0.058065 0.637561
vt 0.048621 0.632784
vt 0.008396 0.571954
vt 0.150397 0.647518
vt 0.231941 0.820556
vt 0.001349 0.571383
vt 0.095034 0.627187
vt 0.150975 0.636467
vt 0.034281 0.570428
vt 0.053375 0.621454
vt 0.106832 0.623377
vt 0.067547 0.624230
vt 0.145744 0.632231
vt 0.089050 0.623861
vt 0.235249 0.847329
vt 0.229203 0.843478
vt 0.076529 0.614329
vt 0.150904 0.624484
vt 0.048987 0.622049
vt 0.138470 0.619336
vt 0.225748 0.828304
vt 0.030753 0.562150
vt 0.016195 0.562152
vt 0.224434 0.820777
vt 0.000804 0.563045
vt 0.000745 0.556721
vt 0.222205 0.831899
vt 0.227711 0.852198
vt 0.017731 0.558050
vt 0.224474 0.844977
vt 0.039059 0.555344
vt 0.218994 0.819507
vt 0.209546 0.843055
vt 0.211234 0.822807
vt 0.221476 0.851849
vt 0.092909 0.614718
vt 0.018574 0.543688
vt 0.146471 0.614428
vt 0.120747 0.616893
vt 0.000722 0.544930
vt 0.061853 0.607787
vt 0.053451 0.609529
vt 0.038073 0.538341
vt 0.098326 0.612456
vt 0.089097 0.605087
vt 0.207695 0.857323
vt 0.219525 0.857711
vt 0.151035 0.609283
vt 0.095675 0.599677
vt 0.141959 0.606753
vt 0.008669 0.524888
vt 0.198559 0.836970
vt 0.075663 0.594164
vt 0.106144 0.604243
vt 0.122220 0.598652
vt 0.056707 0.598311
vt 0.193488 0.827594
vt 0.197503 0.821031
vt 0.135881 0.601533
vt 0.000300 0.524033
vt 0.147456 0.600385
vt 0.026811 0.518369
vt 0.189782 0.856750
vt 0.043030 0.522067
vt 0.180299 0.845069
vt 0.104797 0.586754
vt 0.141202 0.588915
vt 0.004669 0.508476
vt 0.061648 0.587994
vt 0.133372 0.589560
vt 0.189919 0.863974
vt 0.137745 0.588353
vt 0.091071 0.590047
vt 0.015551 0.496827
vt 0.039098 0.503203
vt 0.094647 0.581930
vt 0.146794 0.587033
vt 0.152243 0.592122
vt 0.170391 0.833982
vt 0.046330 0.508059
vt 0.055851 0.578503
vt 0.086851 0.575188
vt 0.123285 0.583988
vt 0.065080 0.575151
vt 0.073554 0.575117
vt 0.148091 0.579213
vt 0.169872 0.865579
vt 0.137762 0.579976
vt 0.098297 0.575527
vt 0.165277 0.858539
vt 0.153962 0.579480
vt 0.133406 0.578154
vt 0.107269 0.575116
vt 0.157290 0.849701
vt 0.045734 0.491089
vt 0.140746 0.576946
vt 0.126076 0.574110
vt 0.094956 0.572496
vt 0.024965 0.484417
vt 0.007525 0.485451
vt 0.059543 0.566612
vt 0.137740 0.573520
vt 0.150020 0.574200
vt 0.142796 0.572741
vt 0.115395 0.571200
vt 0.165545 0.830134
vt 0.149657 0.838075
vt 0.070478 0.566258
vt 0.101179 0.568601
vt 0.041101 0.480817
vt 0.083560 0.566642
vt 0.016356 0.475334
vt 0.153271 0.868652
vt 0.159361 0.872679
vt 0.047933 0.478283
vt 0.006614 0.473885
vt 0.039284 0.472111
vt 0.148234 0.863529
vt 0.050786 0.468796
vt 0.143369 0.855083
vt 0.029475 0.465900
vt 0.041448 0.463227
vt 0.013569 0.462485
vt 0.146645 0.874850
vt 0.140198 0.837529
vt 0.138956 0.846042
vt 0.763364 0.827417
vt 0.777007 0.830088
vt 0.743858 0.834034
vt 0.801339 0.819390
vt 0.791848 0.816245
vt 0.081847 0.248093
vt 0.082401 0.270058
vt 0.086735 0.244874
vt 0.074575 0.262807
vt 0.818711 0.799232
vt 0.820779 0.805188
vt 0.075843 0.279257
vt 0.077253 0.288770
vt 0.076392 0.226197
vt 0.086520 0.228780
vt 0.070671 0.292734
vt 0.065350 0.305941
vt 0.068559 0.284500
vt 0.812341 0.793741
vt 0.079680 0.214805
vt 0.075313 0.242318
vt 0.068848 0.277998
vt 0.058439 0.305283
vt 0.729490 0.800260
vt 0.732885 0.788589
vt 0.736675 0.800434
vt 0.740861 0.790106
vt 0.742091 0.799995
vt 0.752013 0.797753
vt 0.059889 0.294508
vt 0.800479 0.803193
vt 0.807156 0.786169
vt 0.060143 0.264825
vt 0.071255 0.228043
vt 0.765461 0.797245
vt 0.776509 0.789566
vt 0.772012 0.797963
vt 0.715470 0.795381
vt 0.726174 0.793037
vt 0.783070 0.791312
vt 0.765713 0.786155
vt 0.753322 0.788564
vt 0.824238 0.787107
vt 0.721283 0.778165
vt 0.062373 0.204982
vt 0.050720 0.305709
vt 0.789464 0.783461
vt 0.064901 0.214284
vt 0.779210 0.784832
vt 0.051066 0.316026
vt 0.773650 0.763307
vt 0.796104 0.784911
vt 0.809964 0.775732
vt 0.736857 0.778784
vt 0.050720 0.207229
vt 0.054698 0.218470
vt 0.799904 0.777075
vt 0.707276 0.780641
vt 0.817927 0.771704
vt 0.827431 0.777555
vt 0.744245 0.773203
vt 0.789020 0.761359
vt 0.730980 0.770741
vt 0.754350 0.768663
vt 0.802363 0.767674
vt 0.737760 0.760799
vt 0.807839 0.767088
vt 0.733875 0.762309
vt 0.722482 0.755402
vt 0.704750 0.760824
vt 0.695644 0.776793
vt 0.807402 0.760178
vt 0.815568 0.764189
vt 0.816716 0.754316
vt 0.729895 0.756713
vt 0.823362 0.761129
vt 0.800040 0.752389
vt 0.748451 0.754519
vt 0.752110 0.759353
vt 0.825972 0.745378
vt 0.742276 0.744796
vt 0.695766 0.752992
vt 0.756668 0.746387
vt 0.751134 0.746399
vt 0.806486 0.739635
vt 0.718799 0.739918
vt 0.733498 0.739558
vt 0.747389 0.740614
vt 0.815653 0.732203
vt 0.759449 0.733848
vt 0.702138 0.737789
vt 0.727489 0.739111
vt 0.786140 0.725898
vt 0.774036 0.735619
vt 0.798326 0.729089
vt 0.749286 0.722193
vt 0.694296 0.734156
vt 0.745848 0.728374
vt 0.819063 0.719353
vt 0.725125 0.722377
vt 0.741022 0.715967
vt 0.768463 0.722075
vt 0.824991 0.715187
vt 0.718308 0.722856
vt 0.807538 0.708902
vt 0.730394 0.711549
vt 0.772585 0.717464
vt 0.796199 0.707757
vt 0.701882 0.723641
vt 0.758096 0.714895
vt 0.776372 0.706228
vt 0.692630 0.718798
vt 0.768084 0.703300
vt 0.819212 0.696929
vt 0.758066 0.697867
vt 0.704939 0.705395
vt 0.783377 0.701153
vt 0.717833 0.704076
vt 0.827304 0.693117
vt 0.691155 0.702744
vt 0.724594 0.703276
vt 0.746490 0.700102
vt 0.796414 0.677926
vt 0.811634 0.687125
vt 0.748273 0.685409
vt 0.736926 0.693661
vt 0.740785 0.688724
vt 0.790718 0.687173
vt 0.785812 0.684957
vt 0.776656 0.679589
vt 0.770460 0.682360
vt 0.722423 0.690220
vt 0.818715 0.675248
vt 0.730129 0.688259
vt 0.713334 0.688066
vt 0.700124 0.693062
vt 0.725792 0.690765
vt 0.764776 0.681713
vt 0.753287 0.669897
vt 0.743234 0.678897
vt 0.688963 0.684134
vt 0.803570 0.663786
vt 0.724988 0.675356
vt 0.720883 0.679283
vt 0.732603 0.671657
vt 0.702244 0.678334
vt 0.781928 0.668728
vt 0.787980 0.665010
vt 0.771003 0.666542
vt 0.757343 0.662521
vt 0.745460 0.665310
vt 0.714305 0.671412
vt 0.765661 0.661199
vt 0.738644 0.670463
vt 0.815393 0.647100
vt 0.826252 0.655231
vt 0.719590 0.664129
vt 0.775639 0.655598
vt 0.793211 0.654320
vt 0.688256 0.671983
vt 0.802758 0.646797
vt 0.723785 0.657331
vt 0.695710 0.655232
vt 0.740814 0.659828
vt 0.705630 0.659838
vt 0.769243 0.653391
vt 0.686623 0.658818
vt 0.736923 0.654702
vt 0.792965 0.636949
vt 0.731165 0.654380
vt 0.713943 0.654341
vt 0.747359 0.648233
vt 0.751762 0.646664
vt 0.742420 0.649913
vt 0.718456 0.649739
vt 0.785057 0.640948
vt 0.819846 0.618911
vt 0.769055 0.641177
vt 0.703251 0.649268
vt 0.762442 0.643980
vt 0.806715 0.627463
vt 0.738925 0.645430
vt 0.699148 0.645294
vt 0.689403 0.646845
vt 0.777324 0.639531
vt 0.727587 0.641460
vt 0.754199 0.636303
vt 0.706266 0.643140
vt 0.712513 0.643377
vt 0.740949 0.637828
vt 0.683912 0.641263
vt 0.720878 0.637786
vt 0.735051 0.641490
vt 0.746505 0.635463
vt 0.695672 0.641051
vt 0.716101 0.634158
vt 0.760674 0.629462
vt 0.799973 0.614236
vt 0.691932 0.635049
vt 0.789650 0.614390
vt 0.776574 0.626820
vt 0.737094 0.629637
vt 0.705280 0.633487
vt 0.811229 0.596462
vt 0.698053 0.633287
vt 0.687407 0.631469
vt 0.768219 0.627769
vt 0.733148 0.627496
vt 0.694195 0.629396
vt 0.726618 0.627058
vt 0.783017 0.625578
vt 0.797773 0.597831
vt 0.750026 0.620965
vt 0.789374 0.591914
vt 0.739679 0.625567
vt 0.710735 0.626414
vt 0.743989 0.618876
vt 0.820884 0.590933
vt 0.718285 0.619502
vt 0.768613 0.614080
vt 0.756859 0.613602
vt 0.705255 0.617262
vt 0.764317 0.617935
vt 0.694804 0.616914
vt 0.778221 0.611616
vt 0.760799 0.614427
vt 0.688785 0.616745
vt 0.735544 0.617893
vt 0.714180 0.619889
vt 0.682875 0.619004
vt 0.737671 0.611670
vt 0.731747 0.611889
vt 0.724256 0.610724
vt 0.799894 0.579869
vt 0.746164 0.603506
vt 0.752291 0.609993
vt 0.763921 0.604598
vt 0.758894 0.601120
vt 0.792356 0.569426
vt 0.742399 0.604870
vt 0.712481 0.606348
vt 0.733799 0.604303
vt 0.819709 0.568221
vt 0.773205 0.600611
vt 0.784370 0.559139
vt 0.809991 0.561882
vt 0.716439 0.601412
vt 0.754552 0.597634
vt 0.777744 0.597860
vt 0.681333 0.606087
vt 0.705661 0.595230
vt 0.748312 0.593023
vt 0.691183 0.600561
vt 0.730053 0.599368
vt 0.733445 0.591527
vt 0.763645 0.593044
vt 0.721588 0.593655
vt 0.797370 0.544994
vt 0.739600 0.588921
vt 0.775583 0.581384
vt 0.680219 0.592946
vt 0.710775 0.588834
vt 0.769938 0.584013
vt 0.816871 0.540817
vt 0.756116 0.584551
vt 0.763886 0.575363
vt 0.727840 0.582311
vt 0.750678 0.581184
vt 0.743201 0.584735
vt 0.687707 0.588513
vt 0.714724 0.586451
vt 0.810615 0.531298
vt 0.719891 0.580101
vt 0.700924 0.581468
vt 0.784347 0.524676
vt 0.740780 0.576097
vt 0.680141 0.578939
vt 0.734132 0.572983
vt 0.753553 0.573187
vt 0.730888 0.577387
vt 0.818356 0.517730
vt 0.802341 0.516243
vt 0.771891 0.567816
vt 0.711320 0.568721
vt 0.688167 0.570800
vt 0.725183 0.568300
vt 0.746724 0.563851
vt 0.701338 0.566575
vt 0.787500 0.510787
vt 0.729070 0.564640
vt 0.764894 0.558897
vt 0.678256 0.564683
vt 0.752608 0.562234
vt 0.758934 0.559808
vt 0.739566 0.561067
vt 0.780196 0.506419
vt 0.719908 0.559969
vt 0.818089 0.504138
vt 0.770253 0.560520
vt 0.797462 0.504076
vt 0.805187 0.500429
vt 0.780399 0.499906
vt 0.789970 0.498689
vt 0.819986 0.494006
vt 0.724480 0.553541
vt 0.825529 0.501847
vt 0.808849 0.493607
vt 0.788509 0.485844
vt 0.776315 0.490193
vt 0.765700 0.547471
vt 0.731754 0.548616
vt 0.708900 0.555030
vt 0.741151 0.546031
vt 0.680556 0.555427
vt 0.684692 0.545130
vt 0.748626 0.552865
vt 0.697969 0.550013
vt 0.727353 0.548893
vt 0.758004 0.548174
vt 0.751212 0.549476
vt 0.807793 0.473577
vt 0.676754 0.548757
vt 0.821537 0.469366
vt 0.706653 0.546012
vt 0.776471 0.468613
vt 0.715736 0.545293
vt 0.749511 0.541659
vt 0.785005 0.456100
vt 0.709679 0.540418
vt 0.722798 0.537863
vt 0.758196 0.530923
vt 0.701047 0.537958
vt 0.743194 0.527228
vt 0.726072 0.534334
vt 0.683739 0.531959
vt 0.813032 0.450785
vt 0.677697 0.536715
vt 0.705577 0.534076
vt 0.713905 0.532821
vt 0.763415 0.527634
vt 0.821328 0.449916
vt 0.777604 0.436918
vt 0.727469 0.526808
vt 0.792120 0.436661
vt 0.696798 0.523226
vt 0.708365 0.526501
vt 0.721551 0.520522
vt 0.704659 0.522368
vt 0.675160 0.527511
vt 0.726049 0.518641
vt 0.685783 0.523755
vt 0.821572 0.427916
vt 0.714808 0.518946
vt 0.675683 0.521035
vt 0.762519 0.514270
vt 0.806668 0.422206
vt 0.706028 0.515569
vt 0.743572 0.511286
vt 0.681735 0.518755
vt 0.686565 0.517071
vt 0.757890 0.509586
vt 0.779720 0.416234
vt 0.692463 0.515495
vt 0.697930 0.517142
vt 0.710504 0.512737
vt 0.684116 0.514872
vt 0.722474 0.510633
vt 0.674970 0.515591
vt 0.681559 0.515358
vt 0.703654 0.513072
vt 0.699845 0.512096
vt 0.787063 0.412693
vt 0.762920 0.507936
vt 0.756949 0.504289
vt 0.745225 0.505725
vt 0.733900 0.507535
vt 0.785005 0.401341
vt 0.818737 0.405876
vt 0.827431 0.409506
vt 0.800713 0.402066
vt 0.826253 0.395378
vt 0.791310 0.387455
vt 0.805312 0.392485
vt 0.782280 0.391255
vt 0.180786 0.275210
vt 0.187721 0.265719
vt 0.198707 0.273145
vt 0.225669 0.270793
vt 0.209709 0.265334
vt 0.152538 0.266561
vt 0.168557 0.266848
vt 0.168217 0.261515
vt 0.199019 0.256930
vt 0.174865 0.256293
vt 0.151650 0.261055
vt 0.237221 0.259694
vt 0.217270 0.254384
vt 0.224752 0.258122
vt 0.159907 0.254199
vt 0.236688 0.250600
vt 0.145636 0.250600
vt 0.251926 0.258144
vt 0.135954 0.254159
vt 0.254802 0.252281
vt 0.276411 0.251086
vt 0.267233 0.242298
vt 0.275933 0.223222
vt 0.268407 0.262340
vt 0.266697 0.222523
vt 0.258662 0.238252
vt 0.271234 0.193318
vt 0.265531 0.201737
vt 0.259237 0.218570
vt 0.274827 0.279247
vt 0.258281 0.257983
vt 0.259956 0.273357
vt 0.265089 0.284287
vt 0.258333 0.189376
vt 0.256603 0.204142
vt 0.256603 0.283902
vt 0.269770 0.293156
vt 0.276287 0.295192
vt 0.259759 0.293935
vt 0.265103 0.299796
vt 0.269545 0.305822
vt 0.860101 0.866594
vt 0.853900 0.878832
vt 0.846524 0.863445
vt 0.548948 0.873242
vt 0.541817 0.878898
vt 0.540516 0.863445
vt 0.565369 0.867894
vt 0.553527 0.886758
vt 0.837933 0.877648
vt 0.651268 0.876532
vt 0.661328 0.873572
vt 0.662661 0.887894
vt 0.752911 0.886277
vt 0.747114 0.873227
vt 0.771080 0.868397
vt 0.863464 0.875377
vt 0.937275 0.869632
vt 0.933000 0.882746
vt 0.934641 0.864048
vt 0.907528 0.866143
vt 0.922499 0.866325
vt 0.914564 0.876247
vt 0.710865 0.866421
vt 0.726994 0.876139
vt 0.709654 0.880656
vt 0.817784 0.864061
vt 0.825749 0.876095
vt 0.817148 0.878408
vt 0.926261 0.874868
vt 0.571307 0.879773
vt 0.777669 0.884945
vt 0.894649 0.875056
vt 0.649049 0.888863
vt 0.789188 0.871249
vt 0.638530 0.883359
vt 0.870715 0.870062
vt 0.882594 0.884838
vt 0.666748 0.872988
vt 0.603303 0.876302
vt 0.608017 0.870007
vt 0.603376 0.888230
vt 0.736156 0.887544
vt 0.844537 0.887008
vt 0.861671 0.889342
vt 0.587852 0.880221
vt 0.617608 0.876668
vt 0.610252 0.891712
vt 0.626357 0.892079
vt 0.693466 0.877893
vt 0.705514 0.889195
vt 0.801270 0.883141
vt 0.803762 0.874187
vt 0.869414 0.884286
vt 0.908552 0.885964
vt 0.619059 0.897957
vt 0.675605 0.879971
vt 0.821858 0.892967
vt 0.567493 0.891523
vt 0.851488 0.889482
vt 0.833225 0.890582
vt 0.868190 0.894043
vt 0.544962 0.899667
vt 0.670143 0.895864
vt 0.921923 0.886440
vt 0.637968 0.893871
vt 0.587483 0.894729
vt 0.838363 0.893406
vt 0.647621 0.902679
vt 0.680848 0.903190
vt 0.768111 0.896661
vt 0.804889 0.895772
vt 0.601251 0.900509
vt 0.572320 0.902281
vt 0.628144 0.903286
vt 0.607610 0.902968
vt 0.928611 0.892321
vt 0.920475 0.898498
vt 0.556517 0.903640
vt 0.853267 0.896727
vt 0.722870 0.902772
vt 0.845499 0.898142
vt 0.892274 0.897228
vt 0.747895 0.898265
vt 0.876056 0.894676
vt 0.788373 0.900808
vt 0.831209 0.908826
vt 0.610475 0.910404
vt 0.665472 0.912017
vt 0.819386 0.906822
vt 0.813401 0.905304
vt 0.622076 0.915066
vt 0.860071 0.904875
vt 0.866865 0.904109
vt 0.848011 0.906068
vt 0.108722 0.393342
vt 0.104652 0.380535
vt 0.134081 0.392342
vt 0.045437 0.393702
vt 0.031134 0.400307
vt 0.025066 0.387451
vt 0.019912 0.394974
vt 0.069755 0.397286
vt 0.062076 0.403714
vt 0.065583 0.387302
vt 0.055655 0.388579
vt 0.019508 0.410389
vt 0.082496 0.385006
vt 0.149160 0.380252
vt 0.142784 0.400176
vt 0.082134 0.399085
vt 0.055467 0.404508
vt 0.038271 0.410217
vt 0.040120 0.398343
vt 0.049048 0.400297
vt 0.043009 0.405242
vt 0.074260 0.392989
vt 0.076368 0.411387
vt 0.048120 0.405772
vt 0.116368 0.401874
vt 0.091789 0.406755
vt 0.109299 0.409061
vt 0.032248 0.411000
vt 0.131820 0.406702
vt 0.051467 0.410048
vt 0.070824 0.416568
vt 0.029407 0.421734
vt 0.046638 0.412530
vt 0.052500 0.414868
vt 0.143249 0.412719
vt 0.042003 0.417565
vt 0.085223 0.417376
vt 0.134812 0.414850
vt 0.125034 0.415779
vt 0.047395 0.422080
vt 0.108751 0.416453
vt 0.059854 0.419127
vt 0.110327 0.422054
vt 0.078766 0.423434
vt 0.019982 0.428367
vt 0.058052 0.426948
vt 0.031992 0.428416
vt 0.140674 0.421647
vt 0.131160 0.422199
vt 0.090692 0.422425
vt 0.111900 0.428510
vt 0.085197 0.426203
vt 0.020569 0.433690
vt 0.576305 0.368021
vt 0.575575 0.349215
vt 0.587203 0.354465
vt 0.136207 0.429761
vt 0.579344 0.332546
vt 0.581788 0.372489
vt 0.575328 0.381539
vt 0.036301 0.432708
vt 0.574730 0.322248
vt 0.580639 0.319421
vt 0.581973 0.384622
vt 0.072505 0.427428
vt 0.095238 0.438475
vt 0.059932 0.435207
vt 0.592182 0.292119
vt 0.582825 0.305923
vt 0.582061 0.283823
vt 0.588350 0.319828
vt 0.587343 0.278265
vt 0.592768 0.374852
vt 0.140366 0.438475
vt 0.143184 0.429505
vt 0.590990 0.340408
vt 0.590216 0.390431
vt 0.131141 0.438135
vt 0.583713 0.126636
vt 0.591320 0.135953
vt 0.588091 0.151220
vt 0.598446 0.211005
vt 0.586003 0.219994
vt 0.586857 0.195474
vt 0.605008 0.028227
vt 0.589937 0.053734
vt 0.585868 0.021078
vt 0.600743 0.166443
vt 0.590327 0.177629
vt 0.596140 0.232845
vt 0.586339 0.242010
vt 0.595671 0.067610
vt 0.588160 0.086044
vt 0.600445 0.102289
vt 0.585572 0.111134
vt 0.602171 0.122799
vt 0.600407 0.144921
vt 0.601352 0.251365
vt 0.587423 0.261439
vt 0.598840 0.265792
vt 0.597705 0.325541
vt 0.604474 0.309068
vt 0.608015 0.015436
vt 0.586206 0.012644
vt 0.604529 0.084319
vt 0.605399 0.197785
vt 0.609027 0.357589
vt 0.600857 0.385379
vt 0.613280 0.007923
vt 0.607210 0.392857
vt 0.609343 0.335825
vt 0.617204 0.276597
vt 0.616177 0.376590
vt 0.626339 0.059202
vt 0.610864 0.292528
vt 0.624691 0.160400
vt 0.620699 0.346599
vt 0.623633 0.180491
vt 0.620761 0.220058
vt 0.614594 0.387924
vt 0.624907 0.142674
vt 0.625672 0.312275
vt 0.620923 0.243151
vt 0.622253 0.119959
vt 0.629182 0.195581
vt 0.635973 0.365239
vt 0.628194 0.094406
vt 0.631066 0.294797
vt 0.627971 0.259510
vt 0.635835 0.329599
vt 0.629873 0.388458
vt 0.642291 0.268131
vt 0.645635 0.034754
vt 0.640900 0.121829
vt 0.640048 0.229388
vt 0.647843 0.381525
vt 0.646636 0.012923
vt 0.643080 0.250146
vt 0.650592 0.304624
vt 0.653727 0.336986
vt 0.647206 0.354012
vt 0.643765 0.077916
vt 0.648338 0.158535
vt 0.645403 0.100349
vt 0.663291 0.200623
vt 0.653049 0.181394
vt 0.645133 0.389284
vt 0.652133 0.277121
vt 0.655903 0.239293
vt 0.661601 0.313352
vt 0.668267 0.377335
vt 0.665654 0.140287
vt 0.667368 0.062224
vt 0.666506 0.388246
vt 0.664582 0.355302
vt 0.661370 0.120229
vt 0.668156 0.217926
vt 0.670421 0.259176
vt 0.669143 0.087681
vt 0.677756 0.285433
vt 0.668325 0.162547
vt 0.669832 0.021859
vt 0.674432 0.103774
vt 0.678925 0.327171
vt 0.682066 0.173180
vt 0.672946 0.234349
vt 0.680705 0.347835
vt 0.682792 0.042990
vt 0.686963 0.308053
vt 0.674464 0.010083
vt 0.684159 0.123414
vt 0.687411 0.147440
vt 0.690330 0.226175
vt 0.684898 0.267320
vt 0.683762 0.387297
vt 0.692139 0.243314
vt 0.692467 0.098457
vt 0.688952 0.368725
vt 0.692588 0.029794
vt 0.683848 0.078336
vt 0.696748 0.211546
vt 0.690796 0.065706
vt 0.700161 0.192170
vt 0.695853 0.014699
vt 0.706634 0.008812
vt 0.704726 0.380101
vt 0.695554 0.341399
vt 0.705510 0.317749
vt 0.705494 0.361791
vt 0.701801 0.286539
vt 0.700197 0.387964
vt 0.710565 0.269732
vt 0.700219 0.160482
vt 0.703713 0.082761
vt 0.716863 0.174120
vt 0.704610 0.124876
vt 0.704407 0.055020
vt 0.706129 0.251240
vt 0.714508 0.229764
vt 0.711332 0.333835
vt 0.712617 0.025910
vt 0.714133 0.102316
vt 0.721708 0.194572
vt 0.721462 0.353214
vt 0.716123 0.156079
vt 0.717459 0.039512
vt 0.718744 0.136017
vt 0.717605 0.386642
vt 0.718668 0.015191
vt 0.729198 0.379033
vt 0.724047 0.214982
vt 0.723943 0.083790
vt 0.725140 0.292426
vt 0.731289 0.057338
vt 0.728502 0.254118
vt 0.732429 0.332669
vt 0.733144 0.123508
vt 0.740212 0.033101
vt 0.737067 0.242101
vt 0.730491 0.309955
vt 0.737638 0.387553
vt 0.735220 0.156377
vt 0.733036 0.227378
vt 0.739153 0.192220
vt 0.737367 0.271619
vt 0.743940 0.210217
vt 0.737966 0.140780
vt 0.736704 0.012106
vt 0.742205 0.350736
vt 0.738487 0.078944
vt 0.746596 0.176924
vt 0.748433 0.381903
vt 0.745886 0.105726
vt 0.748623 0.310931
vt 0.747088 0.288499
vt 0.756202 0.360438
vt 0.750121 0.227041
vt 0.754775 0.253446
vt 0.757890 0.090908
vt 0.752493 0.128768
vt 0.749062 0.052746
vt 0.758307 0.335262
vt 0.753812 0.154104
vt 0.751787 0.016381
vt 0.761179 0.010191
vt 0.756393 0.388083
vt 0.758416 0.071181
vt 0.761890 0.373894
vt 0.760095 0.194783
vt 0.765537 0.026558
vt 0.762460 0.290382
vt 0.766319 0.275498
vt 0.762555 0.214154
vt 0.766261 0.383020
vt 0.765486 0.320292
vt 0.772000 0.140553
vt 0.765159 0.048863
vt 0.774862 0.164236
vt 0.773204 0.181765
vt 0.778041 0.226844
vt 0.773630 0.352171
vt 0.775563 0.387515
vt 0.773213 0.262275
vt 0.772747 0.304790
vt 0.779073 0.122835
vt 0.783178 0.055448
vt 0.779428 0.202815
vt 0.782025 0.322715
vt 0.782290 0.373543
vt 0.778939 0.248309
vt 0.778408 0.102283
vt 0.781495 0.015052
vt 0.782499 0.383970
vt 0.781988 0.079592
vt 0.784423 0.031576
vt 0.785948 0.289230
vt 0.791072 0.267702
vt 0.784216 0.008750
vt 0.792129 0.343099
vt 0.797781 0.386006
vt 0.799265 0.237817
vt 0.799366 0.104695
vt 0.801315 0.169291
vt 0.794343 0.190292
vt 0.799529 0.310149
vt 0.796042 0.141610
vt 0.803225 0.211456
vt 0.809675 0.033344
vt 0.804385 0.253334
vt 0.805751 0.291112
vt 0.800414 0.359464
vt 0.797725 0.089229
vt 0.803858 0.375913
vt 0.804525 0.074567
vt 0.798777 0.121987
vt 0.803570 0.009046
vt 0.807444 0.334764
vt 0.822484 0.053246
vt 0.803348 0.016929
vt 0.819876 0.193263
vt 0.809745 0.270845
vt 0.813931 0.366113
vt 0.821063 0.132265
vt 0.814872 0.382720
vt 0.813547 0.094436
vt 0.817119 0.156437
vt 0.816630 0.387208
vt 0.824161 0.345487
vt 0.819363 0.230463
vt 0.819526 0.021316
vt 0.827381 0.324933
vt 0.827397 0.108020
vt 0.818632 0.308019
vt 0.821060 0.074908
vt 0.817630 0.013046
vt 0.821360 0.210893
vt 0.829929 0.276337
vt 0.827212 0.256140
vt 0.833225 0.179261
vt 0.829095 0.295089
vt 0.835300 0.359404
vt 0.824092 0.007823
vt 0.830130 0.385901
vt 0.851302 0.309357
vt 0.834657 0.029480
vt 0.837830 0.090474
vt 0.832510 0.376235
vt 0.840320 0.162792
vt 0.837223 0.201506
vt 0.838027 0.221586
vt 0.831282 0.013459
vt 0.841535 0.236185
vt 0.843950 0.142441
vt 0.831864 0.007704
vt 0.840789 0.073475
vt 0.837262 0.379419
vt 0.836030 0.387249
vt 0.837577 0.009840
vt 0.851562 0.117115
vt 0.848004 0.258163
vt 0.841284 0.382777
vt 0.837130 0.005360
vt 0.840969 0.366458
vt 0.841197 0.018626
vt 0.841618 0.389811
vt 0.850798 0.325683
vt 0.842870 0.371750
vt 0.850989 0.296745
vt 0.846353 0.375675
vt 0.845927 0.003788
vt 0.849295 0.384078
vt 0.844499 0.010590
vt 0.856852 0.343355
vt 0.849393 0.365332
vt 0.849452 0.356748
vt 0.856932 0.045106
vt 0.858238 0.059774
vt 0.851408 0.278525
vt 0.852682 0.038577
vt 0.856092 0.390190
vt 0.856527 0.367341
vt 0.857429 0.014136
vt 0.857663 0.030089
vt 0.865002 0.217976
vt 0.854033 0.195387
vt 0.860409 0.080497
vt 0.864200 0.264568
vt 0.862996 0.386433
vt 0.864836 0.238590
vt 0.867182 0.150752
vt 0.860117 0.007630
vt 0.857477 0.357088
vt 0.863122 0.176520
vt 0.861672 0.350402
vt 0.868081 0.104924
vt 0.871268 0.129027
vt 0.865774 0.284489
vt 0.870747 0.356756
vt 0.872374 0.319546
vt 0.871859 0.348464
vt 0.870424 0.046263
vt 0.869901 0.376188
vt 0.878950 0.250559
vt 0.873363 0.332561
vt 0.874551 0.196823
vt 0.875981 0.390948
vt 0.873531 0.341572
vt 0.875456 0.015987
vt 0.879597 0.062411
vt 0.882682 0.384177
vt 0.879018 0.008360
vt 0.885213 0.040044
vt 0.865710 0.003307
vt 0.886880 0.231200
vt 0.877034 0.093866
vt 0.886126 0.082836
vt 0.882118 0.303948
vt 0.891356 0.181836
vt 0.885193 0.119113
vt 0.885366 0.325290
vt 0.893063 0.339284
vt 0.884502 0.272230
vt 0.887092 0.363276
vt 0.883875 0.338515
vt 0.886150 0.167690
vt 0.891094 0.003301
vt 0.890823 0.103376
vt 0.888273 0.147990
vt 0.881032 0.334154
vt 0.884354 0.061396
vt 0.889754 0.133565
vt 0.893496 0.201342
vt 0.892883 0.388607
vt 0.902035 0.022204
vt 0.894481 0.326439
vt 0.895106 0.007504
vt 0.906110 0.159386
vt 0.902417 0.256769
vt 0.898383 0.317942
vt 0.902141 0.081036
vt 0.897444 0.072258
vt 0.902735 0.123196
vt 0.908309 0.229272
vt 0.900781 0.304898
vt 0.910395 0.375013
vt 0.913999 0.056608
vt 0.907469 0.358501
vt 0.903257 0.385306
vt 0.904936 0.089656
vt 0.903542 0.279172
vt 0.914602 0.103213
vt 0.907628 0.293542
vt 0.913620 0.345810
vt 0.909171 0.320031
vt 0.915002 0.327097
vt 0.911937 0.388385
vt 0.909045 0.137660
vt 0.911643 0.191656
vt 0.913505 0.006157
vt 0.913052 0.314156
vt 0.916177 0.305995
vt 0.916152 0.207069
vt 0.917839 0.287809
vt 0.918054 0.121283
vt 0.916535 0.179118
vt 0.922085 0.027359
vt 0.917049 0.268249
vt 0.918462 0.076412
vt 0.918081 0.249608
vt 0.910196 0.079846
vt 0.919420 0.149578
vt 0.923584 0.162190
vt 0.919835 0.317253
vt 0.921019 0.383958
vt 0.919609 0.085370
vt 0.922485 0.223233
vt 0.924101 0.356635
vt 0.922568 0.193711
vt 0.921810 0.388860
vt 0.923846 0.258639
vt 0.928271 0.382614
vt 0.921721 0.131040
vt 0.924045 0.211536
vt 0.924465 0.335460
vt 0.924959 0.372557
vt 0.921592 0.011375
vt 0.924741 0.312668
vt 0.923302 0.081052
vt 0.924474 0.304200
vt 0.924137 0.056583
vt 0.924165 0.111797
vt 0.924517 0.179882
vt 0.923991 0.240887
vt 0.924365 0.274213
vt 0.924463 0.319325
vt 0.928271 0.076175
vt 0.926075 0.083553
vt 0.924165 0.094143
vt 0.924508 0.289213
vt 0.924580 0.143456
vt 0.926738 0.125813
vt 0.926395 0.015413
vt 0.356700 0.029020
vt 0.362832 0.032657
vt 0.357331 0.043799
vt 0.352778 0.031581
vt 0.403671 0.037585
vt 0.403198 0.027618
vt 0.408592 0.023709
vt 0.412113 0.029699
vt 0.394230 0.028814
vt 0.367733 0.038929
vt 0.370577 0.031894
vt 0.363346 0.042809
vt 0.348048 0.029819
vt 0.352284 0.041802
vt 0.580164 0.054668
vt 0.574026 0.033740
vt 0.583733 0.038271
vt 0.393854 0.045705
vt 0.386430 0.032483
vt 0.345963 0.045678
vt 0.341183 0.037154
vt 0.284963 0.045297
vt 0.298198 0.047212
vt 0.287084 0.054340
vt 0.472209 0.032594
vt 0.443495 0.042706
vt 0.442097 0.032220
vt 0.478777 0.045759
vt 0.453656 0.052866
vt 0.421293 0.036188
vt 0.319581 0.053246
vt 0.324781 0.035850
vt 0.548498 0.041957
vt 0.511452 0.043947
vt 0.408497 0.048961
vt 0.568888 0.059908
vt 0.420161 0.049645
vt 0.534209 0.056208
vt 0.353842 0.056252
vt 0.342397 0.057775
vt 0.292780 0.060426
vt 0.371680 0.041131
vt 0.378344 0.037691
vt 0.376842 0.044938
vt 0.371720 0.050489
vt 0.385682 0.040494
vt 0.500004 0.055379
vt 0.282413 0.059828
vt 0.400906 0.057178
vt 0.387475 0.052654
vt 0.481241 0.059955
vt 0.286118 0.070423
vt 0.554834 0.068646
vt 0.431527 0.059975
vt 0.323456 0.062278
vt 0.506949 0.064311
vt 0.466339 0.064020
vt 0.417413 0.062393
vt 0.360188 0.058456
vt 0.305425 0.063449
vt 0.531101 0.066102
vt 0.583043 0.070166
vt 0.525788 0.072721
vt 0.296169 0.070671
vt 0.579393 0.075157
vt 0.408929 0.063281
vt 0.377048 0.059008
vt 0.485654 0.070535
vt 0.309290 0.069801
vt 0.449493 0.067227
vt 0.564913 0.075930
vt 0.503223 0.072769
vt 0.327234 0.068253
vt 0.428610 0.066894
vt 0.353164 0.064859
vt 0.547849 0.075499
vt 0.470431 0.071011
vt 0.415930 0.066125
vt 0.390594 0.062916
vt 0.343193 0.066734
vt 0.358303 0.064107
vt 0.289922 0.075930
vt 0.370454 0.063725
vt 0.402995 0.065597
vt 0.369213 0.119148
vt 0.350240 0.114238
vt 0.361930 0.115611
vt 0.357142 0.113145
vt 0.371796 0.114291
vt 0.382053 0.113145
vt 0.343427 0.157080
vt 0.334269 0.154037
vt 0.356833 0.152761
vt 0.324146 0.159664
vt 0.316491 0.157796
vt 0.314409 0.161164
vt 0.361882 0.157857
vt 0.301621 0.159843
vt 0.379052 0.155263
vt 0.376667 0.161164
vt 0.397659 0.124157
vt 0.383235 0.130552
vt 0.387318 0.122749
vt 0.376742 0.122749
vt 0.368848 0.125847
vt 0.436791 0.005539
vt 0.463085 0.000300
vt 0.453030 0.018066
vt 0.441545 0.018240
vt 0.424404 0.013886
vt 0.418063 0.000783
vt 0.410033 0.008377
vt 0.398679 0.018328
vt 0.397368 0.009142
vt 0.208317 0.455014
vt 0.221264 0.460527
vt 0.215779 0.463085
vt 0.371921 0.010082
vt 0.390368 0.001707
vt 0.206131 0.449539
vt 0.223631 0.452788
vt 0.204686 0.459679
vt 0.372877 0.026191
vt 0.348509 0.027647
vt 0.188990 0.455561
vt 0.192072 0.449613
vt 0.191703 0.461085
vt 0.201112 0.462608
vt 0.335398 0.021721
vt 0.345873 0.011017
vt 0.324824 0.014478
vt 0.180563 0.449738
vt 0.179614 0.461323
vt 0.315068 0.032440
vt 0.178349 0.453633
vt 0.302349 0.026064
vt 0.171656 0.458822
vt 0.307597 0.015323
vt 0.168494 0.449643
vt 0.163802 0.454257
vt 0.168307 0.461840
vt 0.291100 0.039065
vt 0.283745 0.025879
vt 0.159232 0.460894
vt 0.268567 0.041154
vt 0.154377 0.449880
vt 0.152645 0.456306
vt 0.252049 0.036483
vt 0.256737 0.024642
vt 0.147382 0.462061
vt 0.142697 0.455182
vt 0.145133 0.449714
vt 0.234058 0.048512
vt 0.136877 0.462164
vt 0.135006 0.449857
vt 0.211394 0.035173
vt 0.129409 0.454941
vt 0.123037 0.461906
vt 0.121259 0.450598
vt 0.206851 0.050743
vt 0.116372 0.457849
vt 0.185327 0.047744
vt 0.103997 0.454338
vt 0.111478 0.461778
vt 0.186062 0.055964
vt 0.169244 0.041362
vt 0.103664 0.449936
vt 0.100358 0.462242
vt 0.160843 0.058669
vt 0.092549 0.455634
vt 0.149593 0.050685
vt 0.093298 0.450111
vt 0.145566 0.042670
vt 0.083041 0.462952
vt 0.139820 0.063405
vt 0.082731 0.450032
vt 0.125111 0.054777
vt 0.077702 0.453163
vt 0.078342 0.460217
vt 0.125259 0.044185
vt 0.122638 0.063840
vt 0.071424 0.449728
vt 0.067776 0.455096
vt 0.103387 0.049366
vt 0.068794 0.461921
vt 0.107249 0.065920
vt 0.102869 0.057246
vt 0.059687 0.449978
vt 0.090831 0.066879
vt 0.062979 0.461156
vt 0.061079 0.457587
vt 0.093475 0.049533
vt 0.089627 0.059280
vt 0.054258 0.455242
vt 0.059704 0.463085
vt 0.084428 0.050264
vt 0.088011 0.044395
vt 0.051360 0.462624
vt 0.070832 0.069738
vt 0.046554 0.449490
vt 0.066727 0.060305
vt 0.071027 0.049032
vt 0.037842 0.458867
vt 0.038126 0.462289
vt 0.041266 0.453512
vt 0.032007 0.450707
vt 0.036697 0.447581
vt 0.048674 0.072125
vt 0.060091 0.076491
vt 0.050522 0.053569
vt 0.042775 0.065000
vt 0.028774 0.453697
vt 0.028848 0.447569
vt 0.025831 0.457752
vt 0.026053 0.461392
vt 0.033056 0.058672
vt 0.028785 0.052169
vt 0.023414 0.447465
vt 0.032443 0.073282
vt 0.020803 0.453548
vt 0.026130 0.073954
vt 0.016572 0.460174
vt 0.020035 0.443927
vt 0.017063 0.058313
vt 0.027637 0.080841
vt 0.020507 0.202544
vt 0.030008 0.181251
vt 0.027488 0.205304
vt 0.017959 0.449673
vt 0.012030 0.409816
vt 0.017088 0.412101
vt 0.016854 0.424644
vt 0.018129 0.435361
vt 0.013936 0.440036
vt 0.015316 0.392570
vt 0.007470 0.427930
vt 0.024632 0.229811
vt 0.020567 0.355727
vt 0.010206 0.357347
vt 0.015538 0.345907
vt 0.017555 0.370924
vt 0.012016 0.379863
vt 0.013553 0.082575
vt 0.023680 0.093811
vt 0.015148 0.227431
vt 0.022053 0.250171
vt 0.012990 0.289590
vt 0.021402 0.270754
vt 0.020315 0.299040
vt 0.013258 0.317782
vt 0.019070 0.327798
vt 0.023964 0.118827
vt 0.013589 0.113292
vt 0.024624 0.141696
vt 0.017216 0.132005
vt 0.019359 0.155343
vt 0.023760 0.159149
vt 0.007133 0.393916
vt 0.010668 0.453521
vt 0.021384 0.178173
vt 0.018188 0.145312
vt 0.011463 0.261562
vt 0.009992 0.334190
vt 0.010050 0.461777
vt 0.006584 0.456920
vt 0.010751 0.155301
vt 0.008347 0.135315
vt 0.008802 0.200312
vt 0.010573 0.054302
vt 0.006065 0.063139
vt 0.007958 0.174647
vt 0.005522 0.367332
vt 0.005284 0.440971
vt 0.005166 0.345733
vt 0.002294 0.397479
vt 0.004423 0.105829
vt 0.003457 0.406442
vt 0.002569 0.417722
vt 0.003393 0.079849
vt 0.007091 0.249611
vt 0.006095 0.302252
vt 0.003909 0.381906
vt 0.006654 0.155113
vt 0.002341 0.444509
vt 0.005078 0.145818
vt 0.005276 0.220862
vt 0.006298 0.270608
vt 0.004976 0.322206
vt 0.004063 0.130555
vt 0.002689 0.430663
vt 0.003814 0.151796
vt 0.000300 0.391337
vt 0.002302 0.454922
vt 0.001077 0.394855
vt 0.651972 0.534436
vt 0.662204 0.540202
vt 0.654801 0.548864
vt 0.631689 0.505906
vt 0.643611 0.496996
vt 0.642713 0.509986
vt 0.634779 0.485348
vt 0.651954 0.630996
vt 0.644607 0.605598
vt 0.651956 0.586129
vt 0.648674 0.676867
vt 0.656767 0.658252
vt 0.658336 0.680565
vt 0.664808 0.740915
vt 0.649092 0.736620
vt 0.659686 0.721860
vt 0.651945 0.756947
vt 0.668968 0.763040
vt 0.662981 0.771176
vt 0.625818 0.461885
vt 0.629715 0.472045
vt 0.617988 0.467271
vt 0.654533 0.703299
vt 0.648950 0.724462
vt 0.643287 0.515900
vt 0.635279 0.517938
vt 0.622496 0.489641
vt 0.624315 0.475641
vt 0.641044 0.521644
vt 0.646245 0.571319
vt 0.658884 0.575112
vt 0.652897 0.770515
vt 0.641299 0.532146
vt 0.647353 0.565309
vt 0.659880 0.780280
vt 0.646871 0.811071
vt 0.642053 0.799356
vt 0.651824 0.802687
vt 0.628354 0.873649
vt 0.616889 0.872435
vt 0.627472 0.861942
vt 0.639431 0.806754
vt 0.638808 0.829242
vt 0.628107 0.839548
vt 0.640419 0.632534
vt 0.641049 0.657334
vt 0.644987 0.708938
vt 0.639754 0.581607
vt 0.628537 0.818585
vt 0.615759 0.475516
vt 0.632448 0.522909
vt 0.643638 0.553651
vt 0.647476 0.793009
vt 0.636108 0.524080
vt 0.614351 0.859996
vt 0.638017 0.618841
vt 0.639672 0.687144
vt 0.641124 0.734299
vt 0.623387 0.503639
vt 0.627615 0.518407
vt 0.636705 0.544292
vt 0.639468 0.571234
vt 0.637743 0.598174
vt 0.639459 0.718049
vt 0.633539 0.797974
vt 0.606543 0.867382
vt 0.606543 0.470275
vt 0.621828 0.839594
vt 0.633933 0.531527
vt 0.643085 0.740929
vt 0.652604 0.742920
vt 0.642721 0.778658
vt 0.650005 0.785132
vt 0.638677 0.791649
vt 0.639298 0.563083
vt 0.642541 0.753469
vt 0.037493 0.275487
vt 0.042158 0.275434
vt 0.042247 0.285220
vt 0.036103 0.254846
vt 0.040530 0.250705
vt 0.040943 0.264503
vt 0.036806 0.267532
vt 0.040542 0.131869
vt 0.034678 0.132189
vt 0.035524 0.119732
vt 0.034618 0.146938
vt 0.038989 0.151852
vt 0.034514 0.166095
vt 0.041351 0.177587
vt 0.034945 0.185796
vt 0.040354 0.199402
vt 0.035126 0.201558
vt 0.037236 0.215222
vt 0.040262 0.235607
vt 0.035293 0.234901
vt 0.045048 0.121117
vt 0.040404 0.116015
vt 0.047000 0.221021
vt 0.048825 0.265324
vt 0.044059 0.160366
vt 0.043376 0.100786
vt 0.047793 0.194808
vt 0.047500 0.244561
vt 0.049100 0.283312
vt 0.044642 0.289616
vt 0.050720 0.077731
vt 0.047717 0.104606
vt 0.048914 0.147534
vt 0.050720 0.175691
vt 0.348757 0.397445
vt 0.342540 0.401974
vt 0.339198 0.399016
vt 0.416789 0.399146
vt 0.400736 0.403994
vt 0.394893 0.397976
vt 0.592188 0.406917
vt 0.576794 0.402627
vt 0.596218 0.400001
vt 0.254463 0.395472
vt 0.254962 0.401806
vt 0.238128 0.395899
vt 0.269177 0.395256
vt 0.277944 0.402187
vt 0.285141 0.396169
vt 0.356208 0.402876
vt 0.363863 0.397390
vt 0.375758 0.404017
vt 0.382453 0.398178
vt 0.470095 0.399059
vt 0.460448 0.404759
vt 0.443038 0.400420
vt 0.538072 0.400720
vt 0.547573 0.411530
vt 0.534082 0.407766
vt 0.557093 0.401148
vt 0.604875 0.394658
vt 0.606768 0.403325
vt 0.432891 0.410071
vt 0.474915 0.405218
vt 0.484307 0.400646
vt 0.606146 0.412150
vt 0.229316 0.403595
vt 0.234602 0.407527
vt 0.289081 0.406853
vt 0.290447 0.400721
vt 0.488679 0.405429
vt 0.344238 0.409735
vt 0.578378 0.413705
vt 0.298998 0.403367
vt 0.316424 0.412170
vt 0.312617 0.402840
vt 0.331947 0.402896
vt 0.484378 0.411616
vt 0.499525 0.407873
vt 0.503495 0.413901
vt 0.521913 0.407981
vt 0.249784 0.409440
vt 0.270051 0.410118
vt 0.390002 0.411380
vt 0.410241 0.412167
vt 0.529113 0.414355
vt 0.601617 0.416243
vt 0.367799 0.411207
vt 0.454028 0.413236
vt 0.469683 0.413572
vt 0.279029 0.420994
vt 0.337022 0.419371
vt 0.364270 0.425625
vt 0.401452 0.428754
vt 0.422133 0.422210
vt 0.565251 0.425403
vt 0.243466 0.421636
vt 0.474595 0.426254
vt 0.489772 0.427250
vt 0.517994 0.423897
vt 0.594684 0.429355
vt 0.450168 0.426470
vt 0.606200 0.431118
vt 0.229616 0.423620
vt 0.544675 0.430184
vt 0.498971 0.447150
vt 0.320160 0.435849
vt 0.300315 0.437844
vt 0.432842 0.447883
vt 0.346551 0.448224
vt 0.379848 0.443993
vt 0.260660 0.438696
vt 0.531289 0.448964
vt 0.557730 0.449613
vt 0.468566 0.449202
vt 0.600250 0.459674
vt 0.277651 0.447272
vt 0.576081 0.449413
vt 0.234766 0.449768
vt 0.226418 0.447559
vt 0.400825 0.461571
vt 0.593649 0.458272
vt 0.313257 0.454643
vt 0.294030 0.453351
vt 0.330647 0.462628
vt 0.542105 0.472392
vt 0.606086 0.466027
vt 0.250418 0.467088
vt 0.445512 0.482288
vt 0.563676 0.472769
vt 0.364604 0.486665
vt 0.418341 0.471247
vt 0.515499 0.482845
vt 0.284691 0.470080
vt 0.312109 0.478170
vt 0.587156 0.482101
vt 0.273972 0.486878
vt 0.480624 0.488664
vt 0.227396 0.480715
vt 0.338175 0.485534
vt 0.239516 0.482864
vt 0.388900 0.490010
vt 0.602332 0.489958
vt 0.411799 0.491584
vt 0.291239 0.495835
vt 0.561919 0.504425
vt 0.259119 0.499645
vt 0.508157 0.516158
vt 0.537889 0.511455
vt 0.306862 0.501310
vt 0.230098 0.493686
vt 0.591024 0.508839
vt 0.439143 0.513453
vt 0.224140 0.493632
vt 0.325735 0.504234
vt 0.234931 0.506558
vt 0.421759 0.528628
vt 0.601736 0.528656
vt 0.608343 0.509203
vt 0.461259 0.511176
vt 0.346826 0.513958
vt 0.227225 0.517267
vt 0.399048 0.520984
vt 0.277608 0.512205
vt 0.474597 0.518722
vt 0.375619 0.509818
vt 0.362883 0.520129
vt 0.298833 0.522937
vt 0.251424 0.521451
vt 0.319979 0.521918
vt 0.267499 0.529275
vt 0.563472 0.539041
vt 0.383423 0.532854
vt 0.234216 0.534267
vt 0.453320 0.541474
vt 0.340768 0.544323
vt 0.494752 0.539495
vt 0.289480 0.537987
vt 0.529327 0.540244
vt 0.355586 0.543593
vt 0.370856 0.543234
vt 0.590114 0.561451
vt 0.327010 0.549935
vt 0.311557 0.548771
vt 0.398549 0.545671
vt 0.549629 0.559905
vt 0.466423 0.569246
vt 0.226054 0.546120
vt 0.256131 0.542008
vt 0.242374 0.548712
vt 0.271704 0.550751
vt 0.529333 0.559827
vt 0.604943 0.563310
vt 0.385913 0.557696
vt 0.501894 0.561853
vt 0.429323 0.571704
vt 0.259578 0.564429
vt 0.231133 0.561752
vt 0.365523 0.563118
vt 0.351929 0.566452
vt 0.569162 0.573870
vt 0.401994 0.567670
vt 0.298891 0.570204
vt 0.338114 0.569027
vt 0.242626 0.569339
vt 0.222879 0.561930
vt 0.383741 0.581796
vt 0.534000 0.577976
vt 0.283870 0.569634
vt 0.315877 0.571883
vt 0.361918 0.589004
vt 0.552779 0.584335
vt 0.599769 0.581297
vt 0.484998 0.584094
vt 0.274580 0.581902
vt 0.404474 0.592153
vt 0.226382 0.584686
vt 0.520395 0.593011
vt 0.578090 0.593716
vt 0.501299 0.588673
vt 0.604048 0.588379
vt 0.327891 0.593146
vt 0.347449 0.590505
vt 0.288678 0.588988
vt 0.254064 0.586412
vt 0.232140 0.592006
vt 0.441564 0.596333
vt 0.309941 0.591072
vt 0.418202 0.604168
vt 0.476026 0.600080
vt 0.598674 0.600115
vt 0.459048 0.608511
vt 0.242272 0.605935
vt 0.374433 0.606436
vt 0.540921 0.608785
vt 0.564299 0.607513
vt 0.268108 0.602268
vt 0.603465 0.608055
vt 0.307119 0.609754
vt 0.394603 0.608770
vt 0.225795 0.608313
vt 0.492346 0.616321
vt 0.514161 0.614988
vt 0.359887 0.620861
vt 0.590834 0.615241
vt 0.340940 0.610789
vt 0.291452 0.617056
vt 0.438122 0.624127
vt 0.472783 0.622999
vt 0.325802 0.617480
vt 0.232315 0.617548
vt 0.258307 0.623033
vt 0.579570 0.627571
vt 0.381393 0.626470
vt 0.538721 0.632010
vt 0.558385 0.626599
vt 0.599464 0.633232
vt 0.278467 0.626092
vt 0.414556 0.631815
vt 0.225610 0.630877
vt 0.296557 0.639389
vt 0.343734 0.631299
vt 0.446625 0.635869
vt 0.514491 0.643261
vt 0.604332 0.631368
vt 0.243890 0.629715
vt 0.230083 0.634528
vt 0.314880 0.633875
vt 0.496734 0.644697
vt 0.463527 0.640882
vt 0.480626 0.642753
vt 0.394106 0.641086
vt 0.562833 0.649251
vt 0.268571 0.639705
vt 0.375189 0.642491
vt 0.332328 0.641677
vt 0.528254 0.644105
vt 0.283625 0.647379
vt 0.594029 0.645543
vt 0.356600 0.646728
vt 0.432537 0.646683
vt 0.602783 0.650447
vt 0.580748 0.653233
vt 0.233525 0.648329
vt 0.225540 0.647842
vt 0.256077 0.648187
vt 0.308720 0.652823
vt 0.454878 0.656361
vt 0.245411 0.651199
vt 0.413144 0.657689
vt 0.334592 0.657006
vt 0.539014 0.661066
vt 0.366804 0.659235
vt 0.388910 0.658467
vt 0.428130 0.666939
vt 0.489312 0.666604
vt 0.596807 0.661570
vt 0.264485 0.661987
vt 0.522265 0.669088
vt 0.473795 0.667181
vt 0.349959 0.667165
vt 0.503901 0.671694
vt 0.572603 0.671576
vt 0.225890 0.655369
vt 0.297455 0.665083
vt 0.604380 0.661236
vt 0.234620 0.659456
vt 0.550378 0.679026
vt 0.603027 0.666370
vt 0.225753 0.661492
vt 0.221696 0.658777
vt 0.245097 0.666281
vt 0.283976 0.674603
vt 0.596192 0.668864
vt 0.310159 0.676130
vt 0.582018 0.673389
vt 0.458013 0.675582
vt 0.232998 0.668505
vt 0.252085 0.665166
vt 0.336964 0.674884
vt 0.594969 0.684440
vt 0.603635 0.677323
vt 0.608343 0.670707
vt 0.378039 0.681716
vt 0.220855 0.669728
vt 0.397428 0.679786
vt 0.253777 0.671736
vt 0.269422 0.680804
vt 0.224819 0.678227
vt 0.362363 0.674989
vt 0.444099 0.682655
vt 0.570322 0.684436
vt 0.260774 0.676819
vt 0.513606 0.685381
vt 0.576962 0.690815
vt 0.607914 0.690929
vt 0.564462 0.687904
vt 0.410267 0.689149
vt 0.427991 0.696320
vt 0.258270 0.682006
vt 0.473582 0.686563
vt 0.249027 0.684569
vt 0.495076 0.687176
vt 0.529431 0.683506
vt 0.332769 0.699024
vt 0.355782 0.696218
vt 0.232461 0.689109
vt 0.222651 0.688908
vt 0.604303 0.706003
vt 0.541789 0.702976
vt 0.448796 0.698665
vt 0.525859 0.705157
vt 0.269043 0.692682
vt 0.299710 0.693572
vt 0.316806 0.698427
vt 0.560705 0.702484
vt 0.262258 0.696870
vt 0.509785 0.707215
vt 0.483986 0.704183
vt 0.394948 0.702145
vt 0.594489 0.700539
vt 0.269304 0.698888
vt 0.279535 0.696434
vt 0.241626 0.707928
vt 0.554540 0.702657
vt 0.608287 0.706897
vt 0.373258 0.702614
vt 0.225769 0.712936
vt 0.220470 0.703472
vt 0.583354 0.711139
vt 0.597583 0.716182
vt 0.459224 0.710913
vt 0.307904 0.721198
vt 0.570497 0.716302
vt 0.293891 0.712923
vt 0.348363 0.711659
vt 0.420202 0.718403
vt 0.283294 0.706454
vt 0.548678 0.714561
vt 0.539987 0.713851
vt 0.492400 0.721162
vt 0.360059 0.726950
vt 0.263899 0.714249
vt 0.441946 0.718913
vt 0.556320 0.718762
vt 0.278465 0.711057
vt 0.323436 0.723908
vt 0.387559 0.720595
vt 0.607907 0.724990
vt 0.525869 0.722427
vt 0.538468 0.723885
vt 0.407090 0.726920
vt 0.242073 0.725847
vt 0.602318 0.729128
vt 0.586197 0.737379
vt 0.288599 0.722545
vt 0.473861 0.724494
vt 0.546958 0.734130
vt 0.337255 0.723305
vt 0.506792 0.729709
vt 0.531070 0.731074
vt 0.453809 0.730855
vt 0.219988 0.724798
vt 0.277573 0.729726
vt 0.428725 0.738001
vt 0.567584 0.739097
vt 0.519872 0.739759
vt 0.260619 0.730245
vt 0.297943 0.735202
vt 0.490248 0.736199
vt 0.473801 0.741347
vt 0.604236 0.739948
vt 0.222268 0.735030
vt 0.374807 0.741723
vt 0.534025 0.741956
vt 0.340347 0.737182
vt 0.287300 0.742048
vt 0.596341 0.745914
vt 0.503103 0.744063
vt 0.245466 0.742315
vt 0.312293 0.740710
vt 0.403410 0.740345
vt 0.327613 0.742169
vt 0.449249 0.743968
vt 0.529735 0.747615
vt 0.601096 0.750777
vt 0.555003 0.748568
vt 0.481993 0.748966
vt 0.272111 0.742966
vt 0.228711 0.741993
vt 0.295019 0.743668
vt 0.353592 0.746537
vt 0.460206 0.749771
vt 0.541382 0.752430
vt 0.434818 0.748961
vt 0.260861 0.746685
vt 0.337074 0.745602
vt 0.573596 0.751277
vt 0.222729 0.746804
vt 0.591209 0.755198
vt 0.298752 0.746274
vt 0.501966 0.750788
vt 0.528007 0.751844
vt 0.518946 0.750544
vt 0.396069 0.748530
vt 0.238966 0.748318
vt 0.305668 0.748023
vt 0.322644 0.746623
vt 0.559695 0.756603
vt 0.275663 0.750434
vt 0.370880 0.747730
vt 0.290881 0.748717
vt 0.296659 0.749671
vt 0.530907 0.755190
vt 0.016507 0.392857
vt 0.022373 0.371133
vt 0.026757 0.382493
vt 0.034697 0.361664
vt 0.043622 0.363849
vt 0.032079 0.353343
vt 0.045445 0.347447
vt 0.061312 0.341474
vt 0.052672 0.329265
vt 0.059092 0.333907
vt 0.075170 0.316615
vt 0.070641 0.304879
vt 0.093502 0.283813
vt 0.095076 0.299829
vt 0.534900 0.374904
vt 0.540614 0.372076
vt 0.531500 0.392857
vt 0.118623 0.272010
vt 0.110913 0.269738
vt 0.541374 0.356559
vt 0.115779 0.253822
vt 0.546059 0.355853
vt 0.127743 0.249430
vt 0.550254 0.344703
vt 0.137720 0.249272
vt 0.548436 0.336258
vt 0.130967 0.235010
vt 0.142841 0.232988
vt 0.554431 0.330137
vt 0.149525 0.216490
vt 0.154272 0.229006
vt 0.552785 0.322969
vt 0.559438 0.316632
vt 0.170990 0.203749
vt 0.555013 0.309661
vt 0.162648 0.196590
vt 0.564205 0.296531
vt 0.170851 0.218822
vt 0.182932 0.200764
vt 0.559575 0.297815
vt 0.182739 0.182899
vt 0.177680 0.177616
vt 0.190899 0.182493
vt 0.565059 0.283322
vt 0.194143 0.165657
vt 0.188478 0.162774
vt 0.571509 0.277028
vt 0.207215 0.161010
vt 0.200267 0.148268
vt 0.205544 0.152508
vt 0.568112 0.270431
vt 0.573773 0.265944
vt 0.207823 0.143143
vt 0.214577 0.148652
vt 0.569819 0.263564
vt 0.202212 0.140005
vt 0.573790 0.261596
vt 0.577056 0.264572
vt 0.208485 0.133511
vt 0.212252 0.140598
vt 0.577774 0.258356
vt 0.570690 0.250604
vt 0.218398 0.135187
vt 0.218997 0.148544
vt 0.226609 0.135273
vt 0.222069 0.119812
vt 0.215116 0.118546
vt 0.579044 0.245484
vt 0.576813 0.239130
vt 0.236004 0.112741
vt 0.236403 0.124958
vt 0.226215 0.107949
vt 0.573341 0.231580
vt 0.581234 0.226488
vt 0.235043 0.098217
vt 0.248457 0.102719
vt 0.577887 0.218888
vt 0.246117 0.095054
vt 0.575049 0.218639
vt 0.242299 0.083888
vt 0.258165 0.089480
vt 0.583360 0.214134
vt 0.252424 0.081674
vt 0.260712 0.094678
vt 0.574681 0.211946
vt 0.573537 0.206255
vt 0.580311 0.204598
vt 0.249245 0.074549
vt 0.266349 0.088482
vt 0.570473 0.206338
vt 0.269814 0.084588
vt 0.585534 0.205056
vt 0.289849 0.104217
vt 0.277480 0.093990
vt 0.293035 0.100155
vt 0.305074 0.110194
vt 0.316600 0.110383
vt 0.323906 0.119212
vt 0.530051 0.191054
vt 0.529612 0.196811
vt 0.517593 0.191115
vt 0.552936 0.202797
vt 0.540911 0.197779
vt 0.552925 0.199183
vt 0.562751 0.202935
vt 0.414481 0.150892
vt 0.429245 0.162915
vt 0.403225 0.152799
vt 0.447533 0.162496
vt 0.456470 0.171271
vt 0.495165 0.179083
vt 0.498691 0.185451
vt 0.477020 0.180310
vt 0.339050 0.119369
vt 0.344768 0.128938
vt 0.362626 0.138351
vt 0.368538 0.134116
vt 0.383425 0.146045
vt 0.396742 0.144398
vt 0.472848 0.168357
vt 0.310389 0.101982
vt 0.324009 0.113466
vt 0.563894 0.199483
vt 0.256794 0.071231
vt 0.285067 0.089273
vt 0.383302 0.138675
vt 0.507923 0.182366
vt 0.263973 0.076160
vt 0.582101 0.200062
vt 0.361277 0.126634
vt 0.429182 0.152545
vt 0.539056 0.188737
vt 0.487955 0.171973
vt 0.554710 0.193625
vt 0.380672 0.132479
vt 0.275656 0.078165
vt 0.349442 0.117828
vt 0.396314 0.138888
vt 0.453615 0.158389
vt 0.513606 0.178526
vt 0.527461 0.184178
vt 0.570587 0.196404
vt 0.322947 0.103447
vt 0.297692 0.091349
vt 0.500889 0.175834
vt 0.413564 0.145084
vt 0.310865 0.095486
vt 0.330975 0.109613
vt 0.266655 0.069928
vt 0.444583 0.156707
vt 0.531664 0.186613
vt 0.531487 0.181882
vt 0.577200 0.196633
vt 0.552073 0.188780
vt 0.568812 0.191893
vt 0.287728 0.083374
vt 0.540657 0.184151
vt 0.362069 0.207708
vt 0.369828 0.202753
vt 0.373049 0.207983
vt 0.358168 0.199711
vt 0.344836 0.201364
vt 0.372602 0.201941
vt 0.324645 0.198612
vt 0.311799 0.207983
vt 0.306799 0.200763
vt 0.365432 0.193510
vt 0.348960 0.180737
vt 0.334993 0.184907
vt 0.359974 0.188053
vt 0.310776 0.178850
vt 0.366293 0.180493
vt 0.319608 0.179055
vt 0.302777 0.175711
vt 0.303366 0.191089
vt 0.364297 0.170014
vt 0.323011 0.170955
vt 0.336061 0.170353
vt 0.346547 0.168968
vt 0.371664 0.169889
vt 0.313243 0.168968
vt 0.301621 0.170248
vt 0.295178 0.194178
vt 0.288768 0.183710
vt 0.296425 0.183000
vt 0.291550 0.164991
vt 0.289531 0.144479
vt 0.290254 0.138097
vt 0.298019 0.130964
vt 0.298019 0.109555
vt 0.293874 0.116036
vt 0.285815 0.117107
vt 0.289163 0.130844
vt 0.291316 0.125030
vt 0.289875 0.191873
vt 0.281591 0.184613
vt 0.279080 0.109877
vt 0.286167 0.105942
vt 0.273652 0.125105
vt 0.275764 0.180380
vt 0.273120 0.130704
vt 0.270300 0.167823
vt 0.269759 0.139675
vt 0.265432 0.149204
vt 0.263405 0.178737
vt 0.269035 0.117774
vt 0.264821 0.186969
vt 0.267201 0.108751
vt 0.261083 0.114117
vt 0.262005 0.129512
vt 0.259911 0.132678
vt 0.258009 0.188366
vt 0.259964 0.156558
vt 0.261130 0.121183
vt 0.258856 0.170930
vt 0.259345 0.147241
vt 0.256603 0.107778
vt 0.349779 0.102812
vt 0.344838 0.096780
vt 0.350266 0.094584
vt 0.363031 0.105937
vt 0.352312 0.112236
vt 0.371315 0.093337
vt 0.375255 0.113145
vt 0.373295 0.098296
vt 0.378998 0.106939
vt 0.384023 0.100223
vt 0.388055 0.093337
vt 0.384438 0.107705
vt 0.397909 0.117217
vt 0.404862 0.115546
vt 0.399538 0.121549
vt 0.389892 0.119621
vt 0.385331 0.115546
vt 0.378451 0.116314
vt 0.353377 0.147593
vt 0.346313 0.143157
vt 0.358752 0.146954
vt 0.344111 0.147419
vt 0.329933 0.148824
vt 0.336007 0.144185
vt 0.367047 0.152761
vt 0.318653 0.147305
vt 0.313025 0.152761
vt 0.301621 0.168217
vt 0.320448 0.162774
vt 0.328163 0.167767
vt 0.338776 0.159364
vt 0.356146 0.168175
vt 0.359577 0.162375
vt 0.376603 0.163542
vt 0.384992 0.169568
vt 0.391185 0.163227
vt 0.401415 0.165553
vt 0.403056 0.159364
vt 0.407263 0.163107
vt 0.930216 0.829948
vt 0.922589 0.827422
vt 0.930323 0.824197
vt 0.905246 0.828255
vt 0.916816 0.822428
vt 0.917799 0.830006
vt 0.929094 0.776742
vt 0.917684 0.781190
vt 0.930382 0.763343
vt 0.922363 0.811359
vt 0.928868 0.806496
vt 0.928931 0.790598
vt 0.930178 0.725949
vt 0.926541 0.747562
vt 0.913719 0.727075
vt 0.932423 0.703748
vt 0.924356 0.712260
vt 0.913811 0.704313
vt 0.930099 0.679587
vt 0.929633 0.649199
vt 0.918483 0.676432
vt 0.918827 0.637460
vt 0.928408 0.613757
vt 0.912781 0.588231
vt 0.931767 0.582102
vt 0.920752 0.567123
vt 0.928184 0.542752
vt 0.904463 0.543336
vt 0.928493 0.512973
vt 0.921616 0.502411
vt 0.931904 0.493600
vt 0.917737 0.491611
vt 0.928883 0.482744
vt 0.909069 0.480032
vt 0.915739 0.479213
vt 0.909133 0.488550
vt 0.900355 0.482132
vt 0.903660 0.817199
vt 0.934393 0.780285
vt 0.935910 0.685073
vt 0.917888 0.610415
vt 0.917837 0.526650
vt 0.906574 0.508414
vt 0.904965 0.478618
vt 0.897557 0.479024
vt 0.915121 0.804179
vt 0.934317 0.798784
vt 0.907081 0.793607
vt 0.896377 0.749790
vt 0.908100 0.693977
vt 0.936226 0.665888
vt 0.899748 0.559269
vt 0.898635 0.526268
vt 0.933499 0.520277
vt 0.933840 0.505891
vt 0.921873 0.480766
vt 0.934662 0.477355
vt 0.919541 0.479319
vt 0.917270 0.718287
vt 0.907259 0.678922
vt 0.897335 0.647833
vt 0.895176 0.629365
vt 0.936492 0.542353
vt 0.893239 0.828601
vt 0.885924 0.823774
vt 0.903994 0.617128
vt 0.936606 0.610641
vt 0.936712 0.566218
vt 0.893992 0.502800
vt 0.893876 0.485437
vt 0.934199 0.834034
vt 0.934849 0.818496
vt 0.937275 0.749323
vt 0.936967 0.638905
vt 0.894459 0.477380
vt 0.888718 0.477780
vt 0.936371 0.765835
vt 0.936805 0.727938
vt 0.884377 0.722869
vt 0.889371 0.695089
vt 0.886840 0.669571
vt 0.877712 0.827692
vt 0.867394 0.821127
vt 0.887504 0.799833
vt 0.888824 0.783534
vt 0.889349 0.614162
vt 0.880397 0.812938
vt 0.876708 0.639357
vt 0.877238 0.603146
vt 0.890755 0.588453
vt 0.879209 0.571714
vt 0.875896 0.543953
vt 0.877227 0.524048
vt 0.869960 0.510201
vt 0.878814 0.493619
vt 0.871075 0.486593
vt 0.874998 0.477687
vt 0.858401 0.828060
vt 0.862353 0.806368
vt 0.873851 0.792427
vt 0.869768 0.772407
vt 0.871501 0.671055
vt 0.868421 0.617083
vt 0.869254 0.585164
vt 0.862315 0.702742
vt 0.870930 0.563616
vt 0.861670 0.480103
vt 0.833748 0.825336
vt 0.844350 0.829146
vt 0.833371 0.832509
vt 0.848473 0.481510
vt 0.847262 0.495199
vt 0.834471 0.482047
vt 0.848456 0.823635
vt 0.860710 0.552808
vt 0.861024 0.560697
vt 0.859819 0.552372
vt 0.860279 0.551671
vt 0.860504 0.548107
vt 0.860584 0.551307
vt 0.864277 0.550070
vt 0.860388 0.534476
vt 0.852840 0.779576
vt 0.855176 0.757827
vt 0.861800 0.738757
vt 0.855748 0.659273
vt 0.855422 0.632504
vt 0.859729 0.599734
vt 0.858150 0.553843
vt 0.858544 0.548368
vt 0.835251 0.493305
vt 0.827868 0.482687
vt 0.831334 0.474490
vt 0.846574 0.817690
vt 0.835436 0.814014
vt 0.839539 0.738571
vt 0.840989 0.715995
vt 0.840645 0.683082
vt 0.844378 0.566401
vt 0.847622 0.543263
vt 0.844212 0.519589
vt 0.837721 0.505409
vt 0.827431 0.827508
vt 0.838424 0.798974
vt 0.833020 0.766811
vt 0.834176 0.781317
vt 0.849054 0.614802
vt 0.842174 0.601681
vt 0.836133 0.625440
vt 0.831181 0.599904
vt 0.848871 0.583846
vt 0.833502 0.536602
vt 0.832591 0.505835
vt 0.833078 0.802320
vt 0.830836 0.786930
vt 0.832318 0.754038
vt 0.829692 0.725777
vt 0.828459 0.703915
vt 0.836698 0.661440
vt 0.836322 0.643417
vt 0.829007 0.552044
vt 0.829284 0.816408
vt 0.828175 0.767218
vt 0.827888 0.745156
vt 0.828458 0.654021
vt 0.830959 0.522322
vt 0.827753 0.682796
vt 0.827431 0.623804
vt 0.828055 0.575137
vt 0.828609 0.493545
vt 0.393263 0.110144
vt 0.395258 0.111945
vt 0.392933 0.111202
vt 0.388655 0.111945
vt 0.392911 0.114542
vt 0.394658 0.112545
vt 0.393867 0.115397
vt 0.392442 0.115546
vt 0.391846 0.115165
vt 0.388655 0.112545
vt 0.162339 0.880578
vt 0.161866 0.886991
vt 0.154190 0.878907
vt 0.153962 0.888504
vt 0.156036 0.909779
vt 0.154080 0.901289
vt 0.161092 0.905978
vt 0.363866 0.901735
vt 0.385223 0.903050
vt 0.377525 0.912180
vt 0.357305 0.911080
vt 0.284271 0.903286
vt 0.305794 0.910141
vt 0.281165 0.911359
vt 0.264027 0.902155
vt 0.257903 0.912341
vt 0.247520 0.906472
vt 0.241704 0.911390
vt 0.236122 0.903246
vt 0.160663 0.897498
vt 0.455708 0.907925
vt 0.463664 0.911416
vt 0.446375 0.911808
vt 0.436870 0.885229
vt 0.454787 0.885121
vt 0.436719 0.892986
vt 0.423347 0.913290
vt 0.426690 0.907372
vt 0.404513 0.907920
vt 0.385222 0.884302
vt 0.404474 0.885218
vt 0.397575 0.891281
vt 0.379341 0.889696
vt 0.366995 0.884989
vt 0.326018 0.911765
vt 0.333062 0.904140
vt 0.254254 0.885309
vt 0.269637 0.884965
vt 0.268963 0.891897
vt 0.238941 0.884686
vt 0.245138 0.894762
vt 0.232069 0.891410
vt 0.208870 0.877867
vt 0.201801 0.883589
vt 0.187867 0.876423
vt 0.464308 0.900220
vt 0.454950 0.890469
vt 0.465561 0.885626
vt 0.422467 0.888287
vt 0.417207 0.883036
vt 0.352707 0.883417
vt 0.361094 0.891218
vt 0.334293 0.884337
vt 0.346143 0.890483
vt 0.329495 0.890677
vt 0.322183 0.883406
vt 0.311718 0.889235
vt 0.303941 0.884401
vt 0.294805 0.888652
vt 0.285661 0.884381
vt 0.230420 0.883200
vt 0.230697 0.906568
vt 0.536213 0.902498
vt 0.544118 0.902533
vt 0.538132 0.910693
vt 0.532072 0.880417
vt 0.537072 0.876844
vt 0.537885 0.884885
vt 0.491168 0.878570
vt 0.520260 0.876050
vt 0.514782 0.885787
vt 0.224844 0.879054
vt 0.227883 0.886402
vt 0.217917 0.883884
vt 0.176248 0.882874
vt 0.171968 0.876050
vt 0.482464 0.889935
vt 0.471811 0.884180
vt 0.467635 0.910972
vt 0.444474 0.900881
vt 0.416369 0.896978
vt 0.306432 0.898702
vt 0.541587 0.893556
vt 0.214782 0.915066
vt 0.202278 0.912742
vt 0.210508 0.905749
vt 0.188001 0.887216
vt 0.530105 0.905016
vt 0.524929 0.911547
vt 0.466478 0.879728
vt 0.468370 0.902263
vt 0.532623 0.890772
vt 0.228347 0.903621
vt 0.228412 0.911256
vt 0.224756 0.913062
vt 0.191763 0.907160
vt 0.187813 0.911888
vt 0.504614 0.912976
vt 0.518494 0.905697
vt 0.484903 0.912633
vt 0.498426 0.907171
vt 0.472347 0.913556
vt 0.478132 0.907302
vt 0.172422 0.909543
vt 0.224853 0.891622
vt 0.212474 0.892865
vt 0.174154 0.897473
vt 0.516624 0.897682
vt 0.494165 0.897410
vt 0.223212 0.902408
vt 0.196089 0.896336
vt 0.004851 0.940125
vt 0.013981 0.945025
vt 0.005083 0.949280
vt 0.084252 0.940812
vt 0.074880 0.941836
vt 0.075991 0.934873
vt 0.103890 0.940241
vt 0.088372 0.932193
vt 0.101305 0.932769
vt 0.115921 0.933569
vt 0.117735 0.943217
vt 0.130233 0.938087
vt 0.138154 0.942221
vt 0.146657 0.938748
vt 0.155420 0.942750
vt 0.167180 0.938756
vt 0.174525 0.942964
vt 0.180182 0.934286
vt 0.192614 0.944237
vt 0.199677 0.937587
vt 0.209867 0.943903
vt 0.219778 0.941229
vt 0.236256 0.938674
vt 0.242905 0.945358
vt 0.254317 0.938379
vt 0.260344 0.944661
vt 0.291012 0.941999
vt 0.308794 0.937584
vt 0.308581 0.945524
vt 0.309997 0.927088
vt 0.301155 0.917397
vt 0.310065 0.916741
vt 0.102471 0.913988
vt 0.105919 0.921869
vt 0.085196 0.916367
vt 0.122568 0.919997
vt 0.117165 0.913096
vt 0.133924 0.913956
vt 0.144151 0.919415
vt 0.151508 0.914774
vt 0.165253 0.922545
vt 0.177108 0.915836
vt 0.193680 0.924073
vt 0.216475 0.916236
vt 0.242199 0.916712
vt 0.233376 0.923944
vt 0.264209 0.916055
vt 0.248241 0.924917
vt 0.262336 0.920942
vt 0.268061 0.935182
vt 0.279285 0.921390
vt 0.275751 0.944565
vt 0.284284 0.917775
vt 0.296053 0.925087
vt 0.385654 0.932751
vt 0.379118 0.926348
vt 0.383876 0.917625
vt 0.133506 0.928179
vt 0.215914 0.924615
vt 0.028254 0.938261
vt 0.037036 0.944558
vt 0.024864 0.946752
vt 0.077104 0.923891
vt 0.078536 0.913402
vt 0.375059 0.949280
vt 0.381377 0.942282
vt 0.382505 0.949218
vt 0.003393 0.918706
vt 0.006456 0.929462
vt 0.000300 0.931614
vt 0.006451 0.910864
vt 0.010738 0.919571
vt 0.017733 0.914290
vt 0.362906 0.920607
vt 0.342264 0.918362
vt 0.356052 0.913094
vt 0.373367 0.918118
vt 0.012047 0.938598
vt 0.048622 0.945800
vt 0.045515 0.939123
vt 0.035856 0.917893
vt 0.039424 0.911299
vt 0.061443 0.942645
vt 0.075263 0.914070
vt 0.313894 0.944056
vt 0.363167 0.946165
vt 0.018122 0.927409
vt 0.054279 0.914800
vt 0.060294 0.933822
vt 0.313846 0.917059
vt 0.069033 0.919844
vt 0.069521 0.912114
vt 0.320793 0.922771
vt 0.316931 0.937224
vt 0.324050 0.914380
vt 0.325832 0.944796
vt 0.348979 0.938170
vt 0.341196 0.947069
vt 0.349928 0.925153
vt 0.044458 0.926682
vt 0.332127 0.936437
vt 0.367651 0.934961
vt 0.204098 0.305948
vt 0.217239 0.293793
vt 0.218009 0.323932
vt 0.241176 0.305476
vt 0.203760 0.335526
vt 0.447208 0.333888
vt 0.441539 0.318324
vt 0.457113 0.318932
vt 0.242074 0.330957
vt 0.428413 0.337203
vt 0.414053 0.325860
vt 0.422504 0.321066
vt 0.252243 0.313269
vt 0.256269 0.316776
vt 0.252913 0.335430
vt 0.461720 0.306886
vt 0.463072 0.330111
vt 0.416287 0.347162
vt 0.458514 0.348722
vt 0.145288 0.295200
vt 0.137570 0.268974
vt 0.150290 0.269273
vt 0.166972 0.279080
vt 0.173370 0.306317
vt 0.188795 0.300617
vt 0.189663 0.284651
vt 0.199767 0.301117
vt 0.200262 0.279126
vt 0.199168 0.323550
vt 0.236758 0.354621
vt 0.466859 0.288316
vt 0.465014 0.315326
vt 0.480384 0.288723
vt 0.478009 0.312562
vt 0.508390 0.306401
vt 0.521494 0.278080
vt 0.525997 0.301825
vt 0.530592 0.283861
vt 0.153393 0.327545
vt 0.133926 0.293035
vt 0.187987 0.323357
vt 0.214360 0.347479
vt 0.260763 0.310716
vt 0.449987 0.352308
vt 0.470972 0.331584
vt 0.494975 0.331330
vt 0.525980 0.333446
vt 0.512614 0.341731
vt 0.135874 0.316044
vt 0.197408 0.339593
vt 0.432941 0.350335
vt 0.466061 0.353605
vt 0.262760 0.337005
vt 0.420774 0.361048
vt 0.533831 0.319204
vt 0.172088 0.338553
vt 0.249954 0.359189
vt 0.411669 0.344554
vt 0.402003 0.332762
vt 0.538115 0.289136
vt 0.198784 0.356960
vt 0.310480 0.332095
vt 0.329586 0.324081
vt 0.336109 0.346719
vt 0.353988 0.327690
vt 0.382292 0.336733
vt 0.363761 0.350354
vt 0.401783 0.350806
vt 0.438672 0.361463
vt 0.490476 0.349689
vt 0.138879 0.344752
vt 0.296727 0.347346
vt 0.279348 0.332241
vt 0.259026 0.357718
vt 0.532480 0.344234
vt 0.276531 0.351804
vt 0.131753 0.334169
vt 0.203673 0.361714
vt 0.150434 0.347921
vt 0.458390 0.371223
vt 0.311333 0.357723
vt 0.221314 0.371603
vt 0.524536 0.355576
vt 0.189270 0.356998
vt 0.385868 0.360862
vt 0.410907 0.362576
vt 0.349957 0.366593
vt 0.175833 0.364296
vt 0.250223 0.377373
vt 0.334887 0.361146
vt 0.404191 0.373346
vt 0.278505 0.365915
vt 0.442444 0.379048
vt 0.414926 0.378743
vt 0.483849 0.370396
vt 0.132609 0.357295
vt 0.371263 0.367122
vt 0.513808 0.364080
vt 0.198832 0.376583
vt 0.424108 0.377479
vt 0.154694 0.368637
vt 0.326928 0.375120
vt 0.302267 0.377358
vt 0.206630 0.385911
vt 0.466818 0.382298
vt 0.267081 0.376803
vt 0.411110 0.378008
vt 0.531193 0.368013
vt 0.456931 0.382742
vt 0.137077 0.370494
vt 0.521683 0.374329
vt 0.363702 0.380156
vt 0.505801 0.375757
vt 0.256379 0.384835
vt 0.382029 0.383386
vt 0.432824 0.394058
vt 0.226990 0.394058
vt 0.339145 0.384811
vt 0.176258 0.383500
vt 0.192431 0.381040
vt 0.240773 0.389847
vt 0.492595 0.385984
vt 0.318569 0.387620
vt 0.420279 0.392837
vt 0.396747 0.386755
vt 0.410054 0.392150
vt 0.461945 0.391325
vt 0.526901 0.382555
vt 0.159298 0.381766
vt 0.251353 0.388275
vt 0.284307 0.388925
vt 0.266014 0.390868
vt 0.460418 0.286844
vt 0.459336 0.262741
vt 0.440198 0.263226
vt 0.452341 0.241917
vt 0.436221 0.244230
vt 0.468424 0.249102
vt 0.422821 0.252077
vt 0.474247 0.265497
vt 0.490441 0.255549
vt 0.463439 0.233730
vt 0.282389 0.268709
vt 0.281546 0.251588
vt 0.293569 0.261954
vt 0.512666 0.249006
vt 0.528545 0.261096
vt 0.429915 0.231752
vt 0.535101 0.265182
vt 0.418175 0.252035
vt 0.420627 0.230668
vt 0.367817 0.258327
vt 0.354484 0.243109
vt 0.382283 0.244033
vt 0.415586 0.228600
vt 0.292570 0.239132
vt 0.311569 0.246782
vt 0.406632 0.251868
vt 0.408079 0.235531
vt 0.415643 0.246542
vt 0.534018 0.247818
vt 0.527919 0.234320
vt 0.423676 0.221340
vt 0.459293 0.222325
vt 0.387302 0.229963
vt 0.365499 0.229907
vt 0.491325 0.233203
vt 0.281432 0.231793
vt 0.330577 0.246659
vt 0.342865 0.227611
vt 0.446382 0.219126
vt 0.470797 0.230113
vt 0.433384 0.215237
vt 0.314070 0.226906
vt 0.513198 0.224870
vt 0.420789 0.214041
vt 0.404986 0.220372
vt 0.468748 0.218039
vt 0.537539 0.225874
vt 0.461162 0.212446
vt 0.331503 0.222448
vt 0.423934 0.208048
vt 0.466174 0.212774
vt 0.287926 0.219369
vt 0.364795 0.214467
vt 0.493325 0.217557
vt 0.447816 0.204093
vt 0.414975 0.211404
vt 0.280837 0.215477
vt 0.388902 0.212451
vt 0.456039 0.206085
vt 0.431963 0.205735
vt 0.306335 0.211053
vt 0.333778 0.207133
vt 0.477756 0.212435
vt 0.521537 0.210870
vt 0.405860 0.206849
vt 0.438719 0.201059
vt 0.533107 0.217944
vt 0.445803 0.192370
vt 0.453771 0.197676
vt 0.438073 0.190804
vt 0.428315 0.190576
vt 0.453471 0.191999
vt 0.137509 0.200168
vt 0.128138 0.200534
vt 0.130331 0.181055
vt 0.161503 0.187556
vt 0.159637 0.170614
vt 0.172569 0.175295
vt 0.121552 0.232105
vt 0.116989 0.227439
vt 0.123632 0.208951
vt 0.122799 0.184866
vt 0.117812 0.188876
vt 0.118990 0.209757
vt 0.108950 0.214809
vt 0.086594 0.211290
vt 0.105119 0.197917
vt 0.069771 0.203968
vt 0.071854 0.187909
vt 0.123473 0.160024
vt 0.113258 0.245198
vt 0.057247 0.204060
vt 0.121052 0.173548
vt 0.171100 0.150703
vt 0.138775 0.155935
vt 0.055980 0.184436
vt 0.105232 0.178583
vt 0.158054 0.149620
vt 0.050720 0.191192
vt 0.117507 0.169310
vt 0.113604 0.166265
vt 0.059827 0.168017
vt 0.085511 0.165271
vt 0.051907 0.167960
vt 0.116585 0.151200
vt 0.106643 0.152387
vt 0.125594 0.138733
vt 0.140037 0.136074
vt 0.061484 0.152183
vt 0.086877 0.141297
vt 0.120431 0.137608
vt 0.116471 0.139839
vt 0.050720 0.147590
vt 0.163620 0.132303
vt 0.108052 0.136697
vt 0.134169 0.127850
vt 0.124221 0.128994
vt 0.114786 0.128039
vt 0.144611 0.123237
vt 0.058077 0.131698
vt 0.116142 0.122149
vt 0.171654 0.134299
vt 0.169910 0.125645
s 1
usemtl material_0
f 1/1/1 2/2/2 3/3/3
f 4/4/4 3/3/3 5/5/5
f 5/5/5 3/3/3 2/2/2
f 6/6/6 7/7/7 8/8/8
f 9/9/9 10/10/10 8/8/8
f 11/11/11 10/10/10 12/12/12
f 13/13/13 1/1/1 14/14/14
f 15/15/15 14/14/14 1/1/1
f 1/1/1 13/13/13 16/16/16
f 1/1/1 16/16/16 2/2/2
f 2/2/2 17/17/17 5/5/5
f 4/4/4 5/5/5 18/18/18
f 7/7/7 6/6/6 19/19/19
f 8/8/8 7/7/7 9/9/9
f 10/10/10 9/9/9 20/20/20
f 12/12/12 10/10/10 20/20/20
f 21/21/21 6/6/6 8/8/8
f 22/22/22 8/8/8 10/10/10
f 22/22/22 10/10/10 11/11/11
f 11/11/11 12/12/12 23/23/23
f 24/24/24 17/17/17 2/2/2
f 21/21/21 8/8/8 25/25/25
f 25/25/25 8/8/8 22/22/22
f 2/2/2 16/16/16 24/24/24
f 7/7/7 26/26/26 9/9/9
f 27/27/27 18/18/18 5/5/5
f 20/20/20 23/23/23 12/12/12
f 27/27/27 5/5/5 17/17/17
f 28/28/28 7/7/7 19/19/19
f 28/28/28 26/26/26 7/7/7
f 20/20/20 9/9/9 29/29/29
f 30/30/30 26/26/26 28/28/28
f 29/29/29 9/9/9 26/26/26
f 18/18/18 31/31/31 4/4/4
f 19/19/19 6/6/6 32/32/32
f 28/28/28 19/19/19 33/33/33
f 17/17/17 24/24/24 34/34/34
f 6/6/6 21/21/21 32/32/32
f 33/33/33 19/19/19 35/35/35
f 23/23/23 20/20/20 36/36/36
f 18/18/18 27/27/27 37/37/37
f 19/19/19 32/32/32 35/35/35
f 38/38/38 28/28/28 33/33/33
f 28/28/28 38/38/38 30/30/30
f 37/37/37 27/27/27 39/39/39
f 40/40/40 37/37/37 39/39/39
f 40/40/40 39/39/39 41/41/41
f 40/40/40 41/41/41 42/42/42
f 42/42/42 41/41/41 43/43/43
f 42/42/42 43/43/43 44/44/44
f 44/44/44 43/43/43 45/45/45
f 46/46/46 44/44/44 45/45/45
f 32/32/32 45/45/45 35/35/35
f 41/41/41 39/39/39 47/47/47
f 45/45/45 43/43/43 48/48/48
f 49/49/49 39/39/39 27/27/27
f 41/41/41 47/47/47 50/50/50
f 45/45/45 48/48/48 33/33/33
f 46/46/46 45/45/45 32/32/32
f 33/33/33 35/35/35 45/45/45
f 39/39/39 49/49/49 47/47/47
f 40/40/40 42/42/42 51/51/51
f 52/52/52 42/42/42 44/44/44
f 53/53/53 37/37/37 54/54/54
f 54/54/54 37/37/37 40/40/40
f 51/51/51 54/54/54 40/40/40
f 52/52/52 44/44/44 55/55/55
f 44/44/44 46/46/46 55/55/55
f 43/43/43 56/56/56 48/48/48
f 57/57/57 46/46/46 32/32/32
f 51/51/51 42/42/42 52/52/52
f 41/41/41 50/50/50 43/43/43
f 58/58/58 37/37/37 53/53/53
f 59/59/59 56/56/56 43/43/43
f 55/55/55 46/46/46 57/57/57
f 56/56/56 60/60/60 48/48/48
f 57/57/57 32/32/32 21/21/21
f 27/27/27 61/61/61 49/49/49
f 58/58/58 18/18/18 37/37/37
f 62/62/62 50/50/50 47/47/47
f 59/59/59 43/43/43 50/50/50
f 48/48/48 60/60/60 33/33/33
f 62/62/62 47/47/47 49/49/49
f 59/59/59 63/63/63 56/56/56
f 38/38/38 33/33/33 64/64/64
f 64/64/64 33/33/33 60/60/60
f 50/50/50 62/62/62 65/65/65
f 66/66/66 50/50/50 65/65/65
f 50/50/50 66/66/66 59/59/59
f 56/56/56 63/63/63 60/60/60
f 67/67/67 68/68/68 69/69/34
f 70/70/69 68/68/68 67/67/67
f 71/71/70 69/69/34 72/72/71
f 71/71/70 67/67/67 69/69/34
f 71/71/70 72/72/71 73/73/72
f 72/72/71 74/74/73 73/73/72
f 74/74/73 72/72/71 75/75/74
f 73/73/72 74/74/73 76/76/75
f 74/74/73 75/75/74 77/77/76
f 77/77/76 78/78/77 74/74/73
f 78/78/77 76/76/75 74/74/73
f 76/76/75 78/78/77 79/79/78
f 79/79/78 78/78/77 80/80/79
f 81/81/80 80/80/79 78/78/77
f 80/80/79 82/82/81 83/83/82
f 80/80/79 81/81/80 82/82/81
f 84/84/83 85/85/84 86/86/85
f 87/87/86 86/86/85 85/85/84
f 87/87/86 88/88/87 86/86/85
f 87/87/86 89/89/88 88/88/87
f 89/89/88 90/90/89 88/88/87
f 88/88/87 90/90/89 91/91/90
f 90/90/89 92/92/91 91/91/90
f 90/90/89 93/93/92 94/94/93
f 95/95/94 96/96/95 91/91/90
f 97/97/96 91/91/90 92/92/91
f 97/97/96 95/95/94 91/91/90
f 92/92/91 90/90/89 98/98/97
f 98/98/97 90/90/89 94/94/93
f 92/92/91 99/99/98 97/97/96
f 92/92/91 98/98/97 100/100/99
f 100/100/99 99/99/98 92/92/91
f 95/95/94 97/97/96 99/99/98
f 101/101/100 95/95/94 99/99/98
f 101/101/100 99/99/98 100/100/99
f 95/95/94 101/101/100 102/102/101
f 103/103/102 104/104/103 105/105/104
f 106/106/103 101/101/100 100/100/99
f 102/102/101 101/101/100 107/107/105
f 108/108/106 104/104/103 103/103/102
f 109/109/107 104/104/103 108/108/106
f 108/108/106 110/110/108 109/109/107
f 111/111/109 108/108/106 103/103/102
f 108/108/106 111/111/109 112/112/110
f 108/108/106 113/113/111 110/110/108
f 108/108/106 112/112/110 113/113/111
f 113/113/111 114/114/112 110/110/108
f 114/114/112 113/113/111 115/115/113
f 113/113/111 112/112/110 116/116/114
f 115/115/113 113/113/111 116/116/114
f 117/117/115 112/112/110 118/118/116
f 115/115/113 116/116/114 119/119/117
f 112/112/110 117/117/115 120/120/118
f 120/120/118 116/116/114 112/112/110
f 117/117/115 121/121/119 120/120/118
f 119/119/117 116/116/114 122/122/120
f 116/116/114 120/120/118 122/122/120
f 119/119/117 122/122/120 123/123/121
f 122/122/120 120/120/118 124/124/122
f 121/121/119 124/124/122 120/120/118
f 124/124/122 121/121/119 125/125/123
f 123/123/121 122/122/120 126/126/124
f 122/122/120 124/124/122 127/127/125
f 124/124/122 125/125/123 127/127/125
f 122/122/120 127/127/125 128/128/126
f 128/128/126 126/126/124 122/122/120
f 125/125/123 129/129/127 127/127/125
f 125/125/123 130/130/128 129/129/127
f 126/126/124 128/128/126 131/131/129
f 128/128/126 127/127/125 132/132/130
f 127/127/125 129/129/127 132/132/130
f 129/129/127 130/130/128 133/133/131
f 131/131/129 128/128/126 134/134/132
f 132/132/130 134/134/132 128/128/126
f 129/129/127 135/135/133 132/132/130
f 129/129/127 133/133/131 135/135/133
f 135/135/133 133/133/131 136/136/134
f 134/134/132 132/132/130 137/137/135
f 132/132/130 135/135/133 138/138/136
f 137/137/135 132/132/130 138/138/136
f 136/136/134 139/139/137 135/135/133
f 138/138/136 140/140/138 137/137/135
f 135/135/133 139/139/137 141/141/139
f 135/135/133 141/141/139 138/138/136
f 138/138/136 142/142/140 140/140/138
f 142/142/140 138/138/136 143/143/141
f 138/138/136 141/141/139 143/143/141
f 141/141/139 139/139/137 144/144/142
f 140/140/138 142/142/140 145/145/143
f 143/143/141 146/146/144 142/142/140
f 145/145/143 142/142/140 146/146/144
f 141/141/139 144/144/142 143/143/141
f 143/143/141 144/144/142 147/147/145
f 147/147/145 144/144/142 148/148/146
f 146/146/144 149/149/147 145/145/143
f 150/150/148 146/146/144 143/143/141
f 143/143/141 147/147/145 150/150/148
f 149/149/147 146/146/144 150/150/148
f 147/147/145 148/148/146 151/151/149
f 147/147/145 152/152/150 150/150/148
f 147/147/145 151/151/149 152/152/150
f 148/148/146 153/153/151 151/151/149
f 149/149/147 150/150/148 152/152/150
f 149/149/147 152/152/150 154/154/152
f 151/151/149 153/153/151 152/152/150
f 152/152/150 153/153/151 155/155/153
f 152/152/150 155/155/153 156/156/154
f 152/152/150 157/157/155 154/154/152
f 152/152/150 156/156/154 157/157/155
f 158/158/156 154/154/152 157/157/155
f 159/159/157 158/158/156 157/157/155
f 160/160/158 156/156/154 155/155/153
f 157/157/155 156/156/154 161/161/159
f 160/160/158 162/162/160 156/156/154
f 159/159/157 157/157/155 163/163/161
f 161/161/159 163/163/161 157/157/155
f 162/162/160 161/161/159 156/156/154
f 161/161/159 162/162/160 164/164/162
f 162/162/160 165/165/163 164/164/162
f 163/163/161 161/161/159 166/166/164
f 167/167/165 163/163/161 166/166/164
f 164/164/162 166/166/164 161/161/159
f 166/166/164 164/164/162 168/168/166
f 164/164/162 169/169/167 168/168/166
f 168/168/166 167/167/165 166/166/164
f 164/164/162 165/165/163 169/169/167
f 167/167/165 168/168/166 170/170/168
f 171/171/169 169/169/167 165/165/163
f 172/172/170 170/170/168 168/168/166
f 172/172/170 168/168/166 169/169/167
f 173/173/171 172/172/170 169/169/167
f 174/174/172 170/170/168 172/172/170
f 171/171/169 175/175/173 169/169/167
f 173/173/171 169/169/167 175/175/173
f 172/172/170 173/173/171 176/176/174
f 174/174/172 172/172/170 176/176/174
f 176/176/174 173/173/171 177/177/175
f 175/175/173 178/178/176 173/173/171
f 179/179/177 178/178/176 175/175/173
f 176/176/174 180/180/178 174/174/172
f 173/173/171 178/178/176 177/177/175
f 176/176/174 181/181/179 180/180/178
f 176/176/174 177/177/175 181/181/179
f 182/182/180 178/178/176 179/179/177
f 183/183/181 180/180/178 181/181/179
f 177/177/175 178/178/176 184/184/182
f 177/177/175 184/184/182 181/181/179
f 182/182/180 184/184/182 178/178/176
f 185/185/183 183/183/181 181/181/179
f 181/181/179 186/186/184 185/185/183
f 181/181/179 184/184/182 186/186/184
f 187/187/185 184/184/182 182/182/180
f 185/185/183 186/186/184 188/188/186
f 186/186/184 184/184/182 189/189/187
f 189/189/187 188/188/186 186/186/184
f 187/187/185 189/189/187 184/184/182
f 185/185/183 188/188/186 190/190/188
f 191/191/189 192/192/190 193/193/191
f 194/194/192 193/193/191 192/192/190
f 195/195/193 196/196/194 191/191/189
f 194/194/192 192/192/190 197/197/195
f 191/191/189 196/196/194 192/192/190
f 196/196/194 198/198/196 192/192/190
f 199/199/197 194/194/192 197/197/195
f 195/195/193 200/200/198 196/196/194
f 201/201/199 194/194/192 202/202/200
f 192/192/190 198/198/196 197/197/195
f 194/194/192 199/199/197 202/202/200
f 200/200/198 203/203/201 196/196/194
f 203/203/201 200/200/198 204/204/202
f 199/199/197 205/205/203 202/202/200
f 199/199/197 197/197/195 206/206/204
f 206/206/204 205/205/203 199/199/197
f 207/207/205 202/202/200 205/205/203
f 198/198/196 196/196/194 208/208/206
f 203/203/201 208/208/206 196/196/194
f 209/209/207 210/210/208 211/211/209
f 212/212/210 213/213/211 214/214/212
f 211/211/209 210/210/208 215/215/213
f 209/209/207 212/212/210 214/214/212
f 216/216/214 203/203/201 204/204/202
f 217/217/215 205/205/203 206/206/204
f 208/208/206 203/203/201 218/218/216
f 209/209/207 219/219/217 212/212/210
f 211/211/209 215/215/213 220/220/218
f 209/209/207 211/211/209 221/221/219
f 216/216/214 218/218/216 203/203/201
f 219/219/217 209/209/207 221/221/219
f 207/207/205 205/205/203 217/217/215
f 220/220/218 215/215/213 222/222/220
f 212/212/210 219/219/217 223/223/221
f 224/224/222 225/225/223 226/226/224
f 217/217/215 206/206/204 227/227/225
f 228/228/226 211/211/209 220/220/218
f 212/212/210 223/223/221 229/229/227
f 230/230/228 225/225/223 231/231/229
f 232/232/230 233/233/231 212/212/210
f 211/211/209 228/228/226 221/221/219
f 234/234/232 226/226/224 235/235/233
f 218/218/216 216/216/214 236/236/234
f 224/224/222 226/226/224 237/237/235
f 225/225/223 224/224/222 231/231/229
f 230/230/228 231/231/229 238/238/236
f 239/239/237 240/240/238 218/218/216
f 222/222/220 241/241/239 220/220/218
f 237/237/235 226/226/224 234/234/232
f 229/229/227 230/230/228 238/238/236
f 207/207/205 217/217/215 242/242/240
f 229/229/227 232/232/230 212/212/210
f 243/243/241 236/236/234 216/216/214
f 236/236/234 239/239/237 218/218/216
f 244/244/242 245/245/243 235/235/233
f 238/238/236 232/232/230 229/229/227
f 246/246/244 238/238/236 231/231/229
f 217/217/215 247/247/245 242/242/240
f 241/241/239 248/248/246 249/249/247
f 220/220/218 241/241/239 249/249/247
f 220/220/218 249/249/247 228/228/226
f 247/247/245 217/217/215 227/227/225
f 250/250/248 232/232/230 238/238/236
f 224/224/222 246/246/244 231/231/229
f 235/235/233 245/245/243 234/234/232
f 237/237/235 251/251/249 224/224/222
f 228/228/226 252/252/250 244/244/242
f 249/249/247 248/248/246 253/253/251
f 227/227/225 254/254/252 247/247/245
f 249/249/247 252/252/250 228/228/226
f 253/253/251 252/252/250 249/249/247
f 255/255/253 242/242/240 247/247/245
f 244/244/242 256/256/254 245/245/243
f 257/257/255 239/239/237 236/236/234
f 246/246/244 224/224/222 258/258/256
f 237/237/235 259/259/257 251/251/249
f 236/236/234 243/243/241 260/260/258
f 252/252/250 256/256/254 244/244/242
f 255/255/253 247/247/245 261/261/259
f 262/262/260 250/250/248 238/238/236
f 257/257/255 236/236/234 260/260/258
f 261/261/259 247/247/245 254/254/252
f 251/251/249 258/258/256 224/224/222
f 252/252/250 253/253/251 263/263/261
f 234/234/232 259/259/257 237/237/235
f 246/246/244 264/264/262 238/238/236
f 234/234/232 245/245/243 259/259/257
f 265/265/263 250/250/248 262/262/260
f 259/259/257 266/266/264 251/251/249
f 261/261/259 254/254/252 267/267/265
f 263/263/261 268/268/266 252/252/250
f 269/269/267 255/255/253 261/261/259
f 270/270/268 261/261/259 267/267/265
f 260/260/258 271/271/266 257/257/255
f 246/246/244 272/272/269 264/264/262
f 273/273/270 270/270/268 267/267/265
f 269/269/267 274/274/271 275/275/272
f 276/276/273 277/277/274 268/268/266
f 269/269/267 261/261/259 270/270/268
f 252/252/250 278/278/275 256/256/254
f 279/279/276 272/272/269 258/258/256
f 258/258/256 272/272/269 246/246/244
f 279/279/276 258/258/256 251/251/249
f 252/252/250 268/268/266 280/280/277
f 268/268/266 277/277/274 280/280/277
f 270/270/268 281/281/278 269/269/267
f 282/282/279 277/277/274 276/276/273
f 245/245/243 266/266/264 259/259/257
f 274/274/271 269/269/267 281/281/278
f 274/274/271 281/281/278 283/283/280
f 284/284/281 245/245/243 256/256/254
f 285/285/282 279/279/276 251/251/249
f 277/277/274 282/282/279 286/286/283
f 280/280/277 277/277/274 286/286/283
f 238/238/236 264/264/262 262/262/260
f 285/285/282 251/251/249 266/266/264
f 273/273/270 281/281/278 270/270/268
f 283/283/280 281/281/278 287/287/284
f 245/245/243 284/284/281 266/266/264
f 286/286/283 282/282/279 288/288/285
f 289/289/286 274/274/271 283/283/280
f 286/286/283 288/288/285 290/290/287
f 273/273/270 287/287/284 281/281/278
f 289/289/286 283/283/280 287/287/284
f 282/282/279 291/291/288 288/288/285
f 292/292/289 293/293/290 274/274/271
f 286/286/283 294/294/291 280/280/277
f 278/278/275 295/295/292 256/256/254
f 256/256/254 295/295/292 296/296/293
f 296/296/293 284/284/281 256/256/254
f 272/272/269 279/279/276 297/297/294
f 294/294/291 286/286/283 290/290/287
f 289/289/286 292/292/289 274/274/271
f 289/289/286 287/287/284 298/298/295
f 299/299/296 265/265/263 262/262/260
f 300/300/297 285/285/282 266/266/264
f 264/264/262 272/272/269 301/301/298
f 284/284/281 302/302/299 266/266/264
f 284/284/281 296/296/293 302/302/299
f 289/289/286 303/303/300 292/292/289
f 272/272/269 304/304/301 301/301/298
f 305/305/302 297/297/294 306/306/303
f 297/297/294 305/305/302 272/272/269
f 291/291/288 307/307/304 288/288/285
f 303/303/300 289/289/286 298/298/295
f 308/308/305 266/266/264 302/302/299
f 304/304/301 272/272/269 305/305/302
f 301/301/298 262/262/260 264/264/262
f 288/288/285 307/307/304 290/290/287
f 300/300/297 266/266/264 309/309/306
f 299/299/296 262/262/260 310/310/307
f 311/311/308 305/305/302 306/306/303
f 312/312/309 294/294/291 290/290/287
f 262/262/260 301/301/298 310/310/307
f 266/266/264 313/313/310 309/309/306
f 266/266/264 308/308/305 313/313/310
f 298/298/295 314/314/311 303/303/300
f 296/296/293 295/295/292 315/315/312
f 316/316/313 315/315/312 295/295/292
f 317/317/314 299/299/296 318/318/315
f 299/299/296 310/310/307 318/318/315
f 302/302/299 296/296/293 315/315/312
f 319/319/316 310/310/307 301/301/298
f 300/300/297 309/309/306 320/320/317
f 313/313/310 320/320/317 309/309/306
f 321/321/318 305/305/302 311/311/308
f 302/302/299 322/322/319 308/308/305
f 323/323/320 318/318/315 310/310/307
f 301/301/298 304/304/301 324/324/321
f 305/305/302 325/325/322 304/304/301
f 322/322/319 302/302/299 315/315/312
f 308/308/305 322/322/319 326/326/323
f 313/313/310 308/308/305 326/326/323
f 319/319/316 301/301/298 324/324/321
f 321/321/318 300/300/297 320/320/317
f 323/323/320 310/310/307 319/319/316
f 325/325/322 305/305/302 321/321/318
f 327/327/324 290/290/287 307/307/304
f 304/304/301 325/325/322 324/324/321
f 323/323/320 328/328/325 318/318/315
f 303/303/300 329/329/326 292/292/289
f 315/315/312 316/316/313 330/330/327
f 292/292/289 331/331/328 332/332/329
f 292/292/289 329/329/326 331/331/328
f 303/303/300 314/314/311 333/333/330
f 318/318/315 328/328/325 317/317/314
f 315/315/312 334/334/331 322/322/319
f 303/303/300 333/333/330 329/329/326
f 325/325/322 321/321/318 335/335/332
f 321/321/318 320/320/317 336/336/333
f 313/313/310 336/336/333 320/320/317
f 326/326/323 322/322/319 334/334/331
f 337/337/334 330/330/327 316/316/313
f 313/313/310 326/326/323 338/338/335
f 336/336/333 313/313/310 338/338/335
f 334/334/331 315/315/312 330/330/327
f 328/328/325 339/339/336 317/317/314
f 323/323/320 319/319/316 340/340/337
f 321/321/318 336/336/333 335/335/332
f 312/312/309 290/290/287 341/341/338
f 342/342/339 331/331/328 329/329/326
f 340/340/337 328/328/325 323/323/320
f 343/343/340 319/319/316 324/324/321
f 338/338/335 326/326/323 344/344/341
f 334/334/331 344/344/341 326/326/323
f 327/327/324 341/341/338 290/290/287
f 340/340/337 319/319/316 343/343/340
f 325/325/322 345/345/342 324/324/321
f 333/333/330 346/346/343 329/329/326
f 327/327/324 307/307/304 347/347/344
f 325/325/322 335/335/332 345/345/342
f 342/342/339 329/329/326 346/346/343
f 343/343/340 324/324/321 345/345/342
f 335/335/332 336/336/333 338/338/335
f 331/331/328 342/342/339 332/332/329
f 348/348/345 341/341/338 327/327/324
f 328/328/325 349/349/346 339/339/336
f 349/349/346 328/328/325 340/340/337
f 332/332/329 342/342/339 350/350/347
f 351/351/348 327/327/324 347/347/344
f 330/330/327 337/337/334 352/352/349
f 327/327/324 351/351/348 348/348/345
f 344/344/341 353/353/350 338/338/335
f 353/353/350 335/335/332 338/338/335
f 344/344/341 334/334/331 354/354/351
f 349/349/346 355/355/352 339/339/336
f 348/348/345 356/356/353 341/341/338
f 346/346/343 357/357/354 342/342/339
f 357/357/354 346/346/343 358/358/355
f 334/334/331 330/330/327 359/359/356
f 360/360/357 340/340/337 343/343/340
f 360/360/357 349/349/346 340/340/337
f 361/361/358 332/332/329 350/350/347
f 360/360/357 343/343/340 362/362/359
f 359/359/356 330/330/327 352/352/349
f 349/349/346 360/360/357 355/355/352
f 345/345/342 363/363/360 343/343/340
f 350/350/347 342/342/339 364/364/361
f 362/362/359 343/343/340 365/365/362
f 343/343/340 363/363/360 365/365/362
f 357/357/354 364/364/361 342/342/339
f 366/366/363 348/348/345 351/351/348
f 367/367/364 354/354/351 334/334/331
f 345/345/342 335/335/332 363/363/360
f 357/357/354 358/358/355 368/368/365
f 367/367/364 344/344/341 354/354/351
f 359/359/356 352/352/349 369/369/366
f 357/357/354 368/368/365 364/364/361
f 366/366/363 351/351/348 370/370/367
f 344/344/341 371/371/368 353/353/350
f 371/371/368 344/344/341 367/367/364
f 356/356/353 348/348/345 366/366/363
f 361/361/358 350/350/347 364/364/361
f 372/372/369 355/355/352 360/360/357
f 373/373/370 361/361/358 364/364/361
f 374/374/371 370/370/367 351/351/348
f 363/363/360 335/335/332 375/375/372
f 353/353/350 375/375/372 335/335/332
f 376/376/373 365/365/362 363/363/360
f 376/376/373 362/362/359 365/365/362
f 371/371/368 377/377/374 353/353/350
f 375/375/372 353/353/350 377/377/374
f 334/334/331 359/359/356 367/367/364
f 366/366/363 378/378/375 356/356/353
f 360/360/357 362/362/359 379/379/376
f 380/380/377 362/362/359 376/376/373
f 375/375/372 377/377/374 381/381/378
f 376/376/373 363/363/360 382/382/379
f 364/364/361 368/368/365 383/383/380
f 370/370/367 384/384/381 366/366/363
f 371/371/368 367/367/364 385/385/382
f 383/383/380 373/373/370 364/364/361
f 377/377/374 371/371/368 385/385/382
f 362/362/359 380/380/377 379/379/376
f 360/360/357 386/386/383 372/372/369
f 387/387/384 359/359/356 369/369/366
f 366/366/363 388/388/385 378/378/375
f 360/360/357 379/379/376 386/386/383
f 389/389/386 367/367/364 359/359/356
f 363/363/360 375/375/372 390/390/387
f 384/384/381 388/388/385 366/366/363
f 376/376/373 382/382/379 380/380/377
f 382/382/379 391/391/388 380/380/377
f 377/377/374 385/385/382 381/381/378
f 389/389/386 359/359/356 387/387/384
f 367/367/364 392/392/389 385/385/382
f 382/382/379 363/363/360 390/390/387
f 384/384/381 370/370/367 374/374/371
f 383/383/380 368/368/365 393/393/390
f 384/384/381 374/374/371 394/394/391
f 375/375/372 395/395/392 390/390/387
f 387/387/384 369/369/366 396/396/393
f 380/380/377 391/391/388 397/397/394
f 397/397/394 379/379/376 380/380/377
f 395/395/392 375/375/372 381/381/378
f 391/391/388 382/382/379 390/390/387
f 398/398/395 373/373/370 383/383/380
f 399/399/396 378/378/375 388/388/385
f 367/367/364 389/389/386 392/392/389
f 392/392/389 381/381/378 385/385/382
f 395/395/392 381/381/378 400/400/397
f 391/391/388 390/390/387 395/395/392
f 401/401/398 384/384/381 394/394/391
f 381/381/378 392/392/389 402/402/399
f 401/401/398 388/388/385 384/384/381
f 393/393/390 403/403/400 383/383/380
f 383/383/380 403/403/400 398/398/395
f 404/404/401 402/402/399 392/392/389
f 404/404/401 392/392/389 389/389/386
f 405/405/402 386/386/383 379/379/376
f 406/406/403 373/373/370 398/398/395
f 404/404/401 389/389/386 387/387/384
f 387/387/384 396/396/393 407/407/404
f 399/399/396 388/388/385 408/408/405
f 379/379/376 397/397/394 409/409/406
f 388/388/385 410/410/407 408/408/405
f 411/411/408 387/387/384 407/407/404
f 401/401/398 410/410/407 388/388/385
f 412/412/409 379/379/376 409/409/406
f 387/387/384 411/411/408 404/404/401
f 391/391/388 395/395/392 413/413/410
f 405/405/402 379/379/376 412/412/409
f 409/409/406 397/397/394 391/391/388
f 395/395/392 400/400/397 414/414/411
f 391/391/388 413/413/410 409/409/406
f 404/404/401 411/411/408 415/415/412
f 406/406/403 398/398/395 416/416/413
f 417/417/414 395/395/392 414/414/411
f 418/418/415 414/414/411 400/400/397
f 413/413/410 395/395/392 417/417/414
f 402/402/399 419/419/416 381/381/378
f 400/400/397 381/381/378 419/419/416
f 420/420/417 405/405/402 412/412/409
f 418/418/415 400/400/397 419/419/416
f 398/398/395 403/403/400 421/421/418
f 411/411/408 407/407/404 422/422/419
f 398/398/395 421/421/418 416/416/413
f 413/413/410 423/423/420 409/409/406
f 401/401/398 424/424/421 410/410/407
f 422/422/419 415/415/412 411/411/408
f 422/422/419 407/407/404 425/425/422
f 412/412/409 409/409/406 426/426/423
f 401/401/398 427/427/424 424/424/421
f 428/428/425 404/404/401 415/415/412
f 410/410/407 429/429/426 408/408/405
f 408/408/405 429/429/426 430/430/427
f 403/403/400 393/393/390 431/431/428
f 404/404/401 428/428/425 402/402/399
f 410/410/407 424/424/421 429/429/426
f 420/420/417 412/412/409 432/432/429
f 413/413/410 417/417/414 423/423/420
f 432/432/429 412/412/409 426/426/423
f 414/414/411 418/418/415 433/433/430
f 417/417/414 414/414/411 433/433/430
f 409/409/406 423/423/420 426/426/423
f 402/402/399 428/428/425 419/419/416
f 403/403/400 434/434/431 421/421/418
f 428/428/425 415/415/412 435/435/432
f 403/403/400 431/431/428 434/434/431
f 436/436/433 433/433/430 418/418/415
f 417/417/414 437/437/434 423/423/420
f 438/438/435 420/420/417 432/432/429
f 423/423/420 439/439/436 426/426/423
f 415/415/412 422/422/419 435/435/432
f 435/435/432 422/422/419 440/440/437
f 433/433/430 437/437/434 417/417/414
f 436/436/433 418/418/415 419/419/416
f 423/423/420 437/437/434 441/441/438
f 436/436/433 419/419/416 442/442/439
f 443/443/440 428/428/425 435/435/432
f 428/428/425 442/442/439 419/419/416
f 428/428/425 443/443/440 442/442/439
f 427/427/424 444/444/441 424/424/421
f 424/424/421 430/430/427 429/429/426
f 434/434/431 445/445/442 421/421/418
f 421/421/418 445/445/442 416/416/413
f 423/423/420 441/441/438 439/439/436
f 433/433/430 446/446/443 437/437/434
f 426/426/423 447/447/444 432/432/429
f 447/447/444 426/426/423 439/439/436
f 448/448/445 433/433/430 436/436/433
f 431/431/428 449/449/446 434/434/431
f 424/424/421 450/450/447 430/430/427
f 441/441/438 437/437/434 446/446/443
f 451/451/448 438/438/435 432/432/429
f 433/433/430 448/448/445 446/446/443
f 444/444/441 452/452/449 424/424/421
f 450/450/447 453/453/450 430/430/427
f 448/448/445 436/436/433 442/442/439
f 424/424/421 452/452/449 450/450/447
f 451/451/448 432/432/429 447/447/444
f 454/454/451 439/439/436 441/441/438
f 435/435/432 440/440/437 455/455/452
f 435/435/432 455/455/452 443/443/440
f 440/440/437 456/456/453 455/455/452
f 454/454/451 441/441/438 446/446/443
f 443/443/440 457/457/454 442/442/439
f 434/434/431 449/449/446 458/458/455
f 434/434/431 459/459/456 445/445/442
f 460/460/457 448/448/445 442/442/439
f 460/460/457 442/442/439 457/457/454
f 443/443/440 455/455/452 461/461/458
f 452/452/449 444/444/441 462/462/459
f 452/452/449 463/463/460 450/450/447
f 450/450/447 464/464/461 453/453/450
f 465/465/462 439/439/436 454/454/451
f 452/452/449 462/462/459 463/463/460
f 458/458/455 466/466/463 434/434/431
f 447/447/444 439/439/436 465/465/462
f 443/443/440 461/461/458 457/457/454
f 467/467/464 446/446/443 448/448/445
f 446/446/443 467/467/464 454/454/451
f 466/466/463 459/459/456 434/434/431
f 467/467/464 448/448/445 468/468/465
f 451/451/448 447/447/444 469/469/466
f 465/465/462 469/469/466 447/447/444
f 465/465/462 454/454/451 470/470/467
f 450/450/447 471/471/468 464/464/461
f 457/457/454 472/472/469 460/460/457
f 454/454/451 467/467/464 470/470/467
f 448/448/445 460/460/457 468/468/465
f 461/461/458 455/455/452 473/473/470
f 455/455/452 456/456/453 474/474/471
f 463/463/460 471/471/468 450/450/447
f 471/471/468 463/463/460 475/475/472
f 469/469/466 476/476/473 451/451/448
f 466/466/463 477/477/474 459/459/456
f 455/455/452 474/474/471 473/473/470
f 461/461/458 472/472/469 457/457/454
f 462/462/459 475/475/472 463/463/460
f 465/465/462 470/470/467 469/469/466
f 475/475/472 462/462/459 478/478/475
f 460/460/457 479/479/476 468/468/465
f 480/480/477 476/476/473 469/469/466
f 471/471/468 481/481/478 464/464/461
f 468/468/465 479/479/476 467/467/464
f 482/482/479 473/473/470 474/474/471
f 483/483/480 467/467/464 479/479/476
f 467/467/464 483/483/480 470/470/467
f 461/461/458 473/473/470 484/484/481
f 485/485/482 480/480/477 469/469/466
f 472/472/469 486/486/483 460/460/457
f 484/484/481 473/473/470 482/482/479
f 479/479/476 460/460/457 486/486/483
f 485/485/482 469/469/466 470/470/467
f 472/472/469 461/461/458 484/484/481
f 458/458/455 487/487/484 488/488/485
f 472/472/469 489/489/486 486/486/483
f 458/458/455 488/488/485 466/466/463
f 480/480/477 485/485/482 490/490/487
f 482/482/479 474/474/471 491/491/488
f 470/470/467 492/492/489 485/485/482
f 466/466/463 493/493/490 477/477/474
f 488/488/485 493/493/490 466/466/463
f 494/494/491 481/481/478 471/471/468
f 475/475/472 495/495/492 471/471/468
f 496/496/493 477/477/474 493/493/490
f 478/478/475 497/497/494 475/475/472
f 498/498/495 495/495/492 497/497/494
f 475/475/472 497/497/494 495/495/492
f 493/493/490 499/499/496 496/496/493
f 487/487/484 500/500/497 488/488/485
f 495/495/492 498/498/495 501/501/498
f 471/471/468 495/495/492 494/494/491
f 472/472/469 484/484/481 489/489/486
f 499/499/496 488/488/485 502/502/499
f 488/488/485 500/500/497 502/502/499
f 494/494/491 501/501/498 503/503/500
f 488/488/485 499/499/496 493/493/490
f 496/496/493 499/499/496 504/504/501
f 495/495/492 501/501/498 494/494/491
f 502/502/499 505/505/502 499/499/496
f 506/506/503 504/504/501 499/499/496
f 507/507/504 502/502/499 500/500/497
f 479/479/476 486/486/483 508/508/505
f 503/503/500 501/501/498 509/509/506
f 502/502/499 507/507/504 505/505/502
f 490/490/487 485/485/482 510/510/507
f 485/485/482 492/492/489 510/510/507
f 470/470/467 483/483/480 511/511/508
f 501/501/498 498/498/495 512/512/509
f 484/484/481 482/482/479 513/513/510
f 505/505/502 506/506/503 499/499/496
f 513/513/510 482/482/479 514/514/511
f 509/509/506 501/501/498 512/512/509
f 489/489/486 484/484/481 513/513/510
f 492/492/489 470/470/467 511/511/508
f 509/509/506 515/515/512 503/503/500
f 516/516/513 483/483/480 479/479/476
f 489/489/486 517/517/514 486/486/483
f 518/518/515 505/505/502 507/507/504
f 518/518/515 507/507/504 519/519/516
f 508/508/505 486/486/483 517/517/514
f 520/520/517 490/490/487 510/510/507
f 521/521/518 479/479/476 508/508/505
f 516/516/513 479/479/476 521/521/518
f 492/492/489 522/522/519 510/510/507
f 523/523/520 509/509/506 512/512/509
f 505/505/502 524/524/521 506/506/503
f 489/489/486 525/525/522 517/517/514
f 483/483/480 526/526/523 511/511/508
f 527/527/524 492/492/489 511/511/508
f 513/513/510 514/514/511 528/528/525
f 516/516/513 526/526/523 483/483/480
f 506/506/503 524/524/521 529/529/526
f 530/530/527 506/506/503 529/529/526
f 531/531/528 522/522/519 492/492/489
f 516/516/513 521/521/518 526/526/523
f 521/521/518 508/508/505 517/517/514
f 512/512/509 532/532/529 523/523/520
f 510/510/507 522/522/519 533/533/530
f 515/515/512 509/509/506 534/534/531
f 533/533/530 520/520/517 510/510/507
f 527/527/524 511/511/508 526/526/523
f 505/505/502 518/518/515 535/535/532
f 509/509/506 523/523/520 534/534/531
f 527/527/524 531/531/528 492/492/489
f 524/524/521 505/505/502 535/535/532
f 515/515/512 534/534/531 536/536/533
f 513/513/510 525/525/522 489/489/486
f 535/535/532 537/537/534 524/524/521
f 526/526/523 521/521/518 538/538/535
f 531/531/528 539/539/536 522/522/519
f 540/540/537 523/523/520 532/532/529
f 513/513/510 528/528/525 541/541/538
f 531/531/528 527/527/524 542/542/539
f 535/535/532 518/518/515 543/543/540
f 533/533/530 522/522/519 539/539/536
f 542/542/539 544/544/541 531/531/528
f 521/521/518 517/517/514 545/545/542
f 526/526/523 538/538/535 527/527/524
f 517/517/514 525/525/522 545/545/542
f 537/537/534 529/529/526 524/524/521
f 525/525/522 513/513/510 541/541/538
f 539/539/536 531/531/528 544/544/541
f 523/523/520 546/546/543 534/534/531
f 536/536/533 534/534/531 547/547/544
f 545/545/542 548/548/545 521/521/518
f 533/533/530 539/539/536 549/549/546
f 550/550/547 533/533/530 549/549/546
f 537/537/534 551/551/548 529/529/526
f 552/552/549 536/536/533 547/547/544
f 538/538/535 521/521/518 548/548/545
f 540/540/537 546/546/543 523/523/520
f 528/528/525 553/553/550 541/541/538
f 554/554/551 545/545/542 525/525/522
f 542/542/539 527/527/524 555/555/552
f 556/556/553 525/525/522 541/541/538
f 525/525/522 556/556/553 557/557/554
f 555/555/552 527/527/524 538/538/535
f 558/558/555 550/550/547 549/549/546
f 559/559/556 535/535/532 543/543/540
f 554/554/551 525/525/522 557/557/554
f 534/534/531 546/546/543 547/547/544
f 556/556/553 541/541/538 553/553/550
f 542/542/539 560/560/557 544/544/541
f 538/538/535 548/548/545 561/561/558
f 548/548/545 545/545/542 554/554/551
f 535/535/532 562/562/559 537/537/534
f 550/550/547 558/558/555 563/563/560
f 564/564/561 542/542/539 555/555/552
f 535/535/532 559/559/556 562/562/559
f 564/564/561 560/560/557 542/542/539
f 555/555/552 538/538/535 565/565/562
f 537/537/534 566/566/563 551/551/548
f 567/567/564 552/552/549 547/547/544
f 568/568/565 539/539/536 544/544/541
f 569/569/566 564/564/561 555/555/552
f 568/568/565 544/544/541 560/560/557
f 558/558/555 549/549/546 539/539/536
f 554/554/551 570/570/567 548/548/545
f 565/565/562 538/538/535 561/561/558
f 537/537/534 562/562/559 566/566/563
f 547/547/544 546/546/543 571/571/568
f 546/546/543 540/540/537 572/572/569
f 539/539/536 568/568/565 558/558/555
f 573/573/570 556/556/553 553/553/550
f 570/570/567 561/561/558 548/548/545
f 569/569/566 555/555/552 565/565/562
f 560/560/557 564/564/561 574/574/571
f 558/558/555 575/575/572 563/563/560
f 576/576/573 558/558/555 568/568/565
f 574/574/571 568/568/565 560/560/557
f 577/577/574 569/569/566 565/565/562
f 574/574/571 564/564/561 569/569/566
f 575/575/572 558/558/555 576/576/573
f 578/578/575 551/551/548 579/579/576
f 576/576/573 568/568/565 574/574/571
f 557/557/554 556/556/553 580/580/577
f 580/580/577 556/556/553 573/573/570
f 570/570/567 581/581/578 561/561/558
f 581/581/578 565/565/562 561/561/558
f 582/582/579 547/547/544 571/571/568
f 554/554/551 583/583/580 570/570/567
f 565/565/562 581/581/578 577/577/574
f 547/547/544 582/582/579 567/567/564
f 546/546/543 584/584/581 571/571/568
f 572/572/569 584/584/581 546/546/543
f 557/557/554 583/583/580 554/554/551
f 557/557/554 580/580/577 583/583/580
f 570/570/567 583/583/580 581/581/578
f 551/551/548 566/566/563 579/579/576
f 559/559/556 585/585/582 562/562/559
f 586/586/583 585/585/582 559/559/556
f 587/587/584 567/567/564 582/582/579
f 588/588/585 584/584/581 572/572/569
f 571/571/568 589/589/586 582/582/579
f 585/585/582 590/590/587 562/562/559
f 589/589/586 571/571/568 584/584/581
f 587/587/584 582/582/579 589/589/586
f 566/566/563 562/562/559 590/590/587
f 591/591/588 587/587/584 589/589/586
f 590/590/587 592/592/589 566/566/563
f 579/579/576 566/566/563 592/592/589
f 584/584/581 593/593/590 589/589/586
f 589/589/586 594/594/591 591/591/588
f 584/584/581 588/588/585 595/595/592
f 589/589/586 593/593/590 594/594/591
f 596/596/593 590/590/587 585/585/582
f 597/597/594 579/579/576 598/598/595
f 593/593/590 584/584/581 595/595/592
f 598/598/595 579/579/576 592/592/589
f 599/599/596 600/600/597 601/601/85
f 602/602/598 600/600/597 603/603/599
f 600/600/597 599/599/596 603/603/599
f 604/604/600 605/605/601 606/606/602
f 607/607/603 605/605/601 604/604/600
f 608/608/604 609/609/605 602/602/598
f 610/610/606 611/611/607 605/605/601
f 612/612/608 606/606/602 613/613/609
f 612/612/608 604/604/600 606/606/602
f 610/610/606 605/605/601 607/607/603
f 610/610/606 614/614/610 611/611/607
f 603/603/599 608/608/604 602/602/598
f 614/614/610 615/615/611 611/611/607
f 616/616/612 614/614/610 610/610/606
f 608/608/604 603/603/599 617/617/613
f 612/612/608 613/613/609 618/618/614
f 604/604/600 612/612/608 619/619/615
f 610/610/606 607/607/603 620/620/616
f 607/607/603 604/604/600 619/619/615
f 616/616/612 610/610/606 620/620/616
f 621/621/617 615/615/611 614/614/610
f 622/622/618 623/623/619 624/624/620
f 624/624/620 625/625/621 626/626/622
f 626/626/622 625/625/621 627/627/623
f 614/614/610 616/616/612 628/628/624
f 629/629/625 630/630/626 617/617/613
f 620/620/616 607/607/603 631/631/627
f 632/632/628 619/619/615 612/612/608
f 633/633/629 634/634/630 635/635/631
f 621/621/617 614/614/610 628/628/624
f 636/636/632 637/637/633 622/622/618
f 623/623/619 622/622/618 637/637/633
f 634/634/630 638/638/634 635/635/631
f 624/624/620 623/623/619 625/625/621
f 639/639/635 633/633/629 640/640/627
f 617/617/613 641/641/636 608/608/604
f 639/639/635 634/634/630 633/633/629
f 637/637/633 636/636/632 642/642/637
f 625/625/621 640/640/627 627/627/623
f 643/643/638 612/612/608 618/618/614
f 644/644/639 621/621/617 628/628/624
f 645/645/640 638/638/634 634/634/630
f 612/612/608 643/643/638 646/646/641
f 647/647/642 645/645/640 634/634/630
f 648/648/643 615/615/611 621/621/617
f 646/646/641 632/632/628 612/612/608
f 649/649/644 645/645/640 647/647/642
f 645/645/640 650/650/645 638/638/634
f 651/651/646 641/641/636 617/617/613
f 649/649/644 647/647/642 634/634/630
f 617/617/613 630/630/626 651/651/646
f 623/623/619 637/637/633 642/642/637
f 652/652/647 625/625/621 623/623/619
f 639/639/635 649/649/644 634/634/630
f 648/648/643 621/621/617 644/644/639
f 646/646/641 643/643/638 653/653/648
f 646/646/641 654/654/649 632/632/628
f 655/655/650 650/650/645 645/645/640
f 650/650/645 655/655/650 630/630/626
f 655/655/650 651/651/646 630/630/626
f 656/656/651 642/642/637 636/636/632
f 657/657/652 658/658/653 641/641/636
f 651/651/646 657/657/652 641/641/636
f 640/640/627 625/625/621 659/659/654
f 660/660/655 645/645/640 649/649/644
f 645/645/640 660/660/655 655/655/650
f 659/659/654 625/625/621 652/652/647
f 652/652/647 623/623/619 661/661/656
f 653/653/648 654/654/649 646/646/641
f 639/639/635 640/640/627 662/662/657
f 659/659/654 662/662/657 640/640/627
f 663/663/658 651/651/646 655/655/650
f 662/662/657 649/649/644 639/639/635
f 664/664/659 659/659/654 652/652/647
f 665/665/660 657/657/652 651/651/646
f 664/664/659 652/652/647 666/666/661
f 665/665/660 651/651/646 663/663/658
f 666/666/661 652/652/647 661/661/656
f 642/642/637 661/661/656 623/623/619
f 642/642/637 667/667/662 661/661/656
f 668/668/663 656/656/651 669/669/664
f 660/660/655 663/663/658 655/655/650
f 656/656/651 668/668/663 642/642/637
f 665/665/660 670/670/665 671/671/666
f 670/670/665 665/665/660 663/663/658
f 671/671/666 670/670/665 672/672/667
f 666/666/661 661/661/656 673/673/668
f 672/672/667 674/674/669 671/671/666
f 675/675/670 670/670/665 663/663/658
f 675/675/670 663/663/658 660/660/655
f 659/659/654 676/676/671 662/662/657
f 642/642/637 668/668/663 667/667/662
f 676/676/671 677/677/672 662/662/657
f 674/674/669 672/672/667 678/678/673
f 659/659/654 664/664/659 679/679/674
f 680/680/675 668/668/663 669/669/664
f 676/676/671 659/659/654 679/679/674
f 681/681/676 649/649/644 662/662/657
f 682/682/677 677/677/672 676/676/671
f 675/675/670 683/683/678 670/670/665
f 683/683/678 672/672/667 670/670/665
f 661/661/656 667/667/662 673/673/668
f 682/682/677 662/662/657 677/677/672
f 667/667/662 668/668/663 684/684/679
f 682/682/677 681/681/676 662/662/657
f 666/666/661 685/685/680 664/664/659
f 686/686/681 676/676/671 679/679/674
f 687/687/682 678/678/673 672/672/667
f 666/666/661 673/673/668 685/685/680
f 649/649/644 681/681/676 688/688/683
f 672/672/667 683/683/678 687/687/682
f 684/684/679 668/668/663 689/689/684
f 673/673/668 667/667/662 690/690/685
f 690/690/685 685/685/680 673/673/668
f 691/691/686 675/675/670 660/660/655
f 691/691/686 660/660/655 649/649/644
f 692/692/687 691/691/686 649/649/644
f 686/686/681 682/682/677 676/676/671
f 675/675/670 693/693/688 683/683/678
f 667/667/662 684/684/679 690/690/685
f 685/685/680 679/679/674 664/664/659
f 691/691/686 693/693/688 675/675/670
f 649/649/644 688/688/683 692/692/687
f 668/668/663 680/680/675 689/689/684
f 694/694/689 682/682/677 686/686/681
f 695/695/690 689/689/684 680/680/675
f 681/681/676 682/682/677 694/694/689
f 696/696/691 686/686/681 679/679/674
f 694/694/689 686/686/681 696/696/691
f 678/678/673 687/687/682 697/697/692
f 698/698/693 690/690/685 684/684/679
f 699/699/694 696/696/691 679/679/674
f 688/688/683 700/700/695 692/692/687
f 699/699/694 679/679/674 685/685/680
f 681/681/676 694/694/689 688/688/683
f 678/678/673 697/697/692 701/701/696
f 698/698/693 684/684/679 702/702/697
f 687/687/682 683/683/678 703/703/698
f 690/690/685 704/704/699 685/685/680
f 700/700/695 705/705/700 692/692/687
f 691/691/686 706/706/701 693/693/688
f 683/683/678 693/693/688 703/703/698
f 687/687/682 703/703/698 697/697/692
f 684/684/679 689/689/684 702/702/697
f 689/689/684 707/707/702 702/702/697
f 688/688/683 708/708/703 700/700/695
f 695/695/690 707/707/702 689/689/684
f 688/688/683 694/694/689 708/708/703
f 698/698/693 704/704/699 690/690/685
f 691/691/686 692/692/687 709/709/704
f 692/692/687 705/705/700 709/709/704
f 693/693/688 706/706/701 703/703/698
f 695/695/690 710/710/705 707/707/702
f 700/700/695 708/708/703 711/711/706
f 704/704/699 699/699/694 685/685/680
f 694/694/689 696/696/691 699/699/694
f 711/711/706 705/705/700 700/700/695
f 712/712/707 701/701/696 697/697/692
f 711/711/706 709/709/704 705/705/700
f 697/697/692 703/703/698 712/712/707
f 708/708/703 713/713/708 711/711/706
f 707/707/702 710/710/705 714/714/709
f 715/715/710 706/706/701 691/691/686
f 702/702/697 707/707/702 714/714/709
f 702/702/697 716/716/711 698/698/693
f 717/717/712 701/701/696 712/712/707
f 710/710/705 718/718/713 714/714/709
f 698/698/693 716/716/711 719/719/714
f 720/720/715 694/694/689 699/699/694
f 721/721/716 703/703/698 706/706/701
f 714/714/709 716/716/711 702/702/697
f 719/719/714 704/704/699 698/698/693
f 708/708/703 694/694/689 713/713/708
f 715/715/710 691/691/686 709/709/704
f 720/720/715 713/713/708 694/694/689
f 712/712/707 703/703/698 722/722/717
f 713/713/708 720/720/715 723/723/718
f 699/699/694 704/704/699 724/724/719
f 703/703/698 721/721/716 722/722/717
f 725/725/720 699/699/694 724/724/719
f 720/720/715 699/699/694 725/725/720
f 715/715/710 726/726/721 706/706/701
f 727/727/722 726/726/721 715/715/710
f 728/728/723 715/715/710 709/709/704
f 728/728/723 727/727/722 715/715/710
f 711/711/706 729/729/724 709/709/704
f 719/719/714 716/716/711 730/730/725
f 717/717/712 712/712/707 731/731/726
f 704/704/699 732/732/727 724/724/719
f 733/733/728 716/716/711 714/714/709
f 718/718/713 734/734/729 714/714/709
f 719/719/714 735/735/730 704/704/699
f 711/711/706 713/713/708 736/736/731
f 714/714/709 734/734/729 733/733/728
f 712/712/707 722/722/717 731/731/726
f 732/732/727 704/704/699 735/735/730
f 730/730/725 735/735/730 719/719/714
f 709/709/704 729/729/724 728/728/723
f 736/736/731 713/713/708 737/737/732
f 725/725/720 738/738/733 720/720/715
f 738/738/733 723/723/718 720/720/715
f 718/718/713 739/739/734 734/734/729
f 716/716/711 733/733/728 730/730/725
f 729/729/724 711/711/706 736/736/731
f 713/713/708 723/723/718 737/737/732
f 722/722/717 721/721/716 740/740/735
f 741/741/736 732/732/727 735/735/730
f 722/722/717 740/740/735 731/731/726
f 730/730/725 742/742/737 735/735/730
f 724/724/719 732/732/727 743/743/738
f 734/734/729 739/739/734 744/744/739
f 742/742/737 741/741/736 735/735/730
f 727/727/722 728/728/723 745/745/740
f 744/744/739 733/733/728 734/734/729
f 730/730/725 733/733/728 742/742/737
f 743/743/738 725/725/720 724/724/719
f 746/746/741 726/726/721 727/727/722
f 729/729/724 747/747/742 728/728/723
f 736/736/731 737/737/732 748/748/743
f 749/749/744 723/723/718 738/738/733
f 746/746/741 727/727/722 745/745/740
f 741/741/736 743/743/738 732/732/727
f 733/733/728 750/750/745 742/742/737
f 744/744/739 750/750/745 733/733/728
f 749/749/744 737/737/732 723/723/718
f 729/729/724 736/736/731 751/751/746
f 752/752/747 725/725/720 743/743/738
f 752/752/747 738/738/733 725/725/720
f 753/753/748 731/731/726 740/740/735
f 731/731/726 753/753/748 754/754/749
f 750/750/745 755/755/750 742/742/737
f 756/756/751 745/745/740 728/728/723
f 755/755/750 741/741/736 742/742/737
f 740/740/735 721/721/716 757/757/752
f 736/736/731 748/748/743 751/751/746
f 758/758/753 744/744/739 739/739/734
f 756/756/751 728/728/723 747/747/742
f 759/759/754 740/740/735 757/757/752
f 751/751/746 747/747/742 729/729/724
f 760/760/755 743/743/738 741/741/736
f 755/755/750 760/760/755 741/741/736
f 744/744/739 758/758/753 761/761/756
f 762/762/757 749/749/744 738/738/733
f 762/762/757 738/738/733 752/752/747
f 753/753/748 740/740/735 759/759/754
f 763/763/758 750/750/745 744/744/739
f 764/764/759 756/756/751 747/747/742
f 765/765/760 761/761/756 758/758/753
f 763/763/758 744/744/739 761/761/756
f 762/762/757 752/752/747 766/766/761
f 756/756/751 746/746/741 745/745/740
f 757/757/752 767/767/762 759/759/754
f 743/743/738 766/766/761 752/752/747
f 760/760/755 768/768/763 743/743/738
f 747/747/742 751/751/746 764/764/759
f 755/755/750 750/750/745 769/769/764
f 770/770/765 737/737/732 749/749/744
f 763/763/758 769/769/764 750/750/745
f 768/768/763 766/766/761 743/743/738
f 771/771/766 748/748/743 737/737/732
f 771/771/766 737/737/732 770/770/765
f 762/762/757 772/772/767 749/749/744
f 773/773/768 760/760/755 755/755/750
f 755/755/750 769/769/764 773/773/768
f 774/774/769 746/746/741 756/756/751
f 754/754/749 753/753/748 775/775/770
f 764/764/759 776/776/771 756/756/751
f 763/763/758 761/761/756 777/777/772
f 751/751/746 748/748/743 778/778/773
f 759/759/754 767/767/762 779/779/774
f 772/772/767 770/770/765 749/749/744
f 775/775/770 753/753/748 779/779/774
f 753/753/748 759/759/754 779/779/774
f 780/780/775 762/762/757 766/766/761
f 762/762/757 780/780/775 772/772/767
f 781/781/776 777/777/772 761/761/756
f 761/761/756 765/765/760 782/782/777
f 774/774/769 756/756/751 783/783/778
f 751/751/746 776/776/771 764/764/759
f 760/760/755 784/784/779 768/768/763
f 771/771/766 785/785/780 748/748/743
f 778/778/773 776/776/771 751/751/746
f 777/777/772 786/786/781 763/763/758
f 783/783/778 756/756/751 776/776/771
f 769/769/764 787/787/782 773/773/768
f 772/772/767 780/780/775 788/788/783
f 789/789/784 782/782/777 765/765/760
f 773/773/768 790/790/785 760/760/755
f 791/791/786 766/766/761 768/768/763
f 791/791/786 780/780/775 766/766/761
f 748/748/743 785/785/780 778/778/773
f 769/769/764 763/763/758 787/787/782
f 788/788/783 770/770/765 772/772/767
f 787/787/782 763/763/758 786/786/781
f 784/784/779 760/760/755 790/790/785
f 784/784/779 791/791/786 768/768/763
f 792/792/787 771/771/766 770/770/765
f 793/793/788 781/781/776 761/761/756
f 794/794/789 790/790/785 773/773/768
f 785/785/780 795/795/790 778/778/773
f 796/796/791 779/779/774 767/767/762
f 797/797/792 761/761/756 782/782/777
f 773/773/768 787/787/782 794/794/789
f 779/779/774 796/796/791 775/775/770
f 793/793/788 761/761/756 797/797/792
f 767/767/762 798/798/793 796/796/791
f 776/776/771 799/799/794 783/783/778
f 783/783/778 799/799/794 774/774/769
f 800/800/795 780/780/775 791/791/786
f 781/781/776 801/801/796 777/777/772
f 795/795/790 776/776/771 778/778/773
f 792/792/787 770/770/765 788/788/783
f 802/802/797 775/775/770 796/796/791
f 793/793/788 803/803/798 781/781/776
f 801/801/796 787/787/782 786/786/781
f 804/804/799 797/797/792 782/782/777
f 805/805/800 799/799/794 776/776/771
f 789/789/784 804/804/799 782/782/777
f 801/801/796 786/786/781 777/777/772
f 800/800/795 788/788/783 780/780/775
f 784/784/779 806/806/801 791/791/786
f 787/787/782 801/801/796 794/794/789
f 792/792/787 785/785/780 771/771/766
f 793/793/788 807/807/802 803/803/798
f 800/800/795 791/791/786 806/806/801
f 797/797/792 807/807/802 793/793/788
f 808/808/803 806/806/801 784/784/779
f 809/809/804 774/774/769 799/799/794
f 802/802/797 796/796/791 810/810/805
f 803/803/798 801/801/796 781/781/776
f 805/805/800 776/776/771 795/795/790
f 811/811/806 785/785/780 792/792/787
f 812/812/807 796/796/791 798/798/793
f 788/788/783 813/813/808 792/792/787
f 790/790/785 808/808/803 784/784/779
f 801/801/796 814/814/809 794/794/789
f 792/792/787 815/815/810 811/811/806
f 816/816/811 775/775/770 802/802/797
f 785/785/780 811/811/806 795/795/790
f 812/812/807 810/810/805 796/796/791
f 817/817/812 808/808/803 790/790/785
f 817/817/812 790/790/785 794/794/789
f 792/792/787 813/813/808 815/815/810
f 813/813/808 788/788/783 800/800/795
f 805/805/800 818/818/813 799/799/794
f 795/795/790 811/811/806 819/819/814
f 820/820/815 814/814/809 801/801/796
f 805/805/800 795/795/790 821/821/816
f 803/803/798 807/807/802 822/822/817
f 799/799/794 818/818/813 823/823/818
f 803/803/798 822/822/817 801/801/796
f 799/799/794 823/823/818 809/809/804
f 821/821/816 818/818/813 805/805/800
f 824/824/819 795/795/790 819/819/814
f 825/825/820 807/807/802 797/797/792
f 813/813/808 800/800/795 826/826/821
f 827/827/822 817/817/812 794/794/789
f 821/821/816 795/795/790 824/824/819
f 827/827/822 794/794/789 814/814/809
f 828/828/823 804/804/799 789/789/784
f 813/813/808 829/829/824 815/815/810
f 808/808/803 830/830/825 806/806/801
f 806/806/801 826/826/821 800/800/795
f 804/804/799 825/825/820 797/797/792
f 820/820/815 827/827/822 814/814/809
f 813/813/808 826/826/821 829/829/824
f 831/831/826 808/808/803 817/817/812
f 825/825/820 804/804/799 828/828/823
f 822/822/817 807/807/802 825/825/820
f 832/832/827 810/810/805 812/812/807
f 802/802/797 810/810/805 832/832/827
f 801/801/796 822/822/817 820/820/815
f 811/811/806 815/815/810 833/833/828
f 819/819/814 811/811/806 834/834/829
f 806/806/801 830/830/825 826/826/821
f 835/835/830 818/818/813 821/821/816
f 830/830/825 808/808/803 831/831/826
f 836/836/831 824/824/819 819/819/814
f 812/812/807 837/837/832 832/832/827
f 835/835/830 821/821/816 824/824/819
f 833/833/828 815/815/810 838/838/833
f 834/834/829 811/811/806 833/833/828
f 839/839/834 827/827/822 820/820/815
f 840/840/835 829/829/824 826/826/821
f 816/816/811 802/802/797 841/841/836
f 823/823/818 818/818/813 842/842/837
f 836/836/831 835/835/830 824/824/819
f 843/843/838 837/837/832 812/812/807
f 802/802/797 832/832/827 844/844/839
f 839/839/834 817/817/812 827/827/822
f 815/815/810 829/829/824 838/838/833
f 841/841/836 802/802/797 844/844/839
f 845/845/840 831/831/826 817/817/812
f 830/830/825 840/840/835 826/826/821
f 846/846/841 819/819/814 834/834/829
f 847/847/842 823/823/818 842/842/837
f 836/836/831 819/819/814 846/846/841
f 828/828/823 848/848/843 825/825/820
f 845/845/840 817/817/812 839/839/834
f 820/820/815 849/849/844 839/839/834
f 834/834/829 850/850/845 846/846/841
f 822/822/817 851/851/846 820/820/815
f 833/833/828 850/850/845 834/834/829
f 835/835/830 842/842/837 818/818/813
f 825/825/820 851/851/846 822/822/817
f 840/840/835 830/830/825 852/852/847
f 838/838/833 829/829/824 853/853/848
f 829/829/824 840/840/835 853/853/848
f 854/854/849 842/842/837 835/835/830
f 820/820/815 851/851/846 849/849/844
f 852/852/847 830/830/825 831/831/826
f 848/848/843 851/851/846 825/825/820
f 832/832/827 837/837/832 844/844/839
f 835/835/830 836/836/831 854/854/849
f 855/855/850 831/831/826 845/845/840
f 837/837/832 856/856/851 844/844/839
f 855/855/850 852/852/847 831/831/826
f 838/838/833 853/853/848 857/857/852
f 858/858/853 847/847/842 842/842/837
f 843/843/838 856/856/851 837/837/832
f 859/859/854 851/851/846 848/848/843
f 860/860/855 839/839/834 849/849/844
f 852/852/847 853/853/848 840/840/835
f 854/854/849 861/861/856 842/842/837
f 858/858/853 842/842/837 861/861/856
f 860/860/855 845/845/840 839/839/834
f 857/857/852 833/833/828 838/838/833
f 862/862/857 841/841/836 844/844/839
f 863/863/858 854/854/849 836/836/831
f 863/863/858 836/836/831 846/846/841
f 854/854/849 864/864/859 861/861/856
f 855/855/850 865/865/860 852/852/847
f 865/865/860 853/853/848 852/852/847
f 846/846/841 850/850/845 866/866/861
f 844/844/839 856/856/851 862/862/857
f 867/867/862 850/850/845 833/833/828
f 867/867/862 833/833/828 857/857/852
f 866/866/861 863/863/858 846/846/841
f 859/859/854 868/868/863 851/851/846
f 849/849/844 851/851/846 868/868/863
f 860/860/855 869/869/864 845/845/840
f 869/869/864 855/855/850 845/845/840
f 870/870/865 862/862/857 856/856/851
f 855/855/850 871/871/866 865/865/860
f 849/849/844 868/868/863 872/872/867
f 843/843/838 873/873/868 856/856/851
f 854/854/849 863/863/858 864/864/859
f 855/855/850 869/869/864 871/871/866
f 867/867/862 874/874/869 850/850/845
f 875/875/870 868/868/863 859/859/854
f 876/876/871 857/857/852 853/853/848
f 877/877/872 864/864/859 863/863/858
f 857/857/852 876/876/871 874/874/869
f 877/877/872 863/863/858 866/866/861
f 850/850/845 874/874/869 866/866/861
f 872/872/867 860/860/855 849/849/844
f 858/858/853 861/861/856 864/864/859
f 867/867/862 857/857/852 874/874/869
f 865/865/860 878/878/873 853/853/848
f 862/862/857 870/870/865 879/879/874
f 856/856/851 880/880/875 870/870/865
f 876/876/871 853/853/848 878/878/873
f 858/858/853 864/864/859 881/881/876
f 856/856/851 873/873/868 880/880/875
f 882/882/877 871/871/866 869/869/864
f 883/883/878 872/872/867 868/868/863
f 880/880/875 879/879/874 870/870/865
f 860/860/855 882/882/877 869/869/864
f 884/884/879 865/865/860 871/871/866
f 882/882/877 860/860/855 872/872/867
f 866/866/861 885/885/880 877/877/872
f 875/875/870 883/883/878 868/868/863
f 866/866/861 874/874/869 885/885/880
f 886/886/881 882/882/877 872/872/867
f 887/887/882 880/880/875 873/873/868
f 883/883/878 886/886/881 872/872/867
f 888/888/883 876/876/871 878/878/873
f 888/888/883 878/878/873 865/865/860
f 881/881/876 864/864/859 889/889/884
f 875/875/870 890/890/885 883/883/878
f 891/891/886 864/864/859 877/877/872
f 865/865/860 884/884/879 888/888/883
f 892/892/887 889/889/884 864/864/859
f 876/876/871 893/893/888 874/874/869
f 873/873/868 894/894/889 887/887/882
f 864/864/859 891/891/886 892/892/887
f 871/871/866 895/895/890 884/884/879
f 893/893/888 885/885/880 874/874/869
f 891/891/886 877/877/872 885/885/880
f 895/895/890 871/871/866 882/882/877
f 880/880/875 896/896/891 879/879/874
f 897/897/892 881/881/876 889/889/884
f 898/898/893 887/887/882 894/894/889
f 887/887/882 898/898/893 880/880/875
f 898/898/893 899/899/894 896/896/891
f 898/898/893 896/896/891 880/880/875
f 898/898/893 894/894/889 900/900/895
f 900/900/895 901/901/896 898/898/893
f 902/902/897 896/896/891 899/899/894
f 901/901/896 899/899/894 898/898/893
f 903/903/898 888/888/883 884/884/879
f 896/896/891 902/902/897 904/904/899
f 899/899/894 901/901/896 905/905/900
f 901/901/896 900/900/895 906/906/901
f 902/902/897 899/899/894 905/905/900
f 895/895/890 903/903/898 884/884/879
f 900/900/895 907/907/902 906/906/901
f 889/889/884 908/908/903 897/897/892
f 893/893/888 876/876/871 909/909/904
f 876/876/871 888/888/883 909/909/904
f 905/905/900 901/901/896 906/906/901
f 910/910/905 882/882/877 886/886/881
f 893/893/888 911/911/906 885/885/880
f 912/912/907 883/883/878 890/890/885
f 913/913/908 886/886/881 883/883/878
f 914/914/909 891/891/886 885/885/880
f 915/915/910 910/910/905 886/886/881
f 903/903/898 916/916/911 888/888/883
f 917/917/912 889/889/884 892/892/887
f 910/910/905 895/895/890 882/882/877
f 891/891/886 914/914/909 918/918/913
f 888/888/883 916/916/911 909/909/904
f 905/905/900 906/906/901 919/919/914
f 918/918/913 892/892/887 891/891/886
f 893/893/888 909/909/904 911/911/906
f 902/902/897 905/905/900 919/919/914
f 913/913/908 883/883/878 912/912/907
f 915/915/910 886/886/881 913/913/908
f 920/920/915 912/912/907 890/890/885
f 917/917/912 892/892/887 918/918/913
f 889/889/884 917/917/912 908/908/903
f 902/902/897 919/919/914 921/921/916
f 922/922/917 910/910/905 915/915/910
f 906/906/901 907/907/902 923/923/918
f 914/914/909 885/885/880 911/911/906
f 910/910/905 924/924/919 895/895/890
f 918/918/913 914/914/909 925/925/920
f 925/925/920 914/914/909 911/911/906
f 923/923/918 926/926/921 906/906/901
f 922/922/917 927/927/922 910/910/905
f 927/927/922 924/924/919 910/910/905
f 924/924/919 903/903/898 895/895/890
f 906/906/901 926/926/921 919/919/914
f 916/916/911 903/903/898 928/928/923
f 929/929/924 908/908/903 917/917/912
f 928/928/923 903/903/898 924/924/919
f 915/915/910 930/930/925 922/922/917
f 911/911/906 909/909/904 931/931/926
f 925/925/920 917/917/912 918/918/913
f 912/912/907 920/920/915 913/913/908
f 932/932/927 909/909/904 916/916/911
f 928/928/923 932/932/927 916/916/911
f 913/913/908 933/933/928 915/915/910
f 934/934/929 921/921/916 919/919/914
f 911/911/906 931/931/926 925/925/920
f 920/920/915 935/935/930 913/913/908
f 929/929/924 917/917/912 925/925/920
f 936/936/931 927/927/922 922/922/917
f 927/927/922 937/937/932 924/924/919
f 928/928/923 924/924/919 937/937/932
f 929/929/924 938/938/933 908/908/903
f 934/934/929 939/939/934 921/921/916
f 919/919/914 926/926/921 934/934/929
f 930/930/925 936/936/931 922/922/917
f 940/940/935 926/926/921 923/923/918
f 933/933/928 930/930/925 915/915/910
f 929/929/924 925/925/920 931/931/926
f 933/933/928 913/913/908 935/935/930
f 941/941/936 909/909/904 932/932/927
f 926/926/921 942/942/937 934/934/929
f 941/941/936 931/931/926 909/909/904
f 930/930/925 933/933/928 943/943/938
f 944/944/939 937/937/932 927/927/922
f 928/928/923 945/945/940 932/932/927
f 944/944/939 927/927/922 936/936/931
f 937/937/932 945/945/940 928/928/923
f 936/936/931 930/930/925 943/943/938
f 942/942/937 926/926/921 940/940/935
f 946/946/941 944/944/939 936/936/931
f 935/935/930 947/947/942 933/933/928
f 945/945/940 948/948/943 932/932/927
f 936/936/931 943/943/938 946/946/941
f 933/933/928 949/949/944 943/943/938
f 939/939/934 934/934/929 950/950/945
f 948/948/943 941/941/936 932/932/927
f 944/944/939 951/951/946 937/937/932
f 937/937/932 951/951/946 945/945/940
f 933/933/928 947/947/942 952/952/947
f 938/938/933 929/929/924 953/953/948
f 934/934/929 942/942/937 954/954/949
f 955/955/950 951/951/946 944/944/939
f 955/955/950 944/944/939 946/946/941
f 934/934/929 954/954/949 950/950/945
f 931/931/926 941/941/936 948/948/943
f 956/956/951 929/929/924 931/931/926
f 933/933/928 957/957/952 949/949/944
f 931/931/926 948/948/943 956/956/951
f 958/958/953 943/943/938 949/949/944
f 952/952/947 957/957/952 933/933/928
f 959/959/954 953/953/948 929/929/924
f 960/960/955 942/942/937 940/940/935
f 961/961/956 962/962/957 943/943/938
f 963/963/958 951/951/946 955/955/950
f 962/962/957 946/946/941 943/943/938
f 957/957/952 964/964/959 949/949/944
f 929/929/924 956/956/951 959/959/954
f 964/964/959 958/958/953 949/949/944
f 945/945/940 965/965/960 948/948/943
f 952/952/947 966/966/961 957/957/952
f 943/943/938 958/958/953 961/961/956
f 964/964/959 957/957/952 967/967/962
f 946/946/941 968/968/963 955/955/950
f 962/962/957 968/968/963 946/946/941
f 965/965/960 945/945/940 951/951/946
f 961/961/956 969/969/964 962/962/957
f 966/966/961 967/967/962 957/957/952
f 942/942/937 960/960/955 970/970/965
f 953/953/948 959/959/954 971/971/966
f 954/954/949 942/942/937 970/970/965
f 956/956/951 948/948/943 965/965/960
f 972/972/967 971/971/966 959/959/954
f 973/973/968 959/959/954 956/956/951
f 974/974/969 956/956/951 965/965/960
f 973/973/968 972/972/967 959/959/954
f 951/951/946 963/963/958 965/965/960
f 956/956/951 974/974/969 973/973/968
f 970/970/965 960/960/955 975/975/970
f 976/976/971 977/977/972 950/950/945
f 954/954/949 976/976/971 950/950/945
f 954/954/949 970/970/965 978/978/973
f 975/975/970 978/978/973 970/970/965
f 979/979/974 977/977/972 976/976/971
f 954/954/949 978/978/973 976/976/971
f 975/975/970 980/980/975 978/978/973
f 979/979/974 976/976/971 981/981/976
f 976/976/971 978/978/973 981/981/976
f 980/980/975 975/975/970 982/982/977
f 978/978/973 980/980/975 981/981/976
f 983/983/978 984/984/979 985/985/980
f 986/986/599 985/985/980 987/987/981
f 983/983/978 988/988/982 989/989/983
f 984/984/979 983/983/978 989/989/983
f 987/987/981 985/985/980 984/984/979
f 989/989/983 990/990/984 984/984/979
f 984/984/979 991/991/985 987/987/981
f 990/990/984 992/992/986 984/984/979
f 992/992/986 991/991/985 984/984/979
f 993/993/987 989/989/983 988/988/982
f 987/987/981 994/994/988 986/986/599
f 993/993/987 990/990/984 989/989/983
f 987/987/981 991/991/985 995/995/607
f 987/987/981 995/995/607 996/996/989
f 990/990/984 997/997/609 992/992/986
f 997/997/609 990/990/984 993/993/987
f 996/996/989 994/994/988 987/987/981
f 995/995/607 998/998/611 996/996/989
f 993/993/987 999/999/990 997/997/609
f 994/994/988 996/996/989 998/998/611
f 994/994/988 1000/1000/991 986/986/599
f 1001/1001/992 999/999/990 993/993/987
f 988/988/982 1001/1001/992 993/993/987
f 1002/1002/993 994/994/988 998/998/611
f 1003/1003/196 1004/1004/994 1005/1005/195
f 1004/1004/994 1003/1003/196 1006/1006/995
f 1004/1004/994 1007/1007/996 1005/1005/195
f 1007/1007/996 1004/1004/994 1008/1008/997
f 1009/1009/204 1005/1005/195 1010/1010/998
f 1011/1011/999 1007/1007/996 1008/1008/997
f 1007/1007/996 1010/1010/998 1005/1005/195
f 1006/1006/995 1003/1003/196 1012/1012/1000
f 1010/1010/998 1007/1007/996 1011/1011/999
f 1013/1013/208 1004/1004/994 1006/1006/995
f 1008/1008/997 1004/1004/994 1013/1013/208
f 1006/1006/995 1014/1014/1001 1013/1013/208
f 1006/1006/995 1012/1012/1000 1015/1015/1002
f 1015/1015/1002 1014/1014/1001 1006/1006/995
f 1016/1016/1003 1010/1010/998 1017/1017/1004
f 1009/1009/204 1010/1010/998 1016/1016/1003
f 1014/1014/1001 1015/1015/1002 1018/1018/220
f 1019/1019/1005 1012/1012/1000 1020/1020/1006
f 1015/1015/1002 1012/1012/1000 1019/1019/1005
f 1018/1018/220 1015/1015/1002 1021/1021/239
f 1021/1021/239 1015/1015/1002 1019/1019/1005
f 1021/1021/239 1019/1019/1005 1022/1022/1007
f 1023/1023/237 1022/1022/1007 1019/1019/1005
f 1024/1024/1008 1025/1025/1009 1026/1026/1010
f 1027/1027/1011 1028/1028/1012 1029/1029/1013
f 1027/1027/1011 1030/1030/1014 1031/1031/1015
f 1025/1025/1009 1032/1032/1016 1026/1026/1010
f 1033/1033/1017 1034/1034/1018 1035/1035/1019
f 1036/1036/1020 1037/1037/1021 1038/1038/1022
f 1039/1039/1023 1025/1025/1009 1024/1024/1008
f 1040/1040/604 1041/1041/1024 1042/1042/605
f 1043/1043/1025 1044/1044/1026 1045/1045/1027
f 1046/1046/1028 1047/1047/1029 1048/1048/1030
f 1049/1049/1031 1050/1050/1032 1051/1051/1033
f 1041/1041/1024 1052/1052/1034 1042/1042/605
f 1045/1045/1027 1044/1044/1026 1052/1052/1034
f 1030/1030/1014 1053/1053/1035 1031/1031/1015
f 1036/1036/1020 1038/1038/1022 1054/1054/1036
f 1055/1055/1037 1043/1043/1025 1045/1045/1027
f 1056/1056/1038 1033/1033/1017 1035/1035/1019
f 1038/1038/1022 1057/1057/1039 1054/1054/1036
f 1058/1058/1040 1033/1033/1017 1056/1056/1038
f 1059/1059/1041 1055/1055/1037 1060/1060/1042
f 1031/1031/1015 1028/1028/1012 1027/1027/1011
f 1061/1061/1043 1035/1035/1019 1034/1034/1018
f 1062/1062/1044 1063/1063/1045 1064/1064/1046
f 1037/1037/1021 1065/1065/1047 1047/1047/1029
f 1025/1025/1009 1066/1066/1048 1032/1032/1016
f 1025/1025/1009 1039/1039/1023 1067/1067/1049
f 1062/1062/1044 1064/1064/1046 1068/1068/1050
f 1069/1069/1051 1070/1070/1052 1063/1063/1045
f 1071/1071/1053 1069/1069/1051 1058/1058/1040
f 1048/1048/1030 1072/1072/1054 1046/1046/1028
f 1073/1073/1055 1048/1048/1030 1047/1047/1029
f 1074/1074/1056 1057/1057/1039 1075/1075/1057
f 1074/1074/1056 1075/1075/1057 1051/1051/1033
f 1047/1047/1029 1065/1065/1047 1073/1073/1055
f 1039/1039/1023 1059/1059/1041 1076/1076/1058
f 1077/1077/1059 1055/1055/1037 1045/1045/1027
f 1071/1071/1053 1078/1078/1060 1069/1069/1051
f 1035/1035/1019 1061/1061/1043 1079/1079/1061
f 1065/1065/1047 1037/1037/1021 1036/1036/1020
f 1080/1080/1062 1051/1051/1033 1050/1050/1032
f 1070/1070/1052 1064/1064/1046 1063/1063/1045
f 1081/1081/1063 1053/1053/1035 1068/1068/1050
f 1072/1072/1054 1073/1073/1055 1079/1079/1061
f 1072/1072/1054 1048/1048/1030 1073/1073/1055
f 1082/1082/1064 1066/1066/1048 1025/1025/1009
f 1031/1031/1015 1053/1053/1035 1081/1081/1063
f 1059/1059/1041 1060/1060/1042 1076/1076/1058
f 1074/1074/1056 1054/1054/1036 1057/1057/1039
f 1083/1083/1065 1050/1050/1032 1032/1032/1016
f 1084/1084/1066 1039/1039/1023 1076/1076/1058
f 1085/1085/1067 1028/1028/1012 1031/1031/1015
f 1070/1070/1052 1069/1069/1051 1078/1078/1060
f 1086/1086/1068 1035/1035/1019 1079/1079/1061
f 1087/1087/1069 1045/1045/1027 1052/1052/1034
f 1041/1041/1024 1087/1087/1069 1052/1052/1034
f 1058/1058/1040 1088/1088/1070 1071/1071/1053
f 1056/1056/1038 1088/1088/1070 1058/1058/1040
f 1081/1081/1063 1068/1068/1050 1089/1089/1071
f 1039/1039/1023 1084/1084/1066 1067/1067/1049
f 1077/1077/1059 1060/1060/1042 1055/1055/1037
f 1064/1064/1046 1089/1089/1071 1068/1068/1050
f 1086/1086/1068 1079/1079/1061 1073/1073/1055
f 1074/1074/1056 1051/1051/1033 1080/1080/1062
f 1032/1032/1016 1066/1066/1048 1090/1090/1072
f 1080/1080/1062 1050/1050/1032 1083/1083/1065
f 1083/1083/1065 1032/1032/1016 1090/1090/1072
f 1087/1087/1069 1077/1077/1059 1045/1045/1027
f 1056/1056/1038 1091/1091/1073 1088/1088/1070
f 1086/1086/1068 1073/1073/1055 1092/1092/1074
f 1036/1036/1020 1054/1054/1036 1093/1093/1075
f 1054/1054/1036 1074/1074/1056 1094/1094/1076
f 1074/1074/1056 1080/1080/1062 1094/1094/1076
f 1064/1064/1046 1070/1070/1052 1095/1095/1077
f 1081/1081/1063 1089/1089/1071 1096/1096/1078
f 1088/1088/1070 1097/1097/1079 1071/1071/1053
f 1095/1095/1077 1070/1070/1052 1098/1098/1080
f 1091/1091/1073 1056/1056/1038 1035/1035/1019
f 1087/1087/1069 1041/1041/1024 1099/1099/653
f 1064/1064/1046 1095/1095/1077 1089/1089/1071
f 1077/1077/1059 1087/1087/1069 1100/1100/1081
f 1031/1031/1015 1081/1081/1063 1101/1101/1082
f 1082/1082/1064 1025/1025/1009 1102/1102/1083
f 1073/1073/1055 1065/1065/1047 1103/1103/1084
f 1066/1066/1048 1082/1082/1064 1104/1104/1085
f 1067/1067/1049 1102/1102/1083 1025/1025/1009
f 1060/1060/1042 1077/1077/1059 1105/1105/1086
f 1090/1090/1072 1066/1066/1048 1104/1104/1085
f 1081/1081/1063 1096/1096/1078 1101/1101/1082
f 1065/1065/1047 1036/1036/1020 1106/1106/1087
f 1097/1097/1079 1078/1078/1060 1071/1071/1053
f 1076/1076/1058 1107/1107/1088 1084/1084/1066
f 1093/1093/1075 1054/1054/1036 1108/1108/1089
f 1107/1107/1088 1076/1076/1058 1060/1060/1042
f 1105/1105/1086 1077/1077/1059 1100/1100/1081
f 1092/1092/1074 1073/1073/1055 1103/1103/1084
f 1054/1054/1036 1094/1094/1076 1108/1108/1089
f 1099/1099/653 1100/1100/1081 1087/1087/1069
f 1060/1060/1042 1105/1105/1086 1107/1107/1088
f 1031/1031/1015 1101/1101/1082 1085/1085/1067
f 1103/1103/1084 1065/1065/1047 1106/1106/1087
f 1036/1036/1020 1093/1093/1075 1106/1106/1087
f 1109/1109/1090 1083/1083/1065 1090/1090/1072
f 1070/1070/1052 1078/1078/1060 1110/1110/1091
f 1098/1098/1080 1070/1070/1052 1110/1110/1091
f 1111/1111/1092 1035/1035/1019 1086/1086/1068
f 1080/1080/1062 1112/1112/1093 1113/1113/1094
f 1080/1080/1062 1083/1083/1065 1109/1109/1090
f 1114/1114/1095 1078/1078/1060 1097/1097/1079
f 1111/1111/1092 1091/1091/1073 1035/1035/1019
f 1102/1102/1083 1104/1104/1085 1082/1082/1064
f 1110/1110/1091 1078/1078/1060 1114/1114/1095
f 1102/1102/1083 1067/1067/1049 1115/1115/1096
f 1112/1112/1093 1080/1080/1062 1109/1109/1090
f 1116/1116/1097 1067/1067/1049 1084/1084/1066
f 1117/1117/1098 1102/1102/1083 1115/1115/1096
f 1115/1115/1096 1067/1067/1049 1116/1116/1097
f 1118/1118/1099 1119/1119/1100 1120/1120/1101
f 1121/1121/1102 1122/1122/1103 1123/1123/1104
f 1123/1123/1104 1122/1122/1103 1124/1124/76
f 1125/1125/1105 1126/1126/1106 1127/1127/1107
f 1128/1128/1108 1127/1127/1107 1126/1126/1106
f 1126/1126/1106 1121/1121/1109 1128/1128/1108
f 1122/1122/1103 1129/1129/1110 1124/1124/76
f 1130/1130/1111 1119/1119/1100 1118/1118/1099
f 1120/1120/1101 1131/1131/205 1132/1132/1112
f 1130/1130/1111 1118/1118/1099 1133/1133/1113
f 1121/1121/1109 1126/1126/1106 1134/1134/1114
f 1135/1135/1115 1122/1122/1103 1136/1136/1116
f 1137/1137/1117 1138/1138/1118 1136/1136/1116
f 1139/1139/1119 1140/1140/1120 1125/1125/1105
f 1139/1139/1119 1130/1130/1111 1133/1133/1113
f 1138/1138/1118 1135/1135/1115 1136/1136/1116
f 1138/1138/1118 1137/1137/1117 1141/1141/1121
f 1133/1133/1113 1140/1140/1120 1139/1139/1119
f 1118/1118/1099 1120/1120/1101 1142/1142/1122
f 1118/1118/1099 1143/1143/1123 1133/1133/1113
f 1134/1134/1114 1141/1141/1121 1137/1137/1117
f 1118/1118/1099 1144/1144/1124 1143/1143/1123
f 1145/1145/1125 1122/1122/1103 1135/1135/1115
f 1122/1122/1103 1145/1145/1125 1129/1129/1110
f 1146/1146/1126 1142/1142/1122 1120/1120/1101
f 1118/1118/1099 1142/1142/1122 1144/1144/1124
f 1143/1143/1123 1140/1140/1120 1133/1133/1113
f 1132/1132/1112 1146/1146/1126 1120/1120/1101
f 1134/1134/1114 1147/1147/1127 1141/1141/1121
f 1125/1125/1105 1140/1140/1120 1148/1148/1128
f 1126/1126/1106 1125/1125/1105 1148/1148/1128
f 1145/1145/1125 1149/1149/1129 1129/1129/1110
f 1141/1141/1121 1147/1147/1127 1150/1150/1130
f 1138/1138/1118 1141/1141/1121 1150/1150/1130
f 1126/1126/1106 1151/1151/1131 1134/1134/1114
f 1134/1134/1114 1151/1151/1131 1147/1147/1127
f 1135/1135/1115 1138/1138/1118 1150/1150/1130
f 1144/1144/1124 1142/1142/1122 1146/1146/1126
f 1146/1146/1126 1132/1132/1112 1152/1152/1132
f 1145/1145/1125 1135/1135/1115 1153/1153/1133
f 1154/1154/1134 1143/1143/1123 1144/1144/1124
f 1140/1140/1120 1143/1143/1123 1154/1154/1134
f 1150/1150/1130 1147/1147/1127 1151/1151/1131
f 1135/1135/1115 1150/1150/1130 1153/1153/1133
f 1153/1153/1133 1149/1149/1129 1145/1145/1125
f 1152/1152/1132 1155/1155/1135 1146/1146/1126
f 1146/1146/1126 1156/1156/1136 1144/1144/1124
f 1151/1151/1131 1153/1153/1133 1150/1150/1130
f 1156/1156/1136 1146/1146/1126 1155/1155/1135
f 1151/1151/1131 1157/1157/1137 1153/1153/1133
f 1144/1144/1124 1156/1156/1136 1158/1158/1138
f 1144/1144/1124 1158/1158/1138 1154/1154/1134
f 1126/1126/1106 1148/1148/1128 1159/1159/1139
f 1157/1157/1137 1149/1149/1129 1153/1153/1133
f 1156/1156/1136 1160/1160/1140 1158/1158/1138
f 1151/1151/1131 1126/1126/1106 1159/1159/1139
f 1140/1140/1120 1154/1154/1134 1161/1161/1141
f 1157/1157/1137 1151/1151/1131 1159/1159/1139
f 1162/1162/80 1129/1129/1110 1149/1149/1129
f 1148/1148/1128 1163/1163/1142 1159/1159/1139
f 1163/1163/1142 1157/1157/1137 1159/1159/1139
f 1157/1157/1137 1164/1164/1143 1149/1149/1129
f 1152/1152/1132 1165/1165/267 1155/1155/1135
f 1156/1156/1136 1155/1155/1135 1166/1166/1144
f 1167/1167/1145 1154/1154/1134 1158/1158/1138
f 1149/1149/1129 1164/1164/1143 1162/1162/80
f 1160/1160/1140 1156/1156/1136 1166/1166/1144
f 1167/1167/1145 1158/1158/1138 1160/1160/1140
f 1161/1161/1141 1154/1154/1134 1167/1167/1145
f 1155/1155/1135 1165/1165/267 1166/1166/1144
f 1166/1166/1144 1168/1168/1146 1160/1160/1140
f 1160/1160/1140 1168/1168/1146 1167/1167/1145
f 1169/1169/1147 1167/1167/1145 1168/1168/1146
f 1148/1148/1128 1140/1140/1120 1161/1161/1141
f 1162/1162/80 1164/1164/1143 1170/1170/1148
f 1171/1171/1149 1172/1172/1150 1173/1173/1151
f 1166/1166/1144 1165/1165/267 1174/1174/1152
f 1166/1166/1144 1174/1174/1152 1168/1168/1146
f 1167/1167/1145 1169/1169/1147 1161/1161/1141
f 1164/1164/1143 1157/1157/1137 1163/1163/1142
f 1172/1172/1150 1175/1175/1153 1173/1173/1151
f 1171/1171/1149 1176/1176/1154 1177/1177/1155
f 1164/1164/1143 1163/1163/1142 1178/1178/1156
f 1179/1179/1157 1180/1180/1158 1175/1175/1153
f 1181/1181/102 1177/1177/1155 1176/1176/1154
f 1148/1148/1128 1161/1161/1141 1182/1182/1159
f 1178/1178/1156 1170/1170/1148 1164/1164/1143
f 1171/1171/1149 1173/1173/1151 1176/1176/1154
f 1168/1168/1146 1183/1183/1160 1169/1169/1147
f 1148/1148/1128 1182/1182/1159 1163/1163/1142
f 1182/1182/1159 1161/1161/1141 1169/1169/1147
f 1184/1184/1161 1178/1178/1156 1163/1163/1142
f 1185/1185/1162 1186/1186/1163 1187/1187/1164
f 1180/1180/1158 1186/1186/1163 1188/1188/1165
f 1169/1169/1147 1183/1183/1160 1182/1182/1159
f 1184/1184/1161 1163/1163/1142 1182/1182/1159
f 1185/1185/1162 1187/1187/1164 1189/1189/1166
f 1180/1180/1158 1188/1188/1165 1175/1175/1153
f 1176/1176/1154 1190/1190/1167 1181/1181/102
f 1191/1191/1168 1174/1174/1152 1192/1192/271
f 1175/1175/1153 1193/1193/1169 1173/1173/1151
f 1194/1194/109 1181/1181/102 1190/1190/1167
f 1186/1186/1163 1185/1185/1162 1188/1188/1165
f 1176/1176/1154 1173/1173/1151 1190/1190/1167
f 1195/1195/1170 1174/1174/1152 1191/1191/1168
f 1174/1174/1152 1195/1195/1170 1168/1168/1146
f 1193/1193/1169 1175/1175/1153 1188/1188/1165
f 1183/1183/1160 1184/1184/1161 1182/1182/1159
f 1195/1195/1170 1183/1183/1160 1168/1168/1146
f 1196/1196/1171 1197/1197/1172 1198/1198/1173
f 1199/1199/1174 1200/1200/1175 1201/1201/1176
f 1202/1202/1177 1203/1203/1160 1204/1204/1170
f 1198/1198/1173 1205/1205/1178 1206/1206/1179
f 1200/1200/1175 1207/1207/1180 1208/1208/1181
f 1203/1203/1160 1209/1209/1182 1210/1210/1183
f 1210/1210/1183 1211/1211/1184 1212/1212/1185
f 1212/1212/1185 1211/1211/1184 1213/1213/1186
f 1212/1212/1185 1213/1213/1186 1196/1196/1171
f 1198/1198/1173 1197/1197/1172 1214/1214/1187
f 1208/1208/1181 1215/1215/1188 1216/1216/1189
f 1216/1216/1189 1217/1217/1190 1189/1189/1166
f 1188/1188/1165 1218/1218/1191 1193/1193/1169
f 1200/1200/1175 1199/1199/1174 1207/1207/1180
f 1189/1189/1166 1217/1217/1190 1185/1185/1162
f 1185/1185/1162 1219/1219/1192 1188/1188/1165
f 1220/1220/1193 1204/1204/1170 1221/1221/290
f 1215/1215/1188 1208/1208/1181 1207/1207/1180
f 1216/1216/1189 1215/1215/1188 1217/1217/1190
f 1209/1209/1182 1222/1222/1194 1210/1210/1183
f 1201/1201/1176 1206/1206/1179 1223/1223/1195
f 1223/1223/1195 1199/1199/1174 1201/1201/1176
f 1193/1193/1169 1224/1224/1196 1173/1173/1151
f 1225/1225/1197 1194/1194/109 1190/1190/1167
f 1224/1224/1196 1190/1190/1167 1173/1173/1151
f 1220/1220/1193 1221/1221/290 1226/1226/1198
f 1196/1196/1171 1213/1213/1186 1197/1197/1172
f 1214/1214/1187 1205/1205/1178 1198/1198/1173
f 1225/1225/1197 1227/1227/110 1194/1194/109
f 1202/1202/1177 1204/1204/1170 1220/1220/1193
f 1210/1210/1183 1222/1222/1194 1211/1211/1184
f 1218/1218/1191 1228/1228/1199 1193/1193/1169
f 1188/1188/1165 1219/1219/1192 1218/1218/1191
f 1197/1197/1172 1213/1213/1186 1214/1214/1187
f 1193/1193/1169 1228/1228/1199 1224/1224/1196
f 1217/1217/1190 1229/1229/1200 1185/1185/1162
f 1230/1230/1201 1225/1225/1197 1190/1190/1167
f 1203/1203/1160 1231/1231/1202 1209/1209/1182
f 1190/1190/1167 1224/1224/1196 1230/1230/1201
f 1185/1185/1162 1232/1232/1203 1219/1219/1192
f 1218/1218/1191 1219/1219/1192 1228/1228/1199
f 1214/1214/1187 1233/1233/1204 1205/1205/1178
f 1234/1234/1205 1224/1224/1196 1228/1228/1199
f 1202/1202/1177 1231/1231/1202 1203/1203/1160
f 1206/1206/1179 1235/1235/1206 1223/1223/1195
f 1199/1199/1174 1236/1236/1207 1207/1207/1180
f 1237/1237/116 1227/1227/110 1225/1225/1197
f 1229/1229/1200 1232/1232/1203 1185/1185/1162
f 1214/1214/1187 1238/1238/1208 1233/1233/1204
f 1205/1205/1178 1235/1235/1206 1206/1206/1179
f 1219/1219/1192 1239/1239/1209 1228/1228/1199
f 1207/1207/1180 1240/1240/1210 1215/1215/1188
f 1217/1217/1190 1215/1215/1188 1229/1229/1200
f 1225/1225/1197 1230/1230/1201 1237/1237/116
f 1231/1231/1202 1222/1222/1194 1209/1209/1182
f 1213/1213/1186 1238/1238/1208 1214/1214/1187
f 1223/1223/1195 1236/1236/1207 1199/1199/1174
f 1241/1241/1211 1238/1238/1208 1213/1213/1186
f 1233/1233/1204 1235/1235/1206 1205/1205/1178
f 1211/1211/1184 1241/1241/1211 1213/1213/1186
f 1219/1219/1192 1232/1232/1203 1239/1239/1209
f 1242/1242/1212 1236/1236/1207 1223/1223/1195
f 1236/1236/1207 1240/1240/1210 1207/1207/1180
f 1223/1223/1195 1235/1235/1206 1242/1242/1212
f 1224/1224/1196 1243/1243/1213 1230/1230/1201
f 1222/1222/1194 1244/1244/1214 1211/1211/1184
f 1229/1229/1200 1245/1245/1215 1232/1232/1203
f 1211/1211/1184 1244/1244/1214 1241/1241/1211
f 1246/1246/1216 1229/1229/1200 1215/1215/1188
f 1239/1239/1209 1247/1247/1217 1228/1228/1199
f 1234/1234/1205 1243/1243/1213 1224/1224/1196
f 1230/1230/1201 1248/1248/115 1237/1237/116
f 1215/1215/1188 1240/1240/1210 1246/1246/1216
f 1247/1247/1217 1234/1234/1205 1228/1228/1199
f 1245/1245/1215 1239/1239/1209 1232/1232/1203
f 1246/1246/1216 1249/1249/1218 1229/1229/1200
f 1202/1202/1177 1250/1250/1219 1231/1231/1202
f 1231/1231/1202 1244/1244/1214 1222/1222/1194
f 1202/1202/1177 1220/1220/1193 1250/1250/1219
f 1241/1241/1211 1251/1251/1220 1238/1238/1208
f 1236/1236/1207 1252/1252/1221 1240/1240/1210
f 1230/1230/1201 1253/1253/1222 1248/1248/115
f 1229/1229/1200 1249/1249/1218 1245/1245/1215
f 1220/1220/1193 1226/1226/1198 1254/1254/329
f 1253/1253/1222 1230/1230/1201 1243/1243/1213
f 1240/1240/1210 1255/1255/1223 1246/1246/1216
f 1244/1244/1214 1251/1251/1220 1241/1241/1211
f 1245/1245/1215 1256/1256/1224 1239/1239/1209
f 1247/1247/1217 1257/1257/1225 1234/1234/1205
f 1220/1220/1193 1254/1254/329 1250/1250/1219
f 1256/1256/1224 1247/1247/1217 1239/1239/1209
f 1234/1234/1205 1258/1258/1226 1243/1243/1213
f 1259/1259/1227 1244/1244/1214 1231/1231/1202
f 1257/1257/1225 1258/1258/1226 1234/1234/1205
f 1238/1238/1208 1260/1260/1228 1233/1233/1204
f 1252/1252/1221 1255/1255/1223 1240/1240/1210
f 1261/1261/1229 1251/1251/1220 1244/1244/1214
f 1233/1233/1204 1260/1260/1228 1235/1235/1206
f 1242/1242/1212 1262/1262/1230 1236/1236/1207
f 1255/1255/1223 1249/1249/1218 1246/1246/1216
f 1238/1238/1208 1251/1251/1220 1260/1260/1228
f 1235/1235/1206 1263/1263/1231 1242/1242/1212
f 1262/1262/1230 1252/1252/1221 1236/1236/1207
f 1264/1264/119 1248/1248/115 1253/1253/1222
f 1263/1263/1231 1262/1262/1230 1242/1242/1212
f 1249/1249/1218 1265/1265/1232 1245/1245/1215
f 1259/1259/1227 1261/1261/1229 1244/1244/1214
f 1235/1235/1206 1260/1260/1228 1263/1263/1231
f 1266/1266/1233 1255/1255/1223 1252/1252/1221
f 1247/1247/1217 1256/1256/1224 1267/1267/1234
f 1243/1243/1213 1268/1268/1235 1253/1253/1222
f 1265/1265/1232 1256/1256/1224 1245/1245/1215
f 1243/1243/1213 1258/1258/1226 1268/1268/1235
f 1269/1269/1236 1260/1260/1228 1251/1251/1220
f 1247/1247/1217 1267/1267/1234 1257/1257/1225
f 1259/1259/1227 1231/1231/1202 1270/1270/1237
f 1253/1253/1222 1271/1271/123 1264/1264/119
f 1268/1268/1235 1258/1258/1226 1272/1272/1238
f 1251/1251/1220 1261/1261/1229 1273/1273/1239
f 1262/1262/1230 1274/1274/1240 1252/1252/1221
f 1255/1255/1223 1275/1275/1241 1249/1249/1218
f 1250/1250/1219 1270/1270/1237 1231/1231/1202
f 1270/1270/1237 1276/1276/1242 1259/1259/1227
f 1265/1265/1232 1277/1277/1243 1256/1256/1224
f 1257/1257/1225 1272/1272/1238 1258/1258/1226
f 1273/1273/1239 1269/1269/1236 1251/1251/1220
f 1268/1268/1235 1271/1271/123 1253/1253/1222
f 1252/1252/1221 1274/1274/1240 1266/1266/1233
f 1266/1266/1233 1275/1275/1241 1255/1255/1223
f 1278/1278/1244 1263/1263/1231 1260/1260/1228
f 1249/1249/1218 1275/1275/1241 1265/1265/1232
f 1259/1259/1227 1276/1276/1242 1261/1261/1229
f 1254/1254/329 1279/1279/1245 1250/1250/1219
f 1280/1280/1246 1273/1273/1239 1261/1261/1229
f 1275/1275/1241 1277/1277/1243 1265/1265/1232
f 1267/1267/1234 1281/1281/1247 1257/1257/1225
f 1278/1278/1244 1282/1282/1248 1263/1263/1231
f 1274/1274/1240 1283/1283/1249 1266/1266/1233
f 1260/1260/1228 1269/1269/1236 1278/1278/1244
f 1263/1263/1231 1282/1282/1248 1262/1262/1230
f 1276/1276/1242 1280/1280/1246 1261/1261/1229
f 1266/1266/1233 1283/1283/1249 1275/1275/1241
f 1257/1257/1225 1284/1284/1250 1272/1272/1238
f 1250/1250/1219 1279/1279/1245 1285/1285/1251
f 1267/1267/1234 1256/1256/1224 1286/1286/1252
f 1285/1285/1251 1270/1270/1237 1250/1250/1219
f 1279/1279/1245 1254/1254/329 1287/1287/1253
f 1281/1281/1247 1284/1284/1250 1257/1257/1225
f 1273/1273/1239 1288/1288/1254 1269/1269/1236
f 1269/1269/1236 1289/1289/1255 1278/1278/1244
f 1267/1267/1234 1286/1286/1252 1281/1281/1247
f 1272/1272/1238 1284/1284/1250 1268/1268/1235
f 1273/1273/1239 1280/1280/1246 1288/1288/1254
f 1274/1274/1240 1290/1290/1256 1283/1283/1249
f 1277/1277/1243 1286/1286/1252 1256/1256/1224
f 1277/1277/1243 1275/1275/1241 1291/1291/1257
f 1292/1292/128 1271/1271/123 1268/1268/1235
f 1283/1283/1249 1293/1293/1258 1275/1275/1241
f 1276/1276/1242 1294/1294/1259 1280/1280/1246
f 1295/1295/1260 1292/1292/128 1268/1268/1235
f 1296/1296/1261 1285/1285/1251 1279/1279/1245
f 1270/1270/1237 1297/1297/1262 1276/1276/1242
f 1288/1288/1254 1289/1289/1255 1269/1269/1236
f 1262/1262/1230 1298/1298/1263 1274/1274/1240
f 1270/1270/1237 1299/1299/1264 1297/1297/1262
f 1282/1282/1248 1300/1300/1265 1262/1262/1230
f 1301/1301/1266 1279/1279/1245 1287/1287/1253
f 1275/1275/1241 1293/1293/1258 1291/1291/1257
f 1301/1301/1266 1287/1287/1253 1302/1302/370
f 1289/1289/1255 1282/1282/1248 1278/1278/1244
f 1274/1274/1240 1298/1298/1263 1290/1290/1256
f 1290/1290/1256 1293/1293/1258 1283/1283/1249
f 1284/1284/1250 1295/1295/1260 1268/1268/1235
f 1301/1301/1266 1296/1296/1261 1279/1279/1245
f 1295/1295/1260 1303/1303/1267 1292/1292/128
f 1284/1284/1250 1281/1281/1247 1304/1304/1268
f 1297/1297/1262 1294/1294/1259 1276/1276/1242
f 1262/1262/1230 1300/1300/1265 1298/1298/1263
f 1270/1270/1237 1285/1285/1251 1299/1299/1264
f 1286/1286/1252 1305/1305/1269 1281/1281/1247
f 1280/1280/1246 1294/1294/1259 1288/1288/1254
f 1284/1284/1250 1306/1306/1270 1295/1295/1260
f 1277/1277/1243 1307/1307/1271 1286/1286/1252
f 1308/1308/1272 1292/1292/128 1303/1303/1267
f 1293/1293/1258 1309/1309/1273 1291/1291/1257
f 1284/1284/1250 1304/1304/1268 1306/1306/1270
f 1291/1291/1257 1309/1309/1273 1277/1277/1243
f 1305/1305/1269 1304/1304/1268 1281/1281/1247
f 1289/1289/1255 1310/1310/1274 1282/1282/1248
f 1297/1297/1262 1299/1299/1264 1311/1311/1275
f 1297/1297/1262 1311/1311/1275 1294/1294/1259
f 1282/1282/1248 1310/1310/1274 1312/1312/1276
f 1309/1309/1273 1307/1307/1271 1277/1277/1243
f 1288/1288/1254 1313/1313/1277 1289/1289/1255
f 1306/1306/1270 1303/1303/1267 1295/1295/1260
f 1285/1285/1251 1314/1314/1278 1299/1299/1264
f 1312/1312/1276 1300/1300/1265 1282/1282/1248
f 1293/1293/1258 1315/1315/1279 1309/1309/1273
f 1307/1307/1271 1305/1305/1269 1286/1286/1252
f 1290/1290/1256 1316/1316/1280 1293/1293/1258
f 1305/1305/1269 1317/1317/1281 1304/1304/1268
f 1294/1294/1259 1313/1313/1277 1288/1288/1254
f 1285/1285/1251 1296/1296/1261 1314/1314/1278
f 1293/1293/1258 1316/1316/1280 1315/1315/1279
f 1290/1290/1256 1298/1298/1263 1316/1316/1280
f 1296/1296/1261 1301/1301/1266 1318/1318/1282
f 1314/1314/1278 1311/1311/1275 1299/1299/1264
f 1311/1311/1275 1319/1319/1283 1294/1294/1259
f 1300/1300/1265 1320/1320/1284 1298/1298/1263
f 1304/1304/1268 1321/1321/1285 1306/1306/1270
f 1294/1294/1259 1319/1319/1283 1313/1313/1277
f 1289/1289/1255 1322/1322/1286 1310/1310/1274
f 1296/1296/1261 1323/1323/1287 1314/1314/1278
f 1313/1313/1277 1324/1324/1288 1289/1289/1255
f 1317/1317/1281 1321/1321/1285 1304/1304/1268
f 1303/1303/1267 1325/1325/134 1308/1308/1272
f 1318/1318/1282 1323/1323/1287 1296/1296/1261
f 1322/1322/1286 1312/1312/1276 1310/1310/1274
f 1289/1289/1255 1324/1324/1288 1322/1322/1286
f 1302/1302/370 1326/1326/1289 1301/1301/1266
f 1306/1306/1270 1327/1327/1290 1303/1303/1267
f 1326/1326/1289 1318/1318/1282 1301/1301/1266
f 1312/1312/1276 1320/1320/1284 1300/1300/1265
f 1328/1328/1291 1316/1316/1280 1298/1298/1263
f 1314/1314/1278 1329/1329/1292 1311/1311/1275
f 1307/1307/1271 1330/1330/1293 1305/1305/1269
f 1323/1323/1287 1331/1331/1294 1314/1314/1278
f 1320/1320/1284 1328/1328/1291 1298/1298/1263
f 1315/1315/1279 1332/1332/1295 1309/1309/1273
f 1311/1311/1275 1329/1329/1292 1319/1319/1283
f 1303/1303/1267 1327/1327/1290 1325/1325/134
f 1309/1309/1273 1330/1330/1293 1307/1307/1271
f 1321/1321/1285 1327/1327/1290 1306/1306/1270
f 1331/1331/1294 1329/1329/1292 1314/1314/1278
f 1333/1333/1296 1321/1321/1285 1317/1317/1281
f 1319/1319/1283 1334/1334/1297 1313/1313/1277
f 1305/1305/1269 1333/1333/1296 1317/1317/1281
f 1326/1326/1289 1335/1335/1298 1318/1318/1282
f 1316/1316/1280 1336/1336/1299 1315/1315/1279
f 1337/1337/1300 1333/1333/1296 1305/1305/1269
f 1313/1313/1277 1334/1334/1297 1324/1324/1288
f 1305/1305/1269 1330/1330/1293 1337/1337/1300
f 1315/1315/1279 1336/1336/1299 1332/1332/1295
f 1325/1325/134 1327/1327/1290 1338/1338/1301
f 1323/1323/1287 1318/1318/1282 1335/1335/1298
f 1322/1322/1286 1324/1324/1288 1339/1339/1302
f 1316/1316/1280 1340/1340/1303 1336/1336/1299
f 1312/1312/1276 1341/1341/1304 1320/1320/1284
f 1328/1328/1291 1340/1340/1303 1316/1316/1280
f 1342/1342/1305 1330/1330/1293 1309/1309/1273
f 1320/1320/1284 1343/1343/1306 1328/1328/1291
f 1332/1332/1295 1342/1342/1305 1309/1309/1273
f 1334/1334/1297 1344/1344/1307 1324/1324/1288
f 1326/1326/1289 1302/1302/370 1345/1345/403
f 1324/1324/1288 1344/1344/1307 1339/1339/1302
f 1322/1322/1286 1339/1339/1302 1312/1312/1276
f 1333/1333/1296 1346/1346/1308 1321/1321/1285
f 1326/1326/1289 1345/1345/403 1335/1335/1298
f 1331/1331/1294 1323/1323/1287 1335/1335/1298
f 1329/1329/1292 1331/1331/1294 1347/1347/1309
f 1312/1312/1276 1348/1348/1310 1341/1341/1304
f 1349/1349/1311 1338/1338/1301 1327/1327/1290
f 1329/1329/1292 1350/1350/1312 1319/1319/1283
f 1321/1321/1285 1346/1346/1308 1327/1327/1290
f 1350/1350/1312 1334/1334/1297 1319/1319/1283
f 1337/1337/1300 1351/1351/1313 1333/1333/1296
f 1352/1352/1314 1330/1330/1293 1342/1342/1305
f 1327/1327/1290 1346/1346/1308 1353/1353/1315
f 1330/1330/1293 1352/1352/1314 1337/1337/1300
f 1339/1339/1302 1348/1348/1310 1312/1312/1276
f 1340/1340/1303 1354/1354/1316 1336/1336/1299
f 1336/1336/1299 1342/1342/1305 1332/1332/1295
f 1328/1328/1291 1343/1343/1306 1340/1340/1303
f 1352/1352/1314 1351/1351/1313 1337/1337/1300
f 1341/1341/1304 1343/1343/1306 1320/1320/1284
f 1349/1349/1311 1327/1327/1290 1353/1353/1315
f 1343/1343/1306 1354/1354/1316 1340/1340/1303
f 1336/1336/1299 1355/1355/1317 1342/1342/1305
f 1356/1356/1318 1329/1329/1292 1347/1347/1309
f 1350/1350/1312 1329/1329/1292 1356/1356/1318
f 1334/1334/1297 1357/1357/1319 1344/1344/1307
f 1335/1335/1298 1358/1358/1320 1331/1331/1294
f 1359/1359/1321 1346/1346/1308 1333/1333/1296
f 1344/1344/1307 1360/1360/1322 1339/1339/1302
f 1360/1360/1322 1348/1348/1310 1339/1339/1302
f 1334/1334/1297 1350/1350/1312 1357/1357/1319
f 1361/1361/1323 1345/1345/403 1362/1362/1324
f 1335/1335/1298 1345/1345/403 1361/1361/1323
f 1344/1344/1307 1357/1357/1319 1360/1360/1322
f 1349/1349/1311 1363/1363/142 1338/1338/1301
f 1331/1331/1294 1364/1364/1325 1347/1347/1309
f 1333/1333/1296 1351/1351/1313 1359/1359/1321
f 1336/1336/1299 1354/1354/1316 1355/1355/1317
f 1331/1331/1294 1358/1358/1320 1364/1364/1325
f 1365/1365/1326 1349/1349/1311 1353/1353/1315
f 1348/1348/1310 1366/1366/1327 1341/1341/1304
f 1335/1335/1298 1361/1361/1323 1367/1367/1328
f 1352/1352/1314 1368/1368/1329 1351/1351/1313
f 1359/1359/1321 1353/1353/1315 1346/1346/1308
f 1341/1341/1304 1366/1366/1327 1343/1343/1306
f 1355/1355/1317 1369/1369/1330 1342/1342/1305
f 1342/1342/1305 1369/1369/1330 1352/1352/1314
f 1343/1343/1306 1370/1370/1331 1354/1354/1316
f 1335/1335/1298 1367/1367/1328 1358/1358/1320
f 1363/1363/142 1349/1349/1311 1371/1371/1332
f 1369/1369/1330 1368/1368/1329 1352/1352/1314
f 1351/1351/1313 1372/1372/1333 1359/1359/1321
f 1365/1365/1326 1371/1371/1332 1349/1349/1311
f 1360/1360/1322 1357/1357/1319 1373/1373/1334
f 1367/1367/1328 1374/1374/1335 1358/1358/1320
f 1360/1360/1322 1375/1375/1336 1348/1348/1310
f 1348/1348/1310 1376/1376/1337 1366/1366/1327
f 1358/1358/1320 1374/1374/1335 1364/1364/1325
f 1347/1347/1309 1364/1364/1325 1356/1356/1318
f 1354/1354/1316 1377/1377/1338 1355/1355/1317
f 1359/1359/1321 1378/1378/1339 1353/1353/1315
f 1379/1379/146 1363/1363/142 1371/1371/1332
f 1375/1375/1336 1376/1376/1337 1348/1348/1310
f 1366/1366/1327 1370/1370/1331 1343/1343/1306
f 1355/1355/1317 1380/1380/1340 1369/1369/1330
f 1368/1368/1329 1381/1381/1341 1351/1351/1313
f 1350/1350/1312 1382/1382/1342 1357/1357/1319
f 1370/1370/1331 1377/1377/1338 1354/1354/1316
f 1381/1381/1341 1372/1372/1333 1351/1351/1313
f 1374/1374/1335 1383/1383/1343 1364/1364/1325
f 1378/1378/1339 1365/1365/1326 1353/1353/1315
f 1366/1366/1327 1384/1384/1344 1370/1370/1331
f 1381/1381/1341 1385/1385/1345 1372/1372/1333
f 1386/1386/1346 1371/1371/1332 1365/1365/1326
f 1362/1362/1324 1367/1367/1328 1361/1361/1323
f 1382/1382/1342 1373/1373/1334 1357/1357/1319
f 1355/1355/1317 1377/1377/1338 1387/1387/1347
f 1356/1356/1318 1388/1388/1348 1350/1350/1312
f 1362/1362/1324 1389/1389/1349 1367/1367/1328
f 1366/1366/1327 1376/1376/1337 1384/1384/1344
f 1355/1355/1317 1387/1387/1347 1380/1380/1340
f 1372/1372/1333 1385/1385/1345 1359/1359/1321
f 1350/1350/1312 1388/1388/1348 1382/1382/1342
f 1373/1373/1334 1375/1375/1336 1360/1360/1322
f 1386/1386/1346 1365/1365/1326 1378/1378/1339
f 1371/1371/1332 1390/1390/1350 1379/1379/146
f 1364/1364/1325 1391/1391/1351 1356/1356/1318
f 1385/1385/1345 1378/1378/1339 1359/1359/1321
f 1383/1383/1343 1391/1391/1351 1364/1364/1325
f 1367/1367/1328 1392/1392/1352 1374/1374/1335
f 1386/1386/1346 1390/1390/1350 1371/1371/1332
f 1368/1368/1329 1369/1369/1330 1393/1393/1353
f 1368/1368/1329 1393/1393/1353 1381/1381/1341
f 1370/1370/1331 1384/1384/1344 1377/1377/1338
f 1380/1380/1340 1394/1394/1354 1369/1369/1330
f 1389/1389/1349 1362/1362/1324 1395/1395/1355
f 1387/1387/1347 1394/1394/1354 1380/1380/1340
f 1394/1394/1354 1393/1393/1353 1369/1369/1330
f 1391/1391/1351 1388/1388/1348 1356/1356/1318
f 1378/1378/1339 1385/1385/1345 1396/1396/1356
f 1389/1389/1349 1392/1392/1352 1367/1367/1328
f 1374/1374/1335 1392/1392/1352 1383/1383/1343
f 1390/1390/1350 1397/1397/1357 1379/1379/146
f 1398/1398/1358 1387/1387/1347 1377/1377/1338
f 1388/1388/1348 1399/1399/1359 1382/1382/1342
f 1375/1375/1336 1400/1400/1360 1376/1376/1337
f 1376/1376/1337 1401/1401/1361 1384/1384/1344
f 1381/1381/1341 1402/1402/1362 1385/1385/1345
f 1382/1382/1342 1403/1403/1363 1373/1373/1334
f 1384/1384/1344 1404/1404/1364 1377/1377/1338
f 1393/1393/1353 1402/1402/1362 1381/1381/1341
f 1392/1392/1352 1405/1405/1365 1383/1383/1343
f 1397/1397/1357 1390/1390/1350 1386/1386/1346
f 1387/1387/1347 1406/1406/1366 1394/1394/1354
f 1394/1394/1354 1407/1407/1367 1393/1393/1353
f 1378/1378/1339 1408/1408/1368 1386/1386/1346
f 1400/1400/1360 1401/1401/1361 1376/1376/1337
f 1391/1391/1351 1409/1409/1369 1388/1388/1348
f 1386/1386/1346 1410/1410/1370 1397/1397/1357
f 1383/1383/1343 1411/1411/1371 1391/1391/1351
f 1382/1382/1342 1399/1399/1359 1412/1412/1372
f 1373/1373/1334 1403/1403/1363 1375/1375/1336
f 1389/1389/1349 1395/1395/1355 1413/1413/1373
f 1385/1385/1345 1414/1414/1374 1396/1396/1356
f 1378/1378/1339 1396/1396/1356 1408/1408/1368
f 1383/1383/1343 1415/1415/1375 1411/1411/1371
f 1409/1409/1369 1399/1399/1359 1388/1388/1348
f 1382/1382/1342 1412/1412/1372 1403/1403/1363
f 1401/1401/1361 1404/1404/1364 1384/1384/1344
f 1414/1414/1374 1385/1385/1345 1402/1402/1362
f 1416/1416/1376 1392/1392/1352 1389/1389/1349
f 1387/1387/1347 1398/1398/1358 1406/1406/1366
f 1411/1411/1371 1409/1409/1369 1391/1391/1351
f 1413/1413/1373 1416/1416/1376 1389/1389/1349
f 1392/1392/1352 1416/1416/1376 1405/1405/1365
f 1393/1393/1353 1407/1407/1367 1402/1402/1362
f 1375/1375/1336 1403/1403/1363 1400/1400/1360
f 1417/1417/1377 1404/1404/1364 1401/1401/1361
f 1394/1394/1354 1418/1418/1378 1407/1407/1367
f 1419/1419/1379 1386/1386/1346 1408/1408/1368
f 1405/1405/1365 1415/1415/1375 1383/1383/1343
f 1404/1404/1364 1398/1398/1358 1377/1377/1338
f 1403/1403/1363 1412/1412/1372 1420/1420/1380
f 1414/1414/1374 1408/1408/1368 1396/1396/1356
f 1386/1386/1346 1419/1419/1379 1410/1410/1370
f 1397/1397/1357 1410/1410/1370 1421/1421/1381
f 1409/1409/1369 1422/1422/1382 1399/1399/1359
f 1400/1400/1360 1403/1403/1363 1423/1423/1383
f 1420/1420/1380 1423/1423/1383 1403/1403/1363
f 1421/1421/1381 1424/1424/153 1397/1397/1357
f 1400/1400/1360 1417/1417/1377 1401/1401/1361
f 1406/1406/1366 1418/1418/1378 1394/1394/1354
f 1414/1414/1374 1425/1425/1384 1408/1408/1368
f 1411/1411/1371 1422/1422/1382 1409/1409/1369
f 1404/1404/1364 1426/1426/1385 1398/1398/1358
f 1405/1405/1365 1416/1416/1376 1427/1427/1386
f 1402/1402/1362 1428/1428/1387 1414/1414/1374
f 1399/1399/1359 1429/1429/1388 1412/1412/1372
f 1421/1421/1381 1410/1410/1370 1419/1419/1379
f 1407/1407/1367 1430/1430/1389 1402/1402/1362
f 1411/1411/1371 1431/1431/1390 1422/1422/1382
f 1416/1416/1376 1413/1413/1373 1432/1432/1391
f 1399/1399/1359 1422/1422/1382 1429/1429/1388
f 1429/1429/1388 1420/1420/1380 1412/1412/1372
f 1417/1417/1377 1433/1433/1392 1404/1404/1364
f 1418/1418/1378 1434/1434/1393 1407/1407/1367
f 1425/1425/1384 1419/1419/1379 1408/1408/1368
f 1406/1406/1366 1435/1435/1394 1418/1418/1378
f 1423/1423/1383 1436/1436/1395 1400/1400/1360
f 1430/1430/1389 1428/1428/1387 1402/1402/1362
f 1398/1398/1358 1426/1426/1385 1406/1406/1366
f 1416/1416/1376 1432/1432/1391 1427/1427/1386
f 1415/1415/1375 1431/1431/1390 1411/1411/1371
f 1404/1404/1364 1433/1433/1392 1426/1426/1385
f 1436/1436/1395 1417/1417/1377 1400/1400/1360
f 1406/1406/1366 1426/1426/1385 1435/1435/1394
f 1407/1407/1367 1437/1437/1396 1430/1430/1389
f 1414/1414/1374 1428/1428/1387 1425/1425/1384
f 1419/1419/1379 1425/1425/1384 1438/1438/1397
f 1413/1413/1373 1439/1439/1398 1432/1432/1391
f 1434/1434/1393 1437/1437/1396 1407/1407/1367
f 1419/1419/1379 1438/1438/1397 1421/1421/1381
f 1421/1421/1381 1440/1440/158 1424/1424/153
f 1418/1418/1378 1435/1435/1394 1434/1434/1393
f 1430/1430/1389 1441/1441/1399 1428/1428/1387
f 1427/1427/1386 1442/1442/1400 1405/1405/1365
f 1437/1437/1396 1441/1441/1399 1430/1430/1389
f 1431/1431/1390 1443/1443/1401 1422/1422/1382
f 1405/1405/1365 1442/1442/1400 1415/1415/1375
f 1438/1438/1397 1444/1444/1402 1421/1421/1381
f 1423/1423/1383 1445/1445/1377 1436/1436/1395
f 1417/1417/1377 1446/1446/1403 1433/1433/1392
f 1433/1433/1392 1447/1447/1404 1426/1426/1385
f 1443/1443/1401 1429/1429/1388 1422/1422/1382
f 1448/1448/1405 1432/1432/1391 1439/1439/1398
f 1426/1426/1385 1447/1447/1404 1449/1449/1406
f 1432/1432/1391 1448/1448/1405 1427/1427/1386
f 1420/1420/1380 1450/1450/1407 1423/1423/1383
f 1421/1421/1381 1444/1444/1402 1440/1440/158
f 1426/1426/1385 1449/1449/1406 1435/1435/1394
f 1448/1448/1405 1439/1439/1398 1451/1451/493
f 1452/1452/1408 1443/1443/1401 1431/1431/1390
f 1415/1415/1375 1452/1452/1408 1431/1431/1390
f 1427/1427/1386 1448/1448/1405 1442/1442/1400
f 1444/1444/1402 1453/1453/1409 1440/1440/158
f 1423/1423/1383 1450/1450/1407 1445/1445/1377
f 1446/1446/1403 1447/1447/1404 1433/1433/1392
f 1440/1440/158 1453/1453/1409 1454/1454/160
f 1451/1451/493 1455/1455/1410 1448/1448/1405
f 1429/1429/1388 1456/1456/1411 1420/1420/1380
f 1457/1457/1412 1434/1434/1393 1435/1435/1394
f 1454/1454/160 1453/1453/1409 1458/1458/1413
f 1455/1455/1410 1451/1451/493 1459/1459/1414
f 1436/1436/1395 1446/1446/1403 1417/1417/1377
f 1444/1444/1402 1438/1438/1397 1460/1460/1415
f 1460/1460/1415 1453/1453/1409 1444/1444/1402
f 1455/1455/1410 1461/1461/1416 1448/1448/1405
f 1462/1462/163 1454/1454/160 1458/1458/1413
f 1441/1441/1399 1463/1463/1417 1428/1428/1387
f 1425/1425/1384 1428/1428/1387 1463/1463/1417
f 1464/1464/1418 1453/1453/1409 1460/1460/1415
f 1453/1453/1409 1464/1464/1418 1458/1458/1413
f 1461/1461/1416 1442/1442/1400 1448/1448/1405
f 1449/1449/1406 1457/1457/1412 1435/1435/1394
f 1437/1437/1396 1465/1465/1419 1441/1441/1399
f 1466/1466/1420 1458/1458/1413 1464/1464/1418
f 1434/1434/1393 1465/1465/1419 1437/1437/1396
f 1455/1455/1410 1459/1459/1414 1467/1467/503
f 1456/1456/1411 1450/1450/1407 1420/1420/1380
f 1466/1466/1420 1468/1468/1421 1458/1458/1413
f 1458/1458/1413 1468/1468/1421 1462/1462/163
f 1461/1461/1416 1455/1455/1410 1469/1469/1422
f 1429/1429/1388 1443/1443/1401 1456/1456/1411
f 1463/1463/1417 1470/1470/1423 1425/1425/1384
f 1425/1425/1384 1470/1470/1423 1438/1438/1397
f 1464/1464/1418 1460/1460/1415 1471/1471/1424
f 1466/1466/1420 1464/1464/1418 1471/1471/1424
f 1472/1472/1425 1460/1460/1415 1438/1438/1397
f 1473/1473/1426 1474/1474/1427 1415/1415/1375
f 1434/1434/1393 1475/1475/1428 1465/1465/1419
f 1476/1476/1429 1442/1442/1400 1461/1461/1416
f 1442/1442/1400 1473/1473/1426 1415/1415/1375
f 1470/1470/1423 1472/1472/1425 1438/1438/1397
f 1471/1471/1424 1460/1460/1415 1472/1472/1425
f 1455/1455/1410 1467/1467/503 1469/1469/1422
f 1457/1457/1412 1475/1475/1428 1434/1434/1393
f 1468/1468/1421 1477/1477/169 1462/1462/163
f 1466/1466/1420 1471/1471/1424 1478/1478/1430
f 1466/1466/1420 1478/1478/1430 1468/1468/1421
f 1479/1479/1431 1461/1461/1416 1469/1469/1422
f 1480/1480/1432 1476/1476/1429 1461/1461/1416
f 1415/1415/1375 1474/1474/1427 1452/1452/1408
f 1446/1446/1403 1481/1481/1433 1447/1447/1404
f 1482/1482/1434 1481/1481/1433 1446/1446/1403
f 1436/1436/1395 1482/1482/1434 1446/1446/1403
f 1452/1452/1408 1483/1483/1435 1443/1443/1401
f 1457/1457/1412 1484/1484/1436 1475/1475/1428
f 1479/1479/1431 1480/1480/1432 1461/1461/1416
f 1485/1485/1437 1477/1477/169 1468/1468/1421
f 1449/1449/1406 1486/1486/1438 1457/1457/1412
f 1445/1445/1377 1450/1450/1407 1487/1487/1439
f 1467/1467/503 1488/1488/527 1469/1469/1422
f 1449/1449/1406 1447/1447/1404 1481/1481/1433
f 1489/1489/1440 1471/1471/1424 1472/1472/1425
f 1479/1479/1431 1469/1469/1422 1488/1488/527
f 1478/1478/1430 1471/1471/1424 1489/1489/1440
f 1482/1482/1434 1436/1436/1395 1490/1490/1441
f 1468/1468/1421 1478/1478/1430 1485/1485/1437
f 1470/1470/1423 1491/1491/1442 1472/1472/1425
f 1491/1491/1442 1489/1489/1440 1472/1472/1425
f 1443/1443/1401 1492/1492/1443 1456/1456/1411
f 1445/1445/1377 1490/1490/1441 1436/1436/1395
f 1474/1474/1427 1483/1483/1435 1452/1452/1408
f 1456/1456/1411 1493/1493/1444 1450/1450/1407
f 1494/1494/1445 1465/1465/1419 1475/1475/1428
f 1486/1486/1438 1449/1449/1406 1481/1481/1433
f 1489/1489/1440 1495/1495/1446 1478/1478/1430
f 1445/1445/1377 1487/1487/1439 1490/1490/1441
f 1463/1463/1417 1441/1441/1399 1496/1496/1447
f 1497/1497/1448 1489/1489/1440 1491/1491/1442
f 1489/1489/1440 1497/1497/1448 1495/1495/1446
f 1480/1480/1432 1498/1498/1449 1476/1476/1429
f 1443/1443/1401 1483/1483/1435 1492/1492/1443
f 1484/1484/1436 1494/1494/1445 1475/1475/1428
f 1478/1478/1430 1495/1495/1446 1499/1499/1450
f 1478/1478/1430 1499/1499/1450 1485/1485/1437
f 1450/1450/1407 1493/1493/1444 1487/1487/1439
f 1486/1486/1438 1500/1500/1451 1457/1457/1412
f 1465/1465/1419 1494/1494/1445 1441/1441/1399
f 1463/1463/1417 1501/1501/1452 1470/1470/1423
f 1482/1482/1434 1502/1502/1453 1481/1481/1433
f 1503/1503/173 1477/1477/169 1485/1485/1437
f 1490/1490/1441 1502/1502/1453 1482/1482/1434
f 1457/1457/1412 1500/1500/1451 1484/1484/1436
f 1463/1463/1417 1496/1496/1447 1501/1501/1452
f 1492/1492/1443 1493/1493/1444 1456/1456/1411
f 1470/1470/1423 1504/1504/1454 1491/1491/1442
f 1479/1479/1431 1505/1505/1455 1480/1480/1432
f 1473/1473/1426 1506/1506/1456 1474/1474/1427
f 1485/1485/1437 1507/1507/1457 1503/1503/173
f 1488/1488/527 1508/1508/1458 1479/1479/1431
f 1480/1480/1432 1505/1505/1455 1509/1509/1459
f 1499/1499/1450 1507/1507/1457 1485/1485/1437
f 1510/1510/1460 1508/1508/1458 1488/1488/527
f 1481/1481/1433 1511/1511/1461 1486/1486/1438
f 1504/1504/1454 1497/1497/1448 1491/1491/1442
f 1508/1508/1458 1505/1505/1455 1479/1479/1431
f 1480/1480/1432 1509/1509/1459 1498/1498/1449
f 1483/1483/1435 1512/1512/1462 1492/1492/1443
f 1501/1501/1452 1504/1504/1454 1470/1470/1423
f 1483/1483/1435 1474/1474/1427 1513/1513/1463
f 1513/1513/1463 1512/1512/1462 1483/1483/1435
f 1514/1514/1464 1441/1441/1399 1494/1494/1445
f 1490/1490/1441 1515/1515/1465 1502/1502/1453
f 1492/1492/1443 1516/1516/1466 1493/1493/1444
f 1496/1496/1447 1517/1517/1467 1501/1501/1452
f 1495/1495/1446 1497/1497/1448 1518/1518/1468
f 1519/1519/1469 1494/1494/1445 1484/1484/1436
f 1499/1499/1450 1495/1495/1446 1520/1520/1470
f 1519/1519/1469 1484/1484/1436 1500/1500/1451
f 1514/1514/1464 1496/1496/1447 1441/1441/1399
f 1504/1504/1454 1521/1521/1471 1497/1497/1448
f 1518/1518/1468 1497/1497/1448 1521/1521/1471
f 1520/1520/1470 1507/1507/1457 1499/1499/1450
f 1487/1487/1439 1522/1522/1472 1490/1490/1441
f 1508/1508/1458 1510/1510/1460 1523/1523/548
f 1492/1492/1443 1512/1512/1462 1524/1524/1473
f 1493/1493/1444 1525/1525/1474 1487/1487/1439
f 1474/1474/1427 1506/1506/1456 1513/1513/1463
f 1526/1526/1475 1504/1504/1454 1501/1501/1452
f 1521/1521/1471 1504/1504/1454 1526/1526/1475
f 1495/1495/1446 1518/1518/1468 1520/1520/1470
f 1490/1490/1441 1522/1522/1472 1515/1515/1465
f 1509/1509/1459 1527/1527/1476 1498/1498/1449
f 1486/1486/1438 1511/1511/1461 1500/1500/1451
f 1514/1514/1464 1517/1517/1467 1496/1496/1447
f 1493/1493/1444 1528/1528/1477 1525/1525/1474
f 1487/1487/1439 1525/1525/1474 1522/1522/1472
f 1517/1517/1467 1526/1526/1475 1501/1501/1452
f 1502/1502/1453 1529/1529/1478 1481/1481/1433
f 1519/1519/1469 1514/1514/1464 1494/1494/1445
f 1503/1503/173 1507/1507/1457 1530/1530/177
f 1508/1508/1458 1531/1531/1479 1505/1505/1455
f 1493/1493/1444 1516/1516/1466 1528/1528/1477
f 1515/1515/1465 1529/1529/1478 1502/1502/1453
f 1505/1505/1455 1531/1531/1479 1509/1509/1459
f 1526/1526/1475 1517/1517/1467 1521/1521/1471
f 1521/1521/1471 1517/1517/1467 1532/1532/1480
f 1513/1513/1463 1524/1524/1473 1512/1512/1462
f 1492/1492/1443 1524/1524/1473 1516/1516/1466
f 1508/1508/1458 1533/1533/1481 1531/1531/1479
f 1525/1525/1474 1534/1534/1482 1522/1522/1472
f 1533/1533/1481 1508/1508/1458 1523/1523/548
f 1532/1532/1480 1518/1518/1468 1521/1521/1471
f 1481/1481/1433 1529/1529/1478 1511/1511/1461
f 1535/1535/1483 1519/1519/1469 1500/1500/1451
f 1514/1514/1464 1536/1536/1484 1517/1517/1467
f 1537/1537/1485 1513/1513/1463 1506/1506/1456
f 1532/1532/1480 1517/1517/1467 1536/1536/1484
f 1538/1538/1486 1527/1527/1476 1509/1509/1459
f 1516/1516/1466 1539/1539/1487 1528/1528/1477
f 1511/1511/1461 1535/1535/1483 1500/1500/1451
f 1511/1511/1461 1540/1540/1488 1535/1535/1483
f 1514/1514/1464 1519/1519/1469 1541/1541/1489
f 1516/1516/1466 1524/1524/1473 1539/1539/1487
f 1514/1514/1464 1541/1541/1489 1536/1536/1484
f 1520/1520/1470 1542/1542/1490 1507/1507/1457
f 1509/1509/1459 1543/1543/1491 1538/1538/1486
f 1518/1518/1468 1544/1544/1492 1520/1520/1470
f 1529/1529/1478 1540/1540/1488 1511/1511/1461
f 1525/1525/1474 1528/1528/1477 1534/1534/1482
f 1545/1545/1493 1530/1530/177 1507/1507/1457
f 1537/1537/1485 1546/1546/1494 1513/1513/1463
f 1535/1535/1483 1547/1547/1495 1519/1519/1469
f 1542/1542/1490 1545/1545/1493 1507/1507/1457
f 1546/1546/1494 1524/1524/1473 1513/1513/1463
f 1515/1515/1465 1522/1522/1472 1534/1534/1482
f 1524/1524/1473 1548/1548/1496 1539/1539/1487
f 1541/1541/1489 1519/1519/1469 1549/1549/1497
f 1518/1518/1468 1550/1550/1498 1544/1544/1492
f 1536/1536/1484 1551/1551/1499 1532/1532/1480
f 1532/1532/1480 1551/1551/1499 1518/1518/1468
f 1520/1520/1470 1544/1544/1492 1542/1542/1490
f 1518/1518/1468 1551/1551/1499 1552/1552/1500
f 1545/1545/1493 1553/1553/180 1530/1530/177
f 1519/1519/1469 1547/1547/1495 1549/1549/1497
f 1539/1539/1487 1554/1554/1501 1528/1528/1477
f 1528/1528/1477 1554/1554/1501 1534/1534/1482
f 1546/1546/1494 1548/1548/1496 1524/1524/1473
f 1555/1555/1502 1529/1529/1478 1515/1515/1465
f 1533/1533/1481 1556/1556/1503 1531/1531/1479
f 1551/1551/1499 1536/1536/1484 1557/1557/1504
f 1549/1549/1497 1558/1558/1505 1541/1541/1489
f 1555/1555/1502 1559/1559/1506 1529/1529/1478
f 1541/1541/1489 1557/1557/1504 1536/1536/1484
f 1553/1553/180 1545/1545/1493 1542/1542/1490
f 1547/1547/1495 1560/1560/1507 1549/1549/1497
f 1529/1529/1478 1559/1559/1506 1540/1540/1488
f 1518/1518/1468 1552/1552/1500 1550/1550/1498
f 1539/1539/1487 1561/1561/1508 1554/1554/1501
f 1534/1534/1482 1562/1562/1509 1515/1515/1465
f 1531/1531/1479 1563/1563/1510 1509/1509/1459
f 1564/1564/1511 1547/1547/1495 1535/1535/1483
f 1560/1560/1507 1558/1558/1505 1549/1549/1497
f 1543/1543/1491 1565/1565/1512 1538/1538/1486
f 1548/1548/1496 1561/1561/1508 1539/1539/1487
f 1515/1515/1465 1562/1562/1509 1555/1555/1502
f 1540/1540/1488 1566/1566/1513 1535/1535/1483
f 1541/1541/1489 1558/1558/1505 1557/1557/1504
f 1565/1565/1512 1567/1567/1514 1538/1538/1486
f 1568/1568/1515 1534/1534/1482 1554/1554/1501
f 1534/1534/1482 1569/1569/1516 1562/1562/1509
f 1547/1547/1495 1564/1564/1511 1560/1560/1507
f 1552/1552/1500 1551/1551/1499 1570/1570/1517
f 1571/1571/1518 1553/1553/180 1542/1542/1490
f 1537/1537/1485 1572/1572/1519 1546/1546/1494
f 1559/1559/1506 1573/1573/1520 1540/1540/1488
f 1570/1570/1517 1551/1551/1499 1557/1557/1504
f 1572/1572/1519 1548/1548/1496 1546/1546/1494
f 1550/1550/1498 1574/1574/1521 1544/1544/1492
f 1575/1575/1522 1559/1559/1506 1555/1555/1502
f 1535/1535/1483 1566/1566/1513 1564/1564/1511
f 1544/1544/1492 1574/1574/1521 1542/1542/1490
f 1576/1576/1523 1553/1553/180 1571/1571/1518
f 1556/1556/1503 1563/1563/1510 1531/1531/1479
f 1509/1509/1459 1563/1563/1510 1543/1543/1491
f 1566/1566/1513 1577/1577/1524 1564/1564/1511
f 1576/1576/1523 1571/1571/1518 1578/1578/1525
f 1562/1562/1509 1575/1575/1522 1555/1555/1502
f 1561/1561/1508 1579/1579/1526 1554/1554/1501
f 1559/1559/1506 1580/1580/1527 1573/1573/1520
f 1552/1552/1500 1581/1581/1528 1550/1550/1498
f 1582/1582/1529 1571/1571/1518 1542/1542/1490
f 1563/1563/1510 1556/1556/1503 1583/1583/1530
f 1557/1557/1504 1584/1584/1531 1570/1570/1517
f 1567/1567/1514 1565/1565/1512 1585/1585/1532
f 1554/1554/1501 1579/1579/1526 1568/1568/1515
f 1569/1569/1516 1534/1534/1482 1568/1568/1515
f 1558/1558/1505 1560/1560/1507 1586/1586/1533
f 1558/1558/1505 1584/1584/1531 1557/1557/1504
f 1543/1543/1491 1587/1587/1534 1565/1565/1512
f 1588/1588/1535 1561/1561/1508 1548/1548/1496
f 1575/1575/1522 1562/1562/1509 1589/1589/1536
f 1581/1581/1528 1574/1574/1521 1550/1550/1498
f 1582/1582/1529 1542/1542/1490 1574/1574/1521
f 1561/1561/1508 1588/1588/1535 1579/1579/1526
f 1562/1562/1509 1569/1569/1516 1589/1589/1536
f 1573/1573/1520 1590/1590/1537 1540/1540/1488
f 1540/1540/1488 1590/1590/1537 1566/1566/1513
f 1564/1564/1511 1591/1591/1538 1560/1560/1507
f 1592/1592/1539 1570/1570/1517 1584/1584/1531
f 1593/1593/1540 1565/1565/1512 1587/1587/1534
f 1594/1594/1541 1595/1595/1542 1572/1572/1519
f 1575/1575/1522 1580/1580/1527 1559/1559/1506
f 1577/1577/1524 1566/1566/1513 1590/1590/1537
f 1596/1596/1543 1560/1560/1507 1591/1591/1538
f 1570/1570/1517 1592/1592/1539 1552/1552/1500
f 1593/1593/1540 1585/1585/1532 1565/1565/1512
f 1548/1548/1496 1572/1572/1519 1595/1595/1542
f 1588/1588/1535 1548/1548/1496 1595/1595/1542
f 1597/1597/1544 1579/1579/1526 1598/1598/1545
f 1579/1579/1526 1597/1597/1544 1568/1568/1515
f 1569/1569/1516 1568/1568/1515 1597/1597/1544
f 1591/1591/1538 1564/1564/1511 1577/1577/1524
f 1586/1586/1533 1560/1560/1507 1596/1596/1543
f 1558/1558/1505 1586/1586/1533 1584/1584/1531
f 1581/1581/1528 1552/1552/1500 1592/1592/1539
f 1582/1582/1529 1578/1578/1525 1571/1571/1518
f 1563/1563/1510 1583/1583/1530 1599/1599/1546
f 1587/1587/1534 1543/1543/1491 1563/1563/1510
f 1600/1600/1547 1601/1601/1548 1602/1602/1549
f 1602/1602/1549 1603/1603/1550 1600/1600/1547
f 1604/1604/1551 1605/1605/1552 1606/1606/1553
f 1606/1606/1553 1607/1607/1554 1604/1604/1551
f 1605/1605/1552 1604/1604/1551 1608/1608/1555
f 1609/1609/1556 1601/1601/1548 1610/1610/1557
f 1601/1601/1548 1611/1611/1558 1602/1602/1549
f 1612/1612/1559 1603/1603/1550 1613/1613/1560
f 1603/1603/1550 1602/1602/1549 1613/1613/1560
f 1614/1614/78 1615/1615/1561 1616/1616/1562
f 1609/1609/1556 1611/1611/1558 1601/1601/1548
f 1608/1608/1555 1617/1617/1563 1618/1618/1564
f 1612/1612/1559 1619/1619/1565 1620/1620/1566
f 1621/1621/1567 1622/1622/1568 1623/1623/93
f 1624/1624/1569 1625/1625/1570 1626/1626/1571
f 1613/1613/1560 1619/1619/1565 1612/1612/1559
f 1627/1627/1572 1628/1628/1573 1624/1624/1569
f 1625/1625/1570 1629/1629/1574 1626/1626/1571
f 1630/1630/1575 1622/1622/1568 1631/1631/1576
f 1615/1615/1561 1614/1614/78 1632/1632/1577
f 1624/1624/1569 1633/1633/1578 1627/1627/1572
f 1624/1624/1569 1628/1628/1573 1625/1625/1570
f 1620/1620/1566 1630/1630/1575 1631/1631/1576
f 1629/1629/1574 1634/1634/1579 1607/1607/1554
f 1607/1607/1554 1634/1634/1579 1604/1604/1551
f 1617/1617/1563 1608/1608/1555 1604/1604/1551
f 1632/1632/1577 1614/1614/78 1635/1635/1580
f 1625/1625/1570 1636/1636/1581 1629/1629/1574
f 1632/1632/1577 1637/1637/1582 1633/1633/1578
f 1629/1629/1574 1636/1636/1581 1634/1634/1579
f 1613/1613/1560 1602/1602/1549 1638/1638/1583
f 1613/1613/1560 1638/1638/1583 1619/1619/1565
f 1635/1635/1580 1637/1637/1582 1632/1632/1577
f 1638/1638/1583 1639/1639/1584 1619/1619/1565
f 1620/1620/1566 1619/1619/1565 1630/1630/1575
f 1622/1622/1568 1640/1640/1585 1623/1623/93
f 1625/1625/1570 1628/1628/1573 1636/1636/1581
f 1641/1641/1586 1642/1642/1587 1643/1643/1588
f 1609/1609/1556 1644/1644/1589 1611/1611/1558
f 1641/1641/1586 1644/1644/1589 1609/1609/1556
f 1619/1619/1565 1639/1639/1584 1630/1630/1575
f 1642/1642/1587 1645/1645/1590 1643/1643/1588
f 1633/1633/1578 1646/1646/1591 1627/1627/1572
f 1647/1647/97 1623/1623/93 1640/1640/1585
f 1643/1643/1588 1644/1644/1589 1641/1641/1586
f 1611/1611/1558 1644/1644/1589 1602/1602/1549
f 1648/1648/1592 1604/1604/1551 1634/1634/1579
f 1645/1645/1590 1617/1617/1563 1649/1649/1593
f 1637/1637/1582 1646/1646/1591 1633/1633/1578
f 1646/1646/1591 1650/1650/1594 1627/1627/1572
f 1650/1650/1594 1628/1628/1573 1627/1627/1572
f 1651/1651/1595 1647/1647/97 1640/1640/1585
f 1645/1645/1590 1649/1649/1593 1643/1643/1588
f 1635/1635/1580 1652/1652/1596 1637/1637/1582
f 1628/1628/1573 1653/1653/1597 1636/1636/1581
f 1630/1630/1575 1639/1639/1584 1654/1654/1598
f 1622/1622/1568 1630/1630/1575 1640/1640/1585
f 1604/1604/1551 1648/1648/1592 1617/1617/1563
f 1637/1637/1582 1655/1655/1599 1646/1646/1591
f 1644/1644/1589 1643/1643/1588 1649/1649/1593
f 1656/1656/1600 1628/1628/1573 1650/1650/1594
f 1636/1636/1581 1657/1657/1601 1634/1634/1579
f 1644/1644/1589 1658/1658/1602 1602/1602/1549
f 1630/1630/1575 1659/1659/1603 1640/1640/1585
f 1602/1602/1549 1658/1658/1602 1638/1638/1583
f 1657/1657/1601 1636/1636/1581 1653/1653/1597
f 1637/1637/1582 1660/1660/1604 1655/1655/1599
f 1655/1655/1599 1650/1650/1594 1646/1646/1591
f 1661/1661/1605 1635/1635/1580 1614/1614/78
f 1660/1660/1604 1637/1637/1582 1652/1652/1596
f 1662/1662/1606 1655/1655/1599 1660/1660/1604
f 1630/1630/1575 1654/1654/1598 1659/1659/1603
f 1640/1640/1585 1659/1659/1603 1663/1663/1607
f 1663/1663/1607 1651/1651/1595 1640/1640/1585
f 1664/1664/82 1635/1635/1580 1661/1661/1605
f 1652/1652/1596 1662/1662/1606 1660/1660/1604
f 1657/1657/1601 1665/1665/1608 1634/1634/1579
f 1648/1648/1592 1634/1634/1579 1665/1665/1608
f 1648/1648/1592 1649/1649/1593 1617/1617/1563
f 1649/1649/1593 1666/1666/1609 1644/1644/1589
f 1650/1650/1594 1655/1655/1599 1667/1667/1610
f 1659/1659/1603 1654/1654/1598 1668/1668/1611
f 1667/1667/1610 1656/1656/1600 1650/1650/1594
f 1628/1628/1573 1656/1656/1600 1669/1669/1612
f 1669/1669/1612 1653/1653/1597 1628/1628/1573
f 1635/1635/1580 1664/1664/82 1670/1670/1613
f 1671/1671/1614 1655/1655/1599 1662/1662/1606
f 1666/1666/1609 1658/1658/1602 1644/1644/1589
f 1659/1659/1603 1668/1668/1611 1663/1663/1607
f 1652/1652/1596 1635/1635/1580 1670/1670/1613
f 1655/1655/1599 1671/1671/1614 1667/1667/1610
f 1654/1654/1598 1639/1639/1584 1672/1672/1615
f 1657/1657/1601 1653/1653/1597 1673/1673/1616
f 1638/1638/1583 1674/1674/1617 1639/1639/1584
f 1668/1668/1611 1654/1654/1598 1672/1672/1615
f 1652/1652/1596 1670/1670/1613 1675/1675/1618
f 1652/1652/1596 1675/1675/1618 1662/1662/1606
f 1656/1656/1600 1667/1667/1610 1676/1676/1619
f 1665/1665/1608 1657/1657/1601 1677/1677/1620
f 1656/1656/1600 1676/1676/1619 1669/1669/1612
f 1653/1653/1597 1669/1669/1612 1673/1673/1616
f 1657/1657/1601 1673/1673/1616 1677/1677/1620
f 1666/1666/1609 1649/1649/1593 1678/1678/1164
f 1639/1639/1584 1674/1674/1617 1679/1679/1153
f 1639/1639/1584 1679/1679/1153 1672/1672/1615
f 1674/1674/1617 1638/1638/1583 1680/1680/1158
f 1638/1638/1583 1658/1658/1602 1680/1680/1158
f 1681/1681/1621 1651/1651/1595 1663/1663/1607
f 1678/1678/1164 1649/1649/1593 1648/1648/1592
f 1682/1682/1163 1666/1666/1609 1678/1678/1164
f 1658/1658/1602 1666/1666/1609 1682/1682/1163
f 1680/1680/1158 1658/1658/1602 1682/1682/1163
f 1678/1678/1164 1648/1648/1592 1683/1683/1622
f 1684/1684/603 1685/1685/1623 1686/1686/1624
f 1687/1687/1625 1686/1686/1624 1685/1685/1623
f 1686/1686/1624 1688/1688/1626 1684/1684/603
f 1684/1684/603 1688/1688/1626 1689/1689/1627
f 1690/1690/1628 1691/1691/217 1692/1692/219
f 1693/1693/1629 1691/1691/217 1690/1690/1628
f 1691/1691/217 1693/1693/1629 1694/1694/1630
f 1693/1693/1629 1695/1695/1631 1694/1694/1630
f 1690/1690/1628 1692/1692/219 1696/1696/233
f 1694/1694/1630 1695/1695/1631 1697/1697/1632
f 1692/1692/219 1698/1698/1633 1696/1696/233
f 1699/1699/1634 1696/1696/233 1698/1698/1633
f 1700/1700/1635 1701/1701/1109 1702/1702/1116
f 1702/1702/1116 1701/1701/1109 1703/1703/1636
f 1703/1703/1636 1701/1701/1109 1704/1704/1637
f 1705/1705/1638 1706/1706/1639 1707/1707/1003
f 1705/1705/1638 1707/1707/1003 1708/1708/230
f 1705/1705/1638 1708/1708/230 1709/1709/1640
f 1709/1709/1640 1710/1710/1641 1705/1705/1638
f 1711/1711/1642 1710/1710/1641 1709/1709/1640
f 1712/1712/1643 1711/1711/1642 1709/1709/1640
f 1712/1712/1643 1713/1713/270 1711/1711/1642
f 1714/1714/1644 1715/1715/107 1716/1716/1645
f 1717/1717/295 1713/1713/270 1712/1712/1643
f 1713/1713/270 1717/1717/295 1718/1718/1646
f 1719/1719/1647 1720/1720/1648 1714/1714/1644
f 1714/1714/1644 1716/1716/1645 1721/1721/1649
f 1712/1712/1643 1722/1722/296 1717/1717/295
f 1717/1717/295 1722/1722/296 1723/1723/314
f 1721/1721/1649 1724/1724/1650 1714/1714/1644
f 1725/1725/690 1719/1719/1647 1714/1714/1644
f 1726/1726/1651 1721/1721/1649 1727/1727/113
f 1725/1725/690 1714/1714/1644 1724/1724/1650
f 1728/1728/1652 1717/1717/295 1723/1723/314
f 1729/1729/311 1717/1717/295 1728/1728/1652
f 1721/1721/1649 1726/1726/1651 1724/1724/1650
f 1729/1729/311 1728/1728/1652 1730/1730/330
f 1731/1731/705 1725/1725/690 1724/1724/1650
f 1732/1732/121 1724/1724/1650 1726/1726/1651
f 1728/1728/1652 1723/1723/314 1733/1733/1653
f 1731/1731/705 1724/1724/1650 1734/1734/1654
f 1730/1730/330 1728/1728/1652 1735/1735/1655
f 1728/1728/1652 1733/1733/1653 1735/1735/1655
f 1736/1736/1656 1724/1724/1650 1732/1732/121
f 1730/1730/330 1735/1735/1655 1737/1737/343
f 1734/1734/1654 1738/1738/713 1731/1731/705
f 1734/1734/1654 1724/1724/1650 1736/1736/1656
f 1738/1738/713 1734/1734/1654 1739/1739/1657
f 1736/1736/1656 1732/1732/121 1740/1740/1658
f 1736/1736/1656 1739/1739/1657 1734/1734/1654
f 1733/1733/1653 1741/1741/1659 1735/1735/1655
f 1737/1737/343 1735/1735/1655 1742/1742/1660
f 1740/1740/1658 1743/1743/1661 1736/1736/1656
f 1735/1735/1655 1741/1741/1659 1744/1744/1662
f 1739/1739/1657 1736/1736/1656 1743/1743/1661
f 1735/1735/1655 1744/1744/1662 1742/1742/1660
f 1739/1739/1657 1745/1745/1663 1738/1738/713
f 1739/1739/1657 1743/1743/1661 1746/1746/1664
f 1747/1747/1665 1748/1748/365 1742/1742/1660
f 1746/1746/1664 1745/1745/1663 1739/1739/1657
f 1747/1747/1665 1742/1742/1660 1744/1744/1662
f 1749/1749/1666 1746/1746/1664 1743/1743/1661
f 1749/1749/1666 1750/1750/1667 1746/1746/1664
f 1750/1750/1667 1745/1745/1663 1746/1746/1664
f 1751/1751/753 1745/1745/1663 1750/1750/1667
f 1747/1747/1665 1744/1744/1662 1752/1752/383
f 1753/1753/135 1750/1750/1667 1749/1749/1666
f 1751/1751/753 1750/1750/1667 1754/1754/760
f 1747/1747/1665 1755/1755/1668 1748/1748/365
f 1753/1753/135 1756/1756/1669 1750/1750/1667
f 1754/1754/760 1750/1750/1667 1756/1756/1669
f 1747/1747/1665 1752/1752/383 1755/1755/1668
f 1757/1757/138 1756/1756/1669 1753/1753/135
f 1756/1756/1669 1758/1758/1670 1754/1754/760
f 1755/1755/1668 1752/1752/383 1759/1759/1671
f 1756/1756/1669 1757/1757/138 1760/1760/1672
f 1760/1760/1672 1758/1758/1670 1756/1756/1669
f 1761/1761/1673 1755/1755/1668 1759/1759/1671
f 1758/1758/1670 1760/1760/1672 1762/1762/1674
f 1760/1760/1672 1757/1757/138 1763/1763/143
f 1761/1761/1673 1759/1759/1671 1764/1764/1675
f 1760/1760/1672 1763/1763/143 1762/1762/1674
f 1765/1765/1676 1755/1755/1668 1761/1761/1673
f 1766/1766/823 1758/1758/1670 1762/1762/1674
f 1762/1762/1674 1763/1763/143 1767/1767/1677
f 1761/1761/1673 1764/1764/1675 1768/1768/435
f 1767/1767/1677 1769/1769/1678 1762/1762/1674
f 1761/1761/1673 1768/1768/435 1765/1765/1676
f 1765/1765/1676 1768/1768/435 1770/1770/1679
f 1771/1771/843 1766/1766/823 1762/1762/1674
f 1772/1772/1680 1765/1765/1676 1770/1770/1679
f 1769/1769/1678 1771/1771/843 1762/1762/1674
f 1769/1769/1678 1767/1767/1677 1773/1773/1681
f 1770/1770/1679 1768/1768/435 1774/1774/1682
f 1775/1775/1683 1771/1771/843 1769/1769/1678
f 1770/1770/1679 1774/1774/1682 1776/1776/1684
f 1775/1775/1683 1769/1769/1678 1777/1777/1685
f 1772/1772/1680 1770/1770/1679 1776/1776/1684
f 1769/1769/1678 1773/1773/1681 1778/1778/1686
f 1778/1778/1686 1777/1777/1685 1769/1769/1678
f 1772/1772/1680 1776/1776/1684 1779/1779/1687
f 1776/1776/1684 1774/1774/1682 1780/1780/473
f 1777/1777/1685 1781/1781/870 1775/1775/1683
f 1782/1782/1688 1777/1777/1685 1778/1778/1686
f 1783/1783/484 1779/1779/1687 1776/1776/1684
f 1781/1781/870 1777/1777/1685 1782/1782/1688
f 1778/1778/1686 1784/1784/157 1782/1782/1688
f 1776/1776/1684 1780/1780/473 1785/1785/1689
f 1776/1776/1684 1785/1785/1689 1786/1786/1690
f 1776/1776/1684 1786/1786/1690 1783/1783/484
f 1787/1787/1691 1781/1781/870 1782/1782/1688
f 1786/1786/1690 1785/1785/1689 1788/1788/1692
f 1782/1782/1688 1784/1784/157 1789/1789/1693
f 1789/1789/1693 1790/1790/1694 1782/1782/1688
f 1786/1786/1690 1791/1791/1695 1783/1783/484
f 1792/1792/1696 1791/1791/1695 1786/1786/1690
f 1787/1787/1691 1782/1782/1688 1793/1793/1697
f 1792/1792/1696 1786/1786/1690 1788/1788/1692
f 1790/1790/1694 1789/1789/1693 1794/1794/165
f 1790/1790/1694 1793/1793/1697 1782/1782/1688
f 1793/1793/1697 1790/1790/1694 1794/1794/165
f 1795/1795/1698 1796/1796/504 1791/1791/1695
f 1792/1792/1696 1795/1795/1698 1791/1791/1695
f 1797/1797/1699 1793/1793/1697 1794/1794/165
f 1792/1792/1696 1788/1788/1692 1798/1798/517
f 1787/1787/1691 1793/1793/1697 1799/1799/1700
f 1792/1792/1696 1800/1800/1701 1795/1795/1698
f 1792/1792/1696 1798/1798/517 1800/1800/1701
f 1795/1795/1698 1800/1800/1701 1801/1801/515
f 1797/1797/1699 1802/1802/1702 1793/1793/1697
f 1803/1803/172 1802/1802/1702 1797/1797/1699
f 1793/1793/1697 1804/1804/1703 1799/1799/1700
f 1802/1802/1702 1804/1804/1703 1793/1793/1697
f 1799/1799/1700 1804/1804/1703 1805/1805/1704
f 1806/1806/930 1799/1799/1700 1805/1805/1704
f 1807/1807/1705 1798/1798/517 1808/1808/1706
f 1800/1800/1701 1798/1798/517 1807/1807/1705
f 1801/1801/515 1800/1800/1701 1809/1809/540
f 1810/1810/1707 1800/1800/1701 1807/1807/1705
f 1800/1800/1701 1810/1810/1707 1809/1809/540
f 1802/1802/1702 1811/1811/1708 1804/1804/1703
f 1805/1805/1704 1804/1804/1703 1811/1811/1708
f 1805/1805/1704 1812/1812/1709 1806/1806/930
f 1811/1811/1708 1802/1802/1702 1813/1813/1710
f 1814/1814/1711 1802/1802/1702 1803/1803/172
f 1810/1810/1707 1815/1815/1712 1809/1809/540
f 1816/1816/1713 1809/1809/540 1815/1815/1712
f 1812/1812/1709 1805/1805/1704 1817/1817/947
f 1810/1810/1707 1807/1807/1705 1818/1818/1714
f 1814/1814/1711 1813/1813/1710 1802/1802/1702
f 1819/1819/1715 1817/1817/947 1805/1805/1704
f 1819/1819/1715 1805/1805/1704 1811/1811/1708
f 1811/1811/1708 1813/1813/1710 1819/1819/1715
f 1810/1810/1707 1818/1818/1714 1820/1820/1716
f 1815/1815/1712 1810/1810/1707 1820/1820/1716
f 1814/1814/1711 1821/1821/1717 1813/1813/1710
f 1813/1813/1710 1821/1821/1717 1819/1819/1715
f 1817/1817/947 1819/1819/1715 1822/1822/1718
f 1816/1816/1713 1815/1815/1712 1823/1823/583
f 1820/1820/1716 1818/1818/1714 1824/1824/1719
f 1825/1825/1720 1826/1826/1721 1827/1827/1722
f 1828/1828/1723 1822/1822/1718 1819/1819/1715
f 1823/1823/583 1815/1815/1712 1820/1820/1716
f 1829/1829/1724 1830/1830/1725 1831/1831/1726
f 1832/1832/1727 1828/1828/1723 1833/1833/1728
f 1834/1834/1729 1830/1830/1725 1829/1829/1724
f 1831/1831/1726 1832/1832/1727 1835/1835/1730
f 1827/1827/1722 1836/1836/1731 1825/1825/1720
f 1837/1837/1732 1838/1838/1733 1839/1839/1734
f 1837/1837/1732 1840/1840/1735 1838/1838/1733
f 1840/1840/1735 1834/1834/1729 1841/1841/1736
f 1842/1842/1737 1820/1820/1716 1843/1843/1738
f 1844/1844/1739 1836/1836/1731 1845/1845/1740
f 1846/1846/1741 1847/1847/1742 1848/1848/1743
f 1849/1849/1744 1848/1848/1743 1850/1850/1745
f 1837/1837/1732 1839/1839/1734 1850/1850/1745
f 1831/1831/1726 1835/1835/1730 1829/1829/1724
f 1825/1825/1720 1836/1836/1731 1844/1844/1739
f 1843/1843/1738 1851/1851/1746 1852/1852/1747
f 1851/1851/1746 1853/1853/1748 1854/1854/1749
f 1855/1855/1750 1853/1853/1748 1856/1856/1751
f 1834/1834/1729 1857/1857/1752 1841/1841/1736
f 1828/1828/1723 1819/1819/1715 1858/1858/1753
f 1856/1856/1751 1859/1859/1754 1855/1855/1750
f 1835/1835/1730 1832/1832/1727 1833/1833/1728
f 1819/1819/1715 1821/1821/1717 1858/1858/1753
f 1860/1860/1755 1853/1853/1748 1855/1855/1750
f 1838/1838/1733 1840/1840/1735 1841/1841/1736
f 1854/1854/1749 1853/1853/1748 1860/1860/1755
f 1844/1844/1739 1845/1845/1740 1861/1861/1756
f 1842/1842/1737 1843/1843/1738 1852/1852/1747
f 1850/1850/1745 1862/1862/1757 1849/1849/1744
f 1833/1833/1728 1828/1828/1723 1858/1858/1753
f 1850/1850/1745 1839/1839/1734 1862/1862/1757
f 1852/1852/1747 1851/1851/1746 1854/1854/1749
f 1845/1845/1740 1847/1847/1742 1861/1861/1756
f 1834/1834/1729 1829/1829/1724 1857/1857/1752
f 1861/1861/1756 1847/1847/1742 1846/1846/1741
f 1842/1842/1737 1823/1823/583 1820/1820/1716
f 1846/1846/1741 1848/1848/1743 1849/1849/1744
f 1863/1863/183 1864/1864/1758 1821/1821/1717
f 1855/1855/1750 1865/1865/1759 1860/1860/1755
f 1858/1858/1753 1821/1821/1717 1864/1864/1758
f 1854/1854/1749 1860/1860/1755 1866/1866/1760
f 1855/1855/1750 1859/1859/1754 1865/1865/1759
f 1825/1825/1720 1844/1844/1739 1867/1867/1761
f 1862/1862/1757 1839/1839/1734 1838/1838/1733
f 1859/1859/1754 1825/1825/1720 1867/1867/1761
f 1868/1868/582 1823/1823/583 1869/1869/593
f 1859/1859/1754 1870/1870/1762 1865/1865/1759
f 1838/1838/1733 1841/1841/1736 1871/1871/1763
f 1823/1823/583 1842/1842/1737 1869/1869/593
f 1835/1835/1730 1833/1833/1728 1872/1872/1764
f 1872/1872/1764 1833/1833/1728 1858/1858/1753
f 1867/1867/1761 1870/1870/1762 1859/1859/1754
f 1862/1862/1757 1838/1838/1733 1873/1873/1765
f 1857/1857/1752 1829/1829/1724 1874/1874/1766
f 1842/1842/1737 1852/1852/1747 1875/1875/1767
f 1852/1852/1747 1854/1854/1749 1866/1866/1760
f 1876/1876/1768 1829/1829/1724 1877/1877/1769
f 1869/1869/593 1842/1842/1737 1878/1878/1770
f 1866/1866/1760 1860/1860/1755 1865/1865/1759
f 1861/1861/1756 1879/1879/1771 1844/1844/1739
f 1846/1846/1741 1849/1849/1744 1880/1880/1772
f 1841/1841/1736 1881/1881/1773 1871/1871/1763
f 1829/1829/1724 1835/1835/1730 1877/1877/1769
f 1865/1865/1759 1870/1870/1762 1882/1882/1774
f 1872/1872/1764 1858/1858/1753 1883/1883/1775
f 1884/1884/1776 1866/1866/1760 1865/1865/1759
f 1867/1867/1761 1844/1844/1739 1885/1885/1777
f 1885/1885/1777 1844/1844/1739 1879/1879/1771
f 1861/1861/1756 1886/1886/1778 1879/1879/1771
f 1861/1861/1756 1846/1846/1741 1886/1886/1778
f 1846/1846/1741 1880/1880/1772 1886/1886/1778
f 1849/1849/1744 1862/1862/1757 1887/1887/1779
f 1852/1852/1747 1888/1888/1780 1875/1875/1767
f 1887/1887/1779 1880/1880/1772 1849/1849/1744
f 1873/1873/1765 1887/1887/1779 1862/1862/1757
f 1871/1871/1763 1873/1873/1765 1838/1838/1733
f 1881/1881/1773 1841/1841/1736 1857/1857/1752
f 1874/1874/1766 1829/1829/1724 1876/1876/1768
f 1835/1835/1730 1872/1872/1764 1889/1889/1781
f 1858/1858/1753 1864/1864/1758 1883/1883/1775
f 1882/1882/1774 1890/1890/1782 1865/1865/1759
f 1891/1891/1783 1881/1881/1773 1857/1857/1752
f 1892/1892/1784 1883/1883/1775 1864/1864/1758
f 1866/1866/1760 1888/1888/1780 1852/1852/1747
f 1884/1884/1776 1865/1865/1759 1890/1890/1782
f 1857/1857/1752 1893/1893/1785 1891/1891/1783
f 1893/1893/1785 1857/1857/1752 1874/1874/1766
f 1877/1877/1769 1835/1835/1730 1889/1889/1781
f 1889/1889/1781 1872/1872/1764 1883/1883/1775
f 1878/1878/1770 1842/1842/1737 1875/1875/1767
f 1888/1888/1780 1866/1866/1760 1884/1884/1776
f 1894/1894/1786 1895/1895/1070 1896/1896/1787
f 1897/1897/1788 1898/1898/1071 1899/1899/1789
f 1898/1898/1071 1897/1897/1788 1900/1900/1790
f 1901/1901/1084 1902/1902/1791 1903/1903/1792
f 1904/1904/1793 1905/1905/1794 1906/1906/1075
f 1907/1907/1795 1908/1908/1796 1909/1909/1797
f 1910/1910/1798 1911/1911/1072 1912/1912/1085
f 1913/1913/1067 1914/1914/1082 1915/1915/1799
f 1906/1906/1075 1916/1916/1800 1904/1904/1793
f 1909/1909/1797 1917/1917/1801 1916/1916/1800
f 1899/1899/1789 1918/1918/1802 1919/1919/1803
f 1900/1900/1790 1897/1897/1788 1920/1920/1804
f 1915/1915/1799 1914/1914/1082 1921/1921/1805
f 1921/1921/1805 1914/1914/1082 1900/1900/1790
f 1919/1919/1803 1897/1897/1788 1899/1899/1789
f 1918/1918/1802 1922/1922/1806 1919/1919/1803
f 1903/1903/1792 1923/1923/1807 1924/1924/1068
f 1925/1925/1098 1910/1910/1798 1912/1912/1085
f 1894/1894/1786 1896/1896/1787 1926/1926/1808
f 1924/1924/1068 1923/1923/1807 1927/1927/1092
f 1928/1928/1083 1925/1925/1098 1912/1912/1085
f 1929/1929/1809 1930/1930/1810 1931/1931/1811
f 1921/1921/1805 1900/1900/1790 1920/1920/1804
f 1932/1932/1812 1933/1933/1813 1934/1934/1814
f 1901/1901/1084 1905/1905/1794 1904/1904/1793
f 1909/1909/1797 1908/1908/1796 1917/1917/1801
f 1929/1929/1809 1935/1935/1815 1930/1930/1810
f 1935/1935/1815 1929/1929/1809 1936/1936/1816
f 1936/1936/1816 1934/1934/1814 1937/1937/1817
f 1938/1938/1818 1902/1902/1791 1901/1901/1084
f 1939/1939/1819 1901/1901/1084 1904/1904/1793
f 1940/1940/1820 1904/1904/1793 1916/1916/1800
f 1941/1941/1821 1903/1903/1792 1902/1902/1791
f 1916/1916/1800 1917/1917/1801 1940/1940/1820
f 1935/1935/1815 1936/1936/1816 1942/1942/1822
f 1903/1903/1792 1941/1941/1821 1923/1923/1807
f 1915/1915/1799 1921/1921/1805 1943/1943/1823
f 1921/1921/1805 1920/1920/1804 1943/1943/1823
f 1919/1919/1803 1922/1922/1806 1944/1944/1824
f 1945/1945/1825 1926/1926/1808 1896/1896/1787
f 1927/1927/1092 1945/1945/1825 1896/1896/1787
f 1930/1930/1810 1946/1946/1826 1931/1931/1811
f 1947/1947/1827 1944/1944/1824 1922/1922/1806
f 1942/1942/1822 1936/1936/1816 1937/1937/1817
f 1947/1947/1827 1922/1922/1806 1926/1926/1808
f 1901/1901/1084 1939/1939/1819 1938/1938/1818
f 1948/1948/1828 1937/1937/1817 1934/1934/1814
f 1938/1938/1818 1949/1949/1829 1902/1902/1791
f 1950/1950/1830 1904/1904/1793 1940/1940/1820
f 1951/1951/1831 1917/1917/1801 1908/1908/1796
f 1897/1897/1788 1952/1952/1832 1920/1920/1804
f 1953/1953/1833 1897/1897/1788 1919/1919/1803
f 1953/1953/1833 1919/1919/1803 1944/1944/1824
f 1954/1954/1834 1926/1926/1808 1945/1945/1825
f 1941/1941/1821 1955/1955/1835 1923/1923/1807
f 1902/1902/1791 1956/1956/1836 1941/1941/1821
f 1904/1904/1793 1950/1950/1830 1939/1939/1819
f 1957/1957/1837 1940/1940/1820 1917/1917/1801
f 1930/1930/1810 1935/1935/1815 1958/1958/1838
f 1942/1942/1822 1958/1958/1838 1935/1935/1815
f 1948/1948/1828 1934/1934/1814 1933/1933/1813
f 1933/1933/1813 1959/1959/1839 1948/1948/1828
f 1960/1960/266 1915/1915/1799 1943/1943/1823
f 1953/1953/1833 1952/1952/1832 1897/1897/1788
f 1949/1949/1829 1956/1956/1836 1902/1902/1791
f 1957/1957/1837 1950/1950/1830 1940/1940/1820
f 1951/1951/1831 1957/1957/1837 1917/1917/1801
f 1961/1961/1840 1942/1942/1822 1937/1937/1817
f 1948/1948/1828 1961/1961/1840 1937/1937/1817
f 1955/1955/1835 1927/1927/1092 1923/1923/1807
f 1954/1954/1834 1962/1962/1841 1926/1926/1808
f 1951/1951/1831 1908/1908/1796 1963/1963/1842
f 1908/1908/1796 1964/1964/1843 1963/1963/1842
f 1965/1965/1844 1925/1925/1098 1966/1966/1096
f 1966/1966/1096 1946/1946/1826 1965/1965/1844
f 1962/1962/1841 1947/1947/1827 1926/1926/1808
f 1967/1967/1845 1946/1946/1826 1930/1930/1810
f 1947/1947/1827 1962/1962/1841 1944/1944/1824
f 1967/1967/1845 1930/1930/1810 1958/1958/1838
f 1945/1945/1825 1927/1927/1092 1968/1968/1846
f 1955/1955/1835 1968/1968/1846 1927/1927/1092
f 1925/1925/1098 1965/1965/1844 1910/1910/1798
f 1968/1968/1846 1954/1954/1834 1945/1945/1825
f 1910/1910/1798 1969/1969/1847 1964/1964/1843
f 1910/1910/1798 1965/1965/1844 1969/1969/1847
f 1965/1965/1844 1946/1946/1826 1967/1967/1845
f 1963/1963/1842 1964/1964/1843 1969/1969/1847
f 1970/1970/1848 1971/1971/1849 1972/1972/1850
f 1973/1973/1616 1974/1974/1851 1975/1975/1852
f 1973/1973/1616 1975/1975/1852 1976/1976/1853
f 1971/1971/1849 1970/1970/1848 1976/1976/1853
f 1977/1977/1854 1978/1978/1855 1979/1979/1856
f 1977/1977/1854 1980/1980/1857 1978/1978/1855
f 1981/1981/1858 1980/1980/1857 1977/1977/1854
f 1981/1981/1858 1982/1982/1859 1980/1980/1857
f 1983/1983/1860 1982/1982/1859 1981/1981/1858
f 1984/1984/1614 1982/1982/1859 1983/1983/1860
f 1985/1985/1861 1984/1984/1614 1983/1983/1860
f 1985/1985/1861 1986/1986/1862 1984/1984/1614
f 1987/1987/1863 1986/1986/1862 1985/1985/1861
f 1988/1988/1864 1989/1989/1612 1987/1987/1863
f 1974/1974/1851 1989/1989/1612 1988/1988/1864
f 1974/1974/1851 1973/1973/1616 1989/1989/1612
f 1979/1979/1856 1990/1990/1171 1977/1977/1854
f 1990/1990/1171 1979/1979/1856 1991/1991/81
f 1971/1971/1849 1976/1976/1853 1975/1975/1852
f 1987/1987/1863 1985/1985/1861 1992/1992/1865
f 1988/1988/1864 1987/1987/1863 1992/1992/1865
f 1993/1993/1866 1975/1975/1852 1974/1974/1851
f 1994/1994/1867 1983/1983/1860 1981/1981/1858
f 1991/1991/81 1995/1995/1868 1990/1990/1171
f 1985/1985/1861 1983/1983/1860 1996/1996/1869
f 1988/1988/1864 1997/1997/1181 1974/1974/1851
f 1974/1974/1851 1997/1997/1181 1993/1993/1866
f 1998/1998/1870 1999/1999/1164 1971/1971/1849
f 1975/1975/1852 1993/1993/1866 1971/1971/1849
f 2000/2000/1161 2001/2001/1185 1995/1995/1868
f 1995/1995/1868 2001/2001/1185 1990/1990/1171
f 1981/1981/1858 2002/2002/1871 1994/1994/1867
f 1977/1977/1854 2002/2002/1871 1981/1981/1858
f 1994/1994/1867 2003/2003/1179 1983/1983/1860
f 1985/1985/1861 1996/1996/1869 1992/1992/1865
f 1992/1992/1865 1997/1997/1181 1988/1988/1864
f 1971/1971/1849 1993/1993/1866 1998/1998/1870
f 1990/1990/1171 2002/2002/1871 1977/1977/1854
f 1983/1983/1860 2003/2003/1179 1996/1996/1869
f 1994/1994/1867 2002/2002/1871 2003/2003/1179
f 2004/2004/1872 2005/2005/1873 2006/2006/1874
f 2007/2007/1875 2008/2008/1876 2009/2009/1877
f 2010/2010/1878 2011/2011/1879 2012/2012/1828
f 2013/2013/1804 2014/2014/1880 2015/2015/1823
f 2016/2016/1881 2014/2014/1880 2013/2013/1804
f 2016/2016/1881 2017/2017/1882 2014/2014/1880
f 2017/2017/1882 2016/2016/1881 2018/2018/1833
f 2019/2019/1883 2005/2005/1873 2004/2004/1872
f 2019/2019/1883 2004/2004/1872 2020/2020/1884
f 2021/2021/1885 2020/2020/1884 2022/2022/1886
f 2009/2009/1877 2008/2008/1876 2022/2022/1886
f 2023/2023/1887 2024/2024/1888 2025/2025/1889
f 2026/2026/1838 2027/2027/1890 2028/2028/1891
f 2029/2029/1892 2027/2027/1890 2026/2026/1838
f 2012/2012/1828 2030/2030/660 2031/2031/1893
f 2025/2025/1889 2032/2032/1894 2007/2007/1875
f 2023/2023/1887 2033/2033/1895 2024/2024/1888
f 2033/2033/1895 2023/2023/1887 2034/2034/1831
f 2010/2010/1878 2012/2012/1828 2031/2031/1893
f 2021/2021/1885 2019/2019/1883 2020/2020/1884
f 2032/2032/1894 2008/2008/1876 2007/2007/1875
f 2011/2011/1879 2027/2027/1890 2029/2029/1892
f 2031/2031/1893 2035/2035/1896 2010/2010/1878
f 2036/2036/1897 2015/2015/1823 2037/2037/1898
f 2017/2017/1882 2018/2018/1833 2038/2038/1899
f 2038/2038/1899 2018/2018/1833 2039/2039/1900
f 2008/2008/1876 2021/2021/1885 2022/2022/1886
f 2040/2040/1901 2033/2033/1895 2034/2034/1831
f 2015/2015/1823 2014/2014/1880 2037/2037/1898
f 2005/2005/1873 2041/2041/1902 2006/2006/1874
f 2042/2042/1903 2027/2027/1890 2011/2011/1879
f 2039/2039/1900 2043/2043/1841 2038/2038/1899
f 2044/2044/1904 2043/2043/1841 2045/2045/1905
f 2044/2044/1904 2045/2045/1905 2046/2046/1906
f 2006/2006/1874 2041/2041/1902 2046/2046/1906
f 2025/2025/1889 2024/2024/1888 2032/2032/1894
f 2047/2047/1907 2033/2033/1895 2040/2040/1901
f 2041/2041/1902 2044/2044/1904 2046/2046/1906
f 2041/2041/1902 2005/2005/1873 2019/2019/1883
f 2047/2047/1907 2040/2040/1901 2048/2048/1908
f 2011/2011/1879 2010/2010/1878 2042/2042/1903
f 2049/2049/1909 2048/2048/1908 2050/2050/1910
f 2051/2051/1911 2037/2037/1898 2014/2014/1880
f 2014/2014/1880 2017/2017/1882 2052/2052/1912
f 2008/2008/1876 2053/2053/1913 2021/2021/1885
f 2008/2008/1876 2032/2032/1894 2054/2054/1914
f 2047/2047/1907 2048/2048/1908 2049/2049/1909
f 2050/2050/1910 2055/2055/1915 2049/2049/1909
f 2055/2055/1915 2050/2050/1910 2028/2028/1891
f 2010/2010/1878 2035/2035/1896 2056/2056/1916
f 2057/2057/1917 2019/2019/1883 2021/2021/1885
f 2058/2058/1918 2032/2032/1894 2024/2024/1888
f 2044/2044/1904 2038/2038/1899 2043/2043/1841
f 2008/2008/1876 2054/2054/1914 2053/2053/1913
f 2055/2055/1915 2028/2028/1891 2027/2027/1890
f 2033/2033/1895 2059/2059/1919 2024/2024/1888
f 2056/2056/1916 2042/2042/1903 2010/2010/1878
f 2041/2041/1902 2019/2019/1883 2057/2057/1917
f 2033/2033/1895 2047/2047/1907 2059/2059/1919
f 2051/2051/1911 2014/2014/1880 2052/2052/1912
f 2024/2024/1888 2059/2059/1919 2058/2058/1918
f 2017/2017/1882 2038/2038/1899 2052/2052/1912
f 2021/2021/1885 2053/2053/1913 2057/2057/1917
f 2051/2051/1911 2052/2052/1912 2060/2060/1920
f 2044/2044/1904 2041/2041/1902 2061/2061/1921
f 2041/2041/1902 2057/2057/1917 2062/2062/1922
f 2062/2062/1922 2057/2057/1917 2053/2053/1913
f 2053/2053/1913 2054/2054/1914 2063/2063/1923
f 2063/2063/1923 2054/2054/1914 2064/2064/1924
f 2054/2054/1914 2032/2032/1894 2064/2064/1924
f 2027/2027/1890 2042/2042/1903 2065/2065/1925
f 2037/2037/1898 2051/2051/1911 2066/2066/1926
f 2052/2052/1912 2038/2038/1899 2060/2060/1920
f 2059/2059/1919 2047/2047/1907 2067/2067/1927
f 2047/2047/1907 2049/2049/1909 2068/2068/1928
f 2049/2049/1909 2055/2055/1915 2069/2069/1929
f 2042/2042/1903 2056/2056/1916 2070/2070/1930
f 2032/2032/1894 2058/2058/1918 2071/2071/1931
f 2058/2058/1918 2059/2059/1919 2071/2071/1931
f 2056/2056/1916 2035/2035/1896 2072/2072/1932
f 2036/2036/1897 2037/2037/1898 2073/2073/1933
f 2047/2047/1907 2068/2068/1928 2067/2067/1927
f 2059/2059/1919 2067/2067/1927 2071/2071/1931
f 2055/2055/1915 2027/2027/1890 2074/2074/1934
f 2051/2051/1911 2060/2060/1920 2066/2066/1926
f 2027/2027/1890 2065/2065/1925 2074/2074/1934
f 2061/2061/1921 2041/2041/1902 2062/2062/1922
f 2053/2053/1913 2063/2063/1923 2062/2062/1922
f 2066/2066/1926 2073/2073/1933 2037/2037/1898
f 2060/2060/1920 2038/2038/1899 2044/2044/1904
f 2072/2072/1932 2070/2070/1930 2056/2056/1916
f 2055/2055/1915 2074/2074/1934 2069/2069/1929
f 2032/2032/1894 2071/2071/1931 2064/2064/1924
f 2065/2065/1925 2042/2042/1903 2070/2070/1930
f 2075/2075/1935 2049/2049/1909 2069/2069/1929
f 2076/2076/1936 2044/2044/1904 2061/2061/1921
f 2068/2068/1928 2049/2049/1909 2075/2075/1935
f 2060/2060/1920 2044/2044/1904 2077/2077/1937
f 2078/2078/1938 2064/2064/1924 2071/2071/1931
f 2061/2061/1921 2062/2062/1922 2079/2079/1939
f 2062/2062/1922 2063/2063/1923 2080/2080/1940
f 2076/2076/1936 2061/2061/1921 2079/2079/1939
f 2066/2066/1926 2060/2060/1920 2081/2081/1941
f 2044/2044/1904 2076/2076/1936 2077/2077/1937
f 2069/2069/1929 2074/2074/1934 2082/2082/1942
f 2074/2074/1934 2065/2065/1925 2083/2083/1943
f 2067/2067/1927 2068/2068/1928 2084/2084/1944
f 2072/2072/1932 2085/2085/1945 2070/2070/1930
f 2086/2086/1946 2060/2060/1920 2077/2077/1937
f 2064/2064/1924 2078/2078/1938 2063/2063/1923
f 2084/2084/1944 2068/2068/1928 2075/2075/1935
f 2071/2071/1931 2067/2067/1927 2084/2084/1944
f 2081/2081/1941 2060/2060/1920 2086/2086/1946
f 2083/2083/1943 2065/2065/1925 2087/2087/1947
f 2073/2073/1933 2066/2066/1926 2088/2088/1948
f 2069/2069/1929 2082/2082/1942 2075/2075/1935
f 2089/2089/304 2073/2073/1933 2088/2088/1948
f 2080/2080/1940 2063/2063/1923 2090/2090/1949
f 2070/2070/1930 2087/2087/1947 2065/2065/1925
f 2088/2088/1948 2066/2066/1926 2081/2081/1941
f 2082/2082/1942 2074/2074/1934 2083/2083/1943
f 2070/2070/1930 2085/2085/1945 2091/2091/1950
f 2078/2078/1938 2090/2090/1949 2063/2063/1923
f 2071/2071/1931 2084/2084/1944 2078/2078/1938
f 2062/2062/1922 2080/2080/1940 2079/2079/1939
f 2077/2077/1937 2076/2076/1936 2092/2092/1951
f 2086/2086/1946 2077/2077/1937 2093/2093/1952
f 2076/2076/1936 2079/2079/1939 2094/2094/1953
f 2093/2093/1952 2077/2077/1937 2092/2092/1951
f 2092/2092/1951 2076/2076/1936 2094/2094/1953
f 2082/2082/1942 2083/2083/1943 2095/2095/1954
f 2087/2087/1947 2070/2070/1930 2091/2091/1950
f 2096/2096/1955 2085/2085/1945 2072/2072/1932
f 2088/2088/1948 2081/2081/1941 2097/2097/1956
f 2081/2081/1941 2086/2086/1946 2097/2097/1956
f 2084/2084/1944 2098/2098/1957 2078/2078/1938
f 2083/2083/1943 2087/2087/1947 2099/2099/1958
f 2079/2079/1939 2080/2080/1940 2100/2100/1959
f 2087/2087/1947 2091/2091/1950 2099/2099/1958
f 2090/2090/1949 2078/2078/1938 2101/2101/1960
f 2075/2075/1935 2082/2082/1942 2102/2102/1961
f 2086/2086/1946 2093/2093/1952 2103/2103/1962
f 2100/2100/1959 2080/2080/1940 2090/2090/1949
f 2095/2095/1954 2083/2083/1943 2099/2099/1958
f 2078/2078/1938 2098/2098/1957 2101/2101/1960
f 2093/2093/1952 2092/2092/1951 2104/2104/1963
f 2099/2099/1958 2091/2091/1950 2105/2105/1964
f 2082/2082/1942 2095/2095/1954 2102/2102/1961
f 2104/2104/1963 2103/2103/1962 2093/2093/1952
f 2106/2106/1965 2086/2086/1946 2103/2103/1962
f 2084/2084/1944 2075/2075/1935 2107/2107/1966
f 2085/2085/1945 2105/2105/1964 2091/2091/1950
f 2097/2097/1956 2086/2086/1946 2106/2106/1965
f 2089/2089/304 2088/2088/1948 2108/2108/1967
f 2104/2104/1963 2092/2092/1951 2094/2094/1953
f 2094/2094/1953 2079/2079/1939 2109/2109/1968
f 2084/2084/1944 2107/2107/1966 2098/2098/1957
f 2108/2108/1967 2088/2088/1948 2110/2110/1969
f 2109/2109/1968 2079/2079/1939 2100/2100/1959
f 2100/2100/1959 2090/2090/1949 2111/2111/1970
f 2075/2075/1935 2102/2102/1961 2107/2107/1966
f 2088/2088/1948 2097/2097/1956 2110/2110/1969
f 2085/2085/1945 2096/2096/1955 2112/2112/712
f 2105/2105/1964 2085/2085/1945 2112/2112/712
f 2111/2111/1970 2090/2090/1949 2113/2113/1971
f 2090/2090/1949 2101/2101/1960 2113/2113/1971
f 2103/2103/1962 2104/2104/1963 2114/2114/1972
f 2095/2095/1954 2099/2099/1958 2115/2115/1973
f 2104/2104/1963 2094/2094/1953 2109/2109/1968
f 2097/2097/1956 2106/2106/1965 2116/2116/1974
f 2107/2107/1966 2102/2102/1961 2117/2117/1975
f 2102/2102/1961 2095/2095/1954 2118/2118/1976
f 2110/2110/1969 2097/2097/1956 2116/2116/1974
f 2103/2103/1962 2114/2114/1972 2106/2106/1965
f 2099/2099/1958 2105/2105/1964 2115/2115/1973
f 2114/2114/1972 2104/2104/1963 2119/2119/1977
f 2101/2101/1960 2098/2098/1957 2113/2113/1971
f 2110/2110/1969 2120/2120/1978 2108/2108/1967
f 2105/2105/1964 2112/2112/712 2121/2121/1979
f 2095/2095/1954 2115/2115/1973 2118/2118/1976
f 2113/2113/1971 2098/2098/1957 2122/2122/1980
f 2115/2115/1973 2105/2105/1964 2121/2121/1979
f 2108/2108/1967 2120/2120/1978 2123/2123/348
f 2109/2109/1968 2124/2124/1981 2104/2104/1963
f 2120/2120/1978 2110/2110/1969 2125/2125/1982
f 2119/2119/1977 2104/2104/1963 2124/2124/1981
f 2102/2102/1961 2118/2118/1976 2117/2117/1975
f 2113/2113/1971 2122/2122/1980 2126/2126/1983
f 2121/2121/1979 2112/2112/712 2127/2127/1984
f 2112/2112/712 2128/2128/1985 2127/2127/1984
f 2110/2110/1969 2116/2116/1974 2125/2125/1982
f 2098/2098/1957 2107/2107/1966 2129/2129/1986
f 2100/2100/1959 2130/2130/1987 2109/2109/1968
f 2131/2131/371 2123/2123/348 2120/2120/1978
f 2111/2111/1970 2113/2113/1971 2132/2132/1988
f 2133/2133/1989 2106/2106/1965 2114/2114/1972
f 2129/2129/1986 2107/2107/1966 2134/2134/1990
f 2100/2100/1959 2111/2111/1970 2135/2135/1991
f 2106/2106/1965 2133/2133/1989 2116/2116/1974
f 2111/2111/1970 2132/2132/1988 2135/2135/1991
f 2107/2107/1966 2117/2117/1975 2134/2134/1990
f 2131/2131/371 2120/2120/1978 2125/2125/1982
f 2113/2113/1971 2126/2126/1983 2132/2132/1988
f 2100/2100/1959 2135/2135/1991 2136/2136/1992
f 2124/2124/1981 2109/2109/1968 2130/2130/1987
f 2100/2100/1959 2136/2136/1992 2130/2130/1987
f 2114/2114/1972 2119/2119/1977 2137/2137/1993
f 2116/2116/1974 2138/2138/1994 2125/2125/1982
f 2119/2119/1977 2124/2124/1981 2139/2139/1995
f 2116/2116/1974 2133/2133/1989 2140/2140/1996
f 2133/2133/1989 2114/2114/1972 2137/2137/1993
f 2119/2119/1977 2139/2139/1995 2137/2137/1993
f 2122/2122/1980 2098/2098/1957 2129/2129/1986
f 2124/2124/1981 2130/2130/1987 2139/2139/1995
f 2138/2138/1994 2116/2116/1974 2140/2140/1996
f 2115/2115/1973 2141/2141/1997 2118/2118/1976
f 2135/2135/1991 2132/2132/1988 2142/2142/1998
f 2135/2135/1991 2142/2142/1998 2136/2136/1992
f 2141/2141/1997 2115/2115/1973 2121/2121/1979
f 2125/2125/1982 2138/2138/1994 2143/2143/1999
f 2122/2122/1980 2129/2129/1986 2144/2144/1942
f 2129/2129/1986 2134/2134/1990 2144/2144/1942
f 2130/2130/1987 2145/2145/2000 2139/2139/1995
f 2134/2134/1990 2117/2117/1975 2146/2146/2001
f 2133/2133/1989 2137/2137/1993 2147/2147/2002
f 2117/2117/1975 2118/2118/1976 2148/2148/2003
f 2143/2143/1999 2131/2131/371 2125/2125/1982
f 2118/2118/1976 2141/2141/1997 2148/2148/2003
f 2130/2130/1987 2136/2136/1992 2149/2149/2004
f 2136/2136/1992 2142/2142/1998 2150/2150/2005
f 2133/2133/1989 2147/2147/2002 2140/2140/1996
f 2141/2141/1997 2121/2121/1979 2151/2151/2006
f 2152/2152/2007 2139/2139/1995 2145/2145/2000
f 2136/2136/1992 2150/2150/2005 2149/2149/2004
f 2121/2121/1979 2127/2127/1984 2151/2151/2006
f 2137/2137/1993 2139/2139/1995 2153/2153/2008
f 2130/2130/1987 2149/2149/2004 2145/2145/2000
f 2132/2132/1988 2126/2126/1983 2154/2154/2009
f 2122/2122/1980 2144/2144/1942 2126/2126/1983
f 2142/2142/1998 2132/2132/1988 2154/2154/2009
f 2146/2146/2001 2117/2117/1975 2148/2148/2003
f 2148/2148/2003 2141/2141/1997 2155/2155/2010
f 2156/2156/1998 2134/2134/1990 2146/2146/2001
f 2131/2131/371 2143/2143/1999 2157/2157/391
f 2138/2138/1994 2158/2158/2011 2143/2143/1999
f 2138/2138/1994 2140/2140/1996 2158/2158/2011
f 2153/2153/2008 2139/2139/1995 2152/2152/2007
f 2144/2144/1942 2134/2134/1990 2156/2156/1998
f 2143/2143/1999 2158/2158/2011 2159/2159/2012
f 2140/2140/1996 2160/2160/2013 2158/2158/2011
f 2140/2140/1996 2147/2147/2002 2160/2160/2013
f 2137/2137/1993 2153/2153/2008 2147/2147/2002
f 2161/2161/2014 2148/2148/2003 2155/2155/2010
f 2127/2127/1984 2162/2162/2015 2151/2151/2006
f 2142/2142/1998 2154/2154/2009 2163/2163/2016
f 2156/2156/1998 2146/2146/2001 2164/2164/2017
f 2126/2126/1983 2144/2144/1942 2165/2165/2018
f 2150/2150/2005 2142/2142/1998 2163/2163/2016
f 2159/2159/2012 2158/2158/2011 2166/2166/2019
f 2146/2146/2001 2148/2148/2003 2164/2164/2017
f 2143/2143/1999 2159/2159/2012 2167/2167/2020
f 2164/2164/2017 2148/2148/2003 2161/2161/2014
f 2157/2157/391 2143/2143/1999 2167/2167/2020
f 2149/2149/2004 2150/2150/2005 2168/2168/2021
f 2149/2149/2004 2169/2169/2022 2145/2145/2000
f 2155/2155/2010 2141/2141/1997 2170/2170/2023
f 2163/2163/2016 2154/2154/2009 2171/2171/2024
f 2158/2158/2011 2160/2160/2013 2166/2166/2019
f 2147/2147/2002 2153/2153/2008 2172/2172/2025
f 2152/2152/2007 2145/2145/2000 2173/2173/2026
f 2149/2149/2004 2168/2168/2021 2169/2169/2022
f 2167/2167/2020 2159/2159/2012 2174/2174/2027
f 2157/2157/391 2167/2167/2020 2175/2175/398
f 2154/2154/2009 2126/2126/1983 2171/2171/2024
f 2170/2170/2023 2141/2141/1997 2151/2151/2006
f 2173/2173/2026 2145/2145/2000 2169/2169/2022
f 2150/2150/2005 2163/2163/2016 2176/2176/2028
f 2155/2155/2010 2177/2177/2029 2161/2161/2014
f 2171/2171/2024 2126/2126/1983 2165/2165/2018
f 2144/2144/1942 2156/2156/1998 2165/2165/2018
f 2160/2160/2013 2147/2147/2002 2178/2178/2030
f 2159/2159/2012 2166/2166/2019 2174/2174/2027
f 2152/2152/2007 2179/2179/2031 2153/2153/2008
f 2152/2152/2007 2173/2173/2026 2179/2179/2031
f 2168/2168/2021 2150/2150/2005 2176/2176/2028
f 2163/2163/2016 2171/2171/2024 2176/2176/2028
f 2160/2160/2013 2178/2178/2030 2166/2166/2019
f 2172/2172/2025 2153/2153/2008 2179/2179/2031
f 2164/2164/2017 2161/2161/2014 2177/2177/2029
f 2147/2147/2002 2172/2172/2025 2178/2178/2030
f 2169/2169/2022 2168/2168/2021 2180/2180/2032
f 2155/2155/2010 2170/2170/2023 2181/2181/2033
f 2151/2151/2006 2162/2162/2015 2182/2182/2034
f 2177/2177/2029 2155/2155/2010 2181/2181/2033
f 2156/2156/1998 2164/2164/2017 2183/2183/2035
f 2166/2166/2019 2178/2178/2030 2184/2184/2036
f 2171/2171/2024 2165/2165/2018 2185/2185/2037
f 2186/2186/424 2175/2175/398 2167/2167/2020
f 2164/2164/2017 2177/2177/2029 2187/2187/2038
f 2170/2170/2023 2151/2151/2006 2188/2188/2039
f 2183/2183/2035 2164/2164/2017 2189/2189/2040
f 2190/2190/811 2182/2182/2034 2162/2162/2015
f 2179/2179/2031 2173/2173/2026 2191/2191/2041
f 2168/2168/2021 2176/2176/2028 2180/2180/2032
f 2176/2176/2028 2171/2171/2024 2185/2185/2037
f 2192/2192/2042 2173/2173/2026 2169/2169/2022
f 2188/2188/2039 2151/2151/2006 2182/2182/2034
f 2193/2193/2043 2178/2178/2030 2172/2172/2025
f 2189/2189/2040 2164/2164/2017 2187/2187/2038
f 2174/2174/2027 2166/2166/2019 2194/2194/2044
f 2169/2169/2022 2180/2180/2032 2192/2192/2042
f 2191/2191/2041 2173/2173/2026 2192/2192/2042
f 2195/2195/2045 2186/2186/424 2167/2167/2020
f 2167/2167/2020 2174/2174/2027 2195/2195/2045
f 2156/2156/1998 2196/2196/2046 2165/2165/2018
f 2172/2172/2025 2179/2179/2031 2197/2197/2047
f 2194/2194/2044 2166/2166/2019 2184/2184/2036
f 2179/2179/2031 2191/2191/2041 2197/2197/2047
f 2178/2178/2030 2193/2193/2043 2184/2184/2036
f 2185/2185/2037 2165/2165/2018 2198/2198/2048
f 2181/2181/2033 2170/2170/2023 2188/2188/2039
f 2174/2174/2027 2194/2194/2044 2195/2195/2045
f 2165/2165/2018 2196/2196/2046 2198/2198/2048
f 2156/2156/1998 2183/2183/2035 2199/2199/2049
f 2172/2172/2025 2197/2197/2047 2193/2193/2043
f 2182/2182/2034 2190/2190/811 2200/2200/2050
f 2156/2156/1998 2201/2201/2051 2196/2196/2046
f 2194/2194/2044 2202/2202/2052 2195/2195/2045
f 2156/2156/1998 2199/2199/2049 2201/2201/2051
f 2182/2182/2034 2200/2200/2050 2188/2188/2039
f 2180/2180/2032 2176/2176/2028 2203/2203/2053
f 2187/2187/2038 2177/2177/2029 2204/2204/2054
f 2181/2181/2033 2188/2188/2039 2205/2205/2055
f 2183/2183/2035 2189/2189/2040 2199/2199/2049
f 2177/2177/2029 2181/2181/2033 2204/2204/2054
f 2194/2194/2044 2184/2184/2036 2206/2206/2056
f 2207/2207/836 2200/2200/2050 2190/2190/811
f 2184/2184/2036 2193/2193/2043 2206/2206/2056
f 2193/2193/2043 2197/2197/2047 2208/2208/2057
f 2176/2176/2028 2185/2185/2037 2209/2209/2058
f 2204/2204/2054 2181/2181/2033 2205/2205/2055
f 2194/2194/2044 2206/2206/2056 2202/2202/2052
f 2210/2210/441 2186/2186/424 2195/2195/2045
f 2203/2203/2053 2176/2176/2028 2209/2209/2058
f 2199/2199/2049 2189/2189/2040 2211/2211/2059
f 2189/2189/2040 2187/2187/2038 2212/2212/2060
f 2180/2180/2032 2213/2213/2061 2192/2192/2042
f 2188/2188/2039 2200/2200/2050 2214/2214/2062
f 2180/2180/2032 2203/2203/2053 2213/2213/2061
f 2197/2197/2047 2191/2191/2041 2208/2208/2057
f 2191/2191/2041 2192/2192/2042 2215/2215/2063
f 2193/2193/2043 2208/2208/2057 2216/2216/2064
f 2185/2185/2037 2198/2198/2048 2209/2209/2058
f 2189/2189/2040 2212/2212/2060 2211/2211/2059
f 2192/2192/2042 2213/2213/2061 2215/2215/2063
f 2187/2187/2038 2204/2204/2054 2212/2212/2060
f 2214/2214/2062 2200/2200/2050 2207/2207/836
f 2196/2196/2046 2217/2217/2065 2198/2198/2048
f 2218/2218/2066 2199/2199/2049 2211/2211/2059
f 2208/2208/2057 2191/2191/2041 2219/2219/2067
f 2210/2210/441 2195/2195/2045 2220/2220/2068
f 2195/2195/2045 2202/2202/2052 2220/2220/2068
f 2206/2206/2056 2193/2193/2043 2216/2216/2064
f 2196/2196/2046 2201/2201/2051 2217/2217/2065
f 2199/2199/2049 2218/2218/2066 2201/2201/2051
f 2221/2221/2069 2202/2202/2052 2206/2206/2056
f 2205/2205/2055 2188/2188/2039 2214/2214/2062
f 2219/2219/2067 2191/2191/2041 2215/2215/2063
f 2205/2205/2055 2214/2214/2062 2222/2222/2070
f 2209/2209/2058 2223/2223/2071 2203/2203/2053
f 2212/2212/2060 2204/2204/2054 2224/2224/2072
f 2205/2205/2055 2225/2225/2073 2204/2204/2054
f 2214/2214/2062 2207/2207/836 2226/2226/2074
f 2227/2227/2075 2206/2206/2056 2216/2216/2064
f 2213/2213/2061 2203/2203/2053 2223/2223/2071
f 2225/2225/2073 2205/2205/2055 2222/2222/2070
f 2198/2198/2048 2228/2228/2076 2209/2209/2058
f 2220/2220/2068 2229/2229/459 2210/2210/441
f 2222/2222/2070 2214/2214/2062 2226/2226/2074
f 2216/2216/2064 2208/2208/2057 2230/2230/2077
f 2215/2215/2063 2231/2231/2078 2219/2219/2067
f 2215/2215/2063 2213/2213/2061 2231/2231/2078
f 2224/2224/2072 2204/2204/2054 2225/2225/2073
f 2206/2206/2056 2227/2227/2075 2221/2221/2069
f 2217/2217/2065 2201/2201/2051 2232/2232/2079
f 2212/2212/2060 2224/2224/2072 2233/2233/2080
f 2226/2226/2074 2207/2207/836 2234/2234/857
f 2235/2235/2081 2220/2220/2068 2202/2202/2052
f 2221/2221/2069 2235/2235/2081 2202/2202/2052
f 2198/2198/2048 2217/2217/2065 2228/2228/2076
f 2229/2229/459 2220/2220/2068 2236/2236/2082
f 2237/2237/2083 2208/2208/2057 2219/2219/2067
f 2211/2211/2059 2212/2212/2060 2238/2238/2084
f 2201/2201/2051 2218/2218/2066 2239/2239/2085
f 2240/2240/2086 2218/2218/2066 2211/2211/2059
f 2220/2220/2068 2235/2235/2081 2236/2236/2082
f 2230/2230/2077 2208/2208/2057 2237/2237/2083
f 2209/2209/2058 2228/2228/2076 2241/2241/2087
f 2232/2232/2079 2201/2201/2051 2239/2239/2085
f 2238/2238/2084 2212/2212/2060 2233/2233/2080
f 2223/2223/2071 2209/2209/2058 2241/2241/2087
f 2225/2225/2073 2222/2222/2070 2242/2242/2088
f 2221/2221/2069 2227/2227/2075 2243/2243/2089
f 2213/2213/2061 2223/2223/2071 2244/2244/2090
f 2230/2230/2077 2227/2227/2075 2216/2216/2064
f 2240/2240/2086 2211/2211/2059 2238/2238/2084
f 2219/2219/2067 2231/2231/2078 2245/2245/2091
f 2233/2233/2080 2224/2224/2072 2246/2246/2092
f 2237/2237/2083 2219/2219/2067 2245/2245/2091
f 2218/2218/2066 2240/2240/2086 2239/2239/2085
f 2227/2227/2075 2230/2230/2077 2247/2247/2093
f 2222/2222/2070 2226/2226/2074 2248/2248/2094
f 2213/2213/2061 2244/2244/2090 2249/2249/2095
f 2228/2228/2076 2217/2217/2065 2250/2250/2096
f 2226/2226/2074 2234/2234/857 2251/2251/2097
f 2243/2243/2089 2227/2227/2075 2247/2247/2093
f 2217/2217/2065 2232/2232/2079 2250/2250/2096
f 2222/2222/2070 2248/2248/2094 2252/2252/2098
f 2236/2236/2082 2235/2235/2081 2253/2253/2099
f 2249/2249/2095 2231/2231/2078 2213/2213/2061
f 2225/2225/2073 2242/2242/2088 2224/2224/2072
f 2242/2242/2088 2222/2222/2070 2252/2252/2098
f 2229/2229/459 2236/2236/2082 2254/2254/2100
f 2235/2235/2081 2221/2221/2069 2255/2255/2101
f 2221/2221/2069 2243/2243/2089 2255/2255/2101
f 2230/2230/2077 2237/2237/2083 2256/2256/2102
f 2244/2244/2090 2223/2223/2071 2241/2241/2087
f 2232/2232/2079 2239/2239/2085 2257/2257/2103
f 2253/2253/2099 2235/2235/2081 2258/2258/2104
f 2228/2228/2076 2250/2250/2096 2259/2259/2105
f 2250/2250/2096 2232/2232/2079 2257/2257/2103
f 2251/2251/2097 2248/2248/2094 2226/2226/2074
f 2231/2231/2078 2249/2249/2095 2260/2260/2106
f 2261/2261/2107 2246/2246/2092 2224/2224/2072
f 2231/2231/2078 2260/2260/2106 2245/2245/2091
f 2241/2241/2087 2228/2228/2076 2259/2259/2105
f 2237/2237/2083 2245/2245/2091 2256/2256/2102
f 2249/2249/2095 2244/2244/2090 2262/2262/2108
f 2261/2261/2107 2224/2224/2072 2242/2242/2088
f 2235/2235/2081 2255/2255/2101 2258/2258/2104
f 2244/2244/2090 2241/2241/2087 2263/2263/2109
f 2254/2254/2100 2236/2236/2082 2253/2253/2099
f 2241/2241/2087 2259/2259/2105 2263/2263/2109
f 2259/2259/2105 2250/2250/2096 2264/2264/2110
f 2240/2240/2086 2238/2238/2084 2265/2265/2111
f 2257/2257/2103 2239/2239/2085 2240/2240/2086
f 2252/2252/2098 2248/2248/2094 2266/2266/2112
f 2267/2267/2113 2243/2243/2089 2247/2247/2093
f 2246/2246/2092 2268/2268/2114 2233/2233/2080
f 2262/2262/2108 2244/2244/2090 2263/2263/2109
f 2268/2268/2114 2246/2246/2092 2261/2261/2107
f 2257/2257/2103 2240/2240/2086 2269/2269/2115
f 2255/2255/2101 2243/2243/2089 2267/2267/2113
f 2248/2248/2094 2251/2251/2097 2266/2266/2112
f 2260/2260/2106 2256/2256/2102 2245/2245/2091
f 2260/2260/2106 2249/2249/2095 2270/2270/2116
f 2238/2238/2084 2233/2233/2080 2271/2271/2117
f 2252/2252/2098 2266/2266/2112 2272/2272/2118
f 2240/2240/2086 2265/2265/2111 2269/2269/2115
f 2254/2254/2100 2253/2253/2099 2273/2273/494
f 2250/2250/2096 2257/2257/2103 2264/2264/2110
f 2238/2238/2084 2271/2271/2117 2265/2265/2111
f 2256/2256/2102 2274/2274/2119 2230/2230/2077
f 2275/2275/2120 2266/2266/2112 2251/2251/2097
f 2273/2273/494 2253/2253/2099 2276/2276/2121
f 2230/2230/2077 2274/2274/2119 2247/2247/2093
f 2261/2261/2107 2242/2242/2088 2277/2277/2122
f 2278/2278/2123 2266/2266/2112 2275/2275/2120
f 2273/2273/494 2279/2279/2124 2280/2280/495
f 2258/2258/2104 2255/2255/2101 2267/2267/2113
f 2276/2276/2121 2253/2253/2099 2258/2258/2104
f 2281/2281/2125 2276/2276/2121 2258/2258/2104
f 2279/2279/2124 2273/2273/494 2276/2276/2121
f 2270/2270/2116 2249/2249/2095 2262/2262/2108
f 2247/2247/2093 2274/2274/2119 2282/2282/2126
f 2278/2278/2123 2283/2283/2127 2266/2266/2112
f 2252/2252/2098 2272/2272/2118 2242/2242/2088
f 2256/2256/2102 2260/2260/2106 2284/2284/2128
f 2266/2266/2112 2283/2283/2127 2285/2285/2129
f 2257/2257/2103 2269/2269/2115 2286/2286/2130
f 2285/2285/2129 2272/2272/2118 2266/2266/2112
f 2279/2279/2124 2276/2276/2121 2287/2287/2131
f 2258/2258/2104 2288/2288/2132 2281/2281/2125
f 2267/2267/2113 2247/2247/2093 2282/2282/2126
f 2289/2289/2133 2260/2260/2106 2270/2270/2116
f 2290/2290/2134 2285/2285/2129 2283/2283/2127
f 2283/2283/2127 2278/2278/2123 2291/2291/2135
f 2278/2278/2123 2292/2292/897 2291/2291/2135
f 2262/2262/2108 2263/2263/2109 2293/2293/2136
f 2233/2233/2080 2268/2268/2114 2271/2271/2117
f 2280/2280/495 2279/2279/2124 2294/2294/509
f 2287/2287/2131 2276/2276/2121 2281/2281/2125
f 2256/2256/2102 2284/2284/2128 2274/2274/2119
f 2263/2263/2109 2259/2259/2105 2295/2295/2137
f 2242/2242/2088 2272/2272/2118 2277/2277/2122
f 2258/2258/2104 2267/2267/2113 2288/2288/2132
f 2268/2268/2114 2261/2261/2107 2277/2277/2122
f 2281/2281/2125 2288/2288/2132 2296/2296/2138
f 2267/2267/2113 2282/2282/2126 2297/2297/2139
f 2279/2279/2124 2287/2287/2131 2298/2298/2140
f 2270/2270/2116 2262/2262/2108 2299/2299/2141
f 2264/2264/2110 2257/2257/2103 2300/2300/2142
f 2298/2298/2140 2294/2294/509 2279/2279/2124
f 2299/2299/2141 2262/2262/2108 2293/2293/2136
f 2272/2272/2118 2285/2285/2129 2301/2301/2143
f 2283/2283/2127 2291/2291/2135 2290/2290/2134
f 2267/2267/2113 2302/2302/2144 2288/2288/2132
f 2257/2257/2103 2286/2286/2130 2300/2300/2142
f 2302/2302/2144 2296/2296/2138 2288/2288/2132
f 2293/2293/2136 2263/2263/2109 2295/2295/2137
f 2271/2271/2117 2268/2268/2114 2303/2303/2145
f 2290/2290/2134 2304/2304/2146 2285/2285/2129
f 2305/2305/916 2291/2291/2135 2292/2292/897
f 2267/2267/2113 2297/2297/2139 2302/2302/2144
f 2306/2306/2147 2272/2272/2118 2301/2301/2143
f 2260/2260/2106 2289/2289/2133 2284/2284/2128
f 2259/2259/2105 2307/2307/2148 2295/2295/2137
f 2259/2259/2105 2264/2264/2110 2307/2307/2148
f 2264/2264/2110 2300/2300/2142 2308/2308/2149
f 2309/2309/2150 2281/2281/2125 2296/2296/2138
f 2302/2302/2144 2309/2309/2150 2296/2296/2138
f 2269/2269/2115 2265/2265/2111 2310/2310/2151
f 2301/2301/2143 2285/2285/2129 2304/2304/2146
f 2281/2281/2125 2309/2309/2150 2311/2311/2152
f 2286/2286/2130 2269/2269/2115 2310/2310/2151
f 2312/2312/2153 2265/2265/2111 2271/2271/2117
f 2287/2287/2131 2281/2281/2125 2311/2311/2152
f 2265/2265/2111 2312/2312/2153 2310/2310/2151
f 2303/2303/2145 2268/2268/2114 2313/2313/2154
f 2284/2284/2128 2289/2289/2133 2314/2314/2155
f 2268/2268/2114 2277/2277/2122 2313/2313/2154
f 2277/2277/2122 2272/2272/2118 2306/2306/2147
f 2270/2270/2116 2299/2299/2141 2315/2315/2156
f 2271/2271/2117 2303/2303/2145 2312/2312/2153
f 2298/2298/2140 2287/2287/2131 2316/2316/2157
f 2274/2274/2119 2284/2284/2128 2282/2282/2126
f 2298/2298/2140 2317/2317/2158 2294/2294/509
f 2264/2264/2110 2308/2308/2149 2307/2307/2148
f 2270/2270/2116 2315/2315/2156 2289/2289/2133
f 2287/2287/2131 2311/2311/2152 2316/2316/2157
f 2318/2318/2159 2291/2291/2135 2305/2305/916
f 2299/2299/2141 2293/2293/2136 2315/2315/2156
f 2313/2313/2154 2277/2277/2122 2319/2319/2160
f 2290/2290/2134 2291/2291/2135 2318/2318/2159
f 2300/2300/2142 2286/2286/2130 2320/2320/2161
f 2286/2286/2130 2310/2310/2151 2320/2320/2161
f 2303/2303/2145 2313/2313/2154 2321/2321/2162
f 2302/2302/2144 2297/2297/2139 2322/2322/2163
f 2322/2322/2163 2309/2309/2150 2302/2302/2144
f 2323/2323/2164 2284/2284/2128 2324/2324/2165
f 2325/2325/2166 2306/2306/2147 2301/2301/2143
f 2326/2326/2167 2311/2311/2152 2309/2309/2150
f 2282/2282/2126 2284/2284/2128 2323/2323/2164
f 2303/2303/2145 2327/2327/2168 2312/2312/2153
f 2289/2289/2133 2315/2315/2156 2314/2314/2155
f 2310/2310/2151 2312/2312/2153 2328/2328/2169
f 2325/2325/2166 2301/2301/2143 2304/2304/2146
f 2319/2319/2160 2277/2277/2122 2306/2306/2147
f 2321/2321/2162 2313/2313/2154 2319/2319/2160
f 2293/2293/2136 2295/2295/2137 2329/2329/2170
f 2298/2298/2140 2316/2316/2157 2317/2317/2158
f 2304/2304/2146 2290/2290/2134 2330/2330/2171
f 2331/2331/2172 2326/2326/2167 2309/2309/2150
f 2331/2331/2172 2309/2309/2150 2322/2322/2163
f 2297/2297/2139 2282/2282/2126 2332/2332/2173
f 2327/2327/2168 2303/2303/2145 2321/2321/2162
f 2318/2318/2159 2330/2330/2171 2290/2290/2134
f 2284/2284/2128 2314/2314/2155 2324/2324/2165
f 2329/2329/2170 2295/2295/2137 2307/2307/2148
f 2308/2308/2149 2300/2300/2142 2320/2320/2161
f 2316/2316/2157 2311/2311/2152 2333/2333/2174
f 2319/2319/2160 2306/2306/2147 2334/2334/2175
f 2334/2334/2175 2306/2306/2147 2325/2325/2166
f 2335/2335/934 2318/2318/2159 2305/2305/916
f 2293/2293/2136 2336/2336/2176 2315/2315/2156
f 2322/2322/2163 2297/2297/2139 2332/2332/2173
f 2332/2332/2173 2282/2282/2126 2323/2323/2164
f 2312/2312/2153 2327/2327/2168 2328/2328/2169
f 2317/2317/2158 2316/2316/2157 2337/2337/2177
f 2317/2317/2158 2337/2337/2177 2338/2338/2178
f 2336/2336/2176 2293/2293/2136 2329/2329/2170
f 2304/2304/2146 2330/2330/2171 2339/2339/2179
f 2330/2330/2171 2318/2318/2159 2340/2340/2180
f 2320/2320/2161 2310/2310/2151 2341/2341/2181
f 2342/2342/2182 2323/2323/2164 2324/2324/2165
f 2304/2304/2146 2339/2339/2179 2343/2343/2183
f 2323/2323/2164 2344/2344/2184 2332/2332/2173
f 2339/2339/2179 2330/2330/2171 2340/2340/2180
f 2314/2314/2155 2315/2315/2156 2345/2345/2185
f 2307/2307/2148 2308/2308/2149 2346/2346/2186
f 2341/2341/2181 2310/2310/2151 2328/2328/2169
f 2347/2347/2187 2331/2331/2172 2322/2322/2163
f 2332/2332/2173 2347/2347/2187 2322/2322/2163
f 2329/2329/2170 2307/2307/2148 2346/2346/2186
f 2334/2334/2175 2325/2325/2166 2348/2348/2188
f 2337/2337/2177 2316/2316/2157 2333/2333/2174
f 2319/2319/2160 2334/2334/2175 2349/2349/2189
f 2304/2304/2146 2343/2343/2183 2325/2325/2166
f 2328/2328/2169 2327/2327/2168 2350/2350/2190
f 2334/2334/2175 2348/2348/2188 2349/2349/2189
f 2323/2323/2164 2342/2342/2182 2344/2344/2184
f 2315/2315/2156 2336/2336/2176 2351/2351/2191
f 2352/2352/2192 2311/2311/2152 2326/2326/2167
f 2352/2352/2192 2326/2326/2167 2331/2331/2172
f 2308/2308/2149 2320/2320/2161 2353/2353/2193
f 2325/2325/2166 2343/2343/2183 2354/2354/2194
f 2345/2345/2185 2315/2315/2156 2351/2351/2191
f 2354/2354/2194 2348/2348/2188 2325/2325/2166
f 2320/2320/2161 2341/2341/2181 2353/2353/2193
f 2355/2355/2195 2352/2352/2192 2331/2331/2172
f 2331/2331/2172 2347/2347/2187 2355/2355/2195
f 2332/2332/2173 2344/2344/2184 2347/2347/2187
f 2333/2333/2174 2311/2311/2152 2352/2352/2192
f 2324/2324/2165 2314/2314/2155 2356/2356/2196
f 2336/2336/2176 2329/2329/2170 2357/2357/2197
f 2318/2318/2159 2335/2335/934 2358/2358/2198
f 2308/2308/2149 2353/2353/2193 2346/2346/2186
f 2321/2321/2162 2319/2319/2160 2349/2349/2189
f 2321/2321/2162 2349/2349/2189 2359/2359/2199
f 2324/2324/2165 2356/2356/2196 2342/2342/2182
f 2360/2360/2200 2349/2349/2189 2348/2348/2188
f 2329/2329/2170 2346/2346/2186 2361/2361/2201
f 2337/2337/2177 2333/2333/2174 2362/2362/2202
f 2336/2336/2176 2357/2357/2197 2351/2351/2191
f 2358/2358/2198 2363/2363/2203 2318/2318/2159
f 2339/2339/2179 2340/2340/2180 2364/2364/2204
f 2363/2363/2203 2340/2340/2180 2318/2318/2159
f 2347/2347/2187 2365/2365/2205 2355/2355/2195
f 2328/2328/2169 2350/2350/2190 2366/2366/2206
f 2367/2367/2207 2348/2348/2188 2354/2354/2194
f 2343/2343/2183 2339/2339/2179 2364/2364/2204
f 2344/2344/2184 2365/2365/2205 2347/2347/2187
f 2356/2356/2196 2314/2314/2155 2368/2368/2208
f 2327/2327/2168 2321/2321/2162 2359/2359/2199
f 2314/2314/2155 2345/2345/2185 2368/2368/2208
f 2350/2350/2190 2327/2327/2168 2369/2369/2209
f 2359/2359/2199 2349/2349/2189 2370/2370/2210
f 2357/2357/2197 2329/2329/2170 2361/2361/2201
f 2341/2341/2181 2371/2371/2211 2353/2353/2193
f 2370/2370/2210 2349/2349/2189 2360/2360/2200
f 2372/2372/569 2338/2338/2178 2337/2337/2177
f 2373/2373/2212 2352/2352/2192 2355/2355/2195
f 2341/2341/2181 2328/2328/2169 2366/2366/2206
f 2360/2360/2200 2348/2348/2188 2367/2367/2207
f 2346/2346/2186 2353/2353/2193 2374/2374/2213
f 2333/2333/2174 2352/2352/2192 2362/2362/2202
f 2341/2341/2181 2366/2366/2206 2371/2371/2211
f 2327/2327/2168 2359/2359/2199 2369/2369/2209
f 2375/2375/2214 2354/2354/2194 2343/2343/2183
f 2355/2355/2195 2365/2365/2205 2373/2373/2212
f 2369/2369/2209 2359/2359/2199 2376/2376/2215
f 2377/2377/2216 2352/2352/2192 2373/2373/2212
f 2378/2378/2217 2365/2365/2205 2344/2344/2184
f 2379/2379/2218 2350/2350/2190 2369/2369/2209
f 2368/2368/2208 2345/2345/2185 2351/2351/2191
f 2364/2364/2204 2340/2340/2180 2363/2363/2203
f 2366/2366/2206 2350/2350/2190 2380/2380/2219
f 2375/2375/2214 2367/2367/2207 2354/2354/2194
f 2343/2343/2183 2364/2364/2204 2375/2375/2214
f 2362/2362/2202 2352/2352/2192 2377/2377/2216
f 2363/2363/2203 2358/2358/2198 2381/2381/2220
f 2344/2344/2184 2342/2342/2182 2378/2378/2217
f 2379/2379/2218 2380/2380/2219 2350/2350/2190
f 2359/2359/2199 2370/2370/2210 2376/2376/2215
f 2337/2337/2177 2382/2382/585 2372/2372/569
f 2353/2353/2193 2371/2371/2211 2374/2374/2213
f 2357/2357/2197 2383/2383/2221 2351/2351/2191
f 2384/2384/2222 2370/2370/2210 2360/2360/2200
f 2367/2367/2207 2384/2384/2222 2360/2360/2200
f 2368/2368/2208 2351/2351/2191 2385/2385/2223
f 2374/2374/2213 2361/2361/2201 2346/2346/2186
f 2368/2368/2208 2385/2385/2223 2356/2356/2196
f 2380/2380/2219 2371/2371/2211 2366/2366/2206
f 2386/2386/2224 2365/2365/2205 2378/2378/2217
f 2363/2363/2203 2387/2387/2225 2364/2364/2204
f 2337/2337/2177 2362/2362/2202 2382/2382/585
f 2369/2369/2209 2376/2376/2215 2388/2388/2226
f 2373/2373/2212 2365/2365/2205 2386/2386/2224
f 2379/2379/2218 2369/2369/2209 2388/2388/2226
f 2381/2381/2220 2387/2387/2225 2363/2363/2203
f 2362/2362/2202 2377/2377/2216 2389/2389/2227
f 2342/2342/2182 2356/2356/2196 2390/2390/2228
f 2391/2391/2229 2357/2357/2197 2361/2361/2201
f 2342/2342/2182 2390/2390/2228 2378/2378/2217
f 2356/2356/2196 2385/2385/2223 2392/2392/2230
f 2371/2371/2211 2380/2380/2219 2393/2393/2231
f 2392/2392/2230 2390/2390/2228 2356/2356/2196
f 2370/2370/2210 2384/2384/2222 2394/2394/2232
f 2387/2387/2225 2381/2381/2220 2395/2395/974
f 2374/2374/2213 2371/2371/2211 2393/2393/2231
f 2396/2396/2233 2367/2367/2207 2375/2375/2214
f 2357/2357/2197 2391/2391/2229 2383/2383/2221
f 2361/2361/2201 2374/2374/2213 2391/2391/2229
f 2397/2397/2234 2380/2380/2219 2379/2379/2218
f 2376/2376/2215 2370/2370/2210 2394/2394/2232
f 2373/2373/2212 2398/2398/2235 2377/2377/2216
f 2382/2382/585 2362/2362/2202 2399/2399/2236
f 2400/2400/2237 2386/2386/2224 2378/2378/2217
f 2397/2397/2234 2379/2379/2218 2388/2388/2226
f 2351/2351/2191 2383/2383/2221 2401/2401/2238
f 2402/2402/2239 2393/2393/2231 2380/2380/2219
f 2403/2403/2240 2367/2367/2207 2396/2396/2233
f 2398/2398/2235 2373/2373/2212 2386/2386/2224
f 2374/2374/2213 2393/2393/2231 2404/2404/2241
f 2377/2377/2216 2398/2398/2235 2405/2405/2242
f 2384/2384/2222 2367/2367/2207 2403/2403/2240
f 2392/2392/2230 2385/2385/2223 2406/2406/2243
f 2391/2391/2229 2374/2374/2213 2404/2404/2241
f 2396/2396/2233 2375/2375/2214 2407/2407/2244
f 2408/2408/592 2382/2382/585 2399/2399/2236
f 2362/2362/2202 2389/2389/2227 2399/2399/2236
f 2377/2377/2216 2405/2405/2242 2389/2389/2227
f 2364/2364/2204 2387/2387/2225 2409/2409/2245
f 2378/2378/2217 2390/2390/2228 2410/2410/2246
f 2388/2388/2226 2411/2411/2247 2397/2397/2234
f 2376/2376/2215 2394/2394/2232 2412/2412/2248
f 2385/2385/2223 2351/2351/2191 2401/2401/2238
f 2413/2413/2249 2388/2388/2226 2376/2376/2215
f 2375/2375/2214 2364/2364/2204 2407/2407/2244
f 2387/2387/2225 2395/2395/974 2409/2409/2245
f 2400/2400/2237 2378/2378/2217 2410/2410/2246
f 2383/2383/2221 2391/2391/2229 2414/2414/2250
f 2394/2394/2232 2384/2384/2222 2403/2403/2240
f 2409/2409/2245 2407/2407/2244 2364/2364/2204
f 2399/2399/2236 2389/2389/2227 2415/2415/2251
f 2410/2410/2246 2390/2390/2228 2416/2416/2252
f 2390/2390/2228 2392/2392/2230 2417/2417/2253
f 2376/2376/2215 2412/2412/2248 2413/2413/2249
f 2418/2418/2254 2396/2396/2233 2407/2407/2244
f 2419/2419/2255 2398/2398/2235 2386/2386/2224
f 2390/2390/2228 2417/2417/2253 2416/2416/2252
f 2392/2392/2230 2406/2406/2243 2417/2417/2253
f 2406/2406/2243 2385/2385/2223 2401/2401/2238
f 2420/2420/2256 2401/2401/2238 2383/2383/2221
f 2420/2420/2256 2383/2383/2221 2414/2414/2250
f 2404/2404/2241 2414/2414/2250 2391/2391/2229
f 2402/2402/2239 2404/2404/2241 2393/2393/2231
f 2380/2380/2219 2397/2397/2234 2402/2402/2239
f 2388/2388/2226 2413/2413/2249 2411/2411/2247
f 2421/2421/2257 2386/2386/2224 2400/2400/2237
f 2389/2389/2227 2405/2405/2242 2415/2415/2251
f 2418/2418/2254 2403/2403/2240 2396/2396/2233
f 2419/2419/2255 2405/2405/2242 2398/2398/2235
f 2386/2386/2224 2421/2421/2257 2419/2419/2255
f 2410/2410/2246 2422/2422/2258 2400/2400/2237
f 2423/2423/2259 2412/2412/2248 2394/2394/2232
f 2423/2423/2259 2394/2394/2232 2403/2403/2240
f 2422/2422/2258 2421/2421/2257 2400/2400/2237
f 2424/2424/250 2425/2425/2260 2426/2426/2261
f 2427/2427/2262 2426/2426/2261 2425/2425/2260
f 2426/2426/2261 2427/2427/2262 2428/2428/292
f 2427/2427/2262 2425/2425/2260 2429/2429/2263
f 2430/2430/2264 2427/2427/2262 2429/2429/2263
f 2428/2428/292 2427/2427/2262 2430/2430/2264
f 2428/2428/292 2430/2430/2264 2431/2431/2265
f 2430/2430/2264 2429/2429/2263 2432/2432/309
f 2430/2430/2264 2433/2433/2266 2431/2431/2265
f 2432/2432/309 2433/2433/2266 2430/2430/2264
f 2432/2432/309 2434/2434/2267 2433/2433/2266
f 2431/2431/2265 2433/2433/2266 2434/2434/2267
f 2434/2434/2267 2432/2432/309 2435/2435/338
f 2435/2435/338 2436/2436/2268 2434/2434/2267
f 2436/2436/2268 2437/2437/2269 2434/2434/2267
f 2438/2438/2270 2439/2439/2271 2440/2440/701
f 2441/2441/2272 2437/2437/2269 2436/2436/2268
f 2436/2436/2268 2442/2442/2273 2441/2441/2272
f 2439/2439/2271 2438/2438/2270 2443/2443/2274
f 2444/2444/375 2442/2442/2273 2436/2436/2268
f 2439/2439/2271 2443/2443/2274 2445/2445/752
f 2444/2444/375 2446/2446/2275 2442/2442/2273
f 2442/2442/2273 2446/2446/2275 2441/2441/2272
f 2443/2443/2274 2447/2447/762 2445/2445/752
f 2441/2441/2272 2446/2446/2275 2448/2448/2276
f 2449/2449/2277 2447/2447/762 2443/2443/2274
f 2446/2446/2275 2444/2444/375 2450/2450/396
f 2450/2450/396 2451/2451/2278 2446/2446/2275
f 2448/2448/2276 2446/2446/2275 2451/2451/2278
f 2449/2449/2277 2452/2452/2279 2447/2447/762
f 2450/2450/396 2453/2453/405 2451/2451/2278
f 2451/2451/2278 2454/2454/404 2448/2448/2276
f 2449/2449/2277 2455/2455/2280 2452/2452/2279
f 2453/2453/405 2454/2454/404 2451/2451/2278
f 2455/2455/2280 2456/2456/2281 2452/2452/2279
f 2453/2453/405 2457/2457/422 2454/2454/404
f 2455/2455/2280 2458/2458/818 2456/2456/2281
f 2453/2453/405 2459/2459/427 2457/2457/422
f 2458/2458/818 2460/2460/2282 2456/2456/2281
f 2461/2461/419 2457/2457/422 2462/2462/2283
f 2458/2458/818 2463/2463/2284 2460/2460/2282
f 2464/2464/2285 2457/2457/422 2459/2459/427
f 2464/2464/2285 2459/2459/427 2465/2465/2286
f 2464/2464/2285 2466/2466/453 2457/2457/422
f 2462/2462/2283 2457/2457/422 2466/2466/453
f 2463/2463/2284 2467/2467/2287 2460/2460/2282
f 2465/2465/2286 2468/2468/2288 2464/2464/2285
f 2465/2465/2286 2469/2469/2289 2468/2468/2288
f 2467/2467/2287 2470/2470/2290 2460/2460/2282
f 2464/2464/2285 2468/2468/2288 2466/2466/453
f 2468/2468/2288 2471/2471/2291 2466/2466/453
f 2469/2469/2289 2472/2472/2292 2468/2468/2288
f 2468/2468/2288 2473/2473/2293 2471/2471/2291
f 2474/2474/2294 2470/2470/2290 2467/2467/2287
f 2473/2473/2293 2468/2468/2288 2472/2472/2292
f 2475/2475/2295 2470/2470/2290 2474/2474/2294
f 2472/2472/2292 2476/2476/2296 2473/2473/2293
f 2473/2473/2293 2477/2477/2297 2471/2471/2291
f 2478/2478/892 2475/2475/2295 2474/2474/2294
f 2472/2472/2292 2479/2479/491 2476/2476/2296
f 2476/2476/2296 2477/2477/2297 2473/2473/2293
f 2475/2475/2295 2480/2480/2298 2481/2481/895
f 2476/2476/2296 2479/2479/491 2482/2482/2299
f 2476/2476/2296 2482/2482/2299 2483/2483/2300
f 2480/2480/2298 2475/2475/2295 2478/2478/892
f 2483/2483/2300 2477/2477/2297 2476/2476/2296
f 2480/2480/2298 2484/2484/902 2481/2481/895
f 2480/2480/2298 2478/2478/892 2485/2485/2301
f 2486/2486/2302 2487/2487/479 2483/2483/2300
f 2477/2477/2297 2483/2483/2300 2487/2487/479
f 2482/2482/2299 2486/2486/2302 2483/2483/2300
f 2484/2484/902 2480/2480/2298 2485/2485/2301
f 2486/2486/2302 2488/2488/2303 2487/2487/479
f 2489/2489/2304 2482/2482/2299 2490/2490/512
f 2486/2486/2302 2482/2482/2299 2489/2489/2304
f 2485/2485/2301 2491/2491/2305 2484/2484/902
f 2491/2491/2305 2485/2485/2301 2492/2492/2306
f 2489/2489/2304 2488/2488/2303 2486/2486/2302
f 2489/2489/2304 2493/2493/2307 2488/2488/2303
f 2494/2494/2308 2488/2488/2303 2493/2493/2307
f 2495/2495/2309 2489/2489/2304 2490/2490/512
f 2492/2492/2306 2485/2485/2301 2496/2496/933
f 2489/2489/2304 2495/2495/2309 2493/2493/2307
f 2492/2492/2306 2497/2497/935 2491/2491/2305
f 2493/2493/2307 2495/2495/2309 2498/2498/549
f 2499/2499/550 2494/2494/2308 2493/2493/2307
f 2500/2500/2310 2492/2492/2306 2496/2496/933
f 2492/2492/2306 2500/2500/2310 2497/2497/935
f 2498/2498/549 2501/2501/2311 2493/2493/2307
f 2499/2499/550 2493/2493/2307 2501/2501/2311
f 2500/2500/2310 2496/2496/933 2502/2502/948
f 2498/2498/549 2503/2503/564 2501/2501/2311
f 2499/2499/550 2501/2501/2311 2504/2504/2312
f 2505/2505/2313 2497/2497/935 2500/2500/2310
f 2504/2504/2312 2501/2501/2311 2506/2506/2314
f 2503/2503/564 2506/2506/2314 2501/2501/2311
f 2504/2504/2312 2507/2507/2315 2499/2499/550
f 2500/2500/2310 2502/2502/948 2508/2508/966
f 2500/2500/2310 2508/2508/966 2509/2509/2316
f 2505/2505/2313 2500/2500/2310 2510/2510/2317
f 2503/2503/564 2511/2511/2318 2506/2506/2314
f 2507/2507/2315 2504/2504/2312 2512/2512/2319
f 2509/2509/2316 2508/2508/966 2513/2513/2320
f 2509/2509/2316 2510/2510/2317 2500/2500/2310
f 2514/2514/2321 2504/2504/2312 2506/2506/2314
f 2504/2504/2312 2514/2514/2321 2512/2512/2319
f 2505/2505/2313 2510/2510/2317 2515/2515/2322
f 2516/2516/2323 2517/2517/2324 2518/2518/2325
f 2519/2519/2326 2516/2516/2323 2518/2518/2325
f 2519/2519/2326 2520/2520/2327 2521/2521/2328
f 2522/2522/2329 2523/2523/2330 2524/2524/2331
f 2525/2525/2332 2526/2526/2333 2527/2527/2334
f 2525/2525/2332 2527/2527/2334 2528/2528/2335
f 2529/2529/2336 2530/2530/2337 2531/2531/2338
f 2532/2532/2339 2533/2533/2340 2530/2530/2337
f 2534/2534/2341 2535/2535/2342 2536/2536/2343
f 2521/2521/2328 2537/2537/2344 2538/2538/2345
f 2539/2539/2346 2540/2540/2347 2541/2541/2348
f 2541/2541/2348 2542/2542/2349 2531/2531/2338
f 2533/2533/2340 2543/2543/2350 2536/2536/2343
f 2514/2514/2321 2517/2517/2324 2512/2512/2319
f 2519/2519/2326 2544/2544/2351 2520/2520/2327
f 2545/2545/2352 2521/2521/2328 2520/2520/2327
f 2522/2522/2329 2526/2526/2333 2523/2523/2330
f 2546/2546/2353 2513/2513/2320 2528/2528/2335
f 2511/2511/2318 2547/2547/588 2506/2506/2314
f 2518/2518/2325 2517/2517/2324 2548/2548/2354
f 2521/2521/2328 2545/2545/2352 2537/2537/2344
f 2540/2540/2347 2549/2549/2355 2541/2541/2348
f 2549/2549/2355 2542/2542/2349 2541/2541/2348
f 2535/2535/2342 2550/2550/2356 2524/2524/2331
f 2509/2509/2316 2513/2513/2320 2546/2546/2353
f 2518/2518/2325 2544/2544/2351 2519/2519/2326
f 2528/2528/2335 2527/2527/2334 2546/2546/2353
f 2534/2534/2341 2550/2550/2356 2535/2535/2342
f 2506/2506/2314 2551/2551/2357 2514/2514/2321
f 2517/2517/2324 2514/2514/2321 2548/2548/2354
f 2510/2510/2317 2552/2552/2358 2515/2515/2322
f 2539/2539/2346 2538/2538/2345 2553/2553/2359
f 2539/2539/2346 2553/2553/2359 2540/2540/2347
f 2532/2532/2339 2530/2530/2337 2554/2554/2360
f 2543/2543/2350 2533/2533/2340 2532/2532/2339
f 2551/2551/2357 2506/2506/2314 2547/2547/588
f 2531/2531/2338 2542/2542/2349 2529/2529/2336
f 2526/2526/2333 2522/2522/2329 2555/2555/2361
f 2538/2538/2345 2537/2537/2344 2553/2553/2359
f 2529/2529/2336 2554/2554/2360 2530/2530/2337
f 2543/2543/2350 2556/2556/2362 2536/2536/2343
f 2526/2526/2333 2557/2557/2363 2527/2527/2334
f 2527/2527/2334 2557/2557/2363 2546/2546/2353
f 2549/2549/2355 2540/2540/2347 2558/2558/2364
f 2559/2559/2365 2548/2548/2354 2514/2514/2321
f 2553/2553/2359 2537/2537/2344 2560/2560/2366
f 2549/2549/2355 2561/2561/2367 2542/2542/2349
f 2562/2562/2368 2543/2543/2350 2532/2532/2339
f 2524/2524/2331 2550/2550/2356 2563/2563/2369
f 2524/2524/2331 2564/2564/2370 2522/2522/2329
f 2565/2565/2371 2510/2510/2317 2509/2509/2316
f 2566/2566/2372 2545/2545/2352 2520/2520/2327
f 2540/2540/2347 2553/2553/2359 2558/2558/2364
f 2546/2546/2353 2565/2565/2371 2509/2509/2316
f 2556/2556/2362 2534/2534/2341 2536/2536/2343
f 2524/2524/2331 2563/2563/2369 2564/2564/2370
f 2544/2544/2351 2518/2518/2325 2567/2567/2373
f 2534/2534/2341 2568/2568/2374 2550/2550/2356
f 2548/2548/2354 2567/2567/2373 2518/2518/2325
f 2526/2526/2333 2555/2555/2361 2557/2557/2363
f 2546/2546/2353 2557/2557/2363 2565/2565/2371
f 2551/2551/2357 2559/2559/2365 2514/2514/2321
f 2529/2529/2336 2569/2569/2375 2554/2554/2360
f 2570/2570/2376 2544/2544/2351 2567/2567/2373
f 2520/2520/2327 2544/2544/2351 2566/2566/2372
f 2545/2545/2352 2571/2571/2377 2537/2537/2344
f 2534/2534/2341 2556/2556/2362 2568/2568/2374
f 2568/2568/2374 2563/2563/2369 2550/2550/2356
f 2551/2551/2357 2547/2547/588 2572/2572/2378
f 2566/2566/2372 2571/2571/2377 2545/2545/2352
f 2560/2560/2366 2537/2537/2344 2571/2571/2377
f 2542/2542/2349 2561/2561/2367 2569/2569/2375
f 2529/2529/2336 2542/2542/2349 2569/2569/2375
f 2554/2554/2360 2573/2573/2379 2532/2532/2339
f 2574/2574/2380 2522/2522/2329 2564/2564/2370
f 2561/2561/2367 2549/2549/2355 2558/2558/2364
f 2532/2532/2339 2573/2573/2379 2562/2562/2368
f 2522/2522/2329 2574/2574/2380 2555/2555/2361
f 2551/2551/2357 2572/2572/2378 2559/2559/2365
f 2575/2575/2381 2574/2574/2380 2564/2564/2370
f 2574/2574/2380 2575/2575/2381 2555/2555/2361
f 2565/2565/2371 2576/2576/2382 2510/2510/2317
f 2510/2510/2317 2576/2576/2382 2552/2552/2358
f 2577/2577/2383 2557/2557/2363 2555/2555/2361
f 2578/2578/2384 2565/2565/2371 2557/2557/2363
f 2559/2559/2365 2579/2579/2385 2548/2548/2354
f 2548/2548/2354 2579/2579/2385 2567/2567/2373
f 2557/2557/2363 2577/2577/2383 2578/2578/2384
f 2565/2565/2371 2578/2578/2384 2576/2576/2382
f 2570/2570/2376 2566/2566/2372 2544/2544/2351
f 2580/2580/2386 2555/2555/2361 2575/2575/2381
f 2577/2577/2383 2555/2555/2361 2580/2580/2386
f 2581/2581/2387 2582/2582/2388 2583/2583/2389
f 2584/2584/2390 2581/2581/2387 2585/2585/2391
f 2582/2582/2388 2586/2586/2392 2583/2583/2389
f 2582/2582/2388 2581/2581/2387 2584/2584/2390
f 2587/2587/2393 2588/2588/2394 2589/2589/2395
f 2590/2590/2396 2586/2586/2392 2582/2582/2388
f 2584/2584/2390 2585/2585/2391 2591/2591/2397
f 2590/2590/2396 2582/2582/2388 2584/2584/2390
f 2592/2592/2398 2585/2585/2391 2587/2587/2393
f 2585/2585/2391 2592/2592/2398 2591/2591/2397
f 2593/2593/2399 2590/2590/2396 2584/2584/2390
f 2584/2584/2390 2591/2591/2397 2593/2593/2399
f 2594/2594/2400 2587/2587/2393 2589/2589/2395
f 2591/2591/2397 2595/2595/2401 2593/2593/2399
f 2596/2596/2402 2587/2587/2393 2594/2594/2400
f 2596/2596/2402 2592/2592/2398 2587/2587/2393
f 2597/2597/2403 2594/2594/2400 2598/2598/2404
f 2599/2599/2405 2595/2595/2401 2591/2591/2397
f 2600/2600/2406 2592/2592/2398 2596/2596/2402
f 2592/2592/2398 2601/2601/2407 2591/2591/2397
f 2592/2592/2398 2600/2600/2406 2601/2601/2407
f 2596/2596/2402 2594/2594/2400 2600/2600/2406
f 2602/2602/2408 2599/2599/2405 2591/2591/2397
f 2599/2599/2405 2603/2603/2409 2595/2595/2401
f 2602/2602/2408 2591/2591/2397 2601/2601/2407
f 2594/2594/2400 2604/2604/2410 2600/2600/2406
f 2594/2594/2400 2597/2597/2403 2604/2604/2410
f 2604/2604/2410 2597/2597/2403 2605/2605/2411
f 2606/2606/2412 2607/2607/2413 2608/2608/2414
f 2609/2609/2415 2608/2608/2414 2607/2607/2413
f 2610/2610/2416 2611/2611/2417 2612/2612/2418
f 2613/2613/2419 2614/2614/2420 2615/2615/2421
f 2612/2612/2418 2616/2616/2422 2617/2617/2423
f 2607/2607/2413 2606/2606/2412 2618/2618/2424
f 2615/2615/2421 2614/2614/2420 2617/2617/2423
f 2616/2616/2422 2612/2612/2418 2611/2611/2417
f 2619/2619/2396 2607/2607/2413 2618/2618/2424
f 2613/2613/2419 2615/2615/2421 2620/2620/2425
f 2621/2621/2426 2613/2613/2419 2620/2620/2425
f 2622/2622/2427 2617/2617/2423 2616/2616/2422
f 2622/2622/2427 2615/2615/2421 2617/2617/2423
f 2623/2623/2428 2607/2607/2413 2619/2619/2396
f 2616/2616/2422 2611/2611/2417 2624/2624/2429
f 2622/2622/2427 2616/2616/2422 2624/2624/2429
f 2609/2609/2415 2607/2607/2413 2625/2625/2430
f 2607/2607/2413 2623/2623/2428 2625/2625/2430
f 2626/2626/2431 2611/2611/2417 2610/2610/2416
f 2624/2624/2429 2611/2611/2417 2626/2626/2431
f 2625/2625/2430 2610/2610/2416 2609/2609/2415
f 2627/2627/2432 2610/2610/2416 2625/2625/2430
f 2623/2623/2428 2628/2628/2433 2625/2625/2430
f 2629/2629/2434 2620/2620/2425 2615/2615/2421
f 2630/2630/2435 2628/2628/2433 2623/2623/2428
f 2610/2610/2416 2627/2627/2432 2626/2626/2431
f 2631/2631/308 2620/2620/2425 2629/2629/2434
f 2615/2615/2421 2622/2622/2427 2629/2629/2434
f 2631/2631/308 2629/2629/2434 2632/2632/2436
f 2624/2624/2429 2626/2626/2431 2633/2633/2437
f 2634/2634/2438 2626/2626/2431 2627/2627/2432
f 2633/2633/2437 2622/2622/2427 2624/2624/2429
f 2630/2630/2435 2635/2635/2439 2628/2628/2433
f 2627/2627/2432 2625/2625/2430 2636/2636/2440
f 2637/2637/2441 2629/2629/2434 2622/2622/2427
f 2638/2638/2442 2625/2625/2430 2628/2628/2433
f 2637/2637/2441 2632/2632/2436 2629/2629/2434
f 2636/2636/2440 2625/2625/2430 2638/2638/2442
f 2634/2634/2438 2627/2627/2432 2639/2639/2443
f 2633/2633/2437 2626/2626/2431 2634/2634/2438
f 2633/2633/2437 2637/2637/2441 2622/2622/2427
f 2638/2638/2442 2628/2628/2433 2635/2635/2439
f 2639/2639/2443 2627/2627/2432 2636/2636/2440
f 2640/2640/318 2631/2631/308 2632/2632/2436
f 2637/2637/2441 2633/2633/2437 2634/2634/2438
f 2641/2641/2444 2642/2642/2445 2643/2643/2446
f 2641/2641/2444 2644/2644/2447 2645/2645/2395
f 2646/2646/297 2641/2641/2444 2643/2643/2446
f 2647/2647/2448 2645/2645/2395 2644/2644/2447
f 2648/2648/2449 2644/2644/2447 2641/2641/2444
f 2641/2641/2444 2646/2646/297 2648/2648/2449
f 2649/2649/2450 2644/2644/2447 2648/2648/2449
f 2650/2650/2436 2649/2649/2450 2648/2648/2449
f 2651/2651/2451 2648/2648/2449 2646/2646/297
f 2649/2649/2450 2650/2650/2436 2652/2652/2441
f 2651/2651/2451 2650/2650/2436 2648/2648/2449
f 2653/2653/2452 2654/2654/2396 2655/2655/2453
f 2653/2653/2452 2655/2655/2453 2656/2656/2454
f 2657/2657/2455 2653/2653/2452 2656/2656/2454
f 2657/2657/2455 2656/2656/2454 2658/2658/2456
f 2659/2659/2457 2660/2660/2458 2661/2661/2406
f 2662/2662/2459 2663/2663/2442 2664/2664/2460
f 2661/2661/2406 2665/2665/2410 2659/2659/2457
f 2666/2666/2461 2663/2663/2442 2667/2667/2456
f 2664/2664/2460 2663/2663/2442 2666/2666/2461
f 2659/2659/2457 2662/2662/2459 2664/2664/2460
f 2664/2664/2460 2660/2660/2458 2659/2659/2457
f 2668/2668/2462 2669/2669/2463 2670/2670/2464
f 2669/2669/2463 2671/2671/2465 2670/2670/2464
f 2672/2672/1456 2670/2670/2464 2671/2671/2465
f 2673/2673/2466 2672/2672/1456 2671/2671/2465
f 2674/2674/1486 2672/2672/1456 2673/2673/2466
f 2675/2675/2467 2672/2672/1456 2674/2674/1486
f 2676/2676/1514 2675/2675/2467 2674/2674/1486
f 2676/2676/1514 2677/2677/2468 2675/2675/2467
f 2677/2677/2468 2676/2676/1514 2678/2678/1532
f 2678/2678/1532 2679/2679/2469 2677/2677/2468
f 2680/2680/572 2681/2681/2470 2682/2682/2471
f 2683/2683/566 2684/2684/2472 2685/2685/2473
f 2686/2686/2474 2687/2687/2475 2688/2688/2476
f 2682/2682/2471 2681/2681/2470 2689/2689/2477
f 2690/2690/2478 2682/2682/2471 2689/2689/2477
f 2687/2687/2475 2686/2686/2474 2691/2691/2479
f 2692/2692/2480 2693/2693/2481 2694/2694/2482
f 2695/2695/1731 2692/2692/2480 2696/2696/2483
f 2696/2696/2483 2697/2697/2484 2695/2695/1731
f 2697/2697/2484 2698/2698/2485 2695/2695/1731
f 2699/2699/2486 2698/2698/2485 2700/2700/2487
f 2700/2700/2487 2701/2701/2488 2699/2699/2486
f 2702/2702/2489 2699/2699/2486 2701/2701/2488
f 2703/2703/2490 2704/2704/2491 2702/2702/2489
f 2703/2703/2490 2705/2705/2492 2704/2704/2491
f 2706/2706/2493 2704/2704/2491 2705/2705/2492
f 2705/2705/2492 2707/2707/2494 2706/2706/2493
f 2708/2708/2495 2709/2709/2496 2710/2710/1727
f 2709/2709/2496 2711/2711/2497 2710/2710/1727
f 2712/2712/961 2710/2710/1727 2711/2711/2497
f 2713/2713/956 2714/2714/953 2711/2711/2497
f 2713/2713/956 2715/2715/2498 2716/2716/2499
f 2717/2717/2500 2684/2684/2472 2683/2683/566
f 2689/2689/2477 2687/2687/2475 2690/2690/2478
f 2718/2718/1748 2691/2691/2479 2686/2686/2474
f 2687/2687/2475 2693/2693/2481 2688/2688/2476
f 2694/2694/2482 2696/2696/2483 2692/2692/2480
f 2719/2719/2501 2695/2695/1731 2698/2698/2485
f 2697/2697/2484 2700/2700/2487 2698/2698/2485
f 2720/2720/2502 2702/2702/2489 2701/2701/2488
f 2707/2707/2494 2721/2721/2503 2706/2706/2493
f 2721/2721/2503 2708/2708/2495 2706/2706/2493
f 2722/2722/2504 2711/2711/2497 2709/2709/2496
f 2715/2715/2498 2713/2713/956 2711/2711/2497
f 2723/2723/957 2716/2716/2499 2724/2724/2505
f 2725/2725/2506 2684/2684/2472 2717/2717/2500
f 2690/2690/2478 2691/2691/2479 2726/2726/1746
f 2727/2727/2507 2687/2687/2475 2725/2725/2506
f 2687/2687/2475 2691/2691/2479 2690/2690/2478
f 2718/2718/1748 2686/2686/2474 2688/2688/2476
f 2694/2694/2482 2693/2693/2481 2728/2728/2508
f 2700/2700/2487 2697/2697/2484 2729/2729/2509
f 2730/2730/1742 2698/2698/2485 2699/2699/2486
f 2731/2731/2510 2705/2705/2492 2703/2703/2490
f 2707/2707/2494 2705/2705/2492 2731/2731/2510
f 2721/2721/2503 2707/2707/2494 2732/2732/2511
f 2722/2722/2504 2709/2709/2496 2721/2721/2503
f 2733/2733/1725 2706/2706/2493 2708/2708/2495
f 2708/2708/2495 2721/2721/2503 2709/2709/2496
f 2708/2708/2495 2710/2710/1727 2734/2734/2512
f 2712/2712/961 2711/2711/2497 2735/2735/962
f 2712/2712/961 2736/2736/2513 2710/2710/1727
f 2737/2737/959 2711/2711/2497 2714/2714/953
f 2727/2727/2507 2725/2725/2506 2717/2717/2500
f 2694/2694/2482 2697/2697/2484 2738/2738/2514
f 2694/2694/2482 2738/2738/2514 2696/2696/2483
f 2739/2739/2515 2700/2700/2487 2729/2729/2509
f 2701/2701/2488 2740/2740/2516 2741/2741/2517
f 2703/2703/2490 2702/2702/2489 2720/2720/2502
f 2742/2742/1729 2706/2706/2493 2733/2733/1725
f 2732/2732/2511 2722/2722/2504 2721/2721/2503
f 2733/2733/1725 2708/2708/2495 2734/2734/2512
f 2717/2717/2500 2743/2743/574 2744/2744/2518
f 2743/2743/574 2717/2717/2500 2683/2683/566
f 2700/2700/2487 2740/2740/2516 2701/2701/2488
f 2745/2745/2519 2701/2701/2488 2741/2741/2517
f 2702/2702/2489 2704/2704/2491 2746/2746/1745
f 2704/2704/2491 2706/2706/2493 2747/2747/1735
f 2742/2742/1729 2747/2747/1735 2706/2706/2493
f 2748/2748/2520 2715/2715/2498 2722/2722/2504
f 2722/2722/2504 2715/2715/2498 2711/2711/2497
f 2749/2749/2521 2716/2716/2499 2715/2715/2498
f 2680/2680/572 2682/2682/2471 2750/2750/2522
f 2685/2685/2473 2684/2684/2472 2681/2681/2470
f 2682/2682/2471 2751/2751/2523 2750/2750/2522
f 2693/2693/2481 2687/2687/2475 2728/2728/2508
f 2693/2693/2481 2752/2752/1754 2688/2688/2476
f 2753/2753/2524 2699/2699/2486 2702/2702/2489
f 2746/2746/1745 2753/2753/2524 2702/2702/2489
f 2745/2745/2519 2720/2720/2502 2701/2701/2488
f 2703/2703/2490 2720/2720/2502 2745/2745/2519
f 2715/2715/2498 2748/2748/2520 2749/2749/2521
f 2754/2754/950 2749/2749/2521 2755/2755/958
f 2737/2737/959 2735/2735/962 2711/2711/2497
f 2684/2684/2472 2689/2689/2477 2681/2681/2470
f 2690/2690/2478 2751/2751/2523 2682/2682/2471
f 2684/2684/2472 2725/2725/2506 2689/2689/2477
f 2725/2725/2506 2687/2687/2475 2689/2689/2477
f 2756/2756/1751 2718/2718/1748 2688/2688/2476
f 2757/2757/1720 2752/2752/1754 2693/2693/2481
f 2758/2758/2525 2694/2694/2482 2728/2728/2508
f 2696/2696/2483 2738/2738/2514 2697/2697/2484
f 2729/2729/2509 2697/2697/2484 2759/2759/2526
f 2729/2729/2509 2759/2759/2526 2739/2739/2515
f 2730/2730/1742 2719/2719/2501 2698/2698/2485
f 2739/2739/2515 2760/2760/2527 2700/2700/2487
f 2744/2744/2518 2761/2761/578 2762/2762/2528
f 2717/2717/2500 2763/2763/2529 2727/2727/2507
f 2718/2718/1748 2726/2726/1746 2691/2691/2479
f 2687/2687/2475 2727/2727/2507 2764/2764/2530
f 2756/2756/1751 2688/2688/2476 2752/2752/1754
f 2758/2758/2525 2697/2697/2484 2694/2694/2482
f 2759/2759/2526 2697/2697/2484 2758/2758/2525
f 2760/2760/2527 2739/2739/2515 2759/2759/2526
f 2753/2753/2524 2730/2730/1742 2699/2699/2486
f 2765/2765/2531 2703/2703/2490 2745/2745/2519
f 2716/2716/2499 2749/2749/2521 2724/2724/2505
f 2754/2754/950 2724/2724/2505 2749/2749/2521
f 2744/2744/2518 2743/2743/574 2761/2761/578
f 2766/2766/2532 2717/2717/2500 2744/2744/2518
f 2726/2726/1746 2751/2751/2523 2690/2690/2478
f 2766/2766/2532 2763/2763/2529 2717/2717/2500
f 2760/2760/2527 2740/2740/2516 2700/2700/2487
f 2767/2767/2533 2741/2741/2517 2740/2740/2516
f 2767/2767/2533 2765/2765/2531 2741/2741/2517
f 2768/2768/2534 2769/2769/2535 2765/2765/2531
f 2765/2765/2531 2769/2769/2535 2703/2703/2490
f 2770/2770/2536 2731/2731/2510 2769/2769/2535
f 2771/2771/2537 2731/2731/2510 2770/2770/2536
f 2771/2771/2537 2707/2707/2494 2731/2731/2510
f 2771/2771/2537 2732/2732/2511 2707/2707/2494
f 2772/2772/2538 2732/2732/2511 2771/2771/2537
f 2772/2772/2538 2773/2773/2539 2732/2732/2511
f 2748/2748/2520 2732/2732/2511 2773/2773/2539
f 2732/2732/2511 2748/2748/2520 2722/2722/2504
f 2773/2773/2539 2774/2774/2540 2748/2748/2520
f 2774/2774/2540 2749/2749/2521 2748/2748/2520
f 2749/2749/2521 2774/2774/2540 2775/2775/2541
f 2775/2775/2541 2755/2755/958 2749/2749/2521
f 2776/2776/2542 2755/2755/958 2775/2775/2541
f 2762/2762/2528 2761/2761/578 2777/2777/580
f 2763/2763/2529 2766/2766/2532 2778/2778/2543
f 2763/2763/2529 2764/2764/2530 2727/2727/2507
f 2779/2779/2544 2764/2764/2530 2763/2763/2529
f 2780/2780/2545 2728/2728/2508 2764/2764/2530
f 2687/2687/2475 2764/2764/2530 2728/2728/2508
f 2781/2781/2546 2760/2760/2527 2759/2759/2526
f 2781/2781/2546 2740/2740/2516 2760/2760/2527
f 2741/2741/2517 2765/2765/2531 2745/2745/2519
f 2782/2782/2547 2768/2768/2534 2765/2765/2531
f 2783/2783/2548 2769/2769/2535 2768/2768/2534
f 2770/2770/2536 2769/2769/2535 2783/2783/2548
f 2703/2703/2490 2769/2769/2535 2731/2731/2510
f 2766/2766/2532 2744/2744/2518 2762/2762/2528
f 2763/2763/2529 2778/2778/2543 2779/2779/2544
f 2764/2764/2530 2779/2779/2544 2780/2780/2545
f 2759/2759/2526 2758/2758/2525 2784/2784/2549
f 2767/2767/2533 2740/2740/2516 2781/2781/2546
f 2767/2767/2533 2782/2782/2547 2765/2765/2531
f 2771/2771/2537 2770/2770/2536 2785/2785/2550
f 2786/2786/2551 2776/2776/2542 2775/2775/2541
f 2787/2787/2552 2788/2788/2553 2789/2789/2315
f 2766/2766/2532 2762/2762/2528 2778/2778/2543
f 2781/2781/2546 2759/2759/2526 2784/2784/2549
f 2790/2790/968 2791/2791/2554 2792/2792/967
f 2793/2793/2555 2788/2788/2553 2787/2787/2552
f 2788/2788/2553 2793/2793/2555 2777/2777/580
f 2794/2794/2556 2795/2795/2557 2796/2796/2558
f 2797/2797/2559 2794/2794/2556 2796/2796/2558
f 2798/2798/2560 2799/2799/2561 2797/2797/2559
f 2798/2798/2560 2797/2797/2559 2796/2796/2558
f 2798/2798/2560 2794/2794/2556 2799/2799/2561
f 2800/2800/2562 2798/2798/2560 2801/2801/2563
f 2802/2802/2564 2780/2780/2545 2779/2779/2544
f 2803/2803/2565 2728/2728/2508 2780/2780/2545
f 2758/2758/2525 2728/2728/2508 2804/2804/2566
f 2767/2767/2533 2781/2781/2546 2805/2805/2567
f 2805/2805/2567 2806/2806/2568 2767/2767/2533
f 2782/2782/2547 2767/2767/2533 2806/2806/2568
f 2782/2782/2547 2807/2807/2569 2768/2768/2534
f 2807/2807/2569 2783/2783/2548 2768/2768/2534
f 2795/2795/2557 2808/2808/2570 2796/2796/2558
f 2800/2800/2562 2795/2795/2557 2794/2794/2556
f 2794/2794/2556 2809/2809/2571 2799/2799/2561
f 2796/2796/2558 2809/2809/2571 2798/2798/2560
f 2773/2773/2539 2775/2775/2541 2774/2774/2540
f 2810/2810/2572 2792/2792/967 2791/2791/2554
f 2792/2792/967 2811/2811/2573 2812/2812/966
f 2813/2813/2574 2787/2787/2552 2814/2814/2575
f 2793/2793/2555 2762/2762/2528 2777/2777/580
f 2813/2813/2574 2762/2762/2528 2793/2793/2555
f 2813/2813/2574 2778/2778/2543 2762/2762/2528
f 2815/2815/2576 2816/2816/2577 2804/2804/2566
f 2816/2816/2577 2784/2784/2549 2758/2758/2525
f 2817/2817/2578 2805/2805/2567 2781/2781/2546
f 2770/2770/2536 2783/2783/2548 2785/2785/2550
f 2795/2795/2557 2783/2783/2548 2818/2818/2579
f 2783/2783/2548 2795/2795/2557 2785/2785/2550
f 2795/2795/2557 2818/2818/2579 2808/2808/2570
f 2800/2800/2562 2771/2771/2537 2785/2785/2550
f 2808/2808/2570 2818/2818/2579 2819/2819/2580
f 2809/2809/2571 2794/2794/2556 2808/2808/2570
f 2798/2798/2560 2800/2800/2562 2794/2794/2556
f 2801/2801/2563 2820/2820/2581 2773/2773/2539
f 2820/2820/2581 2791/2791/2554 2773/2773/2539
f 2791/2791/2554 2820/2820/2581 2821/2821/2582
f 2791/2791/2554 2821/2821/2582 2810/2810/2572
f 2791/2791/2554 2790/2790/968 2775/2775/2541
f 2775/2775/2541 2790/2790/968 2786/2786/2551
f 2789/2789/2315 2822/2822/2583 2787/2787/2552
f 2787/2787/2552 2813/2813/2574 2793/2793/2555
f 2823/2823/2584 2813/2813/2574 2814/2814/2575
f 2778/2778/2543 2802/2802/2564 2779/2779/2544
f 2824/2824/2585 2802/2802/2564 2825/2825/2586
f 2802/2802/2564 2803/2803/2565 2780/2780/2545
f 2803/2803/2565 2804/2804/2566 2728/2728/2508
f 2816/2816/2577 2758/2758/2525 2804/2804/2566
f 2817/2817/2578 2781/2781/2546 2784/2784/2549
f 2806/2806/2568 2826/2826/2587 2782/2782/2547
f 2827/2827/2588 2828/2828/2589 2829/2829/2590
f 2826/2826/2587 2807/2807/2569 2782/2782/2547
f 2826/2826/2587 2827/2827/2588 2807/2807/2569
f 2827/2827/2588 2830/2830/2591 2807/2807/2569
f 2830/2830/2591 2783/2783/2548 2807/2807/2569
f 2830/2830/2591 2818/2818/2579 2783/2783/2548
f 2785/2785/2550 2795/2795/2557 2800/2800/2562
f 2819/2819/2580 2809/2809/2571 2808/2808/2570
f 2798/2798/2560 2809/2809/2571 2801/2801/2563
f 2801/2801/2563 2809/2809/2571 2819/2819/2580
f 2800/2800/2562 2801/2801/2563 2771/2771/2537
f 2801/2801/2563 2772/2772/2538 2771/2771/2537
f 2801/2801/2563 2819/2819/2580 2820/2820/2581
f 2820/2820/2581 2819/2819/2580 2831/2831/2592
f 2801/2801/2563 2773/2773/2539 2772/2772/2538
f 2832/2832/2332 2810/2810/2572 2821/2821/2582
f 2791/2791/2554 2775/2775/2541 2773/2773/2539
f 2813/2813/2574 2823/2823/2584 2778/2778/2543
f 2833/2833/2323 2823/2823/2584 2814/2814/2575
f 2823/2823/2584 2802/2802/2564 2778/2778/2543
f 2834/2834/2326 2825/2825/2586 2823/2823/2584
f 2802/2802/2564 2823/2823/2584 2825/2825/2586
f 2802/2802/2564 2824/2824/2585 2803/2803/2565
f 2835/2835/2593 2803/2803/2565 2824/2824/2585
f 2835/2835/2593 2815/2815/2576 2803/2803/2565
f 2815/2815/2576 2804/2804/2566 2803/2803/2565
f 2836/2836/2346 2816/2816/2577 2815/2815/2576
f 2784/2784/2549 2816/2816/2577 2817/2817/2578
f 2837/2837/2594 2817/2817/2578 2816/2816/2577
f 2838/2838/2595 2805/2805/2567 2817/2817/2578
f 2805/2805/2567 2838/2838/2595 2839/2839/2596
f 2806/2806/2568 2805/2805/2567 2839/2839/2596
f 2806/2806/2568 2839/2839/2596 2828/2828/2589
f 2828/2828/2589 2826/2826/2587 2806/2806/2568
f 2826/2826/2587 2828/2828/2589 2827/2827/2588
f 2829/2829/2590 2830/2830/2591 2827/2827/2588
f 2830/2830/2591 2829/2829/2590 2818/2818/2579
f 2840/2840/2597 2819/2819/2580 2818/2818/2579
f 2831/2831/2592 2819/2819/2580 2840/2840/2597
f 2820/2820/2581 2832/2832/2332 2821/2821/2582
f 2841/2841/2598 2814/2814/2575 2787/2787/2552
f 2814/2814/2575 2841/2841/2598 2833/2833/2323
f 2823/2823/2584 2833/2833/2323 2834/2834/2326
f 2842/2842/2599 2824/2824/2585 2825/2825/2586
f 2835/2835/2593 2843/2843/2600 2815/2815/2576
f 2843/2843/2600 2836/2836/2346 2815/2815/2576
f 2838/2838/2595 2844/2844/2601 2839/2839/2596
f 2820/2820/2581 2831/2831/2592 2845/2845/2333
f 2845/2845/2333 2832/2832/2332 2820/2820/2581
f 2835/2835/2593 2824/2824/2585 2842/2842/2599
f 2816/2816/2577 2836/2836/2346 2837/2837/2594
f 2817/2817/2578 2837/2837/2594 2846/2846/2602
f 2817/2817/2578 2846/2846/2602 2844/2844/2601
f 2838/2838/2595 2817/2817/2578 2844/2844/2601
f 2828/2828/2589 2839/2839/2596 2844/2844/2601
f 2847/2847/2340 2829/2829/2590 2828/2828/2589
f 2848/2848/2342 2818/2818/2579 2829/2829/2590
f 2840/2840/2597 2818/2818/2579 2848/2848/2342
f 2810/2810/2572 2832/2832/2332 2849/2849/2603
f 2792/2792/967 2810/2810/2572 2849/2849/2603
f 2842/2842/2599 2825/2825/2586 2834/2834/2326
f 2847/2847/2340 2828/2828/2589 2844/2844/2601
f 2792/2792/967 2849/2849/2603 2811/2811/2573
f 2841/2841/2598 2787/2787/2552 2822/2822/2583
f 2843/2843/2600 2835/2835/2593 2842/2842/2599
f 2850/2850/2558 2851/2851/2604 2852/2852/2605
f 2852/2852/2605 2853/2853/2606 2850/2850/2558
f 2854/2854/2607 2855/2855/2570 2856/2856/2556
f 2854/2854/2607 2856/2856/2556 2857/2857/2559
f 2858/2858/2608 2859/2859/2571 2854/2854/2607
f 2858/2858/2608 2854/2854/2607 2857/2857/2559
f 2860/2860/2609 2861/2861/2610 2862/2862/185
f 2863/2863/2611 2862/2862/185 2861/2861/2610
f 2864/2864/1758 2865/2865/2612 2866/2866/2613
f 2867/2867/2614 2868/2868/2615 2869/2869/1771
f 2870/2870/1778 2867/2867/2614 2869/2869/1771
f 2871/2871/2616 2872/2872/2617 2873/2873/1765
f 2874/2874/2618 2873/2873/1765 2875/2875/2619
f 2876/2876/2620 2875/2875/2619 2877/2877/2621
f 2878/2878/2622 2876/2876/2620 2877/2877/2621
f 2879/2879/2623 2865/2865/2612 2863/2863/2611
f 2880/2880/2624 2881/2881/2625 2882/2882/1762
f 2883/2883/1535 2884/2884/2626 2885/2885/2627
f 2886/2886/1761 2887/2887/2628 2882/2882/1762
f 2886/2886/1761 2888/2888/2629 2887/2887/2628
f 2889/2889/2630 2890/2890/2631 2891/2891/2632
f 2869/2869/1771 2868/2868/2615 2888/2888/2629
f 2889/2889/2630 2892/2892/2633 2893/2893/1536
f 2870/2870/1778 2894/2894/2634 2895/2895/2635
f 2896/2896/1543 2897/2897/1538 2898/2898/2636
f 2899/2899/2637 2896/2896/1543 2900/2900/2638
f 2899/2899/2637 2900/2900/2638 2901/2901/2639
f 2902/2902/2640 2903/2903/2641 2904/2904/1521
f 2905/2905/2642 2906/2906/2643 2907/2907/2644
f 2907/2907/2644 2906/2906/2643 2884/2884/2626
f 2906/2906/2643 2885/2885/2627 2884/2884/2626
f 2908/2908/1545 2909/2909/1526 2883/2883/1535
f 2891/2891/2632 2890/2890/2631 2908/2908/1545
f 2910/2910/1522 2893/2893/1536 2911/2911/2645
f 2912/2912/1527 2910/2910/1522 2913/2913/2646
f 2913/2913/2646 2914/2914/2647 2912/2912/1527
f 2914/2914/2647 2915/2915/1520 2912/2912/1527
f 2916/2916/2648 2915/2915/1520 2914/2914/2647
f 2916/2916/2648 2917/2917/1537 2915/2915/1520
f 2917/2917/1537 2916/2916/2648 2918/2918/2649
f 2919/2919/1524 2917/2917/1537 2918/2918/2649
f 2918/2918/2649 2898/2898/2636 2919/2919/1524
f 2898/2898/2636 2897/2897/1538 2919/2919/1524
f 2871/2871/2616 2873/2873/1765 2874/2874/2618
f 2901/2901/2639 2920/2920/2650 2899/2899/2637
f 2878/2878/2622 2877/2877/2621 2921/2921/2651
f 2922/2922/2652 2923/2923/587 2924/2924/2653
f 2925/2925/1546 2926/2926/2654 2927/2927/2655
f 2928/2928/2656 2929/2929/2657 2930/2930/2658
f 2891/2891/2632 2892/2892/2633 2889/2889/2630
f 2893/2893/1536 2892/2892/2633 2911/2911/2645
f 2910/2910/1522 2911/2911/2645 2913/2913/2646
f 2876/2876/2620 2874/2874/2618 2875/2875/2619
f 2931/2931/2659 2920/2920/2650 2932/2932/2660
f 2933/2933/2661 2902/2902/2640 2931/2931/2659
f 2934/2934/2662 2935/2935/1529 2904/2904/1521
f 2863/2863/2611 2861/2861/2610 2879/2879/2623
f 2936/2936/2663 2937/2937/1540 2928/2928/2656
f 2881/2881/2625 2905/2905/2642 2938/2938/1782
f 2880/2880/2624 2905/2905/2642 2881/2881/2625
f 2882/2882/1762 2939/2939/2664 2880/2880/2624
f 2882/2882/1762 2887/2887/2628 2939/2939/2664
f 2885/2885/2627 2908/2908/1545 2883/2883/1535
f 2891/2891/2632 2908/2908/1545 2940/2940/2665
f 2872/2872/2617 2895/2895/2635 2894/2894/2634
f 2916/2916/2648 2941/2941/2666 2918/2918/2649
f 2898/2898/2636 2900/2900/2638 2896/2896/1543
f 2878/2878/2622 2900/2900/2638 2876/2876/2620
f 2900/2900/2638 2878/2878/2622 2901/2901/2639
f 2933/2933/2661 2931/2931/2659 2932/2932/2660
f 2934/2934/2662 2860/2860/2609 2935/2935/1529
f 2942/2942/2667 2923/2923/587 2922/2922/2652
f 2880/2880/2624 2939/2939/2664 2905/2905/2642
f 2939/2939/2664 2906/2906/2643 2905/2905/2642
f 2906/2906/2643 2939/2939/2664 2885/2885/2627
f 2885/2885/2627 2887/2887/2628 2940/2940/2665
f 2885/2885/2627 2940/2940/2665 2908/2908/1545
f 2887/2887/2628 2888/2888/2629 2940/2940/2665
f 2868/2868/2615 2892/2892/2633 2891/2891/2632
f 2892/2892/2633 2868/2868/2615 2867/2867/2614
f 2867/2867/2614 2911/2911/2645 2892/2892/2633
f 2870/2870/1778 2895/2895/2635 2867/2867/2614
f 2895/2895/2635 2916/2916/2648 2914/2914/2647
f 2941/2941/2666 2895/2895/2635 2872/2872/2617
f 2941/2941/2666 2872/2872/2617 2871/2871/2616
f 2871/2871/2616 2918/2918/2649 2941/2941/2666
f 2871/2871/2616 2898/2898/2636 2918/2918/2649
f 2874/2874/2618 2876/2876/2620 2898/2898/2636
f 2900/2900/2638 2898/2898/2636 2876/2876/2620
f 2878/2878/2622 2921/2921/2651 2901/2901/2639
f 2901/2901/2639 2932/2932/2660 2920/2920/2650
f 2943/2943/1768 2944/2944/2668 2945/2945/2669
f 2903/2903/2641 2946/2946/2670 2904/2904/1521
f 2924/2924/2653 2947/2947/2671 2922/2922/2652
f 2948/2948/1770 2947/2947/2671 2924/2924/2653
f 2929/2929/2657 2925/2925/1546 2930/2930/2658
f 2949/2949/2672 2937/2937/1540 2907/2907/2644
f 2905/2905/2642 2950/2950/2673 2938/2938/1782
f 2885/2885/2627 2939/2939/2664 2887/2887/2628
f 2940/2940/2665 2888/2888/2629 2891/2891/2632
f 2888/2888/2629 2868/2868/2615 2891/2891/2632
f 2867/2867/2614 2913/2913/2646 2911/2911/2645
f 2867/2867/2614 2895/2895/2635 2913/2913/2646
f 2895/2895/2635 2914/2914/2647 2913/2913/2646
f 2941/2941/2666 2916/2916/2648 2895/2895/2635
f 2871/2871/2616 2874/2874/2618 2898/2898/2636
f 2922/2922/2652 2951/2951/2674 2942/2942/2667
f 2952/2952/2675 2921/2921/2651 2953/2953/1785
f 2945/2945/2669 2954/2954/1766 2943/2943/1768
f 2955/2955/2676 2944/2944/2668 2956/2956/1781
f 2934/2934/2662 2904/2904/1521 2946/2946/2670
f 2865/2865/2612 2879/2879/2623 2866/2866/2613
f 2942/2942/2667 2951/2951/2674 2927/2927/2655
f 2951/2951/2674 2925/2925/1546 2927/2927/2655
f 2948/2948/1770 2957/2957/1767 2958/2958/2677
f 2952/2952/2675 2953/2953/1785 2954/2954/1766
f 2948/2948/1770 2958/2958/2677 2947/2947/2671
f 2930/2930/2658 2936/2936/2663 2928/2928/2656
f 2957/2957/1767 2959/2959/1780 2960/2960/2678
f 2961/2961/1776 2962/2962/2679 2959/2959/1780
f 2938/2938/1782 2962/2962/2679 2961/2961/1776
f 2902/2902/2640 2933/2933/2661 2903/2903/2641
f 2955/2955/2676 2956/2956/1781 2963/2963/2680
f 2861/2861/2610 2860/2860/2609 2934/2934/2662
f 2951/2951/2674 2930/2930/2658 2925/2925/1546
f 2958/2958/2677 2957/2957/1767 2960/2960/2678
f 2959/2959/1780 2962/2962/2679 2960/2960/2678
f 2950/2950/2673 2962/2962/2679 2938/2938/1782
f 2905/2905/2642 2907/2907/2644 2950/2950/2673
f 2921/2921/2651 2952/2952/2675 2901/2901/2639
f 2933/2933/2661 2932/2932/2660 2964/2964/2681
f 2933/2933/2661 2964/2964/2681 2965/2965/2682
f 2965/2965/2682 2903/2903/2641 2933/2933/2661
f 2963/2963/2680 2966/2966/2683 2955/2955/2676
f 2963/2963/2680 2866/2866/2613 2966/2966/2683
f 2922/2922/2652 2947/2947/2671 2951/2951/2674
f 2947/2947/2671 2967/2967/2684 2951/2951/2674
f 2951/2951/2674 2967/2967/2684 2930/2930/2658
f 2947/2947/2671 2958/2958/2677 2967/2967/2684
f 2958/2958/2677 2960/2960/2678 2967/2967/2684
f 2967/2967/2684 2960/2960/2678 2968/2968/2685
f 2967/2967/2684 2968/2968/2685 2930/2930/2658
f 2968/2968/2685 2936/2936/2663 2930/2930/2658
f 2960/2960/2678 2962/2962/2679 2968/2968/2685
f 2968/2968/2685 2962/2962/2679 2936/2936/2663
f 2950/2950/2673 2937/2937/1540 2936/2936/2663
f 2962/2962/2679 2950/2950/2673 2936/2936/2663
f 2950/2950/2673 2907/2907/2644 2937/2937/1540
f 2964/2964/2681 2901/2901/2639 2952/2952/2675
f 2964/2964/2681 2932/2932/2660 2901/2901/2639
f 2969/2969/2686 2952/2952/2675 2954/2954/1766
f 2952/2952/2675 2969/2969/2686 2964/2964/2681
f 2969/2969/2686 2965/2965/2682 2964/2964/2681
f 2954/2954/1766 2945/2945/2669 2969/2969/2686
f 2945/2945/2669 2965/2965/2682 2969/2969/2686
f 2945/2945/2669 2970/2970/2687 2965/2965/2682
f 2944/2944/2668 2955/2955/2676 2945/2945/2669
f 2970/2970/2687 2903/2903/2641 2965/2965/2682
f 2955/2955/2676 2970/2970/2687 2945/2945/2669
f 2903/2903/2641 2970/2970/2687 2946/2946/2670
f 2955/2955/2676 2966/2966/2683 2970/2970/2687
f 2970/2970/2687 2966/2966/2683 2946/2946/2670
f 2966/2966/2683 2934/2934/2662 2946/2946/2670
f 2879/2879/2623 2966/2966/2683 2866/2866/2613
f 2966/2966/2683 2861/2861/2610 2934/2934/2662
f 2966/2966/2683 2879/2879/2623 2861/2861/2610
f 2971/2971/2688 2972/2972/2689 2973/2973/588
f 2974/2974/2690 2975/2975/2691 2976/2976/2692
f 2977/2977/2366 2974/2974/2690 2978/2978/2693
f 2976/2976/2692 2978/2978/2693 2974/2974/2690
f 2978/2978/2693 2979/2979/2694 2977/2977/2366
f 2977/2977/2366 2980/2980/2695 2981/2981/2359
f 2980/2980/2695 2982/2982/2696 2981/2981/2359
f 2982/2982/2696 2983/2983/2697 2981/2981/2359
f 2984/2984/2698 2983/2983/2697 2982/2982/2696
f 2983/2983/2697 2984/2984/2698 2985/2985/2699
f 2986/2986/2700 2987/2987/2375 2985/2985/2699
f 2988/2988/2701 2987/2987/2375 2986/2986/2700
f 2989/2989/2360 2987/2987/2375 2988/2988/2701
f 2990/2990/2702 2991/2991/2379 2989/2989/2360
f 2992/2992/2368 2991/2991/2379 2990/2990/2702
f 2992/2992/2368 2993/2993/2703 2994/2994/2350
f 2993/2993/2703 2995/2995/2704 2994/2994/2350
f 2995/2995/2704 2996/2996/2362 2994/2994/2350
f 2997/2997/2369 2998/2998/2705 2999/2999/2370
f 3000/3000/2706 3001/3001/2249 3002/3002/2248
f 3003/3003/2707 3004/3004/2708 3005/3005/2252
f 3003/3003/2707 3006/3006/2709 3004/3004/2708
f 3007/3007/2243 3006/3006/2709 3003/3003/2707
f 3006/3006/2709 3007/3007/2243 3008/3008/2238
f 3008/3008/2238 3009/3009/2710 3006/3006/2709
f 3009/3009/2710 3008/3008/2238 3010/3010/2711
f 3011/3011/2712 3009/3009/2710 3010/3010/2711
f 2986/2986/2700 2985/2985/2699 2984/2984/2698
f 3011/3011/2712 3010/3010/2711 3012/3012/2713
f 2988/2988/2701 2990/2990/2702 2989/2989/2360
f 3013/3013/2714 3012/3012/2713 3014/3014/2715
f 3014/3014/2715 3015/3015/2716 3016/3016/2717
f 3017/3017/2234 3018/3018/2718 3015/3015/2716
f 3017/3017/2234 3019/3019/2719 3018/3018/2718
f 3020/3020/2720 2996/2996/2362 2995/2995/2704
f 3017/3017/2234 3021/3021/2721 3019/3019/2719
f 2996/2996/2362 3020/3020/2720 3022/3022/2374
f 3017/3017/2234 3023/3023/2722 3021/3021/2721
f 3023/3023/2722 3024/3024/2723 3021/3021/2721
f 3024/3024/2723 3023/3023/2722 3001/3001/2249
f 2979/2979/2694 2980/2980/2695 2977/2977/2366
f 3020/3020/2720 2997/2997/2369 3022/3022/2374
f 3001/3001/2249 3000/3000/2706 3024/3024/2723
f 3025/3025/2724 3026/3026/2725 3027/3027/2726
f 3005/3005/2252 3004/3004/2708 2978/2978/2693
f 3028/3028/2727 2982/2982/2696 2980/2980/2695
f 3028/3028/2727 2984/2984/2698 2982/2982/2696
f 3011/3011/2712 2986/2986/2700 2984/2984/2698
f 3013/3013/2714 3014/3014/2715 3029/3029/2728
f 3016/3016/2717 3029/3029/2728 3014/3014/2715
f 3015/3015/2716 3018/3018/2718 3016/3016/2717
f 2998/2998/2705 2997/2997/2369 3000/3000/2706
f 3030/3030/2729 3031/3031/2730 3032/3032/2365
f 3033/3033/2731 3034/3034/2732 3005/3005/2252
f 3033/3033/2731 2978/2978/2693 2976/2976/2692
f 3005/3005/2252 2978/2978/2693 3033/3033/2731
f 2979/2979/2694 2978/2978/2693 3004/3004/2708
f 3004/3004/2708 2980/2980/2695 2979/2979/2694
f 3004/3004/2708 3006/3006/2709 2980/2980/2695
f 3006/3006/2709 3009/3009/2710 3028/3028/2727
f 3009/3009/2710 3011/3011/2712 3028/3028/2727
f 3028/3028/2727 3011/3011/2712 2984/2984/2698
f 3011/3011/2712 3013/3013/2714 2988/2988/2701
f 3012/3012/2713 3013/3013/2714 3011/3011/2712
f 3013/3013/2714 2990/2990/2702 2988/2988/2701
f 2992/2992/2368 3029/3029/2728 2993/2993/2703
f 3018/3018/2718 2995/2995/2704 2993/2993/2703
f 3019/3019/2719 3020/3020/2720 3018/3018/2718
f 3021/3021/2721 3020/3020/2720 3019/3019/2719
f 3021/3021/2721 3024/3024/2723 3020/3020/2720
f 3024/3024/2723 3000/3000/2706 2997/2997/2369
f 3035/3035/2382 3036/3036/2733 3037/3037/977
f 3038/3038/592 3039/3039/2734 3040/3040/2735
f 3038/3038/592 3041/3041/2736 3042/3042/2737
f 3042/3042/2737 3041/3041/2736 3043/3043/2251
f 3006/3006/2709 3028/3028/2727 2980/2980/2695
f 3011/3011/2712 2988/2988/2701 2986/2986/2700
f 3029/3029/2728 2990/2990/2702 3013/3013/2714
f 3029/3029/2728 2992/2992/2368 2990/2990/2702
f 3029/3029/2728 3016/3016/2717 2993/2993/2703
f 3018/3018/2718 2993/2993/2703 3016/3016/2717
f 3018/3018/2718 3020/3020/2720 2995/2995/2704
f 3024/3024/2723 2997/2997/2369 3020/3020/2720
f 3044/3044/2738 3045/3045/2254 3046/3046/2739
f 3026/3026/2725 3047/3047/2245 3027/3027/2726
f 2971/2971/2688 3040/3040/2735 3039/3039/2734
f 3048/3048/2740 2971/2971/2688 3039/3039/2734
f 3048/3048/2740 2972/2972/2689 2971/2971/2688
f 2972/2972/2689 3030/3030/2729 3032/3032/2365
f 3049/3049/2373 3031/3031/2730 3050/3050/2741
f 3051/3051/2742 3043/3043/2251 3052/3052/2242
f 3053/3053/2743 3049/3049/2373 3050/3050/2741
f 3033/3033/2731 3054/3054/2258 3034/3034/2732
f 3055/3055/2744 2999/2999/2370 2998/2998/2705
f 3046/3046/2739 3047/3047/2245 3044/3044/2738
f 3035/3035/2382 3056/3056/2745 3036/3036/2733
f 3042/3042/2737 3039/3039/2734 3038/3038/592
f 3057/3057/2746 3042/3042/2737 3043/3043/2251
f 3052/3052/2242 3058/3058/2747 3051/3051/2742
f 3059/3059/2748 2976/2976/2692 3053/3053/2743
f 2976/2976/2692 2975/2975/2691 3053/3053/2743
f 3055/3055/2744 2998/2998/2705 3000/3000/2706
f 3002/3002/2248 3060/3060/2749 3000/3000/2706
f 3039/3039/2734 3057/3057/2746 3048/3048/2740
f 3048/3048/2740 3030/3030/2729 2972/2972/2689
f 3043/3043/2251 3051/3051/2742 3057/3057/2746
f 3030/3030/2729 3050/3050/2741 3031/3031/2730
f 3059/3059/2748 3053/3053/2743 3050/3050/2741
f 3061/3061/2750 3058/3058/2747 3062/3062/2751
f 3054/3054/2258 3061/3061/2750 3062/3062/2751
f 3054/3054/2258 3033/3033/2731 3061/3061/2750
f 3063/3063/2752 3000/3000/2706 3060/3060/2749
f 3064/3064/2753 3055/3055/2744 3000/3000/2706
f 3060/3060/2749 3065/3065/2754 3063/3063/2752
f 3064/3064/2753 3066/3066/2386 3055/3055/2744
f 3045/3045/2254 3063/3063/2752 3065/3065/2754
f 3067/3067/2755 3056/3056/2745 3068/3068/2756
f 3045/3045/2254 3044/3044/2738 3069/3069/2757
f 3036/3036/2733 3026/3026/2725 3025/3025/2724
f 3057/3057/2746 3039/3039/2734 3042/3042/2737
f 3057/3057/2746 3030/3030/2729 3048/3048/2740
f 3057/3057/2746 3051/3051/2742 3030/3030/2729
f 3051/3051/2742 3070/3070/2758 3030/3030/2729
f 3030/3030/2729 3070/3070/2758 3050/3050/2741
f 3051/3051/2742 3058/3058/2747 3070/3070/2758
f 3050/3050/2741 3070/3070/2758 3059/3059/2748
f 3059/3059/2748 3070/3070/2758 3058/3058/2747
f 3058/3058/2747 3061/3061/2750 3059/3059/2748
f 3061/3061/2750 2976/2976/2692 3059/3059/2748
f 2976/2976/2692 3061/3061/2750 3033/3033/2731
f 3000/3000/2706 3063/3063/2752 3064/3064/2753
f 3071/3071/2759 3066/3066/2386 3064/3064/2753
f 3064/3064/2753 3063/3063/2752 3071/3071/2759
f 3071/3071/2759 3063/3063/2752 3045/3045/2254
f 3071/3071/2759 3068/3068/2756 3066/3066/2386
f 3069/3069/2757 3071/3071/2759 3045/3045/2254
f 3069/3069/2757 3067/3067/2755 3071/3071/2759
f 3071/3071/2759 3067/3067/2755 3068/3068/2756
f 3056/3056/2745 3067/3067/2755 3072/3072/2760
f 3069/3069/2757 3072/3072/2760 3067/3067/2755
f 3044/3044/2738 3072/3072/2760 3069/3069/2757
f 3044/3044/2738 3026/3026/2725 3072/3072/2760
f 3047/3047/2245 3026/3026/2725 3044/3044/2738
f 3056/3056/2745 3072/3072/2760 3036/3036/2733
f 3026/3026/2725 3036/3036/2733 3072/3072/2760
f 3073/3073/2761 3074/3074/2762 3075/3075/2763
f 3075/3075/2763 3074/3074/2762 3076/3076/2764
f 3073/3073/2761 3075/3075/2763 3077/3077/2765
f 3078/3078/2766 3079/3079/22 3080/3080/2767
f 3075/3075/2763 3076/3076/2764 3081/3081/2768
f 3082/3082/2769 3083/3083/2770 3084/3084/2771
f 3082/3082/2769 3084/3084/2771 3079/3079/22
f 3081/3081/2768 3076/3076/2764 3085/3085/4
f 3086/3086/2772 3087/3087/2773 3085/3085/4
f 3079/3079/22 3078/3078/2766 3082/3082/2769
f 3088/3088/23 3089/3089/2774 3080/3080/2767
f 3081/3081/2768 3085/3085/4 3087/3087/2773
f 3082/3082/2769 3090/3090/2775 3083/3083/2770
f 3078/3078/2766 3080/3080/2767 3091/3091/2776
f 3092/3092/2777 3093/3093/191 3094/3094/2778
f 3092/3092/2777 3094/3094/2778 3095/3095/2779
f 3096/3096/2780 3095/3095/2779 3097/3097/2781
f 3095/3095/2779 3098/3098/2782 3097/3097/2781
f 3097/3097/2781 3098/3098/2782 3099/3099/2783
f 3098/3098/2782 3100/3100/2784 3099/3099/2783
f 3073/3073/2761 3077/3077/2765 3101/3101/2785
f 3102/3102/2786 3075/3075/2763 3081/3081/2768
f 3088/3088/23 3103/3103/2787 3104/3104/2788
f 3103/3103/2787 3105/3105/2789 3106/3106/2790
f 3106/3106/2790 3105/3105/2789 3107/3107/2791
f 3105/3105/2789 3108/3108/2792 3107/3107/2791
f 3107/3107/2791 3108/3108/2792 3109/3109/2793
f 3092/3092/2777 3095/3095/2779 3096/3096/2780
f 3102/3102/2786 3081/3081/2768 3087/3087/2773
f 3089/3089/2774 3091/3091/2776 3080/3080/2767
f 3106/3106/2790 3104/3104/2788 3103/3103/2787
f 3109/3109/2793 3108/3108/2792 3110/3110/2794
f 3111/3111/2795 3092/3092/2777 3096/3096/2780
f 3092/3092/2777 3112/3112/2796 3093/3093/191
f 3089/3089/2774 3088/3088/23 3104/3104/2788
f 3113/3113/2797 3096/3096/2780 3097/3097/2781
f 3099/3099/2783 3101/3101/2785 3097/3097/2781
f 3077/3077/2765 3075/3075/2763 3114/3114/2798
f 3087/3087/2773 3086/3086/2772 3115/3115/18
f 3116/3116/2799 3078/3078/2766 3091/3091/2776
f 3117/3117/2800 3104/3104/2788 3106/3106/2790
f 3106/3106/2790 3107/3107/2791 3118/3118/2801
f 3101/3101/2785 3113/3113/2797 3097/3097/2781
f 3104/3104/2788 3117/3117/2800 3089/3089/2774
f 3119/3119/2802 3120/3120/2803 3107/3107/2791
f 3109/3109/2793 3119/3119/2802 3107/3107/2791
f 3121/3121/193 3092/3092/2777 3111/3111/2795
f 3101/3101/2785 3077/3077/2765 3122/3122/2804
f 3114/3114/2798 3075/3075/2763 3102/3102/2786
f 3123/3123/2805 3090/3090/2775 3082/3082/2769
f 3089/3089/2774 3124/3124/2806 3091/3091/2776
f 3117/3117/2800 3106/3106/2790 3118/3118/2801
f 3125/3125/2807 3087/3087/2773 3115/3115/18
f 3126/3126/2808 3090/3090/2775 3123/3123/2805
f 3082/3082/2769 3078/3078/2766 3123/3123/2805
f 3121/3121/193 3112/3112/2796 3092/3092/2777
f 3118/3118/2801 3107/3107/2791 3120/3120/2803
f 3119/3119/2802 3109/3109/2793 3127/3127/2809
f 3111/3111/2795 3096/3096/2780 3128/3128/2810
f 3113/3113/2797 3101/3101/2785 3122/3122/2804
f 3129/3129/2811 3102/3102/2786 3087/3087/2773
f 3096/3096/2780 3113/3113/2797 3128/3128/2810
f 3083/3083/2770 3130/3130/2812 3131/3131/2813
f 3132/3132/85 3127/3127/2809 3109/3109/2793
f 3122/3122/2804 3077/3077/2765 3133/3133/2814
f 3090/3090/2775 3130/3130/2812 3083/3083/2770
f 3123/3123/2805 3078/3078/2766 3116/3116/2799
f 3128/3128/2810 3113/3113/2797 3122/3122/2804
f 3134/3134/54 3135/3135/51 3136/3136/2815
f 3136/3136/2815 3135/3135/51 3137/3137/2816
f 3137/3137/2816 3138/3138/2817 3139/3139/2818
f 3130/3130/2812 3140/3140/2819 3131/3131/2813
f 3123/3123/2805 3116/3116/2799 3141/3141/2820
f 3117/3117/2800 3124/3124/2806 3089/3089/2774
f 3142/3142/2821 3117/3117/2800 3118/3118/2801
f 3143/3143/2822 3121/3121/193 3111/3111/2795
f 3144/3144/2823 3145/3145/2824 3134/3134/54
f 3129/3129/2811 3087/3087/2773 3146/3146/2825
f 3147/3147/2826 3119/3119/2802 3127/3127/2809
f 3125/3125/2807 3146/3146/2825 3087/3087/2773
f 3148/3148/2827 3125/3125/2807 3145/3145/2824
f 3140/3140/2819 3138/3138/2817 3131/3131/2813
f 3141/3141/2820 3126/3126/2808 3123/3123/2805
f 3149/3149/2828 3121/3121/193 3143/3143/2822
f 3077/3077/2765 3114/3114/2798 3150/3150/2829
f 3142/3142/2821 3118/3118/2801 3120/3120/2803
f 3077/3077/2765 3150/3150/2829 3133/3133/2814
f 3148/3148/2827 3145/3145/2824 3144/3144/2823
f 3151/3151/2830 3111/3111/2795 3128/3128/2810
f 3152/3152/2831 3116/3116/2799 3091/3091/2776
f 3144/3144/2823 3134/3134/54 3153/3153/2832
f 3136/3136/2815 3137/3137/2816 3139/3139/2818
f 3141/3141/2820 3116/3116/2799 3152/3152/2831
f 3124/3124/2806 3117/3117/2800 3142/3142/2821
f 3150/3150/2829 3114/3114/2798 3154/3154/2833
f 3155/3155/2834 3120/3120/2803 3119/3119/2802
f 3151/3151/2830 3143/3143/2822 3111/3111/2795
f 3128/3128/2810 3122/3122/2804 3156/3156/2835
f 3153/3153/2832 3134/3134/54 3136/3136/2815
f 3155/3155/2834 3119/3119/2802 3147/3147/2826
f 3154/3154/2833 3114/3114/2798 3102/3102/2786
f 3157/3157/2836 3138/3138/2817 3140/3140/2819
f 3139/3139/2818 3138/3138/2817 3157/3157/2836
f 3152/3152/2831 3091/3091/2776 3124/3124/2806
f 3130/3130/2812 3090/3090/2775 3158/3158/2837
f 3159/3159/2838 3136/3136/2815 3139/3139/2818
f 3156/3156/2835 3122/3122/2804 3133/3133/2814
f 3125/3125/2807 3148/3148/2827 3146/3146/2825
f 3130/3130/2812 3158/3158/2837 3140/3140/2819
f 3160/3160/2839 3128/3128/2810 3156/3156/2835
f 3161/3161/2840 3129/3129/2811 3146/3146/2825
f 3162/3162/2841 3136/3136/2815 3159/3159/2838
f 3163/3163/2842 3140/3140/2819 3158/3158/2837
f 3144/3144/2823 3164/3164/2843 3148/3148/2827
f 3140/3140/2819 3163/3163/2842 3157/3157/2836
f 3165/3165/1010 3141/3141/2820 3152/3152/2831
f 3162/3162/2841 3153/3153/2832 3136/3136/2815
f 3166/3166/1031 3090/3090/2775 3126/3126/2808
f 3142/3142/2821 3167/3167/2844 3124/3124/2806
f 3149/3149/2828 3143/3143/2822 3168/3168/1013
f 3160/3160/2839 3151/3151/2830 3128/3128/2810
f 3129/3129/2811 3161/3161/2840 3102/3102/2786
f 3146/3146/2825 3148/3148/2827 3164/3164/2843
f 3153/3153/2832 3164/3164/2843 3144/3144/2823
f 3139/3139/2818 3157/3157/2836 3169/3169/2845
f 3090/3090/2775 3166/3166/1031 3158/3158/2837
f 3170/3170/2846 3142/3142/2821 3120/3120/2803
f 3133/3133/2814 3150/3150/2829 3171/3171/2847
f 3141/3141/2820 3172/3172/2848 3126/3126/2808
f 3173/3173/2849 3143/3143/2822 3151/3151/2830
f 3174/3174/2850 3153/3153/2832 3162/3162/2841
f 3141/3141/2820 3165/3165/1010 3172/3172/2848
f 3164/3164/2843 3153/3153/2832 3175/3175/2851
f 3139/3139/2818 3169/3169/2845 3159/3159/2838
f 3166/3166/1031 3126/3126/2808 3172/3172/2848
f 3142/3142/2821 3170/3170/2846 3167/3167/2844
f 3176/3176/2852 3150/3150/2829 3154/3154/2833
f 3102/3102/2786 3161/3161/2840 3154/3154/2833
f 3152/3152/2831 3124/3124/2806 3177/3177/1041
f 3170/3170/2846 3120/3120/2803 3155/3155/2834
f 3173/3173/2849 3151/3151/2830 3160/3160/2839
f 3178/3178/2853 3146/3146/2825 3164/3164/2843
f 3166/3166/1031 3179/3179/2854 3158/3158/2837
f 3180/3180/2855 3155/3155/2834 3147/3147/2826
f 3162/3162/2841 3159/3159/2838 3174/3174/2850
f 3165/3165/1010 3152/3152/2831 3181/3181/2856
f 3168/3168/1013 3143/3143/2822 3182/3182/2857
f 3182/3182/2857 3143/3143/2822 3173/3173/2849
f 3170/3170/2846 3155/3155/2834 3183/3183/2858
f 3171/3171/2847 3150/3150/2829 3176/3176/2852
f 3184/3184/2859 3159/3159/2838 3169/3169/2845
f 3167/3167/2844 3177/3177/1041 3124/3124/2806
f 3183/3183/2858 3155/3155/2834 3180/3180/2855
f 3179/3179/2854 3163/3163/2842 3158/3158/2837
f 3167/3167/2844 3170/3170/2846 3185/3185/2860
f 3146/3146/2825 3186/3186/2861 3161/3161/2840
f 3174/3174/2850 3175/3175/2851 3153/3153/2832
f 3187/3187/2862 3157/3157/2836 3163/3163/2842
f 3186/3186/2861 3146/3146/2825 3178/3178/2853
f 3169/3169/2845 3157/3157/2836 3187/3187/2862
f 3188/3188/2863 3172/3172/2848 3165/3165/1010
f 3185/3185/2860 3170/3170/2846 3183/3183/2858
f 3184/3184/2859 3169/3169/2845 3187/3187/2862
f 3178/3178/2853 3164/3164/2843 3175/3175/2851
f 3176/3176/2852 3154/3154/2833 3189/3189/2864
f 3159/3159/2838 3190/3190/2865 3174/3174/2850
f 3160/3160/2839 3191/3191/2866 3173/3173/2849
f 3133/3133/2814 3171/3171/2847 3192/3192/2867
f 3133/3133/2814 3192/3192/2867 3156/3156/2835
f 3193/3193/2868 3154/3154/2833 3161/3161/2840
f 3160/3160/2839 3156/3156/2835 3192/3192/2867
f 3184/3184/2859 3190/3190/2865 3159/3159/2838
f 3185/3185/2860 3194/3194/1037 3167/3167/2844
f 3175/3175/2851 3174/3174/2850 3195/3195/2869
f 3196/3196/2870 3166/3166/1031 3172/3172/2848
f 3187/3187/2862 3163/3163/2842 3197/3197/2871
f 3166/3166/1031 3198/3198/2872 3179/3179/2854
f 3188/3188/2863 3196/3196/2870 3172/3172/2848
f 3199/3199/2873 3181/3181/2856 3152/3152/2831
f 3152/3152/2831 3177/3177/1041 3199/3199/2873
f 3200/3200/2874 3183/3183/2858 3180/3180/2855
f 3173/3173/2849 3191/3191/2866 3201/3201/2875
f 3193/3193/2868 3189/3189/2864 3154/3154/2833
f 3202/3202/1018 3193/3193/2868 3161/3161/2840
f 3160/3160/2839 3192/3192/2867 3191/3191/2866
f 3175/3175/2851 3203/3203/1054 3178/3178/2853
f 3177/3177/1041 3167/3167/2844 3194/3194/1037
f 3204/3204/2876 3186/3186/2861 3178/3178/2853
f 3202/3202/1018 3161/3161/2840 3186/3186/2861
f 3163/3163/2842 3179/3179/2854 3198/3198/2872
f 3163/3163/2842 3198/3198/2872 3197/3197/2871
f 3203/3203/1054 3204/3204/2876 3178/3178/2853
f 3190/3190/2865 3195/3195/2869 3174/3174/2850
f 3205/3103/36 3206/3205/20 3207/3206/2877
f 3208/3207/26 3209/3208/2878 3207/3206/2877
f 3208/3207/26 3210/3209/2879 3209/3208/2878
f 3207/3206/2877 3211/3210/2880 3205/3103/36
f 3212/3211/30 3210/3209/2879 3208/3207/26
f 3213/3212/2881 3214/3105/2789 3205/3103/36
f 3214/3105/2789 3215/3213/2882 3216/3108/2792
f 3217/3214/2883 3207/3206/2877 3209/3208/2878
f 3214/3105/2789 3213/3212/2881 3215/3213/2882
f 3211/3210/2880 3207/3206/2877 3217/3214/2883
f 3218/3215/67 3219/3216/70 3220/3217/2884
f 3205/3103/36 3211/3210/2880 3213/3212/2881
f 3215/3213/2882 3221/3218/2885 3216/3108/2792
f 3222/3219/2886 3216/3108/2792 3221/3218/2885
f 3223/3110/2794 3216/3108/2792 3222/3219/2886
f 3212/3211/30 3224/3220/2887 3210/3209/2879
f 3225/3221/86 3223/3110/2794 3222/3219/2886
f 3212/3211/30 3226/3222/38 3227/3223/2888
f 3212/3211/30 3227/3223/2888 3224/3220/2887
f 3228/3224/2889 3229/3225/2890 3230/3226/63
f 3231/3227/2891 3227/3223/2888 3226/3222/38
f 3209/3208/2878 3210/3209/2879 3224/3220/2887
f 3213/3212/2881 3211/3210/2880 3215/3213/2882
f 3220/3217/2884 3232/3228/2892 3233/3229/2893
f 3234/3230/2894 3230/3226/63 3235/3231/2895
f 3235/3231/2895 3236/3232/64 3234/3230/2894
f 3226/3222/38 3236/3232/64 3231/3227/2891
f 3222/3219/2886 3237/3233/2896 3225/3221/86
f 3231/3227/2891 3236/3232/64 3235/3231/2895
f 3238/3234/2897 3222/3219/2886 3221/3218/2885
f 3232/3228/2892 3220/3217/2884 3219/3216/70
f 3224/3220/2887 3227/3223/2888 3239/3235/2898
f 3240/3236/2899 3217/3214/2883 3209/3208/2878
f 3230/3226/63 3241/3237/2900 3235/3231/2895
f 3229/3225/2890 3242/3238/2901 3230/3226/63
f 3243/3239/2902 3221/3218/2885 3215/3213/2882
f 3238/3234/2897 3237/3233/2896 3222/3219/2886
f 3232/3228/2892 3219/3216/70 3244/3240/2903
f 3245/3241/2904 3246/3242/2905 3229/3225/2890
f 3209/3208/2878 3224/3220/2887 3247/3243/2906
f 3247/3243/2906 3240/3236/2899 3209/3208/2878
f 3243/3239/2902 3215/3213/2882 3211/3210/2880
f 3211/3210/2880 3217/3214/2883 3248/3244/2907
f 3243/3239/2902 3211/3210/2880 3248/3244/2907
f 3239/3235/2898 3249/3245/2908 3224/3220/2887
f 3232/3228/2892 3250/3246/2909 3233/3229/2893
f 3245/3241/2904 3233/3229/2893 3250/3246/2909
f 3247/3243/2906 3224/3220/2887 3249/3245/2908
f 3229/3225/2890 3246/3242/2905 3242/3238/2901
f 3245/3241/2904 3250/3246/2909 3246/3242/2905
f 3221/3218/2885 3251/3247/2910 3238/3234/2897
f 3252/3248/2911 3239/3235/2898 3227/3223/2888
f 3253/3249/2912 3235/3231/2895 3241/3237/2900
f 3253/3249/2912 3231/3227/2891 3235/3231/2895
f 3252/3248/2911 3227/3223/2888 3231/3227/2891
f 3217/3214/2883 3254/3250/2913 3248/3244/2907
f 3241/3237/2900 3230/3226/63 3242/3238/2901
f 3255/3251/2914 3237/3233/2896 3238/3234/2897
f 3240/3236/2899 3247/3243/2906 3256/3252/2915
f 3257/3253/2916 3246/3242/2905 3250/3246/2909
f 3258/3254/2917 3239/3235/2898 3252/3248/2911
f 3239/3235/2898 3258/3254/2917 3249/3245/2908
f 3259/3255/1550 3217/3214/2883 3240/3236/2899
f 3217/3214/2883 3259/3255/1550 3254/3250/2913
f 3250/3246/2909 3232/3228/2892 3260/3256/1561
f 3251/3247/2910 3221/3218/2885 3243/3239/2902
f 3244/3240/2903 3260/3256/1561 3232/3228/2892
f 3242/3238/2901 3246/3242/2905 3261/3257/2918
f 3243/3239/2902 3248/3244/2907 3262/3258/2919
f 3241/3237/2900 3242/3238/2901 3261/3257/2918
f 3249/3245/2908 3263/3259/2920 3247/3243/2906
f 3252/3248/2911 3231/3227/2891 3264/3260/1554
f 3259/3255/1550 3240/3236/2899 3256/3252/2915
f 3231/3227/2891 3253/3249/2912 3264/3260/1554
f 3260/3256/1561 3244/3240/2903 3265/3261/1562
f 3261/3257/2918 3266/3262/2921 3241/3237/2900
f 3256/3252/2915 3247/3243/2906 3267/3263/2922
f 3249/3245/2908 3258/3254/2917 3268/3264/2923
f 3260/3256/1561 3269/3265/2924 3250/3246/2909
f 3257/3253/2916 3270/3266/2925 3246/3242/2905
f 3263/3259/2920 3249/3245/2908 3268/3264/2923
f 3254/3250/2913 3271/3267/1566 3248/3244/2907
f 3248/3244/2907 3271/3267/1566 3262/3258/2919
f 3243/3239/2902 3262/3258/2919 3251/3247/2910
f 3257/3253/2916 3250/3246/2909 3270/3266/2925
f 3267/3263/2922 3247/3243/2906 3263/3259/2920
f 3251/3247/2910 3272/3268/2926 3238/3234/2897
f 3241/3237/2900 3266/3262/2921 3253/3249/2912
f 3253/3249/2912 3273/3269/1574 3264/3260/1554
f 3261/3257/2918 3246/3242/2905 3270/3266/2925
f 3273/3269/1574 3253/3249/2912 3266/3262/2921
f 3268/3264/2923 3274/3270/1564 3263/3259/2920
f 3238/3234/2897 3275/3271/92 3255/3251/2914
f 3274/3270/1564 3276/3272/2927 3263/3259/2920
f 3250/3246/2909 3269/3265/2924 3270/3266/2925
f 3275/3271/92 3238/3234/2897 3272/3268/2926
f 3276/3272/2927 3277/3273/1556 3263/3259/2920
f 3272/3268/2926 3251/3247/2910 3262/3258/2919
f 3276/3272/2927 3274/3270/1564 3278/3274/2928
f 3278/3274/2928 3274/3270/1564 3279/3275/2929
f 3280/3276/2930 3277/3273/1556 3276/3272/2927
f 3281/3277/16 3282/3278/13 3283/3279/2931
f 3281/3277/16 3283/3279/2931 3284/3280/24
f 3284/3280/24 3283/3279/2931 3285/3281/2932
f 3284/3280/24 3285/3281/2932 3286/3282/34
f 3287/3283/15 3288/3284/2783 3289/3285/2933
f 3290/3286/2934 3282/3278/13 3289/3285/2933
f 3283/3279/2931 3282/3278/13 3290/3286/2934
f 3290/3286/2934 3289/3285/2933 3291/3287/2935
f 3289/3285/2933 3288/3284/2783 3292/3288/2784
f 3293/3289/2782 3294/3290/2936 3295/3291/2937
f 3293/3289/2782 3295/3291/2937 3292/3288/2784
f 3289/3285/2933 3292/3288/2784 3291/3287/2935
f 3296/3292/2778 3297/3293/2938 3294/3290/2936
f 3295/3291/2937 3291/3287/2935 3292/3288/2784
f 3298/3294/2939 3283/3279/2931 3290/3286/2934
f 3294/3290/2936 3297/3293/2938 3295/3291/2937
f 3299/3295/2940 3288/3284/2783 3287/3283/15
f 3297/3293/2938 3296/3292/2778 3300/3296/2941
f 3301/3297/2942 3298/3294/2939 3290/3286/2934
f 3285/3281/2932 3302/3298/2943 3286/3282/34
f 3285/3281/2932 3283/3279/2931 3303/3299/2944
f 3297/3293/2938 3300/3296/2941 3304/3300/199
f 3297/3293/2938 3305/3301/2945 3295/3291/2937
f 3306/3302/2946 3302/3298/2943 3285/3281/2932
f 3291/3287/2935 3295/3291/2937 3305/3301/2945
f 3300/3296/2941 3307/3303/2947 3304/3300/199
f 3290/3286/2934 3291/3287/2935 3301/3297/2942
f 3298/3294/2939 3303/3299/2944 3283/3279/2931
f 3291/3287/2935 3305/3301/2945 3308/3304/2948
f 3308/3304/2948 3301/3297/2942 3291/3287/2935
f 3303/3299/2944 3306/3302/2946 3285/3281/2932
f 3308/3304/2948 3305/3301/2945 3309/3305/2949
f 3297/3293/2938 3304/3300/199 3310/3306/2950
f 3297/3293/2938 3311/3307/2951 3305/3301/2945
f 3301/3297/2942 3308/3304/2948 3298/3294/2939
f 3310/3306/2950 3311/3307/2951 3297/3293/2938
f 3305/3301/2945 3311/3307/2951 3309/3305/2949
f 3310/3306/2950 3304/3300/199 3312/3308/2952
f 3313/3309/2953 3308/3304/2948 3309/3305/2949
f 3313/3309/2953 3298/3294/2939 3308/3304/2948
f 3311/3307/2951 3314/3310/2954 3309/3305/2949
f 3303/3299/2944 3298/3294/2939 3315/3311/2955
f 3303/3299/2944 3316/3312/2956 3306/3302/2946
f 3317/3313/2957 3311/3307/2951 3310/3306/2950
f 3309/3305/2949 3314/3310/2954 3313/3309/2953
f 3317/3313/2957 3310/3306/2950 3312/3308/2952
f 3314/3310/2954 3311/3307/2951 3318/3314/2958
f 3315/3311/2955 3298/3294/2939 3319/3315/2959
f 3303/3299/2944 3315/3311/2955 3316/3312/2956
f 3298/3294/2939 3320/3316/2960 3319/3315/2959
f 3318/3314/2958 3311/3307/2951 3317/3313/2957
f 3298/3294/2939 3313/3309/2953 3320/3316/2960
f 3317/3313/2957 3312/3308/2952 3321/3317/205
f 3306/3302/2946 3316/3312/2956 3322/3318/1104
f 3313/3309/2953 3314/3310/2954 3323/3319/2961
f 3318/3314/2958 3323/3319/2961 3314/3310/2954
f 3323/3319/2961 3320/3316/2960 3313/3309/2953
f 3316/3312/2956 3315/3311/2955 3324/3320/2962
f 3315/3311/2955 3325/3321/1107 3324/3320/2962
f 3319/3315/2959 3320/3316/2960 3326/3322/2963
f 3325/3321/1107 3315/3311/2955 3319/3315/2959
f 3327/3323/1102 3322/3318/1104 3316/3312/2956
f 3317/3313/2957 3328/3324/1101 3318/3314/2958
f 3328/3324/1101 3317/3313/2957 3321/3317/205
f 3327/3323/1102 3316/3312/2956 3324/3320/2962
f 3325/3321/1107 3319/3315/2959 3329/3325/1105
f 3329/3325/1105 3319/3315/2959 3326/3322/2963
f 3326/3322/2963 3320/3316/2960 3323/3319/2961
f 3330/3298/2943 3331/3302/2946 3332/3318/1104
f 3330/3298/2943 3332/3318/1104 3333/3326/2964
f 3334/3327/76 3333/3326/2964 3332/3318/1104
