# Blender 4.2.0
# www.blender.org
mtllib model.mtl
o texture_mapping
v -0.224333 0.064292 0.111381
v -0.225297 0.082862 0.121643
v -0.237500 0.086713 0.088910
v -0.229723 0.069423 0.091064
v -0.213296 0.065416 0.130449
v -0.204213 0.078379 0.143346
v -0.203883 0.053427 0.112479
v -0.199764 0.061524 0.143194
v -0.200709 0.048809 0.141858
v -0.208709 0.042272 0.130373
v -0.190096 0.060321 0.154870
v -0.189442 0.059417 0.148619
v -0.189701 0.065278 0.150822
v -0.199764 0.061524 0.143194
v -0.189438 0.064166 0.138367
v -0.189438 0.064166 0.138367
v -0.199764 0.061524 0.143194
v -0.200709 0.048809 0.141858
v -0.225297 0.082862 0.121643
v -0.224594 0.092796 0.107277
v -0.237500 0.086713 0.088910
v -0.210590 0.096139 0.099470
v -0.202595 0.095555 0.120817
v -0.204213 0.078379 0.143346
v -0.191060 0.088020 0.124236
v -0.193721 0.090767 0.110384
v -0.190096 0.060321 0.154870
v -0.189701 0.065278 0.150822
v -0.191651 0.076792 0.140615
v -0.195931 0.063047 0.109120
v -0.187386 0.068192 0.122035
v -0.175341 0.064169 0.116694
v -0.189701 0.065278 0.150822
v -0.189442 0.059417 0.148619
v -0.199764 0.061524 0.143194
v -0.187826 0.062864 0.097575
v -0.191655 0.066087 0.011488
v -0.174856 0.069474 -0.004642
v -0.181617 0.071412 -0.032803
v -0.188439 0.066436 0.050552
v -0.164536 0.067092 0.020323
v -0.189438 0.064166 0.138367
v -0.189442 0.059417 0.148619
v -0.180885 0.061397 0.141258
v -0.181735 0.059714 0.186243
v -0.178028 0.061542 0.152223
v -0.170111 0.062753 0.089481
v -0.161606 0.116293 -0.076617
v -0.179291 0.076468 -0.062879
v -0.157656 0.092754 -0.065290
v -0.163151 0.070543 -0.055488
v -0.162800 0.065827 -0.026624
v -0.142952 0.124629 -0.074159
v -0.137153 0.139748 -0.075823
v -0.141052 0.152021 -0.084319
v -0.221060 -0.089986 0.364776
v -0.218673 -0.061024 0.363844
v -0.218767 -0.073574 0.347522
v -0.220450 -0.058543 0.345384
v -0.217596 -0.086435 0.349383
v -0.222062 -0.041914 0.334990
v -0.220766 -0.057106 0.330789
v -0.220766 -0.057106 0.330789
v -0.222062 -0.041914 0.334990
v -0.218187 -0.055542 0.324607
v -0.215883 -0.044024 0.312127
v -0.221477 -0.034989 0.320985
v -0.221049 -0.038416 0.305302
v -0.220918 -0.140254 0.320876
v -0.217353 -0.122965 0.305611
v -0.216726 -0.138829 0.304655
v -0.221054 -0.131534 0.258201
v -0.218759 -0.111641 0.247338
v -0.217933 -0.129017 0.238525
v -0.220925 -0.073701 0.236907
v -0.220531 -0.140098 -0.302385
v -0.219830 -0.153762 -0.285471
v -0.215646 -0.137341 -0.286225
v -0.220036 -0.129739 -0.334911
v -0.220935 -0.093952 -0.355792
v -0.218912 -0.132939 -0.352696
v -0.213813 -0.102456 0.347237
v -0.220762 -0.129445 0.350833
v -0.218132 -0.116142 0.344261
v -0.216125 -0.037691 0.353509
v -0.219379 -0.083143 0.338172
v -0.219439 -0.119836 0.330431
v -0.219152 -0.155358 0.326335
v -0.216169 -0.020726 0.328180
v -0.216248 -0.016102 0.295936
v -0.220802 -0.149244 0.293806
v -0.217381 -0.055566 0.302247
v -0.221425 -0.032041 0.297391
v -0.218477 -0.038045 0.285465
v -0.220814 -0.153617 0.275668
v -0.214169 -0.165610 0.297174
v -0.212028 0.011735 0.241073
v -0.220840 0.002612 0.275632
v -0.198546 0.033344 0.317392
v -0.218458 -0.049141 0.279788
v -0.214421 -0.056140 0.286825
v -0.213667 -0.134059 0.273030
v -0.220713 -0.140171 0.279586
v -0.218426 -0.122234 0.286469
v -0.219862 -0.033621 0.262811
v -0.220713 -0.140171 0.279586
v -0.216602 -0.155883 0.259796
v -0.217970 -0.045854 0.258015
v -0.218586 -0.062278 0.270747
v -0.215259 -0.059884 0.270191
v -0.220226 -0.055505 0.254237
v -0.214227 -0.049126 0.231161
v -0.220226 -0.055505 0.254237
v -0.217533 -0.086362 0.223748
v -0.212823 -0.106035 -0.222719
v -0.215085 -0.073872 -0.222875
v -0.219290 -0.094351 -0.238589
v -0.217800 -0.068904 -0.244410
v -0.220612 -0.050996 -0.254728
v -0.217588 -0.053558 -0.198433
v -0.219903 -0.004875 -0.235124
v -0.219021 -0.044305 -0.220145
v -0.220104 -0.117109 -0.242972
v -0.218378 -0.107969 -0.249786
v -0.219950 0.012112 -0.280548
v -0.218092 -0.012390 -0.249951
v -0.217615 -0.145730 -0.252211
v -0.219535 -0.125062 -0.259430
v -0.220319 -0.139194 -0.270882
v -0.219802 -0.035460 -0.250536
v -0.220415 -0.037604 -0.267921
v -0.220521 -0.030380 -0.292654
v -0.217660 -0.051267 -0.282323
v -0.219760 -0.123691 -0.283714
v -0.218469 0.000869 -0.295620
v -0.219065 0.007996 -0.326605
v -0.220578 -0.151666 -0.313241
v -0.219984 -0.132316 -0.313681
v -0.215697 -0.011261 -0.342974
v -0.216142 -0.013496 -0.309372
v -0.220091 -0.039156 -0.334142
v -0.216788 -0.001507 -0.356946
v -0.220215 -0.085007 -0.348313
v -0.218622 -0.081344 -0.333842
v -0.220357 -0.070439 -0.348626
v -0.218104 -0.052484 -0.361626
v -0.219506 -0.080224 -0.368015
v -0.213677 -0.115199 -0.368970
v -0.220762 -0.129445 0.350833
v -0.211741 -0.112249 0.370595
v -0.221060 -0.089986 0.364776
v -0.218799 -0.082775 0.325158
v -0.217479 -0.064419 0.303316
v -0.219701 0.003161 0.321049
v -0.216670 -0.111113 0.266887
v -0.221054 -0.131534 0.258201
v -0.217863 -0.119469 0.264911
v -0.219863 -0.013929 0.239213
v -0.216892 -0.033865 0.222346
v -0.218940 -0.030585 0.212548
v -0.217561 -0.101049 -0.263598
v -0.216089 -0.104968 -0.261477
v -0.211428 -0.056167 -0.266265
v -0.217620 -0.064022 -0.271316
v -0.220612 -0.050996 -0.254728
v -0.215712 -0.051442 -0.287674
v -0.208932 -0.166763 -0.309648
v -0.213328 -0.111483 -0.299292
v -0.217696 -0.029929 -0.367295
v -0.217696 -0.029929 -0.367295
v -0.216788 -0.001507 -0.356946
v -0.213195 -0.027745 -0.383963
v -0.217416 -0.066968 0.314309
v -0.206012 -0.119255 0.256555
v -0.209158 -0.030356 0.237664
v -0.210021 -0.112391 0.220560
v -0.214117 -0.022404 0.211110
v -0.215666 -0.070571 0.205965
v -0.216800 -0.059301 0.198151
v -0.215913 -0.081363 -0.206503
v -0.207668 -0.052238 -0.224398
v -0.210024 -0.077175 -0.272397
v -0.214640 -0.090170 -0.271605
v -0.215984 -0.082821 -0.254556
v -0.205918 -0.168128 -0.282172
v -0.211611 -0.122779 -0.287783
v -0.212220 -0.158126 -0.332938
v -0.212671 -0.025950 -0.343460
v -0.212170 -0.088391 0.374053
v -0.212557 -0.139926 0.355434
v -0.219152 -0.155358 0.326335
v -0.212619 -0.070610 0.290633
v -0.211514 -0.121800 0.282323
v -0.212208 -0.052621 0.092042
v -0.217105 -0.067169 0.038887
v -0.214523 -0.082030 0.076299
v -0.209904 -0.052074 0.012804
v -0.211995 -0.101951 0.048546
v -0.217119 -0.062918 -0.020144
v -0.211966 0.046090 -0.014633
v -0.213746 0.049113 -0.047788
v -0.212674 0.040839 -0.050444
v -0.215289 -0.071257 -0.047535
v -0.216507 -0.056569 -0.083718
v -0.212738 -0.060095 -0.164566
v -0.205463 -0.033879 -0.175994
v -0.207266 0.032790 -0.261094
v -0.211451 -0.013057 -0.277271
v -0.199136 0.047843 -0.322751
v -0.212170 -0.088391 0.374053
v -0.210000 -0.023488 0.344925
v -0.215598 -0.106510 0.313607
v -0.219439 -0.119836 0.330431
v -0.215397 -0.096525 0.315879
v -0.215680 -0.064699 0.294592
v -0.212051 -0.048483 0.198670
v -0.212422 -0.092105 0.135013
v -0.216611 -0.068741 0.154437
v -0.208531 -0.045442 -0.079383
v -0.212336 -0.079159 -0.103118
v -0.214158 -0.061784 -0.125898
v -0.213822 -0.098921 -0.182432
v -0.204288 -0.133550 -0.228632
v -0.203540 -0.054836 -0.260726
v -0.214513 -0.099368 -0.274147
v -0.210052 -0.063333 -0.281642
v -0.213108 -0.095074 -0.288633
v -0.207140 -0.107467 -0.309535
v -0.203743 0.019797 -0.370495
v -0.219065 0.007996 -0.326605
v -0.206189 -0.037215 -0.363936
v -0.205656 0.010746 0.361657
v -0.215636 -0.012190 0.356218
v -0.214910 -0.077957 0.315215
v -0.218799 -0.082775 0.325158
v -0.213299 -0.080184 0.332960
v -0.214910 -0.077957 0.315215
v -0.218799 -0.082775 0.325158
v -0.213006 -0.093606 0.296694
v -0.214756 -0.110559 0.298228
v -0.217353 -0.122965 0.305611
v -0.215680 -0.064699 0.294592
v -0.214421 -0.056140 0.286825
v -0.212619 -0.070610 0.290633
v -0.214781 -0.109286 0.286032
v -0.206044 -0.014049 0.265270
v -0.215980 -0.084017 0.263359
v -0.214191 -0.080872 0.276967
v -0.216012 -0.082138 0.260751
v -0.214498 -0.082695 0.185172
v -0.212159 -0.064117 0.184303
v -0.210263 -0.044428 -0.040774
v -0.208290 -0.009089 -0.206834
v -0.213063 -0.063323 -0.383581
v -0.208191 -0.062575 -0.397148
v -0.208775 -0.040621 0.412764
v -0.214355 -0.040621 0.378808
v -0.210967 -0.085908 0.409897
v -0.209670 -0.073006 0.383408
v -0.213902 -0.067693 0.309201
v -0.217479 -0.064419 0.303316
v -0.213641 -0.100589 0.279111
v -0.209503 -0.091300 0.275262
v -0.210207 -0.058137 0.158887
v -0.209999 0.032051 -0.004600
v -0.207847 -0.021959 -0.249323
v -0.209881 -0.106981 -0.283478
v -0.216843 -0.107724 -0.271732
v -0.214437 -0.069864 -0.291075
v -0.214437 -0.069864 -0.291075
v -0.208944 -0.061704 -0.293501
v -0.211930 -0.076427 -0.304528
v -0.210391 -0.101169 -0.318416
v -0.215747 -0.082680 -0.318123
v -0.199136 0.047843 -0.322751
v -0.206606 -0.000473 -0.392365
v -0.210448 -0.124473 0.309802
v -0.209215 -0.109544 0.194763
v -0.210604 -0.098696 -0.028300
v -0.211410 -0.112518 0.005415
v -0.210810 -0.111069 -0.060909
v -0.207447 -0.044102 -0.134166
v -0.207400 -0.111539 -0.202896
v -0.217620 -0.064022 -0.271316
v -0.214595 -0.062978 -0.301183
v -0.215067 -0.071365 -0.311494
v -0.207628 -0.065631 -0.377041
v -0.210069 -0.097595 0.388061
v -0.211206 -0.082454 0.254983
v -0.211372 -0.037569 0.174616
v -0.213163 0.001987 0.193737
v -0.210695 0.021097 0.189573
v -0.210961 0.023317 0.160874
v -0.211656 -0.014186 0.136117
v -0.208709 0.042272 0.130373
v -0.210461 -0.113757 0.134228
v -0.210496 -0.098948 -0.090125
v -0.210077 -0.111697 -0.118715
v -0.212154 -0.106985 -0.151543
v -0.209150 -0.077716 -0.319587
v -0.207483 -0.125032 -0.327345
v -0.215766 -0.117601 -0.328617
v -0.209670 -0.073006 0.383408
v -0.214355 -0.040621 0.378808
v -0.203619 -0.049911 0.372184
v -0.203419 -0.083595 0.208762
v -0.211713 0.002671 0.067562
v -0.206491 0.042635 0.073881
v -0.210589 -0.028536 0.016350
v -0.208162 -0.096234 -0.132503
v -0.208063 -0.096333 -0.161181
v -0.211539 -0.108667 -0.188753
v -0.206189 -0.037215 -0.363936
v -0.208266 -0.114353 0.402854
v -0.209049 -0.063223 0.292196
v -0.215680 -0.064699 0.294592
v -0.217381 -0.055566 0.302247
v -0.202856 -0.117150 0.078133
v -0.209215 0.043768 0.033905
v -0.210066 0.011540 -0.042674
v -0.207511 -0.057849 -0.308677
v -0.208851 -0.104866 -0.326006
v -0.207576 -0.110310 0.424187
v -0.209223 0.026899 -0.084353
v -0.209128 -0.022774 -0.080534
v -0.210066 0.011540 -0.042674
v -0.212674 0.040839 -0.050444
v -0.209223 0.026899 -0.084353
v -0.205948 0.052935 -0.091662
v -0.209338 0.002982 -0.111017
v -0.203237 0.053565 -0.236251
v -0.205537 0.053296 -0.211226
v -0.205447 0.058555 -0.212806
v -0.207678 0.058805 -0.240704
v -0.207191 -0.091407 -0.388851
v -0.205421 -0.059931 0.445182
v -0.207662 -0.073679 0.315508
v -0.205948 0.052935 -0.091662
v -0.207638 -0.029999 -0.116655
v -0.207505 0.013885 -0.164074
v -0.206571 -0.111547 -0.322849
v -0.209599 -0.016233 0.245277
v -0.203883 0.053427 0.112479
v -0.213296 0.065416 0.130449
v -0.204807 0.041901 -0.041157
v -0.210084 -0.067813 -0.212003
v -0.210631 -0.039851 -0.224566
v -0.206913 -0.087429 0.442237
v -0.198457 -0.099651 0.212221
v -0.199000 0.041151 0.223837
v -0.201987 0.056859 -0.168655
v -0.203457 0.040509 -0.215827
v -0.208017 -0.087736 -0.322439
v -0.204761 -0.011263 -0.325577
v -0.210177 -0.001223 -0.318456
v -0.215697 -0.011261 -0.342974
v -0.199820 -0.105755 0.445853
v -0.206610 -0.003403 0.314055
v -0.200709 0.048809 0.141858
v -0.210413 -0.065312 -0.313118
v -0.204761 -0.011263 -0.325577
v -0.194852 0.010257 0.407564
v -0.206610 -0.003403 0.314055
v -0.210000 -0.023488 0.344925
v -0.205066 -0.003605 0.278349
v -0.209999 0.032051 -0.004600
v -0.208083 0.046051 -0.031828
v -0.198664 0.061031 -0.049958
v -0.202703 -0.091858 -0.210368
v -0.203619 -0.049911 0.372184
v -0.195337 0.049254 0.161883
v -0.205537 0.053296 -0.211226
v -0.203068 -0.097489 -0.378946
v -0.195807 -0.096630 -0.414381
v -0.200139 -0.049598 0.218654
v -0.204855 -0.003376 -0.284846
v -0.205447 0.058555 -0.212806
v -0.198535 0.059459 -0.266683
v -0.189897 -0.008178 -0.431027
v -0.203008 0.057518 -0.221821
v -0.203237 0.053565 -0.236251
v -0.198535 0.059459 -0.266683
v -0.195817 -0.103208 -0.397700
v -0.192701 -0.016384 0.433707
v -0.192681 0.044142 0.287925
v -0.196897 0.055332 -0.229988
v -0.188753 0.035959 0.361935
v -0.193135 -0.117201 0.198177
v -0.200187 0.062451 -0.242935
v -0.186993 -0.064161 -0.438218
v -0.194761 0.047976 -0.380021
v -0.187246 0.039526 -0.429183
v -0.196252 0.065455 -0.218115
v -0.189442 0.059417 0.148619
v -0.189438 0.064166 0.138367
v -0.186870 0.004334 0.431206
v -0.181735 0.059714 0.186243
v -0.190096 0.060321 0.154870
v -0.171428 -0.091912 -0.447107
v -0.178967 0.027441 0.410281
v -0.187939 -0.103260 -0.416331
v -0.173122 -0.042305 -0.459936
v -0.169338 0.016079 -0.454921
v -0.167708 0.051026 -0.454997
v -0.156187 -0.021174 -0.471111
v -0.221054 -0.131534 0.258201
v -0.220713 -0.140171 0.279586
v -0.213667 -0.134059 0.273030
v -0.220802 -0.149244 0.293806
v -0.216726 -0.138829 0.304655
v -0.210699 -0.138918 0.292720
v -0.220918 -0.140254 0.320876
v -0.206303 -0.130779 0.315434
v -0.217353 -0.122965 0.305611
v -0.209083 -0.127648 0.263806
v -0.210448 -0.124473 0.309802
v -0.206964 -0.129443 0.284530
v -0.213296 -0.130857 0.327575
v -0.201856 -0.130863 0.304918
v -0.203698 -0.126900 0.329116
v -0.194033 -0.121167 0.272773
v -0.194876 -0.125160 0.304670
v -0.206012 -0.119255 0.256555
v -0.192045 -0.105721 0.257164
v -0.210590 0.096139 0.099470
v -0.229723 0.069423 0.091064
v -0.237500 0.086713 0.088910
v -0.208054 0.083241 0.104015
v -0.195931 0.063047 0.109120
v -0.193721 0.090767 0.110384
v -0.187386 0.068192 0.122035
v -0.203883 0.053427 0.112479
v -0.191651 0.076792 0.140615
v -0.189701 0.065278 0.150822
v -0.189438 0.064166 0.138367
v -0.191060 0.088020 0.124236
v -0.218187 -0.039124 -0.306071
v -0.220521 -0.030380 -0.292654
v -0.218207 -0.037597 -0.316232
v -0.219661 -0.051800 -0.307172
v -0.220091 -0.039156 -0.334142
v -0.220357 -0.070439 -0.348626
v -0.217503 -0.055203 -0.339600
v -0.220521 -0.030380 -0.292654
v -0.218187 -0.039124 -0.306071
v -0.208385 -0.037996 -0.295172
v -0.209921 -0.048769 -0.283225
v -0.208056 -0.042443 -0.322537
v -0.211019 -0.071166 -0.346330
v -0.211601 -0.050936 -0.333194
v -0.215052 -0.050881 -0.332491
v -0.206110 -0.057162 -0.340504
v -0.214322 -0.057573 -0.329843
v -0.213252 -0.053778 -0.330841
v -0.211601 -0.050936 -0.333194
v -0.206110 -0.057162 -0.340504
v -0.208161 -0.044324 -0.310487
v -0.201642 -0.052028 -0.330723
v -0.206200 -0.084669 -0.348374
v -0.195971 -0.065794 -0.338932
v -0.194901 -0.046794 -0.308829
v -0.194901 -0.046794 -0.308829
v -0.220935 -0.093952 -0.355792
v -0.220036 -0.129739 -0.334911
v -0.211917 -0.103335 -0.346325
v -0.204322 -0.112165 -0.341392
v -0.217660 -0.051267 -0.282323
v -0.214437 -0.069864 -0.291075
v -0.210052 -0.063333 -0.281642
v -0.206200 -0.084669 -0.348374
v -0.209921 -0.048769 -0.283225
v -0.199216 -0.062005 -0.288656
v -0.201725 -0.081156 -0.274682
v -0.205662 -0.085607 -0.261635
v -0.192552 -0.080814 -0.266002
v -0.193608 -0.069483 -0.274383
v -0.198625 -0.094785 -0.334907
v -0.200992 -0.105913 -0.324393
v -0.199978 -0.092244 -0.324350
v -0.194689 -0.112471 -0.326892
v -0.195971 -0.065794 -0.338932
v -0.194417 -0.067247 -0.319289
v -0.194258 -0.057790 -0.306740
v -0.187437 -0.066849 -0.260721
v -0.192637 -0.051187 -0.285046
v -0.194901 -0.046794 -0.308829
v -0.220226 -0.055505 0.254237
v -0.217970 -0.045854 0.258015
v -0.219862 -0.033621 0.262811
v -0.220925 -0.073701 0.236907
v -0.216261 -0.066898 0.244929
v -0.213549 -0.083502 0.245376
v -0.210209 -0.056583 0.257523
v -0.212046 -0.040658 0.271212
v -0.211520 -0.079135 0.251227
v -0.205231 -0.047833 0.262091
v -0.200392 -0.059283 0.253613
v -0.201315 -0.079773 0.247574
v -0.199343 -0.045236 0.275019
v -0.191710 -0.071599 0.257090
v -0.182944 -0.076780 0.251364
v -0.177003 -0.073341 0.255883
v -0.176276 -0.073679 0.246276
v -0.157092 -0.079175 0.242970
v -0.206012 -0.119255 0.256555
v -0.218759 -0.111641 0.247338
v -0.221054 -0.131534 0.258201
v -0.213549 -0.083502 0.245376
v -0.220925 -0.073701 0.236907
v -0.201090 -0.099871 0.248549
v -0.201315 -0.079773 0.247574
v -0.184986 -0.091832 0.250516
v -0.192045 -0.105721 0.257164
v -0.182944 -0.076780 0.251364
v -0.173450 -0.098890 0.251282
v -0.184986 -0.091832 0.250516
v -0.190033 -0.087758 0.262267
v -0.182944 -0.076780 0.251364
v -0.170231 -0.088527 0.243210
v -0.176276 -0.073679 0.246276
v -0.157092 -0.079175 0.242970
v -0.158718 -0.111438 0.248042
v -0.149361 -0.098595 0.239479
v -0.150314 -0.114265 0.244812
v -0.149711 -0.131363 0.258430
v -0.142845 -0.090746 0.238829
v -0.217800 -0.068904 -0.244410
v -0.220612 -0.050996 -0.254728
v -0.211928 -0.058448 -0.258526
v -0.219290 -0.094351 -0.238589
v -0.210430 -0.085114 -0.245869
v -0.220612 -0.050996 -0.254728
v -0.217620 -0.064022 -0.271316
v -0.211928 -0.058448 -0.258526
v -0.208870 -0.042775 -0.271008
v -0.220612 -0.050996 -0.254728
v -0.220415 -0.037604 -0.267921
v -0.203540 -0.054836 -0.260726
v -0.209775 -0.064421 -0.274656
v -0.204456 -0.073845 -0.251108
v -0.214411 -0.104364 -0.245833
v -0.203540 -0.054836 -0.260726
v -0.206347 -0.106459 -0.251087
v -0.211428 -0.056167 -0.266265
v -0.196176 -0.090252 -0.254583
v -0.205052 -0.080120 -0.257081
v -0.192637 -0.051187 -0.285046
v -0.208385 -0.037996 -0.295172
v -0.194901 -0.046794 -0.308829
v -0.187437 -0.066849 -0.260721
v -0.179271 -0.080399 -0.252822
v -0.187437 -0.066849 -0.260721
v -0.175937 -0.066219 -0.261163
v -0.220036 -0.129739 -0.334911
v -0.219984 -0.132316 -0.313681
v -0.210404 -0.130519 -0.316085
v -0.211123 -0.127084 -0.264494
v -0.220319 -0.139194 -0.270882
v -0.219535 -0.125062 -0.259430
v -0.206991 -0.128930 -0.281549
v -0.220104 -0.117109 -0.242972
v -0.211259 -0.118646 -0.254232
v -0.204322 -0.112165 -0.341392
v -0.215766 -0.117601 -0.328617
v -0.206347 -0.106459 -0.251087
v -0.215646 -0.137341 -0.286225
v -0.205287 -0.134108 -0.295160
v -0.220531 -0.140098 -0.302385
v -0.207326 -0.129972 -0.305363
v -0.203775 -0.117435 -0.330127
v -0.209665 -0.119078 -0.305596
v -0.210404 -0.130519 -0.316085
v -0.219984 -0.132316 -0.313681
v -0.207483 -0.125032 -0.327345
v -0.199371 -0.124693 -0.317096
v -0.196154 -0.122376 -0.278755
v -0.203105 -0.117325 -0.262231
v -0.196894 -0.111731 -0.265752
v -0.200174 -0.101484 -0.262274
v -0.196176 -0.090252 -0.254583
v -0.192180 -0.118498 -0.311123
v -0.194689 -0.112471 -0.326892
v -0.193720 -0.097892 -0.263414
v -0.190396 -0.106267 -0.262226
v -0.191604 -0.105940 -0.273330
v -0.194568 -0.110900 -0.290056
v -0.192288 -0.108359 -0.314752
v -0.185824 -0.100791 -0.264290
v -0.180882 -0.103008 -0.258494
v -0.178762 -0.096448 -0.271922
v -0.214099 -0.120826 0.336038
v -0.219439 -0.119836 0.330431
v -0.218132 -0.116142 0.344261
v -0.215765 -0.114782 0.327106
v -0.211413 -0.103241 0.315956
v -0.215397 -0.096525 0.315879
v -0.206749 -0.118360 0.332527
v -0.213296 -0.130857 0.327575
v -0.220918 -0.140254 0.320876
v -0.219439 -0.119836 0.330431
v -0.215598 -0.106510 0.313607
v -0.216553 -0.119512 0.328566
v -0.219439 -0.119836 0.330431
v -0.216553 -0.119512 0.328566
v -0.206749 -0.118360 0.332527
v -0.215765 -0.114782 0.327106
v -0.203698 -0.126900 0.329116
v -0.213647 -0.045775 0.330732
v -0.218187 -0.055542 0.324607
v -0.222062 -0.041914 0.334990
v -0.213655 -0.063062 0.320146
v -0.213902 -0.067693 0.309201
v -0.213031 -0.055150 0.331643
v -0.207662 -0.073679 0.315508
v -0.202606 -0.056930 0.337979
v -0.221477 -0.034989 0.320985
v -0.213647 -0.045775 0.330732
v -0.222062 -0.041914 0.334990
v -0.207020 -0.041786 0.319878
v -0.221049 -0.038416 0.305302
v -0.221425 -0.032041 0.297391
v -0.213642 -0.036200 0.301747
v -0.207728 -0.037722 0.289870
v -0.215883 -0.044024 0.312127
v -0.221049 -0.038416 0.305302
v -0.209627 -0.043827 0.306201
v -0.217381 -0.055566 0.302247
v -0.209627 -0.043827 0.306201
v -0.209169 -0.061248 0.306845
v -0.202606 -0.056930 0.337979
v -0.198280 -0.040470 0.297428
v -0.198661 -0.047291 0.321820
v -0.199343 -0.045236 0.275019
v -0.207728 -0.037722 0.289870
v -0.221425 -0.032041 0.297391
v -0.218477 -0.038045 0.285465
v -0.214421 -0.056140 0.286825
v -0.210370 -0.046169 0.281872
v -0.208909 -0.062827 0.283868
v -0.199343 -0.045236 0.275019
v -0.214411 -0.104364 -0.245833
v -0.218378 -0.107969 -0.249786
v -0.219290 -0.094351 -0.238589
v -0.217561 -0.101049 -0.263598
v -0.218378 -0.107969 -0.249786
v -0.212637 -0.104134 -0.256248
v -0.212637 -0.104134 -0.256248
v -0.210376 -0.100561 -0.265222
v -0.206347 -0.106459 -0.251087
v -0.214063 -0.099239 -0.269744
v -0.216089 -0.104968 -0.261477
v -0.200174 -0.101484 -0.262274
v -0.215697 -0.011261 -0.342974
v -0.210177 -0.001223 -0.318456
v -0.218469 0.000869 -0.295620
v -0.215913 -0.081363 -0.206503
v -0.219021 -0.044305 -0.220145
v -0.210084 -0.067813 -0.212003
v -0.218092 -0.012390 -0.249951
v -0.210631 -0.039851 -0.224566
v -0.204855 -0.003376 -0.284846
v -0.200623 -0.105533 -0.206387
v -0.207400 -0.111539 -0.202896
v -0.202703 -0.091858 -0.210368
v -0.207847 -0.021959 -0.249323
v -0.192432 -0.116472 -0.195751
v -0.186502 -0.105571 -0.212478
v -0.186108 -0.109400 -0.206947
v -0.164284 -0.079250 -0.242119
v -0.180426 -0.080831 -0.243425
v -0.174357 -0.065417 -0.247506
v -0.143865 -0.112897 -0.200610
v -0.160243 -0.102290 -0.208738
v -0.176625 -0.101067 -0.247602
v -0.167959 -0.106226 -0.213625
v -0.164242 -0.101330 -0.244348
v -0.147324 -0.089160 -0.239177
v -0.154055 -0.070570 -0.247380
v -0.149206 -0.106572 -0.240953
v -0.135184 -0.100677 -0.213582
v -0.134425 -0.093988 -0.231966
v -0.144566 -0.093355 -0.218864
v -0.147324 -0.089160 -0.239177
v -0.141523 -0.080398 -0.250254
v -0.154055 -0.070570 -0.247380
v -0.126393 -0.083656 -0.251179
v -0.126744 -0.076564 -0.263356
v -0.118241 -0.102844 -0.257398
v -0.118643 -0.107884 -0.229634
v -0.122076 -0.091516 -0.267972
v -0.122326 -0.098350 -0.294375
v -0.084673 -0.111893 -0.245485
v -0.217503 -0.055203 -0.339600
v -0.214322 -0.057573 -0.329843
v -0.219175 -0.056824 -0.326221
v -0.220091 -0.039156 -0.334142
v -0.211532 -0.066930 -0.317234
v -0.215067 -0.071365 -0.311494
v -0.209150 -0.077716 -0.319587
v -0.205066 -0.003605 0.278349
v -0.206610 -0.003403 0.314055
v -0.220840 0.002612 0.275632
v -0.219863 -0.013929 0.239213
v -0.215666 -0.070571 0.205965
v -0.208665 -0.057523 0.210973
v -0.216892 -0.033865 0.222346
v -0.219701 0.003161 0.321049
v -0.209599 -0.016233 0.245277
v -0.215636 -0.012190 0.356218
v -0.209215 -0.109544 0.194763
v -0.203419 -0.083595 0.208762
v -0.209158 -0.030356 0.237664
v -0.210461 -0.113757 0.134228
v -0.201566 -0.120097 0.182084
v -0.200139 -0.049598 0.218654
v -0.193135 -0.117201 0.198177
v -0.220226 -0.055505 0.254237
v -0.212579 -0.066931 0.272775
v -0.218586 -0.062278 0.270747
v -0.214191 -0.080872 0.276967
v -0.210209 -0.056583 0.257523
v -0.217863 -0.119469 0.264911
v -0.221054 -0.131534 0.258201
v -0.209083 -0.127648 0.263806
v -0.212752 -0.116268 0.265126
v -0.206012 -0.119255 0.256555
v -0.216670 -0.111113 0.266887
v -0.213263 -0.105460 0.272972
v -0.213641 -0.100589 0.279111
v -0.212752 -0.116268 0.265126
v -0.202701 -0.104633 0.280972
v -0.209083 -0.127648 0.263806
v -0.206347 -0.106459 -0.251087
v -0.220104 -0.117109 -0.242972
v -0.218378 -0.107969 -0.249786
v -0.216089 -0.104968 -0.261477
v -0.213131 -0.111369 -0.265872
v -0.219535 -0.125062 -0.259430
v -0.211259 -0.118646 -0.254232
v -0.216843 -0.107724 -0.271732
v -0.209021 -0.104396 -0.275248
v -0.213131 -0.111369 -0.265872
v -0.211945 -0.110575 -0.268280
v -0.214513 -0.099368 -0.274147
v -0.214513 -0.099368 -0.274147
v -0.210376 -0.100561 -0.265222
v -0.211945 -0.110575 -0.268280
v -0.208292 -0.106683 -0.264105
v -0.211945 -0.110575 -0.268280
v -0.213131 -0.111369 -0.265872
v -0.208292 -0.106683 -0.264105
v -0.203105 -0.117325 -0.262231
v -0.208292 -0.106683 -0.264105
v -0.209921 -0.048769 -0.283225
v -0.220415 -0.037604 -0.267921
v -0.217660 -0.051267 -0.282323
v -0.208870 -0.042775 -0.271008
v -0.208385 -0.037996 -0.295172
v -0.220319 -0.139194 -0.270882
v -0.206991 -0.128930 -0.281549
v -0.219760 -0.123691 -0.283714
v -0.213108 -0.095074 -0.288633
v -0.209881 -0.106981 -0.283478
v -0.210197 -0.117871 -0.283826
v -0.203985 -0.111148 -0.293178
v -0.220357 -0.070439 -0.348626
v -0.218622 -0.081344 -0.333842
v -0.213359 -0.078899 -0.333772
v -0.215747 -0.082680 -0.318123
v -0.211019 -0.071166 -0.346330
v -0.209150 -0.077716 -0.319587
v -0.220935 -0.093952 -0.355792
v -0.206200 -0.084669 -0.348374
v -0.220215 -0.085007 -0.348313
v -0.218622 -0.081344 -0.333842
v -0.211787 -0.082972 -0.337808
v -0.208017 -0.087736 -0.322439
v -0.215747 -0.082680 -0.318123
v -0.218799 -0.082775 0.325158
v -0.218767 -0.073574 0.347522
v -0.213299 -0.080184 0.332960
v -0.220450 -0.058543 0.345384
v -0.211143 -0.063931 0.343974
v -0.218767 -0.073574 0.347522
v -0.210423 -0.077439 0.345849
v -0.210423 -0.077439 0.345849
v -0.206749 -0.118360 0.332527
v -0.214099 -0.120826 0.336038
v -0.218132 -0.116142 0.344261
v -0.202606 -0.056930 0.337979
v -0.203519 -0.106689 0.342055
v -0.213813 -0.102456 0.347237
v -0.202479 -0.091972 0.342558
v -0.217596 -0.086435 0.349383
v -0.203313 -0.071936 0.336220
v -0.193871 -0.063437 0.324233
v -0.218426 -0.122234 0.286469
v -0.220713 -0.140171 0.279586
v -0.206964 -0.129443 0.284530
v -0.210088 -0.111354 0.292503
v -0.214756 -0.110559 0.298228
v -0.207510 -0.111651 0.288248
v -0.207510 -0.111651 0.288248
v -0.206779 -0.109534 0.297097
v -0.210088 -0.111354 0.292503
v -0.204658 -0.108301 0.293184
v -0.205761 -0.110783 0.296135
v -0.204658 -0.108301 0.293184
v -0.210088 -0.111354 0.292503
v -0.219506 -0.080224 -0.368015
v -0.218104 -0.052484 -0.361626
v -0.207628 -0.065631 -0.377041
v -0.203068 -0.097489 -0.378946
v -0.213677 -0.115199 -0.368970
v -0.212671 -0.025950 -0.343460
v -0.216142 -0.013496 -0.309372
v -0.204761 -0.011263 -0.325577
v -0.206189 -0.037215 -0.363936
v -0.211451 -0.013057 -0.277271
v -0.220766 -0.057106 0.330789
v -0.213031 -0.055150 0.331643
v -0.220450 -0.058543 0.345384
v -0.213655 -0.063062 0.320146
v -0.217416 -0.066968 0.314309
v -0.214910 -0.077957 0.315215
v -0.207662 -0.073679 0.315508
v -0.211143 -0.063931 0.343974
v -0.202606 -0.056930 0.337979
v -0.215765 -0.114782 0.327106
v -0.216553 -0.119512 0.328566
v -0.215598 -0.106510 0.313607
v -0.211413 -0.103241 0.315956
v -0.210448 -0.124473 0.309802
v -0.207687 -0.110421 0.305109
v -0.207941 -0.115291 0.301593
v -0.216726 -0.138829 0.304655
v -0.206779 -0.109534 0.297097
v -0.205761 -0.110783 0.296135
v -0.204658 -0.108301 0.293184
v -0.207687 -0.110421 0.305109
v -0.206779 -0.109534 0.297097
v -0.207510 -0.111651 0.288248
v -0.210088 -0.111354 0.292503
v -0.204658 -0.108301 0.293184
v -0.202701 -0.104633 0.280972
v -0.211945 -0.110575 -0.268280
v -0.219535 -0.125062 -0.259430
v -0.216843 -0.107724 -0.271732
v -0.211123 -0.127084 -0.264494
v -0.209021 -0.104396 -0.275248
v -0.204436 -0.107326 -0.269284
v -0.211945 -0.110575 -0.268280
v -0.210376 -0.100561 -0.265222
v -0.203105 -0.117325 -0.262231
v -0.204436 -0.107326 -0.269284
v -0.219661 -0.051800 -0.307172
v -0.214595 -0.062978 -0.301183
v -0.212770 -0.050922 -0.304880
v -0.218187 -0.039124 -0.306071
v -0.208161 -0.044324 -0.310487
v -0.207511 -0.057849 -0.308677
v -0.203856 -0.060625 -0.301649
v -0.208788 -0.086498 0.325468
v -0.219379 -0.083143 0.338172
v -0.218799 -0.082775 0.325158
v -0.215397 -0.096525 0.315879
v -0.211413 -0.103241 0.315956
v -0.215883 -0.044024 0.312127
v -0.217479 -0.064419 0.303316
v -0.209169 -0.061248 0.306845
v -0.213902 -0.067693 0.309201
v -0.209169 -0.061248 0.306845
v -0.209049 -0.063223 0.292196
v -0.217381 -0.055566 0.302247
v -0.207662 -0.073679 0.315508
v -0.209627 -0.043827 0.306201
v -0.203262 -0.066439 0.291939
v -0.208788 -0.086498 0.325468
v -0.196266 -0.071741 0.318185
v -0.196266 -0.071741 0.318185
v -0.211520 -0.079135 0.251227
v -0.216012 -0.082138 0.260751
v -0.214187 -0.083173 0.268231
v -0.214191 -0.080872 0.276967
v -0.213549 -0.083502 0.245376
v -0.212579 -0.066931 0.272775
v -0.214063 -0.099239 -0.269744
v -0.210376 -0.100561 -0.265222
v -0.216089 -0.104968 -0.261477
v -0.214513 -0.099368 -0.274147
v -0.208292 -0.106683 -0.264105
v -0.209021 -0.104396 -0.275248
v -0.216843 -0.107724 -0.271732
v -0.209881 -0.106981 -0.283478
v -0.210171 -0.098411 -0.271066
v -0.212637 -0.104134 -0.256248
v -0.216089 -0.104968 -0.261477
v -0.208292 -0.106683 -0.264105
v -0.210171 -0.098411 -0.271066
v -0.214513 -0.099368 -0.274147
v -0.209021 -0.104396 -0.275248
v -0.204436 -0.107326 -0.269284
v -0.210376 -0.100561 -0.265222
v -0.200174 -0.101484 -0.262274
v -0.194568 -0.110900 -0.290056
v -0.204436 -0.107326 -0.269284
v -0.203985 -0.111148 -0.293178
v -0.191604 -0.105940 -0.273330
v -0.200992 -0.105913 -0.324393
v -0.207140 -0.107467 -0.309535
v -0.206571 -0.111547 -0.322849
v -0.196894 -0.111731 -0.265752
v -0.204436 -0.107326 -0.269284
v -0.198625 -0.094785 -0.334907
v -0.194689 -0.112471 -0.326892
v -0.192288 -0.108359 -0.314752
v -0.193720 -0.097892 -0.263414
v -0.185824 -0.100791 -0.264290
v -0.213252 -0.053778 -0.330841
v -0.219175 -0.056824 -0.326221
v -0.213061 -0.059794 -0.323982
v -0.215067 -0.071365 -0.311494
v -0.210413 -0.065312 -0.313118
v -0.215052 -0.050881 -0.332491
v -0.220091 -0.039156 -0.334142
v -0.211930 -0.076427 -0.304528
v -0.211601 -0.050936 -0.333194
v -0.201642 -0.052028 -0.330723
v -0.212046 -0.040658 0.271212
v -0.218458 -0.049141 0.279788
v -0.219862 -0.033621 0.262811
v -0.210370 -0.046169 0.281872
v -0.208909 -0.062827 0.283868
v -0.212619 -0.070610 0.290633
v -0.209049 -0.063223 0.292196
v -0.204346 -0.064189 0.287683
v -0.203262 -0.066439 0.291939
v -0.199343 -0.045236 0.275019
v -0.214187 -0.083173 0.268231
v -0.209503 -0.091300 0.275262
v -0.215980 -0.084017 0.263359
v -0.212579 -0.066931 0.272775
v -0.201504 -0.079577 0.277259
v -0.193503 -0.103121 0.274298
v -0.212752 -0.116268 0.265126
v -0.216670 -0.111113 0.266887
v -0.213263 -0.105460 0.272972
v -0.209503 -0.091300 0.275262
v -0.202701 -0.104633 0.280972
v -0.214187 -0.083173 0.268231
v -0.215980 -0.084017 0.263359
v -0.211206 -0.082454 0.254983
v -0.214187 -0.083173 0.268231
v -0.211206 -0.082454 0.254983
v -0.211520 -0.079135 0.251227
v -0.216012 -0.082138 0.260751
v -0.213549 -0.083502 0.245376
v -0.211206 -0.082454 0.254983
v -0.216261 -0.066898 0.244929
v -0.201315 -0.079773 0.247574
v -0.201315 -0.079773 0.247574
v -0.217970 -0.045854 0.258015
v -0.215259 -0.059884 0.270191
v -0.210209 -0.056583 0.257523
v -0.212579 -0.066931 0.272775
v -0.212619 -0.070610 0.290633
v -0.201504 -0.079577 0.277259
v -0.203262 -0.066439 0.291939
v -0.214063 -0.099239 -0.269744
v -0.214640 -0.090170 -0.271605
v -0.217561 -0.101049 -0.263598
v -0.210171 -0.098411 -0.271066
v -0.209524 -0.088346 -0.267932
v -0.203111 -0.093892 -0.266103
v -0.210376 -0.100561 -0.265222
v -0.205662 -0.085607 -0.261635
v -0.192552 -0.080814 -0.266002
v -0.200174 -0.101484 -0.262274
v -0.193720 -0.097892 -0.263414
v -0.182209 -0.086465 -0.265586
v -0.185824 -0.100791 -0.264290
v -0.175937 -0.066219 -0.261163
v -0.187437 -0.066849 -0.260721
v -0.213328 -0.111483 -0.299292
v -0.211611 -0.122779 -0.287783
v -0.219760 -0.123691 -0.283714
v -0.206991 -0.128930 -0.281549
v -0.215646 -0.137341 -0.286225
v -0.203985 -0.111148 -0.293178
v -0.210197 -0.117871 -0.283826
v -0.209524 -0.088346 -0.267932
v -0.215984 -0.082821 -0.254556
v -0.214640 -0.090170 -0.271605
v -0.204456 -0.073845 -0.251108
v -0.210430 -0.085114 -0.245869
v -0.205662 -0.085607 -0.261635
v -0.203111 -0.093892 -0.266103
v -0.215712 -0.051442 -0.287674
v -0.220521 -0.030380 -0.292654
v -0.209921 -0.048769 -0.283225
v -0.208944 -0.061704 -0.293501
v -0.203856 -0.060625 -0.301649
v -0.214595 -0.062978 -0.301183
v -0.207511 -0.057849 -0.308677
v -0.212770 -0.050922 -0.304880
v -0.199216 -0.062005 -0.288656
v -0.194258 -0.057790 -0.306740
v -0.207140 -0.107467 -0.309535
v -0.209665 -0.119078 -0.305596
v -0.219984 -0.132316 -0.313681
v -0.213328 -0.111483 -0.299292
v -0.220531 -0.140098 -0.302385
v -0.209665 -0.119078 -0.305596
v -0.207326 -0.129972 -0.305363
v -0.210404 -0.130519 -0.316085
v -0.203985 -0.111148 -0.293178
v -0.203985 -0.111148 -0.293178
v -0.219661 -0.051800 -0.307172
v -0.218207 -0.037597 -0.316232
v -0.208161 -0.044324 -0.310487
v -0.207511 -0.057849 -0.308677
v -0.214595 -0.062978 -0.301183
v -0.208056 -0.042443 -0.322537
v -0.194901 -0.046794 -0.308829
v -0.217503 -0.055203 -0.339600
v -0.215052 -0.050881 -0.332491
v -0.213252 -0.053778 -0.330841
v -0.214322 -0.057573 -0.329843
v -0.213299 -0.080184 0.332960
v -0.217596 -0.086435 0.349383
v -0.219379 -0.083143 0.338172
v -0.208788 -0.086498 0.325468
v -0.210423 -0.077439 0.345849
v -0.207662 -0.073679 0.315508
v -0.214756 -0.110559 0.298228
v -0.207941 -0.115291 0.301593
v -0.217353 -0.122965 0.305611
v -0.216726 -0.138829 0.304655
v -0.206779 -0.109534 0.297097
v -0.207510 -0.111651 0.288248
v -0.204658 -0.108301 0.293184
v -0.209049 -0.063223 0.292196
v -0.214421 -0.056140 0.286825
v -0.215680 -0.064699 0.294592
v -0.204346 -0.064189 0.287683
v -0.197922 -0.068182 0.277688
v -0.203262 -0.066439 0.291939
v -0.204346 -0.064189 0.287683
v -0.208909 -0.062827 0.283868
v -0.203262 -0.066439 0.291939
v -0.213061 -0.059794 -0.323982
v -0.211532 -0.066930 -0.317234
v -0.214322 -0.057573 -0.329843
v -0.201642 -0.052028 -0.330723
v -0.210413 -0.065312 -0.313118
v -0.206110 -0.057162 -0.340504
v -0.209150 -0.077716 -0.319587
v -0.208017 -0.087736 -0.322439
v -0.210391 -0.101169 -0.318416
v -0.215747 -0.082680 -0.318123
v -0.207510 -0.111651 0.288248
v -0.211514 -0.121800 0.282323
v -0.214781 -0.109286 0.286032
v -0.213641 -0.100589 0.279111
v -0.202701 -0.104633 0.280972
v -0.206964 -0.129443 0.284530
v -0.213667 -0.134059 0.273030
v -0.211410 -0.112518 0.005415
v -0.210810 -0.111069 -0.060909
v -0.195000 -0.116641 -0.035695
v -0.211539 -0.108667 -0.188753
v -0.203332 -0.114953 -0.159380
v -0.212154 -0.106985 -0.151543
v -0.210077 -0.111697 -0.118715
v -0.195422 -0.116191 -0.104079
v -0.192432 -0.116472 -0.195751
v -0.207400 -0.111539 -0.202896
v -0.189878 -0.117506 0.048485
v -0.211995 -0.101951 0.048546
v -0.192945 -0.118289 0.103344
v -0.194191 -0.119887 0.140274
v -0.210461 -0.113757 0.134228
v -0.207576 -0.110310 0.424187
v -0.208266 -0.114353 0.402854
v -0.190698 -0.122783 0.412266
v -0.201168 -0.117771 0.388650
v -0.202856 -0.117150 0.078133
v -0.189189 -0.119008 0.439328
v -0.199820 -0.105755 0.445853
v -0.201566 -0.120097 0.182084
v -0.198457 -0.099651 0.212221
v -0.193135 -0.117201 0.198177
v -0.184432 -0.103453 0.209160
v -0.174369 -0.121629 0.392633
v -0.180925 -0.117161 0.174214
v -0.187939 -0.103260 -0.416331
v -0.195817 -0.103208 -0.397700
v -0.195807 -0.096630 -0.414381
v -0.179131 -0.114622 -0.162356
v -0.203068 -0.097489 -0.378946
v -0.164424 -0.095473 -0.381228
v -0.152392 -0.115660 0.133413
v -0.176098 -0.108660 0.469125
v -0.160614 -0.114364 -0.006084
v -0.165522 -0.114117 -0.068050
v -0.165231 -0.117679 0.467301
v -0.176148 -0.114097 -0.110777
v -0.164263 -0.100396 -0.415653
v -0.165893 -0.109446 0.200620
v -0.171428 -0.091912 -0.447107
v -0.153083 -0.123245 0.458564
v -0.176208 -0.076763 -0.273853
v -0.177739 -0.081916 -0.297533
v -0.170633 -0.069469 -0.284848
v -0.164878 -0.102834 0.212248
v -0.160571 -0.089041 -0.332478
v -0.171566 -0.075473 -0.311883
v -0.175978 -0.093323 -0.321331
v -0.164668 -0.120442 0.417128
v -0.143865 -0.112897 -0.200610
v -0.114409 -0.113917 -0.081784
v -0.147170 -0.114107 -0.148246
v -0.156927 -0.077873 -0.266871
v -0.175937 -0.066219 -0.261163
v -0.174357 -0.065417 -0.247506
v -0.154055 -0.070570 -0.247380
v -0.156721 -0.085833 -0.308476
v -0.134002 -0.122673 0.398712
v -0.143605 -0.110638 0.489855
v -0.117572 -0.114654 0.085107
v -0.132189 -0.120733 0.435018
v -0.144603 -0.100754 -0.449159
v -0.127515 -0.103112 -0.390705
v -0.130987 -0.110908 0.204462
v -0.140082 -0.092499 -0.346582
v -0.132713 -0.118005 0.381793
v -0.141523 -0.080398 -0.250254
v -0.134321 -0.094924 -0.287612
v -0.130826 -0.089305 -0.331224
v -0.129006 -0.095736 -0.321824
v -0.150763 -0.103447 -0.349864
v -0.096132 -0.114224 0.012772
v -0.114497 -0.098643 -0.445292
v -0.142335 -0.089721 -0.372087
v -0.127504 -0.118470 0.467114
v -0.123916 -0.113186 0.489674
v -0.126744 -0.076564 -0.263356
v -0.135241 -0.085897 -0.270722
v -0.125789 -0.100445 -0.371876
v -0.142335 -0.089721 -0.372087
v -0.127515 -0.103112 -0.390705
v -0.093198 -0.113757 -0.166503
v -0.127135 -0.093464 -0.356055
v -0.122326 -0.098350 -0.294375
v -0.122076 -0.091516 -0.267972
v -0.108169 -0.107260 -0.318759
v -0.115460 -0.121664 0.365573
v -0.118241 -0.102844 -0.257398
v -0.117726 -0.098801 -0.461812
v -0.085009 -0.115735 0.177787
v -0.084673 -0.111893 -0.245485
v -0.088065 -0.124289 0.389772
v -0.118850 -0.110988 0.242015
v -0.103253 -0.119048 0.290741
v -0.120948 -0.106738 0.278311
v -0.101668 -0.116670 0.227381
v -0.089761 -0.101512 -0.416553
v -0.115282 -0.117958 0.326172
v -0.064803 -0.114935 0.129526
v -0.090757 -0.122902 0.346065
v -0.084673 -0.111893 -0.245485
v -0.108169 -0.107260 -0.318759
v -0.077463 -0.108276 -0.359106
v -0.118643 -0.107884 -0.229634
v -0.079618 -0.118311 0.470316
v -0.077238 -0.122647 0.431229
v -0.105545 -0.106722 0.494865
v -0.083633 -0.112631 0.494071
v -0.057690 -0.116932 0.246120
v -0.079917 -0.098653 -0.462163
v -0.070029 -0.110160 -0.310694
v -0.065260 -0.119412 0.294512
v -0.046395 -0.114287 0.045556
v -0.068167 -0.108010 0.498945
v -0.051368 -0.113678 -0.143945
v -0.066831 -0.096039 -0.450180
v -0.055968 -0.113571 -0.097871
v -0.042565 -0.114169 -0.035918
v -0.050623 -0.116013 0.486062
v -0.048254 -0.124150 0.375637
v -0.039089 -0.122277 0.338415
v -0.010121 -0.112774 -0.205342
v -0.044063 -0.097529 -0.465376
v -0.004501 -0.110918 -0.281343
v 0.003055 -0.109282 -0.346691
v -0.031145 -0.121578 0.442069
v -0.025421 -0.103373 -0.416450
v -0.037673 -0.113119 0.497011
v -0.035506 -0.114935 0.180077
v -0.033598 -0.115472 0.219040
v -0.020982 -0.113736 0.093002
v -0.012742 -0.095201 -0.456972
v -0.005914 -0.118389 0.283121
v -0.024252 -0.110518 -0.091569
v -0.022538 -0.111704 -0.020492
v -0.008293 -0.117179 0.480869
v -0.020914 -0.113460 0.226068
v 0.001069 -0.098161 -0.469915
v -0.003347 -0.116386 0.249712
v -0.020112 -0.109453 0.148050
v -0.021563 -0.111275 0.189742
v -0.013310 -0.112051 -0.124712
v 0.025085 -0.123322 0.361031
v -0.020490 -0.112937 0.037907
v -0.016526 -0.097333 0.030407
v -0.018494 -0.097120 -0.056571
v 0.022254 -0.113898 -0.165724
v -0.014815 -0.100572 -0.107132
v -0.013832 -0.100604 0.087068
v -0.000964 -0.097294 -0.087269
v -0.016919 -0.100362 0.199387
v 0.003932 -0.102991 0.164102
v -0.002748 -0.095549 0.206732
v 0.001847 -0.094976 -0.019583
v -0.001767 -0.102579 0.123243
v -0.003047 -0.095407 0.055811
v 0.005322 -0.112321 0.499071
v 0.003702 -0.103035 -0.115607
v -0.011352 -0.094273 0.228829
v 0.007442 -0.093327 0.228524
v -0.011597 -0.106996 0.233339
v 0.008180 -0.108599 0.236318
v 0.012490 -0.098725 0.094057
v 0.030305 -0.104620 -0.407164
v 0.060821 -0.121343 0.442599
v 0.030019 -0.095812 -0.461953
v 0.022190 -0.111288 -0.118814
v 0.026443 -0.115490 0.232115
v 0.016228 -0.100562 0.191017
v 0.028626 -0.117030 0.481726
v 0.018684 -0.100112 -0.083950
v 0.015317 -0.104412 0.134190
v 0.015723 -0.096031 0.044330
v 0.017258 -0.097156 -0.016733
v 0.028166 -0.114663 0.154187
v 0.021404 -0.111830 0.057709
v 0.031436 -0.115642 0.089200
v 0.034130 -0.115099 -0.000767
v 0.023110 -0.112243 -0.018105
v 0.060001 -0.110216 -0.303771
v 0.035856 -0.093646 -0.476756
v 0.023552 -0.110387 -0.079573
v 0.043814 -0.114781 -0.058744
v 0.076350 -0.115324 0.025773
v 0.052624 -0.112225 -0.227644
v 0.039330 -0.110447 0.499436
v 0.063823 -0.118257 0.263614
v 0.033080 -0.114193 -0.088280
v 0.074070 -0.116370 0.183904
v 0.072822 -0.115267 -0.023239
v 0.082264 -0.103200 -0.406121
v 0.074654 -0.114659 0.491448
v 0.080833 -0.115807 0.098257
v 0.062578 -0.098884 -0.465001
v 0.075499 -0.114847 -0.095777
v 0.066140 -0.111242 -0.266906
v 0.060561 -0.094289 -0.457955
v 0.092099 -0.114013 -0.183426
v 0.103655 -0.123873 0.399948
v 0.104252 -0.114977 -0.136476
v 0.068231 -0.124415 0.362964
v 0.086223 -0.121285 0.313525
v 0.096620 -0.111578 -0.241874
v 0.097054 -0.107802 -0.350300
v 0.099610 -0.096763 -0.452107
v 0.102796 -0.123482 0.356885
v 0.103201 -0.118132 0.264143
v 0.128106 -0.115607 -0.048062
v 0.126523 -0.118491 0.463881
v 0.114947 -0.116416 0.205102
v 0.107498 -0.107638 -0.300678
v 0.121760 -0.102846 -0.398476
v 0.121548 -0.113531 0.490868
v 0.135285 -0.115750 -0.102164
v 0.131165 -0.116765 0.128918
v 0.130263 -0.115631 -0.012920
v 0.116456 -0.114879 0.234887
v 0.113289 -0.098857 -0.458287
v 0.076219 -0.087907 -0.476638
v 0.115714 -0.105105 -0.267202
v 0.117092 -0.102805 -0.337330
v 0.116542 -0.114772 0.271788
v 0.134512 -0.114286 0.380593
v 0.118313 -0.117100 0.340227
v 0.123925 -0.110724 -0.212941
v 0.117203 -0.104436 -0.365806
v 0.124933 -0.112160 0.211694
v 0.130119 -0.099849 -0.434344
v 0.119273 -0.103908 -0.241122
v 0.140753 -0.116165 0.046734
v 0.137667 -0.115057 -0.181625
v 0.125818 -0.103074 -0.383080
v 0.131885 -0.100113 -0.457005
v 0.132568 -0.094222 -0.376970
v 0.151514 -0.110833 0.200973
v 0.158542 -0.115592 0.187151
v 0.163412 -0.116049 -0.144366
v 0.150298 -0.115734 -0.200487
v 0.143413 -0.098089 -0.385830
v 0.136172 -0.084872 -0.378199
v 0.167390 -0.119510 0.462596
v 0.170681 -0.116555 -0.011341
v 0.149508 -0.086803 -0.375999
v 0.135666 -0.088027 -0.365766
v 0.169525 -0.117134 0.155190
v 0.161123 -0.099010 -0.444076
v 0.145008 -0.109660 0.489168
v 0.174143 -0.122253 0.415978
v 0.161997 -0.099652 -0.422065
v 0.164040 -0.094020 -0.379805
v 0.145219 -0.089808 -0.357018
v 0.165907 -0.114120 0.385300
v 0.175098 -0.116824 0.073629
v 0.171525 -0.107055 0.471779
v 0.174718 -0.115796 -0.176273
v 0.171615 -0.099393 -0.388638
v 0.174312 -0.116388 -0.078687
v 0.184640 -0.117523 -0.112796
v 0.177505 -0.116883 0.035873
v 0.186680 -0.113289 0.197429
v 0.184393 -0.117575 0.100059
v 0.192147 -0.118378 0.437955
v 0.189307 -0.120114 0.135015
v 0.192909 -0.098279 -0.380705
v 0.195800 -0.101679 -0.397624
v 0.179587 -0.113840 -0.201568
v 0.196719 -0.119487 -0.079347
v 0.185889 -0.101558 -0.421136
v 0.189444 -0.121638 0.388619
v 0.190729 -0.117515 0.183402
v 0.192971 -0.119084 -0.180591
v 0.196027 -0.120614 0.062650
v 0.191582 -0.119661 0.010283
v 0.195304 -0.111956 0.452893
v 0.195154 -0.118848 -0.145171
v 0.198114 -0.119171 -0.029049
v 0.195512 -0.118380 -0.200336
v 0.198054 -0.120893 0.401735
v 0.196765 -0.122345 0.200491
v 0.199248 -0.121767 0.173592
v 0.193583 -0.123065 0.097688
v 0.200125 -0.109754 0.202041
v 0.204358 -0.116852 -0.121080
v 0.205567 -0.115572 0.390208
v 0.201414 -0.119842 0.122673
v 0.205464 -0.118208 0.093320
v 0.206001 -0.117884 0.031790
v 0.210742 -0.112457 -0.193337
v 0.209896 -0.111035 0.406149
v 0.205960 -0.110188 0.435084
v 0.209112 -0.117157 0.193409
v 0.210891 -0.112859 -0.154845
v 0.210786 -0.114177 0.124710
v 0.212469 -0.113523 0.086759
v 0.213160 -0.109222 -0.118862
v 0.210295 -0.108844 -0.203561
v 0.210360 -0.108792 0.159751
v 0.212144 -0.115112 0.050025
v 0.212822 -0.112188 0.005247
v 0.210899 -0.114859 -0.043778
v 0.213232 -0.110707 -0.079917
v -0.167959 -0.106226 -0.213625
v -0.160243 -0.102290 -0.208738
v -0.186108 -0.109400 -0.206947
v -0.158209 -0.096881 -0.211980
v -0.156230 -0.089029 -0.211046
v -0.157248 -0.087609 -0.211033
v -0.156230 -0.089029 -0.211046
v -0.155557 -0.090028 -0.210428
v -0.156319 -0.087621 -0.210102
v -0.157248 -0.087609 -0.211033
v -0.151500 -0.086983 -0.210533
v -0.156319 -0.087621 -0.210102
v -0.155557 -0.090028 -0.210428
v -0.154518 -0.089251 -0.210600
v -0.151500 -0.086983 -0.210533
v -0.149878 -0.090098 -0.211142
v -0.150418 -0.091427 -0.211086
v -0.145559 -0.090689 -0.211345
v -0.151342 -0.095806 -0.213124
v -0.148089 -0.087809 -0.211131
v -0.148515 -0.088666 -0.211013
v -0.147673 -0.086570 -0.210885
v -0.147563 -0.088547 -0.210693
v -0.144516 -0.092772 -0.211041
v -0.143023 -0.090750 -0.210843
v -0.144566 -0.093355 -0.218864
v -0.145559 -0.090689 -0.211345
v -0.147533 -0.091361 -0.210083
v -0.143023 -0.090750 -0.210843
v -0.135184 -0.100677 -0.213582
v -0.211787 -0.082972 -0.337808
v -0.211019 -0.071166 -0.346330
v -0.213359 -0.078899 -0.333772
v -0.209150 -0.077716 -0.319587
v -0.208017 -0.087736 -0.322439
v -0.206200 -0.084669 -0.348374
v -0.208266 -0.114353 0.402854
v -0.210069 -0.097595 0.388061
v -0.201168 -0.117771 0.388650
v -0.186355 -0.112981 0.384968
v -0.186355 -0.112981 0.384968
v -0.210069 -0.097595 0.388061
v -0.192641 -0.109674 0.376339
v -0.209670 -0.073006 0.383408
v -0.192641 -0.109674 0.376339
v -0.210069 -0.097595 0.388061
v -0.186355 -0.112981 0.384968
v -0.174369 -0.121629 0.392633
v -0.201168 -0.117771 0.388650
v -0.166367 -0.107530 0.377640
v -0.161864 -0.112741 0.384936
v -0.159656 -0.106580 0.384267
v -0.161864 -0.112741 0.384936
v -0.186355 -0.112981 0.384968
v -0.156456 -0.107893 0.384726
v -0.166367 -0.107530 0.377640
v -0.156306 -0.088867 0.382569
v -0.149797 -0.102096 0.384334
v -0.153742 -0.110559 0.384168
v -0.156206 -0.106629 0.384627
v -0.156260 -0.108609 0.383655
v -0.156206 -0.106629 0.384627
v -0.156067 -0.106692 0.383613
v -0.156456 -0.107893 0.384726
v -0.153948 -0.107336 0.384694
v -0.154501 -0.110889 0.383586
v -0.157801 -0.109525 0.383574
v -0.154501 -0.110889 0.383586
v -0.156260 -0.108609 0.383655
v -0.153742 -0.110559 0.384168
v -0.159656 -0.106580 0.384267
v -0.153509 -0.108223 0.383511
v -0.146213 -0.114423 0.384298
v -0.149144 -0.111212 0.384084
v -0.149752 -0.107727 0.382893
v -0.149797 -0.102096 0.384334
v -0.150393 -0.112188 0.383666
v -0.150393 -0.112188 0.383666
v -0.153742 -0.110559 0.384168
v -0.153509 -0.108223 0.383511
v -0.153742 -0.110559 0.384168
v -0.150015 -0.108000 0.384501
v -0.150820 -0.110958 0.383328
v -0.149144 -0.111212 0.384084
v -0.150820 -0.110958 0.383328
v -0.149174 -0.109335 0.384448
v -0.151093 -0.109518 0.383462
v -0.148867 -0.108847 0.383416
v -0.151093 -0.109518 0.383462
v -0.149174 -0.109335 0.384448
v -0.149144 -0.111212 0.384084
v -0.152264 -0.106893 0.383723
v -0.150015 -0.108000 0.384501
v -0.149174 -0.109335 0.384448
v -0.148867 -0.108847 0.383416
v -0.149752 -0.107727 0.382893
v -0.145808 -0.107744 0.383205
v -0.149174 -0.109335 0.384448
v -0.144634 -0.107505 0.384092
v -0.140404 -0.100635 0.380907
v -0.132713 -0.118005 0.381793
v -0.141612 -0.106362 0.383136
v -0.141702 -0.108052 0.382560
v -0.144634 -0.107505 0.384092
v -0.141612 -0.106362 0.383136
v -0.132868 -0.106646 0.378975
v -0.140454 -0.107773 0.383568
v -0.141267 -0.107594 0.383825
v -0.140007 -0.105704 0.382389
v -0.140007 -0.105704 0.382389
v -0.132868 -0.106646 0.378975
v -0.129697 -0.103292 0.359303
v -0.132713 -0.118005 0.381793
v -0.121728 -0.094936 0.343530
v -0.120820 -0.108248 0.338791
v -0.123175 -0.101071 0.326118
v -0.115460 -0.121664 0.365573
v -0.115282 -0.117958 0.326172
v -0.120948 -0.106738 0.278311
v -0.213746 0.049113 -0.047788
v -0.211966 0.046090 -0.014633
v -0.208083 0.046051 -0.031828
v -0.208085 0.049177 -0.051679
v -0.207678 0.058805 -0.240704
v -0.205447 0.058555 -0.212806
v -0.203008 0.057518 -0.221821
v -0.211966 0.046090 -0.014633
v -0.205123 0.053022 -0.020475
v -0.208083 0.046051 -0.031828
v -0.191655 0.066087 0.011488
v -0.205948 0.052935 -0.091662
v -0.208085 0.049177 -0.051679
v -0.212674 0.040839 -0.050444
v -0.204807 0.041901 -0.041157
v -0.200187 0.062451 -0.242935
v -0.209215 0.043768 0.033905
v -0.198664 0.061031 -0.049958
v -0.198664 0.061031 -0.049958
v -0.205948 0.052935 -0.091662
v -0.208085 0.049177 -0.051679
v -0.201987 0.056859 -0.168655
v -0.181900 0.078050 -0.137212
v -0.206491 0.042635 0.073881
v -0.196252 0.065455 -0.218115
v -0.198535 0.059459 -0.266683
v -0.171861 0.097100 -0.093240
v -0.205447 0.058555 -0.212806
v -0.196252 0.065455 -0.218115
v -0.203008 0.057518 -0.221821
v -0.181936 0.079061 -0.205735
v -0.196897 0.055332 -0.229988
v -0.179730 0.080370 -0.263339
v -0.182632 0.070863 -0.386586
v -0.194761 0.047976 -0.380021
v -0.199136 0.047843 -0.322751
v -0.188133 0.072809 -0.318788
v -0.203883 0.053427 0.112479
v -0.187826 0.062864 0.097575
v -0.181617 0.071412 -0.032803
v -0.195931 0.063047 0.109120
v -0.188439 0.066436 0.050552
v -0.187246 0.039526 -0.429183
v -0.179291 0.076468 -0.062879
v -0.155327 0.095570 -0.357447
v -0.175865 0.068298 -0.436202
v -0.161606 0.116293 -0.076617
v -0.171067 0.076381 0.128555
v -0.178028 0.061542 0.152223
v -0.181735 0.059714 0.186243
v -0.172586 0.088797 0.137130
v -0.171645 0.077438 0.108860
v -0.175341 0.064169 0.116694
v -0.169697 0.083563 0.168655
v -0.162535 0.100136 -0.225344
v -0.153790 0.086770 -0.428576
v -0.167232 0.104217 0.100334
v -0.167708 0.051026 -0.454997
v -0.166661 0.107130 0.114069
v -0.152962 0.107833 -0.293301
v -0.140312 0.073978 -0.458643
v -0.159445 0.111601 0.126952
v -0.155471 0.119496 -0.158313
v -0.162972 0.072391 0.096309
v -0.160132 0.095899 0.098545
v -0.170111 0.062753 0.089481
v -0.150327 0.137690 0.074978
v -0.156014 0.077070 0.053959
v -0.153719 0.135398 0.046275
v -0.153810 0.104085 0.073586
v -0.164536 0.067092 0.020323
v -0.153449 0.081044 -0.030628
v -0.162800 0.065827 -0.026624
v -0.163151 0.070543 -0.055488
v -0.157656 0.092754 -0.065290
v -0.163151 0.070543 -0.055488
v -0.153449 0.081044 -0.030628
v -0.141594 0.142383 -0.194712
v -0.144688 0.113264 0.031422
v -0.141052 0.152021 -0.084319
v -0.131655 0.131559 -0.322258
v -0.145233 0.122538 0.041645
v -0.140783 0.156738 0.007850
v -0.150186 0.136829 0.019672
v -0.142826 0.109014 -0.015590
v -0.134012 0.158978 -0.116406
v -0.142878 0.136206 -0.236473
v -0.142952 0.124629 -0.074159
v -0.139987 0.120397 -0.060515
v -0.143344 0.144745 -0.041122
v -0.135028 0.161092 -0.057177
v -0.139987 0.120397 -0.060515
v -0.137153 0.139748 -0.075823
v -0.143344 0.144745 -0.041122
v -0.141052 0.152021 -0.084319
v -0.127784 0.115034 -0.375463
v -0.138328 0.131656 -0.000209
v -0.132764 0.158433 -0.170490
v -0.124127 0.148757 -0.285686
v -0.138328 0.131656 -0.000209
v -0.150186 0.136829 0.019672
v -0.135873 0.135009 -0.040612
v -0.131339 0.155261 -0.219402
v -0.135873 0.135009 -0.040612
v -0.137153 0.139748 -0.075823
v -0.135873 0.135009 -0.040612
v -0.119935 0.147232 -0.324708
v -0.131655 0.131559 -0.322258
v -0.119935 0.147232 -0.324708
v -0.103062 0.135917 -0.345305
v -0.099326 0.148031 -0.340541
v -0.208083 0.046051 -0.031828
v -0.209999 0.032051 -0.004600
v -0.212674 0.040839 -0.050444
v -0.208085 0.049177 -0.051679
v -0.205052 -0.080120 -0.257081
v -0.210024 -0.077175 -0.272397
v -0.215984 -0.082821 -0.254556
v -0.211428 -0.056167 -0.266265
v -0.209775 -0.064421 -0.274656
v -0.210052 -0.063333 -0.281642
v -0.217620 -0.064022 -0.271316
v -0.211928 -0.058448 -0.258526
v -0.205662 -0.085607 -0.261635
v -0.210430 -0.085114 -0.245869
v -0.201725 -0.081156 -0.274682
v -0.207605 -0.100097 0.327986
v -0.211413 -0.103241 0.315956
v -0.200697 -0.109378 0.314841
v -0.196279 -0.114542 0.322163
v -0.206749 -0.118360 0.332527
v -0.207687 -0.110421 0.305109
v -0.204658 -0.108301 0.293184
v -0.194513 -0.113202 0.294154
v -0.193503 -0.103121 0.274298
v -0.202701 -0.104633 0.280972
v -0.209503 -0.091300 0.275262
v -0.205052 -0.080120 -0.257081
v -0.215984 -0.082821 -0.254556
v -0.204456 -0.073845 -0.251108
v -0.196176 -0.090252 -0.254583
v -0.196894 -0.111731 -0.265752
v -0.204436 -0.107326 -0.269284
v -0.193720 -0.097892 -0.263414
v -0.179271 -0.080399 -0.252822
v -0.190396 -0.106267 -0.262226
v -0.180882 -0.103008 -0.258494
v -0.214421 -0.056140 0.286825
v -0.197922 -0.068182 0.277688
v -0.208909 -0.062827 0.283868
v -0.211413 -0.103241 0.315956
v -0.207605 -0.100097 0.327986
v -0.208788 -0.086498 0.325468
v -0.203313 -0.071936 0.336220
v -0.201504 -0.079577 0.277259
v -0.203262 -0.066439 0.291939
v -0.202479 -0.091972 0.342558
v -0.196266 -0.071741 0.318185
v -0.200697 -0.109378 0.314841
v -0.206749 -0.118360 0.332527
v -0.203519 -0.106689 0.342055
v -0.196279 -0.114542 0.322163
v -0.203698 -0.126900 0.329116
v -0.206749 -0.118360 0.332527
v -0.194876 -0.125160 0.304670
v -0.198280 -0.040470 0.297428
v -0.194095 -0.050455 0.304232
v -0.198661 -0.047291 0.321820
v -0.193871 -0.063437 0.324233
v -0.202606 -0.056930 0.337979
v -0.199343 -0.045236 0.275019
v -0.193242 -0.056054 0.287670
v -0.191710 -0.071599 0.257090
v -0.203262 -0.066439 0.291939
v -0.197922 -0.068182 0.277688
v -0.194513 -0.113202 0.294154
v -0.194033 -0.121167 0.272773
v -0.190033 -0.087758 0.262267
v -0.193503 -0.103121 0.274298
v -0.192045 -0.105721 0.257164
v -0.191710 -0.071599 0.257090
v -0.201090 -0.099871 0.248549
v -0.184986 -0.091832 0.250516
v -0.203775 -0.117435 -0.330127
v -0.215766 -0.117601 -0.328617
v -0.208851 -0.104866 -0.326006
v -0.203008 0.057518 -0.221821
v -0.205537 0.053296 -0.211226
v -0.203237 0.053565 -0.236251
v -0.200187 0.062451 -0.242935
v -0.204436 -0.107326 -0.269284
v -0.208292 -0.106683 -0.264105
v -0.203105 -0.117325 -0.262231
v -0.206571 -0.111547 -0.322849
v -0.207483 -0.125032 -0.327345
v -0.203775 -0.117435 -0.330127
v -0.208851 -0.104866 -0.326006
v -0.205421 -0.059931 0.445182
v -0.206913 -0.087429 0.442237
v -0.193113 -0.060533 0.455912
v -0.198995 -0.085111 0.448892
v -0.199820 -0.105755 0.445853
v -0.208775 -0.040621 0.412764
v -0.194360 -0.046514 0.440383
v -0.192701 -0.016384 0.433707
v -0.177576 -0.102011 0.461770
v -0.176098 -0.108660 0.469125
v -0.192654 -0.097648 0.439068
v -0.156103 -0.045279 0.463410
v -0.186282 -0.065457 0.440021
v -0.193681 -0.084448 0.438228
v -0.154672 -0.083557 0.460704
v -0.180300 -0.099153 0.443491
v -0.156090 -0.007383 0.456618
v -0.186870 0.004334 0.431206
v -0.170405 -0.026277 0.453510
v -0.154208 -0.063829 0.472775
v -0.152117 -0.068059 0.462698
v -0.161002 -0.102306 0.457962
v -0.144755 0.016441 0.448796
v -0.132474 -0.017028 0.472567
v -0.143605 -0.110638 0.489855
v -0.140207 -0.102234 0.483702
v -0.141227 -0.099457 0.468842
v -0.128133 -0.100439 0.496574
v -0.120931 -0.076609 0.481256
v -0.114002 0.009692 0.472334
v -0.115115 -0.035506 0.486455
v -0.105880 -0.077755 0.496473
v -0.109405 -0.066438 0.491857
v -0.103894 -0.006229 0.479302
v -0.098343 -0.021265 0.487556
v -0.091770 -0.064129 0.492458
v -0.090377 -0.040226 0.493079
v -0.066223 -0.054584 0.499388
v -0.066075 -0.036162 0.498982
v -0.210413 -0.065312 -0.313118
v -0.201859 -0.076037 -0.316493
v -0.209150 -0.077716 -0.319587
v -0.207511 -0.057849 -0.308677
v -0.199978 -0.092244 -0.324350
v -0.208851 -0.104866 -0.326006
v -0.208017 -0.087736 -0.322439
v -0.200992 -0.105913 -0.324393
v -0.206571 -0.111547 -0.322849
v -0.194258 -0.057790 -0.306740
v -0.194417 -0.067247 -0.319289
v -0.194797 -0.066769 0.444218
v -0.193113 -0.060533 0.455912
v -0.198995 -0.085111 0.448892
v -0.193681 -0.084448 0.438228
v -0.199820 -0.105755 0.445853
v -0.186282 -0.065457 0.440021
v -0.192654 -0.097648 0.439068
v -0.154208 -0.063829 0.472775
v -0.152117 -0.068059 0.462698
v -0.120931 -0.076609 0.481256
v -0.174162 0.053865 0.267943
v -0.199000 0.041151 0.223837
v -0.192681 0.044142 0.287925
v -0.198546 0.033344 0.317392
v -0.166056 0.050684 0.315968
v -0.188753 0.035959 0.361935
v -0.174915 0.059023 0.225711
v -0.181735 0.059714 0.186243
v -0.163140 0.062218 0.201328
v -0.178967 0.027441 0.410281
v -0.150940 0.042697 0.380188
v -0.169697 0.083563 0.168655
v -0.181735 0.059714 0.186243
v -0.163140 0.062218 0.201328
v -0.154488 0.075002 0.184442
v -0.164337 0.062561 0.216396
v -0.159642 0.060915 0.238984
v -0.164337 0.062561 0.216396
v -0.156438 0.052108 0.216618
v -0.132233 0.032561 0.425703
v -0.141712 0.059459 0.267086
v -0.146298 0.100942 0.144502
v -0.159445 0.111601 0.126952
v -0.140742 0.059577 0.227574
v -0.140742 0.059577 0.227574
v -0.132451 0.055271 0.318866
v -0.139031 0.062217 0.207956
v -0.150327 0.137690 0.074978
v -0.137293 0.126000 0.101680
v -0.127465 0.055932 0.213724
v -0.139031 0.062217 0.207956
v -0.127465 0.055932 0.213724
v -0.130803 0.142602 0.069330
v -0.104308 0.083213 0.181200
v -0.102039 0.159504 0.034182
v -0.140783 0.156738 0.007850
v -0.105819 0.047436 0.382958
v -0.077848 0.056393 0.338155
v -0.119317 0.062000 0.210188
v -0.116988 0.050930 0.227903
v -0.116423 0.062210 0.245236
v -0.098499 0.106294 0.145889
v -0.122039 0.162993 0.006829
v -0.087520 0.061094 0.284288
v -0.108230 0.062597 0.221403
v -0.119317 0.062000 0.210188
v -0.088439 0.129735 0.107378
v -0.075930 0.069364 0.205228
v -0.102355 0.062329 0.219174
v -0.094584 0.059948 0.236487
v -0.091450 0.145520 0.074434
v -0.094584 0.059948 0.236487
v -0.078807 0.055475 0.226493
v -0.070416 0.041450 0.422479
v -0.070898 0.062101 0.244316
v -0.078807 0.055475 0.226493
v -0.060115 0.157464 0.054609
v -0.060105 0.107667 0.150303
v -0.044805 0.053032 0.376806
v -0.043005 0.061741 0.237564
v -0.036581 0.140122 0.095979
v -0.036399 0.061679 0.290442
v -0.009525 0.116630 0.139812
v -0.022316 0.062596 0.250742
v -0.028240 0.060965 0.220171
v -0.026283 0.087471 0.184675
v 0.020170 0.044156 0.421029
v -0.021656 0.036095 0.444386
v -0.001678 0.057135 0.344573
v -0.032061 0.057692 0.237270
v -0.031793 0.062884 0.238785
v -0.010989 0.059560 0.233329
v -0.004731 0.065440 0.235153
v 0.008653 0.054478 0.239622
v 0.006713 0.063041 0.266317
v 0.012507 0.154495 0.066713
v -0.001426 0.139142 0.102109
v -0.008572 0.056969 0.228594
v 0.010069 0.101200 0.164586
v -0.021339 0.062403 0.233721
v -0.002820 0.064526 0.231491
v 0.025596 0.075681 0.201100
v 0.025262 0.062371 0.245634
v 0.010591 0.059278 0.230168
v 0.045885 0.061057 0.299595
v 0.020015 0.066410 0.229873
v 0.030344 0.132717 0.110928
v 0.045065 0.054448 0.229153
v 0.052410 0.028968 0.455107
v 0.042873 0.111470 0.146295
v 0.045059 0.065299 0.230805
v 0.060088 0.066005 0.224642
v 0.046213 0.063634 0.253421
v 0.071742 0.047030 0.397256
v 0.060431 0.053479 0.238698
v 0.061150 0.146147 0.079647
v 0.070910 0.056610 0.344785
v 0.067401 0.158113 0.053013
v 0.056089 0.164025 0.028263
v 0.083298 0.101266 0.156961
v 0.069560 0.061130 0.241842
v 0.088215 0.062755 0.259311
v 0.088855 0.128571 0.109108
v 0.083027 0.071060 0.201476
v 0.116063 0.058449 0.298157
v 0.106936 0.033954 0.431172
v 0.102127 0.051701 0.225767
v 0.090614 0.064444 0.226325
v 0.099408 0.059932 0.236428
v 0.108776 0.015582 0.467509
v 0.109720 0.162650 0.016317
v 0.105619 0.063373 0.222343
v 0.119937 0.149395 0.058883
v 0.114150 0.049819 0.365679
v 0.133956 0.110229 0.131712
v 0.126935 0.057900 0.213761
v 0.144421 0.038924 0.398686
v 0.150285 0.061451 0.229890
v 0.122357 0.060046 0.226369
v 0.147383 0.052298 0.331143
v 0.142856 0.089142 0.164498
v 0.136052 0.129667 0.095928
v 0.138511 0.016298 0.451831
v 0.141725 0.153081 0.024102
v 0.126935 0.057900 0.213761
v 0.150645 0.070682 0.190212
v 0.133569 0.162574 -0.013378
v 0.152424 0.057791 0.206787
v 0.156037 0.054234 0.217572
v 0.150540 0.140573 0.060650
v 0.152424 0.057791 0.206787
v 0.152048 0.127112 0.101956
v 0.166489 0.056531 0.267917
v 0.175297 0.033302 0.396902
v 0.184513 0.045600 0.305798
v 0.165256 0.099404 0.144021
v 0.169545 0.078324 0.176841
v 0.171633 0.062532 0.202607
v 0.156037 0.054234 0.217572
v 0.171633 0.062532 0.202607
v 0.172937 0.016537 0.432925
v 0.179811 0.041904 0.351388
v 0.171158 0.062045 0.221974
v 0.191392 0.015043 0.414891
v 0.192071 0.038743 0.338685
v 0.192583 0.028814 0.381158
v -0.175645 -0.085886 0.256043
v -0.190033 -0.087758 0.262267
v -0.191710 -0.071599 0.257090
v -0.173450 -0.098890 0.251282
v -0.177003 -0.073341 0.255883
v -0.154424 -0.092438 0.251865
v -0.157092 -0.079175 0.242970
v -0.149759 -0.110520 0.268731
v -0.142845 -0.090746 0.238829
v -0.134195 -0.097669 0.265804
v -0.170955 -0.080026 0.302628
v -0.174255 -0.087186 0.327037
v -0.173590 -0.092096 0.294309
v -0.172880 -0.106837 0.326208
v -0.170566 -0.087392 0.349855
v -0.171849 -0.107349 0.345605
v -0.175066 -0.069878 0.337664
v -0.159002 -0.111759 0.344892
v -0.161574 -0.071426 0.346952
v -0.164878 -0.102834 0.212248
v -0.165893 -0.109446 0.200620
v -0.156922 -0.088506 0.207505
v -0.149725 -0.094453 0.214901
v -0.150096 -0.084501 0.349310
v -0.146713 -0.095269 0.350060
v -0.149759 -0.110520 0.268731
v -0.158718 -0.111438 0.248042
v -0.173450 -0.098890 0.251282
v -0.150073 -0.106948 0.231853
v -0.161372 -0.143527 0.238921
v -0.152956 -0.161923 0.302147
v -0.149815 -0.137688 0.331156
v -0.156870 -0.155473 0.336968
v -0.149171 -0.115022 0.350567
v -0.154287 -0.118256 0.365152
v -0.156975 -0.112807 0.335423
v -0.149171 -0.115022 0.350567
v -0.144671 -0.104034 0.324206
v -0.156975 -0.112807 0.335423
v -0.149467 -0.120224 0.313365
v -0.149467 -0.120224 0.313365
v -0.152044 -0.148867 0.258514
v -0.162849 -0.167073 0.279084
v -0.149711 -0.131363 0.258430
v -0.149264 -0.141635 0.292509
v -0.148583 -0.098595 0.367368
v -0.149759 -0.110520 0.268731
v -0.149711 -0.131363 0.258430
v -0.150314 -0.114265 0.244812
v -0.149361 -0.098595 0.239479
v -0.142845 -0.090746 0.238829
v -0.146713 -0.095269 0.350060
v -0.138375 -0.109531 0.301753
v -0.178762 -0.096448 -0.271922
v -0.182209 -0.086465 -0.265586
v -0.185824 -0.100791 -0.264290
v -0.176208 -0.076763 -0.273853
v -0.177739 -0.081916 -0.297533
v -0.176915 -0.098968 -0.296180
v -0.179271 -0.080399 -0.252822
v -0.176625 -0.101067 -0.247602
v -0.180882 -0.103008 -0.258494
v -0.175978 -0.093323 -0.321331
v -0.168711 -0.102799 -0.271672
v -0.178762 -0.096448 -0.271922
v -0.176915 -0.098968 -0.296180
v -0.171566 -0.075473 -0.311883
v -0.175978 -0.093323 -0.321331
v -0.163682 -0.106572 -0.333605
v -0.180426 -0.080831 -0.243425
v -0.175937 -0.066219 -0.261163
v -0.163346 -0.114466 -0.252848
v -0.164242 -0.101330 -0.244348
v -0.164515 -0.101514 -0.311622
v -0.160571 -0.089041 -0.332478
v -0.149206 -0.106572 -0.240953
v -0.158746 -0.108633 -0.275097
v -0.157919 -0.100481 -0.299102
v -0.155824 -0.114603 -0.318392
v -0.154781 -0.120752 -0.337947
v -0.153663 -0.117587 -0.296616
v -0.150763 -0.103447 -0.349864
v -0.150614 -0.126828 -0.260192
v -0.149557 -0.138764 -0.287111
v -0.148858 -0.132091 -0.334773
v -0.148720 -0.132489 -0.250256
v -0.179271 -0.080399 -0.252822
v -0.174357 -0.065417 -0.247506
v -0.180426 -0.080831 -0.243425
v -0.175937 -0.066219 -0.261163
v -0.186870 0.004334 0.431206
v -0.144755 0.016441 0.448796
v -0.178967 0.027441 0.410281
v -0.132233 0.032561 0.425703
v -0.075481 0.022232 0.461057
v -0.102094 0.000482 0.466348
v -0.114002 0.009692 0.472334
v -0.103894 -0.006229 0.479302
v -0.114002 0.009692 0.472334
v -0.078829 0.008269 0.476764
v -0.102094 0.000482 0.466348
v -0.098343 -0.021265 0.487556
v -0.072936 -0.021775 0.481872
v -0.103894 -0.006229 0.479302
v -0.070416 0.041450 0.422479
v -0.083568 -0.001869 0.470704
v -0.083568 -0.001869 0.470704
v -0.090377 -0.040226 0.493079
v -0.061676 -0.010111 0.484855
v -0.066075 -0.036162 0.498982
v -0.042703 -0.006063 0.479994
v -0.031814 -0.031006 0.497434
v -0.050656 -0.000540 0.472286
v -0.050656 -0.000540 0.472286
v -0.037856 0.007655 0.481024
v -0.021656 0.036095 0.444386
v -0.021870 0.016317 0.475124
v -0.032349 -0.042872 0.501621
v -0.019760 -0.000389 0.476269
v -0.019760 -0.000389 0.476269
v -0.021693 -0.006885 0.490422
v -0.024966 -0.021405 0.484021
v -0.016198 -0.006238 0.488692
v 0.000351 0.009707 0.483867
v -0.012769 -0.006355 0.481083
v -0.001698 -0.008485 0.488485
v -0.012664 -0.015530 0.492661
v -0.000414 -0.037620 0.501552
v 0.004413 -0.021719 0.492674
v 0.017142 -0.001014 0.479113
v 0.017142 -0.001014 0.479113
v 0.004413 -0.021719 0.492674
v 0.012358 0.019443 0.471401
v 0.018829 -0.005889 0.489982
v 0.052410 0.028968 0.455107
v 0.034651 -0.033511 0.500761
v 0.054330 -0.027182 0.491609
v 0.056408 0.010612 0.477701
v 0.039566 -0.019476 0.483068
v 0.050848 -0.002978 0.475584
v 0.047159 -0.010393 0.486623
v 0.050848 -0.002978 0.475584
v 0.065302 -0.033742 0.498274
v 0.073250 -0.020320 0.479400
v 0.065131 0.000332 0.470012
v 0.082246 -0.000127 0.471016
v 0.065131 0.000332 0.470012
v 0.108776 0.015582 0.467509
v 0.089653 -0.021921 0.487052
v 0.084379 -0.009317 0.481072
v 0.082246 -0.000127 0.471016
v 0.091493 -0.019064 0.478351
v 0.100940 0.008314 0.473183
v 0.097895 -0.000034 0.463840
v 0.097895 -0.000034 0.463840
v 0.101762 -0.005438 0.470390
v 0.102130 -0.009578 0.480125
v 0.112427 -0.003901 0.480384
v 0.102130 -0.009578 0.480125
v 0.101762 -0.005438 0.470390
v 0.107730 0.004475 0.470746
v 0.138511 0.016298 0.451831
v -0.173590 -0.092096 0.294309
v -0.172880 -0.106837 0.326208
v -0.166345 -0.098451 0.320182
v -0.156975 -0.112807 0.335423
v -0.171849 -0.107349 0.345605
v -0.159002 -0.111759 0.344892
v -0.156334 -0.099438 0.329063
v -0.144671 -0.104034 0.324206
v -0.149171 -0.115022 0.350567
v -0.175066 -0.069878 0.337664
v -0.174255 -0.087186 0.327037
v -0.163643 -0.075705 0.338874
v -0.170955 -0.080026 0.302628
v -0.165498 -0.088857 0.322249
v -0.166345 -0.098451 0.320182
v -0.173590 -0.092096 0.294309
v -0.161574 -0.071426 0.346952
v -0.156334 -0.099438 0.329063
v -0.146713 -0.095269 0.350060
v -0.150096 -0.084501 0.349310
v -0.159656 -0.106580 0.384267
v -0.186355 -0.112981 0.384968
v -0.166367 -0.107530 0.377640
v -0.149797 -0.102096 0.384334
v -0.157248 -0.087609 -0.211033
v -0.156319 -0.087621 -0.210102
v -0.160243 -0.102290 -0.208738
v -0.155557 -0.090028 -0.210428
v -0.151886 -0.090914 -0.209953
v -0.154518 -0.089251 -0.210600
v -0.156230 -0.089029 -0.211046
v -0.156319 -0.087621 -0.210102
v -0.154518 -0.089251 -0.210600
v -0.151886 -0.090914 -0.209953
v -0.151500 -0.086983 -0.210533
v -0.149133 -0.089704 -0.210140
v -0.149878 -0.090098 -0.211142
v -0.150418 -0.091427 -0.211086
v -0.151886 -0.090914 -0.209953
v -0.149878 -0.090098 -0.211142
v -0.149133 -0.089704 -0.210140
v -0.147533 -0.091361 -0.210083
v -0.151342 -0.095806 -0.213124
v -0.149878 -0.090098 -0.211142
v -0.151886 -0.090914 -0.209953
v -0.149133 -0.089704 -0.210140
v -0.145500 -0.093760 -0.209981
v -0.147533 -0.091361 -0.210083
v -0.148488 -0.087294 -0.210392
v -0.147673 -0.086570 -0.210885
v -0.148515 -0.088666 -0.211013
v -0.148488 -0.087294 -0.210392
v -0.148089 -0.087809 -0.211131
v -0.149133 -0.089704 -0.210140
v -0.147563 -0.088547 -0.210693
v -0.147533 -0.091361 -0.210083
v -0.148515 -0.088666 -0.211013
v -0.135184 -0.100677 -0.213582
v -0.143023 -0.090750 -0.210843
v -0.145559 -0.090689 -0.211345
v -0.145500 -0.093760 -0.209981
v -0.147533 -0.091361 -0.210083
v -0.144516 -0.092772 -0.211041
v -0.144566 -0.093355 -0.218864
v -0.147533 -0.091361 -0.210083
v -0.144516 -0.092772 -0.211041
v -0.144516 -0.092772 -0.211041
v -0.143023 -0.090750 -0.210843
v -0.156260 -0.108609 0.383655
v -0.157801 -0.109525 0.383574
v -0.161864 -0.112741 0.384936
v -0.153742 -0.110559 0.384168
v -0.159656 -0.106580 0.384267
v -0.156067 -0.106692 0.383613
v -0.159656 -0.106580 0.384267
v -0.156067 -0.106692 0.383613
v -0.152264 -0.106893 0.383723
v -0.153948 -0.107336 0.384694
v -0.156206 -0.106629 0.384627
v -0.153509 -0.108223 0.383511
v -0.153948 -0.107336 0.384694
v -0.156456 -0.107893 0.384726
v -0.156260 -0.108609 0.383655
v -0.154501 -0.110889 0.383586
v -0.153509 -0.108223 0.383511
v -0.156067 -0.106692 0.383613
v -0.156206 -0.106629 0.384627
v -0.153948 -0.107336 0.384694
v -0.152264 -0.106893 0.383723
v -0.156067 -0.106692 0.383613
v -0.153509 -0.108223 0.383511
v -0.151093 -0.109518 0.383462
v -0.153742 -0.110559 0.384168
v -0.150820 -0.110958 0.383328
v -0.153742 -0.110559 0.384168
v -0.149144 -0.111212 0.384084
v -0.150820 -0.110958 0.383328
v -0.148867 -0.108847 0.383416
v -0.151093 -0.109518 0.383462
v -0.150015 -0.108000 0.384501
v -0.152264 -0.106893 0.383723
v -0.149144 -0.111212 0.384084
v -0.130987 -0.110908 0.204462
v -0.156922 -0.088506 0.207505
v -0.165893 -0.109446 0.200620
v -0.136241 -0.094286 0.217858
v -0.118850 -0.110988 0.242015
v -0.123090 -0.089036 0.251842
v -0.120948 -0.106738 0.278311
v -0.140404 -0.100635 0.380907
v -0.166367 -0.107530 0.377640
v -0.148583 -0.098595 0.367368
v -0.146713 -0.095269 0.350060
v -0.156334 -0.099438 0.329063
v -0.138992 -0.095557 0.339400
v -0.144671 -0.104034 0.324206
v -0.156306 -0.088867 0.382569
v -0.138375 -0.109531 0.301753
v -0.149467 -0.120224 0.313365
v -0.149759 -0.110520 0.268731
v -0.136241 -0.094286 0.217858
v -0.149725 -0.094453 0.214901
v -0.156922 -0.088506 0.207505
v -0.142845 -0.090746 0.238829
v -0.134195 -0.097669 0.265804
v -0.129697 -0.103292 0.359303
v -0.154424 -0.092438 0.251865
v -0.123175 -0.101071 0.326118
v -0.120948 -0.106738 0.278311
v -0.123090 -0.089036 0.251842
v -0.121728 -0.094936 0.343530
v -0.152215 -0.103437 -0.369406
v -0.153987 -0.139620 -0.352226
v -0.160146 -0.119538 -0.370392
v -0.150763 -0.103447 -0.349864
v -0.148720 -0.132489 -0.250256
v -0.156295 -0.115381 -0.224720
v -0.152540 -0.148374 -0.250525
v -0.153977 -0.161724 -0.313013
v -0.149557 -0.138764 -0.287111
v -0.153472 -0.161506 -0.278387
v -0.148858 -0.132091 -0.334773
v -0.155404 -0.154786 -0.336486
v -0.149206 -0.106572 -0.240953
v -0.150614 -0.126828 -0.260192
v -0.142335 -0.089721 -0.372087
v -0.144566 -0.093355 -0.218864
v -0.147324 -0.089160 -0.239177
v -0.140082 -0.092499 -0.346582
v -0.171428 -0.091912 -0.447107
v -0.173122 -0.042305 -0.459936
v -0.149695 -0.060272 -0.475361
v -0.142927 -0.085110 -0.468906
v -0.144603 -0.100754 -0.449159
v -0.133036 -0.088896 -0.455152
v -0.117726 -0.098801 -0.461812
v -0.121010 -0.076604 -0.481761
v -0.107738 -0.087391 -0.472829
v -0.085746 -0.072363 -0.490802
v -0.079917 -0.098653 -0.462163
v -0.061721 -0.086047 -0.481550
v -0.044063 -0.097529 -0.465376
v -0.044214 -0.073432 -0.496102
v -0.018651 -0.091901 -0.478377
v -0.002722 -0.070793 -0.497941
v 0.001069 -0.098161 -0.469915
v 0.035856 -0.093646 -0.476756
v 0.059764 -0.072568 -0.493277
v 0.076219 -0.087907 -0.476638
v 0.062578 -0.098884 -0.465001
v 0.099610 -0.096763 -0.452107
v 0.112971 -0.086760 -0.471418
v 0.113289 -0.098857 -0.458287
v 0.117574 -0.083513 -0.475766
v 0.109412 -0.063177 -0.488007
v 0.119858 -0.095837 -0.465492
v 0.134070 -0.076374 -0.476119
v 0.131885 -0.100113 -0.457005
v 0.125308 -0.087238 -0.456826
v 0.141992 -0.086799 -0.465778
v 0.143535 -0.089365 -0.453114
v 0.137706 -0.093108 -0.448553
v 0.146989 -0.096753 -0.456048
v -0.153948 -0.107336 0.384694
v -0.152264 -0.106893 0.383723
v -0.149797 -0.102096 0.384334
v -0.149174 -0.109335 0.384448
v -0.148867 -0.108847 0.383416
v -0.145808 -0.107744 0.383205
v -0.150846 0.132413 -0.456433
v -0.147263 0.126877 -0.433629
v -0.147220 0.142125 -0.460852
v -0.145953 0.118893 -0.446695
v -0.145918 0.121495 -0.477075
v -0.145365 0.139393 -0.478625
v -0.134024 0.132162 -0.446113
v -0.149144 -0.111212 0.384084
v -0.148867 -0.108847 0.383416
v -0.149752 -0.107727 0.382893
v -0.144634 -0.107505 0.384092
v -0.145808 -0.107744 0.383205
v -0.140454 -0.107773 0.383568
v -0.141267 -0.107594 0.383825
v -0.141702 -0.108052 0.382560
v -0.140007 -0.105704 0.382389
v -0.148089 -0.087809 -0.211131
v -0.148488 -0.087294 -0.210392
v -0.147563 -0.088547 -0.210693
v -0.145559 -0.090689 -0.211345
v -0.147263 0.126877 -0.433629
v -0.134024 0.132162 -0.446113
v -0.147220 0.142125 -0.460852
v -0.123772 0.142785 -0.475720
v -0.145365 0.139393 -0.478625
v -0.147220 0.142125 -0.460852
v -0.120426 0.140502 -0.463852
v -0.147220 0.142125 -0.460852
v -0.134024 0.132162 -0.446113
v -0.124016 0.126455 -0.442291
v -0.145953 0.118893 -0.446695
v -0.123772 0.142785 -0.475720
v -0.090713 0.127246 -0.445421
v -0.077652 0.143128 -0.473354
v -0.080443 0.135930 -0.452496
v -0.034292 0.136059 -0.455658
v -0.034941 0.127630 -0.440808
v -0.026772 0.143057 -0.474808
v -0.000581 0.136274 -0.454848
v 0.009043 0.128599 -0.442195
v 0.051843 0.142730 -0.471783
v 0.051593 0.134182 -0.450510
v 0.051593 0.134182 -0.450510
v 0.009043 0.128599 -0.442195
v 0.053183 0.125545 -0.444057
v 0.097639 0.139265 -0.459683
v 0.103937 0.129564 -0.446766
v 0.097639 0.139265 -0.459683
v 0.098249 0.137953 -0.475618
v 0.127854 0.139103 -0.474226
v 0.139160 0.133442 -0.448530
v 0.139160 0.133442 -0.448530
v 0.145800 0.119402 -0.447633
v 0.149661 0.142104 -0.459439
v 0.149766 0.140260 -0.482892
v 0.149836 0.131763 -0.429912
v -0.145918 0.121495 -0.477075
v -0.132944 0.123407 -0.455703
v -0.145953 0.118893 -0.446695
v -0.126494 0.126418 -0.471531
v -0.124016 0.126455 -0.442291
v -0.071265 0.124107 -0.457879
v -0.090713 0.127246 -0.445421
v -0.086281 0.129015 -0.474351
v -0.034941 0.127630 -0.440808
v -0.033455 0.124701 -0.475529
v -0.019930 0.123277 -0.456349
v 0.009043 0.128599 -0.442195
v 0.001733 0.124634 -0.475468
v 0.013722 0.123313 -0.449850
v 0.027854 0.122491 -0.463725
v 0.051212 0.123659 -0.473401
v 0.053183 0.125545 -0.444057
v 0.058606 0.124083 -0.453293
v 0.094123 0.124073 -0.461080
v 0.109583 0.125309 -0.475430
v 0.103937 0.129564 -0.446766
v 0.128166 0.123782 -0.461342
v 0.145800 0.119402 -0.447633
v 0.147488 0.123541 -0.468920
v 0.149836 0.131763 -0.429912
v 0.139160 0.133442 -0.448530
v 0.149661 0.142104 -0.459439
v 0.149766 0.140260 -0.482892
v -0.145500 -0.093760 -0.209981
v -0.144516 -0.092772 -0.211041
v -0.143023 -0.090750 -0.210843
v -0.141267 -0.107594 0.383825
v -0.144634 -0.107505 0.384092
v -0.141702 -0.108052 0.382560
v -0.140007 -0.105704 0.382389
v -0.141612 -0.106362 0.383136
v -0.145365 0.139393 -0.478625
v -0.126494 0.126418 -0.471531
v -0.145918 0.121495 -0.477075
v -0.123772 0.142785 -0.475720
v -0.086281 0.129015 -0.474351
v -0.077652 0.143128 -0.473354
v -0.050099 0.135248 -0.474991
v -0.026772 0.143057 -0.474808
v -0.033455 0.124701 -0.475529
v -0.017432 0.133675 -0.474774
v 0.001733 0.124634 -0.475468
v 0.037201 0.134215 -0.475095
v 0.051843 0.142730 -0.471783
v 0.051212 0.123659 -0.473401
v 0.098249 0.137953 -0.475618
v 0.109583 0.125309 -0.475430
v 0.127854 0.139103 -0.474226
v 0.147488 0.123541 -0.468920
v 0.149766 0.140260 -0.482892
v -0.140783 0.156738 0.007850
v -0.108925 0.168837 -0.065810
v -0.135028 0.161092 -0.057177
v -0.122039 0.162993 0.006829
v -0.073428 0.169722 -0.039295
v -0.134012 0.158978 -0.116406
v -0.116940 0.165472 -0.172826
v -0.132764 0.158433 -0.170490
v -0.131339 0.155261 -0.219402
v -0.115693 0.159004 -0.235289
v -0.124127 0.148757 -0.285686
v -0.081374 0.148548 -0.318619
v -0.119935 0.147232 -0.324708
v -0.064227 0.158844 -0.262430
v -0.073313 0.165749 -0.215617
v -0.099326 0.148031 -0.340541
v -0.102039 0.159504 0.034182
v -0.057541 0.170723 -0.151722
v -0.088357 0.168357 -0.178597
v -0.060266 0.147673 -0.352582
v -0.045854 0.172394 -0.099090
v -0.031355 0.166594 0.009571
v -0.060115 0.157464 0.054609
v -0.033822 0.149379 -0.319228
v -0.030790 0.137967 -0.365782
v -0.006819 0.171362 -0.045569
v -0.011693 0.172121 -0.138014
v -0.009917 0.170269 -0.181822
v -0.007151 0.167813 -0.216323
v -0.010829 0.159082 -0.285770
v -0.002575 0.154158 -0.300719
v 0.012984 0.148120 -0.353198
v -0.000474 0.163002 -0.259861
v 0.012507 0.154495 0.066713
v 0.027943 0.172294 -0.084413
v 0.001027 0.163338 -0.294091
v 0.004055 0.142731 -0.371520
v 0.031219 0.171011 -0.160082
v 0.028791 0.148630 -0.318785
v 0.032421 0.167826 -0.211285
v 0.010980 0.157801 -0.287636
v 0.045356 0.160603 -0.259593
v 0.057053 0.168208 -0.008272
v 0.041950 0.143096 -0.364942
v 0.056089 0.164025 0.028263
v 0.060944 0.148050 -0.321971
v 0.075568 0.154129 -0.281875
v 0.078848 0.171029 -0.132232
v 0.075026 0.149022 -0.336581
v 0.086868 0.170631 -0.076658
v 0.073772 0.166113 -0.211481
v 0.089276 0.168432 -0.175412
v 0.085233 0.144518 -0.350930
v 0.105802 0.148225 -0.298571
v 0.099126 0.160973 -0.235426
v 0.109720 0.162650 0.016317
v 0.115148 0.163166 -0.205506
v 0.122830 0.166100 -0.137091
v 0.115985 0.144414 -0.334879
v 0.123298 0.146350 -0.303156
v 0.115936 0.167507 -0.034441
v 0.124206 0.163341 -0.177275
v 0.128293 0.151357 -0.253026
v 0.135704 0.160747 -0.048940
v 0.133569 0.162574 -0.013378
v 0.132362 0.162300 -0.090375
v 0.134202 0.152614 -0.218746
v -0.123916 -0.113186 0.489674
v -0.128133 -0.100439 0.496574
v -0.143605 -0.110638 0.489855
v -0.114139 -0.094029 0.496028
v -0.105880 -0.077755 0.496473
v -0.111893 -0.098210 0.482998
v -0.095150 -0.093046 0.478202
v -0.104361 -0.086252 0.482045
v -0.093058 -0.077701 0.483913
v -0.091770 -0.064129 0.492458
v -0.073025 -0.068081 0.493631
v -0.052814 -0.077557 0.486245
v -0.067473 -0.100718 0.482783
v -0.066223 -0.054584 0.499388
v -0.033014 -0.100260 0.484255
v -0.024086 -0.072192 0.491163
v -0.014874 -0.061980 0.500818
v -0.066075 -0.036162 0.498982
v -0.032349 -0.042872 0.501621
v -0.002969 -0.086920 0.484982
v -0.000414 -0.037620 0.501552
v 0.001249 -0.102168 0.487098
v 0.031291 -0.065851 0.498398
v 0.028575 -0.047077 0.501774
v 0.034742 -0.074780 0.487545
v 0.034651 -0.033511 0.500761
v 0.035530 -0.097811 0.483777
v 0.073784 -0.064852 0.496122
v 0.065302 -0.033742 0.498274
v 0.067301 -0.048992 0.499197
v 0.039330 -0.110447 0.499436
v 0.074654 -0.114659 0.491448
v 0.083057 -0.106855 0.498166
v 0.083015 -0.080036 0.484280
v 0.086960 -0.095374 0.479219
v 0.103597 -0.052420 0.491103
v 0.097758 -0.066274 0.491945
v 0.117315 -0.029626 0.484241
v 0.089653 -0.021921 0.487052
v 0.121548 -0.113531 0.490868
v 0.104852 -0.085913 0.485471
v 0.102953 -0.071571 0.497764
v 0.109303 -0.097821 0.479610
v 0.111074 -0.089885 0.498180
v 0.125980 -0.063168 0.487496
v 0.112427 -0.003901 0.480384
v 0.123204 -0.088490 0.496396
v 0.102953 -0.071571 0.497764
v 0.111074 -0.089885 0.498180
v 0.120297 -0.102939 0.495562
v 0.120297 -0.102939 0.495562
v 0.138511 0.016298 0.451831
v 0.151599 -0.036961 0.466579
v 0.145008 -0.109660 0.489168
v 0.164472 -0.006099 0.451568
v 0.176304 -0.057838 0.464823
v 0.172937 0.016537 0.432925
v 0.182457 -0.022578 0.445909
v 0.180381 -0.045381 0.450291
v 0.192791 -0.012496 0.431946
v 0.196455 -0.048231 0.439508
v -0.111893 -0.098210 0.482998
v -0.123916 -0.113186 0.489674
v -0.105545 -0.106722 0.494865
v -0.099271 -0.101084 0.483527
v -0.095150 -0.093046 0.478202
v -0.061390 -0.102796 0.494127
v -0.068167 -0.108010 0.498945
v -0.067473 -0.100718 0.482783
v -0.026061 -0.104474 0.499560
v -0.037673 -0.113119 0.497011
v -0.033014 -0.100260 0.484255
v 0.005322 -0.112321 0.499071
v 0.001249 -0.102168 0.487098
v 0.013151 -0.104889 0.501150
v 0.041160 -0.102823 0.494900
v 0.035530 -0.097811 0.483777
v 0.039330 -0.110447 0.499436
v 0.071395 -0.102917 0.488073
v 0.083057 -0.106855 0.498166
v 0.086960 -0.095374 0.479219
v 0.100185 -0.102013 0.484388
v 0.120297 -0.102939 0.495562
v 0.109303 -0.097821 0.479610
v -0.108230 0.062597 0.221403
v -0.127465 0.055932 0.213724
v -0.104493 0.060457 0.221448
v -0.119317 0.062000 0.210188
v -0.102355 0.062329 0.219174
v -0.094584 0.059948 0.236487
v -0.078807 0.055475 0.226493
v -0.103894 -0.006229 0.479302
v -0.072936 -0.021775 0.481872
v -0.061676 -0.010111 0.484855
v -0.024966 -0.021405 0.484021
v -0.021693 -0.006885 0.490422
v -0.012664 -0.015530 0.492661
v -0.009168 0.000336 0.493443
v -0.006120 0.007486 0.493092
v 0.004413 -0.021719 0.492674
v 0.009910 0.001691 0.493916
v 0.013061 -0.002580 0.490467
v 0.009910 0.001691 0.493916
v 0.000665 0.006449 0.490116
v 0.010558 0.006833 0.491796
v -0.001698 -0.008485 0.488485
v 0.004413 -0.021719 0.492674
v 0.017381 -0.014310 0.492409
v 0.039566 -0.019476 0.483068
v 0.017381 -0.014310 0.492409
v 0.018829 -0.005889 0.489982
v 0.047159 -0.010393 0.486623
v 0.084379 -0.009317 0.481072
v 0.073250 -0.020320 0.479400
v 0.091493 -0.019064 0.478351
v 0.102130 -0.009578 0.480125
v -0.043005 0.061741 0.237564
v -0.032061 0.057692 0.237270
v -0.078807 0.055475 0.226493
v -0.021339 0.062403 0.233721
v -0.004731 0.065440 0.235153
v -0.022316 0.062596 0.250742
v -0.032061 0.057692 0.237270
v -0.031793 0.062884 0.238785
v 0.008653 0.054478 0.239622
v 0.025262 0.062371 0.245634
v 0.060431 0.053479 0.238698
v 0.069560 0.061130 0.241842
v 0.099408 0.059932 0.236428
v 0.102127 0.051701 0.225767
v 0.122357 0.060046 0.226369
v -0.021339 0.062403 0.233721
v -0.031793 0.062884 0.238785
v -0.032061 0.057692 0.237270
v -0.020914 -0.113460 0.226068
v -0.021563 -0.111275 0.189742
v -0.016919 -0.100362 0.199387
v -0.011597 -0.106996 0.233339
v -0.020112 -0.109453 0.148050
v -0.011352 -0.094273 0.228829
v -0.003347 -0.116386 0.249712
v -0.021693 -0.006885 0.490422
v -0.010814 0.001511 0.490325
v -0.016198 -0.006238 0.488692
v -0.009168 0.000336 0.493443
v -0.012664 -0.015530 0.492661
v -0.006120 0.007486 0.493092
v 0.000665 0.006449 0.490116
v 0.009910 0.001691 0.493916
v 0.010558 0.006833 0.491796
v 0.013061 -0.002580 0.490467
v 0.018829 -0.005889 0.489982
v -0.001698 -0.008485 0.488485
v -0.031793 0.062884 0.238785
v -0.021339 0.062403 0.233721
v -0.010989 0.059560 0.233329
v -0.002820 0.064526 0.231491
v -0.008572 0.056969 0.228594
v 0.010591 0.059278 0.230168
v 0.020015 0.066410 0.229873
v 0.040005 0.062267 0.229466
v 0.060088 0.066005 0.224642
v 0.079544 0.061733 0.224996
v 0.105619 0.063373 0.222343
v 0.110486 0.060081 0.224043
v 0.126935 0.057900 0.213761
v 0.102127 0.051701 0.225767
v -0.004731 0.065440 0.235153
v -0.031793 0.062884 0.238785
v -0.010989 0.059560 0.233329
v 0.010591 0.059278 0.230168
v 0.045059 0.065299 0.230805
v 0.040005 0.062267 0.229466
v 0.079544 0.061733 0.224996
v 0.090614 0.064444 0.226325
v 0.110486 0.060081 0.224043
v 0.122357 0.060046 0.226369
v 0.102127 0.051701 0.225767
v 0.004055 0.142731 -0.371520
v 0.017475 0.132101 -0.368420
v -0.030790 0.137967 -0.365782
v 0.041950 0.143096 -0.364942
v 0.067618 0.135689 -0.354494
v 0.085233 0.144518 -0.350930
v 0.107352 0.133215 -0.339415
v 0.115985 0.144414 -0.334879
v 0.120925 0.134368 -0.330186
v 0.123298 0.146350 -0.303156
v -0.003347 -0.116386 0.249712
v 0.008180 -0.108599 0.236318
v 0.026443 -0.115490 0.232115
v 0.018714 -0.107510 0.219942
v 0.007442 -0.093327 0.228524
v 0.016228 -0.100562 0.191017
v 0.021404 -0.111830 0.057709
v 0.015317 -0.104412 0.134190
v 0.012490 -0.098725 0.094057
v 0.015723 -0.096031 0.044330
v 0.028166 -0.114663 0.154187
v 0.023110 -0.112243 -0.018105
v 0.017258 -0.097156 -0.016733
v 0.018684 -0.100112 -0.083950
v 0.023552 -0.110387 -0.079573
v 0.022190 -0.111288 -0.118814
v 0.116837 -0.072320 0.483310
v 0.102953 -0.071571 0.497764
v 0.123204 -0.088490 0.496396
v 0.123132 -0.084899 0.489716
v 0.132465 -0.082737 0.474206
v 0.147535 -0.067423 0.466660
v 0.144286 -0.101407 0.474496
v 0.145008 -0.109660 0.489168
v 0.171525 -0.107055 0.471779
v 0.166694 -0.087876 0.454117
v 0.183207 -0.099272 0.445276
v 0.180195 -0.063454 0.445736
v 0.190958 -0.084817 0.436915
v 0.192348 -0.067589 0.437861
v 0.198150 -0.099630 0.445999
v 0.196655 -0.084776 0.447258
v 0.198150 -0.099630 0.445999
v 0.204875 -0.083940 0.446553
v 0.195304 -0.111956 0.452893
v 0.205960 -0.110188 0.435084
v 0.204875 -0.083940 0.446553
v 0.116837 -0.072320 0.483310
v 0.125980 -0.063168 0.487496
v 0.102953 -0.071571 0.497764
v 0.147535 -0.067423 0.466660
v 0.176304 -0.057838 0.464823
v 0.180195 -0.063454 0.445736
v 0.192138 -0.063983 0.453397
v 0.192348 -0.067589 0.437861
v 0.196655 -0.084776 0.447258
v 0.190958 -0.084817 0.436915
v 0.198150 -0.099630 0.445999
v 0.203475 -0.059221 0.451552
v 0.204875 -0.083940 0.446553
v 0.096620 -0.111578 -0.241874
v 0.119273 -0.103908 -0.241122
v 0.123925 -0.110724 -0.212941
v 0.123924 -0.075795 -0.260522
v 0.129204 -0.085285 -0.249210
v 0.129955 -0.098310 -0.228028
v 0.138788 -0.096368 -0.212730
v 0.135169 -0.080937 -0.260424
v 0.142886 -0.092907 -0.220793
v 0.145140 -0.085114 -0.239053
v 0.153691 -0.075961 -0.254566
v 0.150689 -0.094133 -0.211983
v 0.118313 -0.117100 0.340227
v 0.116542 -0.114772 0.271788
v 0.122618 -0.108612 0.304618
v 0.123192 -0.102953 0.238068
v 0.116456 -0.114879 0.234887
v 0.122498 -0.101672 0.273899
v 0.128442 -0.096632 0.339376
v 0.122629 -0.088543 0.256732
v 0.123197 -0.091796 0.242545
v 0.124933 -0.112160 0.211694
v 0.129128 -0.102702 0.362475
v 0.134512 -0.114286 0.380593
v 0.139268 -0.094864 0.220876
v 0.139551 -0.099360 0.208086
v 0.135288 -0.100225 0.379324
v 0.138970 -0.105834 0.381538
v 0.138928 -0.104514 0.381348
v 0.140663 -0.108128 0.382896
v 0.142128 -0.098219 0.383091
v 0.140741 -0.107241 0.383516
v 0.141038 -0.107665 0.382373
v 0.142398 -0.105586 0.382165
v 0.141991 -0.107680 0.383588
v 0.150520 -0.094062 0.210903
v 0.121503 -0.098083 -0.293123
v 0.115714 -0.105105 -0.267202
v 0.107498 -0.107638 -0.300678
v 0.117203 -0.104436 -0.365806
v 0.126686 -0.094012 -0.352317
v 0.117092 -0.102805 -0.337330
v 0.122161 -0.093079 -0.272259
v 0.119273 -0.103908 -0.241122
v 0.123924 -0.075795 -0.260522
v 0.122934 -0.094923 -0.320095
v 0.132598 -0.089427 -0.275023
v 0.137127 -0.090487 -0.331602
v 0.132568 -0.094222 -0.376970
v 0.135169 -0.080937 -0.260424
v 0.140369 -0.095724 -0.294665
v 0.145835 -0.088241 -0.339454
v 0.153654 -0.085071 -0.270372
v 0.153691 -0.075961 -0.254566
v 0.155475 -0.067951 -0.246967
v 0.145140 -0.085114 -0.239053
v 0.156921 -0.095594 -0.284191
v 0.171597 -0.060857 -0.253850
v 0.167587 -0.076656 -0.270501
v 0.162966 -0.082768 -0.287251
v 0.175270 -0.064660 -0.260620
v 0.179121 -0.076000 -0.268610
v 0.182481 -0.059487 -0.266035
v 0.119858 -0.095837 -0.465492
v 0.117574 -0.083513 -0.475766
v 0.125308 -0.087238 -0.456826
v 0.137706 -0.093108 -0.448553
v 0.131885 -0.100113 -0.457005
v 0.146989 -0.096753 -0.456048
v 0.133569 -0.102426 0.317717
v 0.128442 -0.096632 0.339376
v 0.122618 -0.108612 0.304618
v 0.132025 -0.103285 0.281779
v 0.122498 -0.101672 0.273899
v 0.123197 -0.091796 0.242545
v 0.135152 -0.089551 0.250786
v 0.122629 -0.088543 0.256732
v 0.139268 -0.094864 0.220876
v 0.144267 -0.100776 0.270397
v 0.149273 -0.098352 0.375300
v 0.135288 -0.100225 0.379324
v 0.129128 -0.102702 0.362475
v 0.145304 -0.094559 0.350701
v 0.144441 -0.109020 0.299482
v 0.151466 -0.088224 0.251678
v 0.155380 -0.095923 0.331592
v 0.148813 -0.085915 0.238763
v 0.148102 -0.092310 0.229290
v 0.152558 -0.104435 0.326233
v 0.156680 -0.101378 0.258213
v 0.160079 -0.075731 0.241716
v 0.173267 -0.070774 0.249152
v 0.122934 -0.094923 -0.320095
v 0.140369 -0.095724 -0.294665
v 0.121503 -0.098083 -0.293123
v 0.145369 -0.095490 -0.307286
v 0.137127 -0.090487 -0.331602
v 0.154402 -0.089691 -0.319308
v 0.156921 -0.095594 -0.284191
v 0.154402 -0.089691 -0.319308
v 0.155278 -0.099142 -0.309420
v 0.145369 -0.095490 -0.307286
v 0.154746 -0.106996 -0.291036
v 0.162594 -0.088622 -0.312844
v 0.165587 -0.085463 -0.325301
v 0.145835 -0.088241 -0.339454
v 0.162594 -0.088622 -0.312844
v 0.143977 0.120871 -0.314716
v 0.129732 0.131846 -0.331617
v 0.123298 0.146350 -0.303156
v 0.128293 0.151357 -0.253026
v 0.139959 0.150061 -0.141270
v 0.124206 0.163341 -0.177275
v 0.122830 0.166100 -0.137091
v 0.134202 0.152614 -0.218746
v 0.140820 0.145981 -0.187198
v 0.132362 0.162300 -0.090375
v 0.136601 0.138347 -0.050489
v 0.141125 0.124776 0.005806
v 0.148961 0.090562 -0.025070
v 0.136595 0.133340 -0.070128
v 0.150318 0.134738 -0.111644
v 0.151203 0.129450 -0.078532
v 0.148865 0.103130 -0.067460
v 0.155122 0.113128 -0.250889
v 0.135704 0.160747 -0.048940
v 0.142722 0.149614 -0.070237
v 0.133569 0.162574 -0.013378
v 0.141725 0.153081 0.024102
v 0.146766 0.147459 -0.020359
v 0.142722 0.149614 -0.070237
v 0.143108 0.105617 -0.373029
v 0.145550 0.145281 -0.085832
v 0.145550 0.145281 -0.085832
v 0.148790 0.124340 0.045369
v 0.154096 0.094928 0.078327
v 0.153321 0.077068 0.044324
v 0.146766 0.147459 -0.020359
v 0.159221 0.112393 -0.174322
v 0.164373 0.088842 -0.348715
v 0.161205 0.100035 -0.069306
v 0.161444 0.095940 -0.302353
v 0.150540 0.140573 0.060650
v 0.152048 0.127112 0.101956
v 0.159488 0.123046 0.090970
v 0.155570 0.134026 0.040669
v 0.151203 0.129450 -0.078532
v 0.166058 0.109374 -0.091010
v 0.155570 0.134026 0.040669
v 0.162858 0.065260 0.084554
v 0.162768 0.066588 0.016756
v 0.171772 0.082538 -0.379623
v 0.154383 0.090873 -0.405376
v 0.168993 0.090432 -0.208505
v 0.161562 0.062884 0.052177
v 0.160797 0.068571 -0.024381
v 0.162475 0.068116 -0.051560
v 0.160371 0.119248 0.073971
v 0.160371 0.119248 0.073971
v 0.177670 0.083857 -0.111000
v 0.167840 0.101196 0.106523
v 0.169924 0.084573 0.109017
v 0.173508 0.064313 0.105257
v 0.168691 0.099367 0.123805
v 0.151599 -0.036961 0.466579
v 0.176304 -0.057838 0.464823
v 0.180381 -0.045381 0.450291
v 0.173336 0.074007 -0.061568
v 0.165256 0.099404 0.144021
v 0.167840 0.101196 0.106523
v 0.171345 0.099081 -0.071597
v 0.171345 0.099081 -0.071597
v 0.168912 0.082378 0.121544
v 0.176998 0.061846 0.141639
v 0.170642 0.066081 0.120647
v 0.176133 0.073404 0.155519
v 0.172433 0.080511 -0.410260
v 0.176947 0.069404 0.111329
v 0.169545 0.078324 0.176841
v 0.176947 0.069404 0.111329
v 0.182645 0.080197 -0.077662
v 0.180709 0.062506 0.120230
v 0.170642 0.066081 0.120647
v 0.176998 0.061846 0.141639
v 0.168912 0.082378 0.121544
v 0.189720 0.072930 -0.288270
v 0.188843 0.073767 -0.243478
v 0.166489 0.056531 0.267917
v 0.180357 0.053884 0.227127
v 0.171158 0.062045 0.221974
v 0.171633 0.062532 0.202607
v 0.180335 0.060662 0.178556
v 0.176636 0.081154 -0.155801
v 0.171633 0.062532 0.202607
v 0.181046 0.078980 -0.067149
v 0.184785 0.077188 -0.195143
v 0.181046 0.078980 -0.067149
v 0.180435 0.067320 -0.426908
v 0.160726 0.082578 -0.431143
v 0.184700 0.069824 -0.390966
v 0.168851 0.070677 -0.445287
v 0.187404 0.071981 -0.344117
v 0.188814 0.055637 -0.413377
v 0.180335 0.060662 0.178556
v 0.191246 0.055178 0.152090
v 0.184633 0.061518 0.156484
v 0.198949 0.063454 -0.143658
v 0.196766 0.041035 0.255141
v 0.185713 0.072590 -0.038828
v 0.195259 0.047996 0.175514
v 0.196455 -0.048231 0.439508
v 0.197072 0.062834 -0.042815
v 0.197215 0.044571 0.213571
v 0.195388 0.060942 -0.318028
v 0.199271 0.036854 -0.368838
v 0.198219 0.054448 0.068810
v 0.189673 0.065737 0.051926
v 0.188800 0.062535 0.091812
v 0.182539 0.068307 0.016802
v 0.197840 0.059782 0.006855
v 0.206816 0.053732 -0.081685
v 0.184513 0.045600 0.305798
v 0.184633 0.061518 0.156484
v 0.191246 0.055178 0.152090
v 0.201345 0.069581 0.146845
v 0.188706 0.061565 0.138986
v 0.197711 0.052072 0.141075
v 0.191392 0.015043 0.414891
v 0.172937 0.016537 0.432925
v 0.192791 -0.012496 0.431946
v 0.191305 0.062153 0.109745
v 0.198236 0.053671 0.109341
v 0.197134 0.060659 0.143350
v 0.207051 0.049139 -0.031229
v 0.199369 0.062169 -0.231230
v 0.195426 0.015088 -0.416186
v 0.202857 0.027911 0.307518
v 0.192071 0.038743 0.338685
v 0.201698 0.061103 -0.253800
v 0.201193 0.003222 0.391606
v 0.208400 0.008769 0.352125
v 0.192583 0.028814 0.381158
v 0.203475 -0.059221 0.451552
v 0.204692 0.043150 -0.267824
v 0.205791 0.035288 0.158392
v 0.207028 0.034274 -0.313011
v 0.210851 0.035454 0.089730
v 0.201309 0.059884 -0.211039
v 0.208081 -0.062288 0.432814
v 0.202938 0.059454 -0.182735
v 0.213567 -0.003752 -0.373991
v 0.207441 0.026185 0.206437
v 0.205640 0.040665 0.140017
v 0.202938 0.059454 -0.182735
v 0.204910 0.054448 -0.201855
v 0.201309 0.059884 -0.211039
v 0.198949 0.063454 -0.143658
v 0.207029 0.045037 -0.171240
v 0.204910 0.054448 -0.201855
v 0.207317 0.059681 -0.214555
v 0.209577 -0.031663 0.404800
v 0.217142 0.009580 0.269604
v 0.207272 0.041208 0.122321
v 0.209355 0.060562 -0.241590
v 0.210165 0.044767 -0.043781
v 0.211767 0.011954 0.241411
v 0.212271 0.010375 0.185989
v 0.210725 0.042001 0.035161
v 0.220685 0.005988 -0.248967
v 0.208754 0.017776 -0.223083
v 0.211173 0.046556 -0.011410
v 0.218599 -0.016110 -0.220121
v 0.207951 -0.014655 -0.194192
v 0.210269 0.057131 -0.221167
v 0.216652 0.013179 -0.334967
v 0.207272 0.041208 0.122321
v 0.206414 0.057682 -0.232779
v 0.211525 -0.050849 -0.035171
v 0.210874 -0.048985 0.018863
v 0.218318 -0.060614 -0.003669
v 0.212674 0.048006 -0.036201
v 0.207051 0.049139 -0.031229
v 0.211173 0.046556 -0.011410
v 0.217218 -0.056143 -0.089402
v 0.208710 -0.040514 -0.112171
v 0.209167 -0.040347 -0.182795
v 0.217610 -0.012099 0.363894
v 0.212684 0.016723 0.144567
v 0.210399 -0.060089 0.135166
v 0.216743 -0.066231 0.123746
v 0.210932 -0.053398 0.090296
v 0.209950 -0.053738 0.055868
v 0.216731 -0.062684 0.045995
v 0.215940 -0.053804 -0.139177
v 0.218223 0.019558 -0.285692
v 0.210851 0.035454 0.089730
v 0.220383 0.004147 0.295836
v 0.206816 0.053732 -0.081685
v 0.215667 0.044709 -0.053286
v 0.218636 -0.061652 -0.048661
v 0.217080 -0.056232 -0.177172
v 0.219290 -0.010583 0.232980
v 0.213589 -0.007135 0.216269
v 0.216278 0.042479 -0.029909
v 0.212462 -0.061120 0.187406
v 0.216498 -0.071278 0.169155
v 0.218899 -0.046904 -0.213077
v 0.216308 -0.071876 0.198636
v 0.217755 -0.070609 0.087411
v 0.221469 -0.001259 -0.331321
v 0.220028 -0.003195 0.336152
v 0.220286 -0.006358 0.254413
v 0.221576 -0.022216 -0.237051
v 0.221883 -0.004981 -0.263229
v 0.220196 0.001811 -0.292757
v 0.138788 -0.096368 -0.212730
v 0.139067 -0.109521 -0.209039
v 0.123925 -0.110724 -0.212941
v 0.150298 -0.115734 -0.200487
v 0.141614 -0.093389 -0.210425
v 0.143922 -0.093775 -0.210011
v 0.146057 -0.090955 -0.210071
v 0.143111 -0.093069 -0.210982
v 0.144763 -0.092319 -0.209987
v 0.149573 -0.092983 -0.210001
v 0.149331 -0.090720 -0.210908
v 0.152820 -0.089840 -0.210634
v 0.149726 -0.091096 -0.209956
v 0.168626 -0.104856 -0.208948
v 0.179587 -0.113840 -0.201568
v 0.195512 -0.118380 -0.200336
v 0.195613 -0.107757 -0.206856
v 0.190786 -0.105619 -0.212812
v 0.199773 -0.092084 -0.212112
v 0.210325 -0.073826 -0.214036
v 0.210295 -0.108844 -0.203561
v 0.135666 -0.088027 -0.365766
v 0.126686 -0.094012 -0.352317
v 0.132568 -0.094222 -0.376970
v 0.126686 -0.094012 -0.352317
v 0.135666 -0.088027 -0.365766
v 0.138464 -0.093702 -0.352316
v 0.145835 -0.088241 -0.339454
v 0.145219 -0.089808 -0.357018
v 0.151858 -0.095718 -0.341615
v 0.157935 -0.099870 -0.347627
v 0.135666 -0.088027 -0.365766
v 0.132568 -0.094222 -0.376970
v 0.136172 -0.084872 -0.378199
v 0.135288 -0.100225 0.379324
v 0.142128 -0.098219 0.383091
v 0.137729 -0.105016 0.382544
v 0.134512 -0.114286 0.380593
v 0.141038 -0.107665 0.382373
v 0.142128 -0.098219 0.383091
v 0.141643 -0.106744 0.383144
v 0.140741 -0.107241 0.383516
v 0.144577 -0.106625 0.383782
v 0.141991 -0.107680 0.383588
v 0.152071 -0.101308 0.384518
v 0.151870 -0.110318 0.383789
v 0.147668 -0.106733 0.384145
v 0.151577 -0.105626 0.382817
v 0.147668 -0.106733 0.384145
v 0.149028 -0.109515 0.384185
v 0.148160 -0.109657 0.383530
v 0.148160 -0.109657 0.383530
v 0.148940 -0.106875 0.383862
v 0.148722 -0.105892 0.383748
v 0.165907 -0.114120 0.385300
v 0.148167 -0.107775 0.383180
v 0.151577 -0.105626 0.382817
v 0.151870 -0.110318 0.383789
v 0.150241 -0.108758 0.383775
v 0.148722 -0.105892 0.383748
v 0.152071 -0.101308 0.384518
v 0.158151 -0.088060 0.382901
v 0.151393 -0.108522 0.384313
v 0.151393 -0.108522 0.384313
v 0.148160 -0.109657 0.383530
v 0.150241 -0.108758 0.383775
v 0.148167 -0.107775 0.383180
v 0.152672 -0.105948 0.383867
v 0.154992 -0.107330 0.383991
v 0.154568 -0.104665 0.383839
v 0.152071 -0.101308 0.384518
v 0.157312 -0.104419 0.384559
v 0.154568 -0.104665 0.383839
v 0.156417 -0.107095 0.383412
v 0.157560 -0.108318 0.384563
v 0.157312 -0.104419 0.384559
v 0.156417 -0.107095 0.383412
v 0.156063 -0.106764 0.384545
v 0.160929 -0.103142 0.384672
v 0.157312 -0.104419 0.384559
v 0.164333 -0.103336 0.379286
v 0.156417 -0.107095 0.383412
v 0.154568 -0.104665 0.383839
v 0.157999 -0.107029 0.384029
v 0.159277 -0.106192 0.384119
v 0.157560 -0.108318 0.384563
v 0.159277 -0.106192 0.384119
v 0.157999 -0.107029 0.384029
v 0.156417 -0.107095 0.383412
v 0.156453 -0.105844 0.383454
v 0.157560 -0.108318 0.384563
v 0.165907 -0.114120 0.385300
v 0.160929 -0.103142 0.384672
v 0.163734 -0.102815 0.384029
v 0.163734 -0.102815 0.384029
v 0.188689 -0.106785 0.379939
v 0.200573 -0.108709 0.386887
v 0.189444 -0.121638 0.388619
v 0.205567 -0.115572 0.390208
v 0.200564 -0.101819 0.377800
v 0.208071 -0.076610 0.383545
v 0.210864 -0.095429 0.388359
v 0.138928 -0.104514 0.381348
v 0.135288 -0.100225 0.379324
v 0.137729 -0.105016 0.382544
v 0.138585 -0.104603 0.381715
v 0.138928 -0.104514 0.381348
v 0.137729 -0.105016 0.382544
v 0.142128 -0.098219 0.383091
v 0.138928 -0.104514 0.381348
v 0.138585 -0.104603 0.381715
v 0.124933 -0.112160 0.211694
v 0.151514 -0.110833 0.200973
v 0.139551 -0.099360 0.208086
v 0.166369 -0.099668 0.205790
v 0.152354 -0.084532 0.208629
v 0.186680 -0.113289 0.197429
v 0.191449 -0.102795 0.207123
v 0.200125 -0.109754 0.202041
v 0.196765 -0.122345 0.200491
v 0.200125 -0.109754 0.202041
v 0.190729 -0.117515 0.183402
v 0.204316 -0.089637 0.205181
v 0.201929 -0.091540 0.212086
v 0.212256 -0.078790 0.205714
v 0.200585 -0.067480 0.214360
v 0.210233 -0.012088 0.253378
v 0.205824 0.000098 0.291602
v 0.203215 -0.010303 0.266066
v 0.208702 -0.033528 0.235968
v 0.204258 -0.046727 0.218122
v 0.196765 -0.122345 0.200491
v 0.211174 -0.109885 0.200796
v 0.209112 -0.117157 0.193409
v 0.216758 -0.036292 0.218465
v 0.217811 -0.050310 0.212458
v 0.207399 -0.009870 0.328584
v 0.220383 0.004147 0.295836
v 0.220286 -0.006358 0.254413
v 0.220028 -0.003195 0.336152
v 0.138585 -0.104603 0.381715
v 0.137729 -0.105016 0.382544
v 0.134512 -0.114286 0.380593
v 0.138970 -0.105834 0.381538
v 0.141038 -0.107665 0.382373
v 0.142128 -0.098219 0.383091
v 0.141643 -0.106744 0.383144
v 0.141038 -0.107665 0.382373
v 0.140741 -0.107241 0.383516
v 0.141991 -0.107680 0.383588
v 0.141643 -0.106744 0.383144
v 0.140663 -0.108128 0.382896
v 0.141038 -0.107665 0.382373
v 0.142398 -0.105586 0.382165
v 0.140663 -0.108128 0.382896
v 0.141643 -0.106744 0.383144
v 0.141991 -0.107680 0.383588
v 0.140663 -0.108128 0.382896
v 0.141991 -0.107680 0.383588
v 0.144577 -0.106625 0.383782
v 0.140741 -0.107241 0.383516
v 0.141038 -0.107665 0.382373
v 0.148167 -0.107775 0.383180
v 0.151577 -0.105626 0.382817
v 0.148160 -0.109657 0.383530
v 0.151393 -0.108522 0.384313
v 0.150520 -0.094062 0.210903
v 0.152688 -0.101610 0.220119
v 0.139268 -0.094864 0.220876
v 0.143111 -0.093069 -0.210982
v 0.141614 -0.093389 -0.210425
v 0.138788 -0.096368 -0.212730
v 0.145990 -0.091318 -0.211039
v 0.146057 -0.090955 -0.210071
v 0.145190 -0.094785 -0.211142
v 0.143922 -0.093775 -0.210011
v 0.144763 -0.092319 -0.209987
v 0.150689 -0.094133 -0.211983
v 0.152820 -0.089840 -0.210634
v 0.149573 -0.092983 -0.210001
v 0.149331 -0.090720 -0.210908
v 0.148777 -0.097611 -0.229488
v 0.160340 -0.104828 -0.217609
v 0.142886 -0.092907 -0.220793
v 0.168626 -0.104856 -0.208948
v 0.152500 -0.161155 -0.298764
v 0.167186 -0.168690 -0.275573
v 0.156904 -0.160708 -0.265499
v 0.157177 -0.149989 -0.246153
v 0.181792 -0.158410 -0.251107
v 0.167580 -0.170285 -0.304711
v 0.162564 -0.137050 -0.231111
v 0.181393 -0.118457 -0.218546
v 0.154017 -0.122871 -0.230756
v 0.179015 -0.143341 -0.232976
v 0.187020 -0.171937 -0.299147
v 0.194111 -0.167544 -0.269784
v 0.190786 -0.105619 -0.212812
v 0.201941 -0.128009 -0.224270
v 0.205044 -0.147740 -0.239853
v 0.208219 -0.101550 -0.217822
v 0.199773 -0.092084 -0.212112
v 0.210325 -0.166681 -0.278651
v 0.212660 -0.156529 -0.256721
v 0.214954 -0.130210 -0.232233
v 0.219539 -0.138971 -0.246256
v 0.151858 -0.095718 -0.341615
v 0.145835 -0.088241 -0.339454
v 0.138464 -0.093702 -0.352316
v 0.142886 -0.092907 -0.220793
v 0.145140 -0.085114 -0.239053
v 0.148777 -0.097611 -0.229488
v 0.149962 -0.105519 -0.243110
v 0.152273 -0.100048 -0.368994
v 0.148789 -0.107674 -0.352437
v 0.145219 -0.089808 -0.357018
v 0.154017 -0.122871 -0.230756
v 0.145219 -0.089808 -0.357018
v 0.148789 -0.107674 -0.352437
v 0.157935 -0.099870 -0.347627
v 0.152634 -0.121733 -0.363041
v 0.149508 -0.086803 -0.375999
v 0.149663 -0.124319 -0.254790
v 0.149381 -0.143546 -0.261448
v 0.152500 -0.161155 -0.298764
v 0.156904 -0.160708 -0.265499
v 0.149779 -0.137339 -0.286937
v 0.149431 -0.150712 -0.318136
v 0.149148 -0.132570 -0.328148
v 0.149271 -0.135794 -0.341548
v 0.148789 -0.107674 -0.352437
v 0.149271 -0.135794 -0.341548
v 0.154837 -0.118714 -0.266163
v 0.153304 -0.124920 -0.319161
v 0.149148 -0.132570 -0.328148
v 0.157332 -0.112445 -0.345179
v 0.157177 -0.149989 -0.246153
v 0.154837 -0.118714 -0.266163
v 0.149663 -0.124319 -0.254790
v 0.164644 -0.111774 -0.249081
v 0.157332 -0.112445 -0.345179
v 0.157816 -0.139891 -0.355906
v 0.154746 -0.106996 -0.291036
v 0.156921 -0.095594 -0.284191
v 0.145369 -0.095490 -0.307286
v 0.154481 -0.114650 -0.302371
v 0.157737 -0.158432 -0.332304
v 0.149431 -0.150712 -0.318136
v 0.160340 -0.104828 -0.217609
v 0.152500 -0.161155 -0.298764
v 0.154746 -0.106996 -0.291036
v 0.155278 -0.099142 -0.309420
v 0.162564 -0.137050 -0.231111
v 0.162480 -0.115268 -0.372901
v 0.159736 -0.104824 -0.316624
v 0.162848 -0.106418 -0.333621
v 0.160699 -0.103574 -0.272604
v 0.165587 -0.085463 -0.325301
v 0.164640 -0.108701 -0.257339
v 0.162594 -0.088622 -0.312844
v 0.151858 -0.095718 -0.341615
v 0.157935 -0.099870 -0.347627
v 0.177226 -0.091096 -0.322909
v 0.162848 -0.106418 -0.333621
v 0.164040 -0.094020 -0.379805
v 0.178917 -0.103717 -0.246101
v 0.178929 -0.095841 -0.252760
v 0.175270 -0.064660 -0.260620
v 0.177225 -0.076492 -0.250762
v 0.171597 -0.060857 -0.253850
v 0.178457 -0.081463 -0.243468
v 0.178266 -0.095307 -0.307920
v 0.180251 -0.061190 -0.249061
v 0.176540 -0.072847 -0.308701
v 0.180890 -0.082203 -0.289029
v 0.176340 -0.068256 -0.286418
v 0.179121 -0.076000 -0.268610
v 0.179770 -0.096756 -0.281899
v 0.183322 -0.094384 -0.268494
v 0.143111 -0.093069 -0.210982
v 0.138788 -0.096368 -0.212730
v 0.145190 -0.094785 -0.211142
v 0.146057 -0.090955 -0.210071
v 0.143111 -0.093069 -0.210982
v 0.143922 -0.093775 -0.210011
v 0.144441 -0.109020 0.299482
v 0.144267 -0.100776 0.270397
v 0.152137 -0.111644 0.269203
v 0.152558 -0.104435 0.326233
v 0.155380 -0.095923 0.331592
v 0.133569 -0.102426 0.317717
v 0.150535 -0.103214 0.348122
v 0.149790 -0.113041 0.354395
v 0.145304 -0.094559 0.350701
v 0.149986 -0.120368 0.286364
v 0.148813 -0.085915 0.238763
v 0.148102 -0.092310 0.229290
v 0.151618 -0.102072 0.241473
v 0.139268 -0.094864 0.220876
v 0.152688 -0.101610 0.220119
v 0.149273 -0.098352 0.375300
v 0.150223 -0.119193 0.310311
v 0.152954 -0.121047 0.340068
v 0.151087 -0.113632 0.233825
v 0.150805 -0.146629 0.301505
v 0.152939 -0.140945 0.246470
v 0.151972 -0.126502 0.255104
v 0.159901 -0.113627 0.370027
v 0.150592 -0.136381 0.330865
v 0.154336 -0.118104 0.330974
v 0.154376 -0.159725 0.273476
v 0.150715 -0.136929 0.268829
v 0.154186 -0.140219 0.351102
v 0.156680 -0.101378 0.258213
v 0.156302 -0.159300 0.327670
v 0.157204 -0.167301 0.297760
v 0.158895 -0.155901 0.254583
v 0.158045 -0.116460 0.256022
v 0.158102 -0.123107 0.225324
v 0.161220 -0.106797 0.334273
v 0.167137 -0.108948 0.343052
v 0.173558 -0.103986 0.327699
v 0.161220 -0.106797 0.334273
v 0.167137 -0.108948 0.343052
v 0.173548 -0.101240 0.347613
v 0.178097 -0.088676 0.326661
v 0.176952 -0.076602 0.345968
v 0.179219 -0.068897 0.332029
v 0.176642 -0.064625 0.343455
v 0.172681 -0.079540 0.319421
v 0.177439 -0.072534 0.300919
v 0.175157 -0.093628 0.289819
v 0.180047 -0.090858 0.297892
v 0.176338 -0.078150 0.283428
v 0.150535 -0.103214 0.348122
v 0.145304 -0.094559 0.350701
v 0.157209 -0.081901 0.348971
v 0.163681 -0.094601 0.349769
v 0.167137 -0.108948 0.343052
v 0.152954 -0.121047 0.340068
v 0.173548 -0.101240 0.347613
v 0.176952 -0.076602 0.345968
v 0.176642 -0.064625 0.343455
v 0.166544 -0.069491 0.342587
v 0.148940 -0.106875 0.383862
v 0.147668 -0.106733 0.384145
v 0.148167 -0.107775 0.383180
v 0.148167 -0.107775 0.383180
v 0.149028 -0.109515 0.384185
v 0.150241 -0.108758 0.383775
v 0.152672 -0.105948 0.383867
v 0.151577 -0.105626 0.382817
v 0.148722 -0.105892 0.383748
v 0.150241 -0.108758 0.383775
v 0.148160 -0.109657 0.383530
v 0.151870 -0.110318 0.383789
v 0.152071 -0.101308 0.384518
v 0.156417 -0.107095 0.383412
v 0.164057 -0.072277 -0.243333
v 0.145140 -0.085114 -0.239053
v 0.155475 -0.067951 -0.246967
v 0.164644 -0.111774 -0.249081
v 0.149663 -0.124319 -0.254790
v 0.149962 -0.105519 -0.243110
v 0.160781 -0.093458 -0.242139
v 0.178457 -0.081463 -0.243468
v 0.171597 -0.060857 -0.253850
v 0.178917 -0.103717 -0.246101
v 0.180251 -0.061190 -0.249061
v 0.160986 -0.085345 0.331441
v 0.157209 -0.081901 0.348971
v 0.145304 -0.094559 0.350701
v 0.155380 -0.095923 0.331592
v 0.166544 -0.069491 0.342587
v 0.168717 -0.095892 0.319314
v 0.161220 -0.106797 0.334273
v 0.173558 -0.103986 0.327699
v 0.172681 -0.079540 0.319421
v 0.169560 -0.082317 0.298489
v 0.175157 -0.093628 0.289819
v 0.176338 -0.078150 0.283428
v 0.177439 -0.072534 0.300919
v 0.179219 -0.068897 0.332029
v 0.176642 -0.064625 0.343455
v 0.150689 -0.094133 -0.211983
v 0.149726 -0.091096 -0.209956
v 0.149573 -0.092983 -0.210001
v 0.149331 -0.090720 -0.210908
v 0.146057 -0.090955 -0.210071
v 0.168914 -0.111603 0.248857
v 0.151618 -0.102072 0.241473
v 0.151972 -0.126502 0.255104
v 0.167961 -0.090231 0.239979
v 0.148813 -0.085915 0.238763
v 0.160079 -0.075731 0.241716
v 0.162588 -0.106570 0.243461
v 0.180592 -0.077841 0.243499
v 0.173267 -0.070774 0.249152
v 0.179070 -0.100888 0.243046
v 0.156453 -0.105844 0.383454
v 0.152672 -0.105948 0.383867
v 0.154992 -0.107330 0.383991
v 0.154568 -0.104665 0.383839
v 0.156417 -0.107095 0.383412
v 0.156063 -0.106764 0.384545
v 0.157560 -0.108318 0.384563
v 0.164333 -0.103336 0.379286
v 0.156453 -0.105844 0.383454
v 0.157999 -0.107029 0.384029
v 0.157312 -0.104419 0.384559
v 0.156417 -0.107095 0.383412
v 0.164040 -0.094020 -0.379805
v 0.152273 -0.100048 -0.368994
v 0.149508 -0.086803 -0.375999
v 0.168914 -0.111603 0.248857
v 0.151972 -0.126502 0.255104
v 0.158045 -0.116460 0.256022
v 0.164789 -0.092358 0.254259
v 0.156680 -0.101378 0.258213
v 0.151466 -0.088224 0.251678
v 0.173267 -0.070774 0.249152
v 0.178819 -0.100543 0.251392
v 0.187681 -0.076018 0.260179
v 0.184406 -0.065158 0.257601
v 0.191920 -0.088100 0.261593
v 0.194743 -0.052528 0.267629
v 0.193247 -0.092751 0.251603
v 0.157737 -0.158432 -0.332304
v 0.167580 -0.170285 -0.304711
v 0.152500 -0.161155 -0.298764
v 0.162480 -0.115268 -0.372901
v 0.157816 -0.139891 -0.355906
v 0.152634 -0.121733 -0.363041
v 0.180006 -0.122603 -0.371042
v 0.185622 -0.149392 -0.352324
v 0.183455 -0.162635 -0.333869
v 0.164040 -0.094020 -0.379805
v 0.192909 -0.098279 -0.380705
v 0.187020 -0.171937 -0.299147
v 0.207332 -0.132845 -0.362711
v 0.205492 -0.167822 -0.312775
v 0.208053 -0.157433 -0.337485
v 0.209176 -0.102806 -0.375312
v 0.210325 -0.166681 -0.278651
v 0.203625 -0.082230 -0.379443
v 0.218906 -0.161049 -0.293142
v 0.217037 -0.114119 -0.367607
v 0.217864 -0.087265 -0.371475
v 0.219147 -0.145863 -0.340194
v 0.217821 -0.159195 -0.321891
v 0.164333 -0.103336 0.379286
v 0.156453 -0.105844 0.383454
v 0.159277 -0.106192 0.384119
v 0.165907 -0.114120 0.385300
v 0.156417 -0.107095 0.383412
v 0.163734 -0.102815 0.384029
v 0.157560 -0.108318 0.384563
v 0.159277 -0.106192 0.384119
v 0.160929 -0.103142 0.384672
v 0.166052 -0.095052 -0.284506
v 0.162966 -0.082768 -0.287251
v 0.156921 -0.095594 -0.284191
v 0.173361 -0.100297 -0.267663
v 0.162594 -0.088622 -0.312844
v 0.164570 -0.088584 -0.302774
v 0.167611 -0.095953 -0.312063
v 0.171881 -0.094174 -0.296915
v 0.162848 -0.106418 -0.333621
v 0.159736 -0.104824 -0.316624
v 0.178266 -0.095307 -0.307920
v 0.179770 -0.096756 -0.281899
v 0.183322 -0.094384 -0.268494
v 0.162768 0.066588 0.016756
v 0.161562 0.062884 0.052177
v 0.176619 0.064501 0.063593
v 0.162858 0.065260 0.084554
v 0.169653 0.070957 -0.049732
v 0.160797 0.068571 -0.024381
v 0.174661 0.069903 -0.017039
v 0.162475 0.068116 -0.051560
v 0.173508 0.064313 0.105257
v 0.173336 0.074007 -0.061568
v 0.182539 0.068307 0.016802
v 0.185713 0.072590 -0.038828
v 0.180709 0.062506 0.120230
v 0.176998 0.061846 0.141639
v 0.188706 0.061565 0.138986
v 0.181046 0.078980 -0.067149
v 0.188800 0.062535 0.091812
v 0.188871 0.067603 0.121002
v 0.191305 0.062153 0.109745
v 0.180709 0.062506 0.120230
v 0.189673 0.065737 0.051926
v 0.188871 0.067603 0.121002
v 0.190436 0.081838 0.128976
v 0.188706 0.061565 0.138986
v 0.191246 0.055178 0.152090
v 0.193432 0.090805 0.108455
v 0.194891 0.094823 0.117345
v 0.198173 0.070924 0.109666
v 0.190297 0.063216 0.148136
v 0.208002 0.059784 0.101726
v 0.198236 0.053671 0.109341
v 0.213339 0.094762 0.098043
v 0.223399 0.080780 0.092682
v 0.236098 0.067850 0.084846
v 0.237993 0.086903 0.085117
v 0.164570 -0.088584 -0.302774
v 0.162966 -0.082768 -0.287251
v 0.166052 -0.095052 -0.284506
v 0.168488 -0.074205 -0.292064
v 0.167587 -0.076656 -0.270501
v 0.162594 -0.088622 -0.312844
v 0.176340 -0.068256 -0.286418
v 0.176540 -0.072847 -0.308701
v 0.165587 -0.085463 -0.325301
v 0.173361 -0.100297 -0.267663
v 0.156921 -0.095594 -0.284191
v 0.160699 -0.103574 -0.272604
v 0.164640 -0.108701 -0.257339
v 0.178545 -0.104685 -0.258701
v 0.184725 -0.064984 -0.265100
v 0.182481 -0.059487 -0.266035
v 0.179121 -0.076000 -0.268610
v 0.197905 -0.100116 -0.262820
v 0.183322 -0.094384 -0.268494
v 0.185420 -0.079899 -0.265827
v 0.196214 -0.090223 -0.269315
v 0.190159 -0.068641 -0.259118
v 0.188772 -0.060338 -0.264609
v 0.191249 -0.060286 -0.266760
v 0.184725 -0.064984 -0.265100
v 0.193559 -0.060974 -0.262231
v 0.182481 -0.059487 -0.266035
v 0.184725 -0.064984 -0.265100
v 0.191249 -0.060286 -0.266760
v 0.192685 -0.073834 -0.268161
v 0.205337 -0.076508 -0.276639
v 0.198481 -0.069473 -0.281188
v 0.206984 -0.068024 -0.280355
v 0.210046 -0.086219 -0.268924
v 0.208312 -0.063418 -0.286639
v 0.212669 -0.093154 -0.275034
v 0.210556 -0.101878 -0.263689
v 0.212933 -0.071518 -0.278117
v 0.214129 -0.066928 -0.282085
v 0.215133 -0.081289 -0.274404
v 0.219649 -0.051920 -0.283073
v 0.211964 -0.053044 -0.286023
v 0.167611 -0.095953 -0.312063
v 0.159736 -0.104824 -0.316624
v 0.162594 -0.088622 -0.312844
v 0.190159 -0.068641 -0.259118
v 0.185420 -0.079899 -0.265827
v 0.192685 -0.073834 -0.268161
v 0.194953 -0.052220 -0.269145
v 0.188772 -0.060338 -0.264609
v 0.191249 -0.060286 -0.266760
v 0.194277 -0.124661 -0.291074
v 0.197801 -0.110904 -0.296429
v 0.193384 -0.111035 -0.273505
v 0.196434 -0.121844 -0.311981
v 0.193613 -0.056348 -0.287229
v 0.196564 -0.129740 -0.301735
v 0.196806 -0.108324 -0.325025
v 0.197168 -0.046341 -0.313293
v 0.193334 -0.058869 -0.308249
v 0.196236 -0.077258 -0.323039
v 0.198481 -0.069473 -0.281188
v 0.196477 -0.129542 -0.293197
v 0.202326 -0.063357 -0.300473
v 0.196592 -0.041443 -0.289075
v 0.196214 -0.090223 -0.269315
v 0.205016 -0.058954 -0.341852
v 0.207350 -0.080141 -0.343196
v 0.208520 -0.135640 -0.301913
v 0.199369 0.062169 -0.231230
v 0.201309 0.059884 -0.211039
v 0.202814 0.048341 -0.225400
v 0.208520 -0.135640 -0.301913
v 0.196477 -0.129542 -0.293197
v 0.204120 -0.130291 -0.282792
v 0.206387 -0.100199 -0.346618
v 0.202767 0.053304 -0.245226
v 0.204692 0.043150 -0.267824
v 0.201698 0.061103 -0.253800
v 0.205674 -0.122976 -0.330611
v 0.208611 0.055545 -0.242259
v 0.203903 -0.035022 -0.364078
v 0.213656 -0.041517 -0.360385
v 0.205944 -0.058117 -0.377106
v 0.207051 0.049139 -0.031229
v 0.210722 0.032630 -0.015056
v 0.209332 0.037537 -0.056138
v 0.204910 0.054448 -0.201855
v 0.207029 0.045037 -0.171240
v 0.214494 -0.021513 -0.257181
v 0.208680 -0.007157 -0.269735
v 0.210175 -0.026305 -0.241721
v 0.208754 0.017776 -0.223083
v 0.214718 -0.118329 -0.342166
v 0.210994 0.020796 -0.047446
v 0.209332 0.037537 -0.056138
v 0.210722 0.032630 -0.015056
v 0.206816 0.053732 -0.081685
v 0.209432 0.025205 -0.116802
v 0.198949 0.063454 -0.143658
v 0.209122 -0.003487 -0.150365
v 0.208710 -0.040514 -0.112171
v 0.209167 -0.040347 -0.182795
v 0.204910 0.054448 -0.201855
v 0.202814 0.048341 -0.225400
v 0.210269 0.057131 -0.221167
v 0.208472 0.021549 -0.183186
v 0.218899 -0.046904 -0.213077
v 0.210325 -0.073826 -0.214036
v 0.208292 -0.002916 -0.310119
v 0.214902 -0.015267 -0.322918
v 0.207046 -0.012257 -0.335903
v 0.203625 -0.082230 -0.379443
v 0.209563 -0.083570 -0.386300
v 0.207951 -0.014655 -0.194192
v 0.212779 -0.062381 -0.371862
v 0.209355 0.060562 -0.241590
v 0.214577 -0.011023 -0.288053
v 0.208292 -0.002916 -0.310119
v 0.210779 -0.024415 -0.347507
v 0.210948 -0.017729 -0.350016
v 0.210360 -0.108792 0.159751
v 0.199248 -0.121767 0.173592
v 0.210786 -0.114177 0.124710
v 0.211525 -0.050849 -0.035171
v 0.210103 -0.030833 -0.077199
v 0.208282 0.055426 -0.223293
v 0.218317 -0.085363 -0.349941
v 0.211424 -0.029984 0.167622
v 0.211761 -0.040365 0.199218
v 0.212462 -0.061120 0.187406
v 0.213811 -0.087066 0.149758
v 0.211742 -0.104072 0.187913
v 0.210399 -0.060089 0.135166
v 0.212187 -0.025026 0.122941
v 0.209290 -0.104014 0.112151
v 0.210932 -0.053398 0.090296
v 0.211070 -0.105020 0.061901
v 0.213421 -0.089996 0.101662
v 0.209950 -0.053738 0.055868
v 0.212189 -0.024644 0.051106
v 0.210874 -0.048985 0.018863
v 0.211173 0.046556 -0.011410
v 0.210725 0.042001 0.035161
v 0.211571 -0.025153 -0.017453
v 0.210387 -0.102321 0.011313
v 0.213146 -0.087270 -0.036305
v 0.216613 -0.075968 0.004206
v 0.211294 -0.105301 -0.045468
v 0.210217 -0.100410 -0.086153
v 0.213798 -0.072663 -0.125706
v 0.208421 -0.099134 -0.135989
v 0.213160 -0.109222 -0.118862
v 0.210910 -0.095684 -0.160972
v 0.208219 -0.101550 -0.217822
v 0.218309 -0.082960 -0.224894
v 0.199773 -0.092084 -0.212112
v 0.213685 -0.089313 0.051103
v 0.212822 -0.112188 0.005247
v 0.208611 0.055545 -0.242259
v 0.209355 0.060562 -0.241590
v 0.210556 -0.101878 -0.263689
v 0.210314 -0.114531 -0.256054
v 0.210807 -0.109534 -0.266241
v 0.214902 -0.015267 -0.322918
v 0.217639 -0.072930 -0.349236
v 0.212684 0.016723 0.144567
v 0.212139 0.010806 0.095322
v 0.212469 -0.113523 0.086759
v 0.211750 0.021744 0.047638
v 0.216278 0.042479 -0.029909
v 0.212854 -0.105760 -0.272542
v 0.212669 -0.093154 -0.275034
v 0.212669 -0.093154 -0.275034
v 0.213400 -0.105457 -0.282145
v 0.212343 -0.081266 -0.300865
v 0.209112 -0.117157 0.193409
v 0.210851 0.035454 0.089730
v 0.217080 -0.056232 -0.177172
v 0.210325 -0.073826 -0.214036
v 0.214129 -0.066928 -0.282085
v 0.214225 -0.108559 -0.296579
v 0.213496 -0.103621 -0.308057
v 0.211767 0.011954 0.241411
v 0.213589 -0.007135 0.216269
v 0.207441 0.026185 0.206437
v 0.212256 -0.078790 0.205714
v 0.211174 -0.109885 0.200796
v 0.212271 0.010375 0.185989
v 0.216498 -0.071278 0.169155
v 0.213232 -0.110707 -0.079917
v 0.210742 -0.112457 -0.193337
v 0.218270 -0.080823 -0.189151
v 0.210891 -0.112859 -0.154845
v 0.218355 -0.049925 -0.233484
v 0.215622 -0.105039 -0.248383
v 0.216238 -0.063803 -0.295883
v 0.214326 -0.092094 -0.317311
v 0.219677 -0.127501 -0.334922
v 0.214718 -0.118329 -0.342166
v 0.211076 -0.116160 -0.332188
v 0.216308 -0.071876 0.198636
v 0.216758 -0.036292 0.218465
v 0.217755 -0.070609 0.087411
v 0.212144 -0.115112 0.050025
v 0.210899 -0.114859 -0.043778
v 0.217035 -0.067311 -0.082951
v 0.215940 -0.053804 -0.139177
v 0.210295 -0.108844 -0.203561
v 0.212933 -0.071518 -0.278117
v 0.216238 -0.063803 -0.295883
v 0.214082 -0.055920 -0.301598
v 0.211964 -0.053044 -0.286023
v 0.219989 -0.146823 -0.295035
v 0.218464 -0.118114 -0.307336
v 0.217017 -0.059640 -0.306256
v 0.214893 -0.068272 -0.309252
v 0.215232 -0.078323 -0.316081
v 0.216409 -0.111918 -0.323358
v 0.217960 -0.108293 -0.344179
v 0.219509 -0.097020 -0.352307
v 0.215133 -0.081289 -0.274404
v 0.217017 -0.059640 -0.306256
v 0.217009 -0.064837 -0.320735
v 0.218977 -0.030015 -0.344008
v 0.217864 -0.087265 -0.371475
v 0.220523 -0.034125 -0.252494
v 0.218624 -0.082985 -0.262165
v 0.218385 -0.113475 -0.267216
v 0.219695 -0.058569 -0.324039
v 0.216743 -0.066231 0.123746
v 0.218318 -0.060614 -0.003669
v 0.217218 -0.056143 -0.089402
v 0.218787 -0.060564 -0.267472
v 0.218905 -0.119865 -0.284930
v 0.218724 -0.084263 -0.331217
v 0.221100 -0.060504 -0.356765
v 0.219290 -0.010583 0.232980
v 0.217811 -0.050310 0.212458
v 0.216731 -0.062684 0.045995
v 0.218636 -0.061652 -0.048661
v 0.218309 -0.082960 -0.224894
v 0.218906 -0.161049 -0.293142
v 0.212660 -0.156529 -0.256721
v 0.210325 -0.166681 -0.278651
v 0.219813 -0.140083 -0.284004
v 0.219649 -0.051920 -0.283073
v 0.221184 -0.020844 -0.296284
v 0.214954 -0.130210 -0.232233
v 0.219917 -0.114038 -0.234512
v 0.208219 -0.101550 -0.217822
v 0.218527 -0.117347 -0.248827
v 0.221453 -0.029897 -0.275186
v 0.220507 -0.042523 -0.286320
v 0.220801 -0.079037 -0.338376
v 0.221226 -0.103211 -0.360872
v 0.217037 -0.114119 -0.367607
v 0.220030 -0.127639 -0.257017
v 0.220495 -0.150083 -0.270224
v 0.220234 -0.033673 -0.321134
v 0.217821 -0.159195 -0.321891
v 0.220839 -0.142341 -0.319970
v 0.218906 -0.161049 -0.293142
v 0.219147 -0.145863 -0.340194
v 0.218977 -0.030015 -0.344008
v 0.220286 -0.006358 0.254413
v 0.220702 -0.055868 -0.248308
v 0.220520 -0.090608 -0.239417
v 0.219654 -0.075073 -0.244114
v 0.219539 -0.138971 -0.246256
v 0.219917 -0.114038 -0.234512
v 0.219539 -0.138971 -0.246256
v 0.220108 -0.136841 -0.265076
v 0.219539 -0.138971 -0.246256
v 0.220495 -0.150083 -0.270224
v 0.221254 -0.042818 -0.260322
v 0.221799 -0.030992 -0.290986
v 0.221941 -0.034071 -0.304211
v 0.221177 -0.044316 -0.311154
v 0.209457 -0.037821 -0.300413
v 0.219519 -0.055941 -0.337584
v 0.221416 -0.043115 -0.335931
v 0.221868 -0.123050 -0.345607
v 0.218317 -0.085363 -0.349941
v 0.221100 -0.060504 -0.356765
v 0.221868 -0.123050 -0.345607
v 0.217639 -0.072930 -0.349236
v 0.219509 -0.097020 -0.352307
v 0.221226 -0.103211 -0.360872
v 0.217960 -0.108293 -0.344179
v 0.220520 -0.090608 -0.239417
v 0.220173 -0.139446 -0.306778
v 0.218464 -0.118114 -0.307336
v 0.221177 -0.044316 -0.311154
v 0.221868 -0.123050 -0.345607
v 0.178545 -0.104685 -0.258701
v 0.164640 -0.108701 -0.257339
v 0.178929 -0.095841 -0.252760
v 0.195185 -0.096087 -0.255618
v 0.197905 -0.100116 -0.262820
v 0.215622 -0.105039 -0.248383
v 0.210556 -0.101878 -0.263689
v 0.168914 -0.111603 0.248857
v 0.178819 -0.100543 0.251392
v 0.179070 -0.100888 0.243046
v 0.179709 -0.084425 0.247809
v 0.180592 -0.077841 0.243499
v 0.173267 -0.070774 0.249152
v 0.176998 0.061846 0.141639
v 0.180335 0.060662 0.178556
v 0.184633 0.061518 0.156484
v 0.190297 0.063216 0.148136
v 0.190436 0.081838 0.128976
v 0.197238 0.080343 0.140416
v 0.201345 0.069581 0.146845
v 0.194891 0.094823 0.117345
v 0.209308 0.094316 0.118519
v 0.213339 0.094762 0.098043
v 0.209383 0.083849 0.139377
v 0.225868 0.087993 0.117349
v 0.226033 0.092926 0.102713
v 0.237993 0.086903 0.085117
v 0.238700 0.087658 0.097078
v 0.179121 -0.076000 -0.268610
v 0.167587 -0.076656 -0.270501
v 0.176340 -0.068256 -0.286418
v 0.175270 -0.064660 -0.260620
v 0.187137 -0.079473 -0.255323
v 0.177225 -0.076492 -0.250762
v 0.178929 -0.095841 -0.252760
v 0.190159 -0.068641 -0.259118
v 0.182481 -0.059487 -0.266035
v 0.195185 -0.096087 -0.255618
v 0.188772 -0.060338 -0.264609
v 0.184725 -0.064984 -0.265100
v 0.188772 -0.060338 -0.264609
v 0.193559 -0.060974 -0.262231
v 0.191249 -0.060286 -0.266760
v 0.194953 -0.052220 -0.269145
v 0.193559 -0.060974 -0.262231
v 0.200461 -0.072799 -0.254430
v 0.208307 -0.058460 -0.255894
v 0.208307 -0.058460 -0.255894
v 0.208980 -0.050483 -0.262756
v 0.208558 -0.085320 -0.252630
v 0.211707 -0.091395 -0.244546
v 0.215622 -0.105039 -0.248383
v 0.211436 -0.072176 -0.247590
v 0.211598 -0.041091 -0.271774
v 0.220702 -0.055868 -0.248308
v 0.220520 -0.090608 -0.239417
v 0.219654 -0.075073 -0.244114
v 0.221254 -0.042818 -0.260322
v 0.221453 -0.029897 -0.275186
v 0.179709 -0.084425 0.247809
v 0.184406 -0.065158 0.257601
v 0.173267 -0.070774 0.249152
v 0.178819 -0.100543 0.251392
v 0.193247 -0.092751 0.251603
v 0.203454 -0.069211 0.247540
v 0.199048 -0.058116 0.254354
v 0.206866 -0.081548 0.244921
v 0.205231 -0.100533 0.245306
v 0.210134 -0.057242 0.257571
v 0.206935 -0.045403 0.264461
v 0.217913 -0.085056 0.243350
v 0.217001 -0.072438 0.243856
v 0.206866 -0.081548 0.244921
v 0.210923 -0.080341 0.253816
v 0.217001 -0.072438 0.243856
v 0.219394 -0.080419 0.258551
v 0.220027 -0.056082 0.248660
v 0.220816 -0.099618 0.239612
v 0.176998 0.061846 0.141639
v 0.190297 0.063216 0.148136
v 0.191246 0.055178 0.152090
v 0.197134 0.060659 0.143350
v 0.194743 -0.052528 0.267629
v 0.193419 -0.052283 0.281254
v 0.187681 -0.076018 0.260179
v 0.194003 -0.060718 0.309321
v 0.193600 -0.052283 0.305916
v 0.199588 -0.059579 0.335065
v 0.195784 -0.068368 0.279068
v 0.197392 -0.099663 0.273783
v 0.196913 -0.109929 0.294457
v 0.192457 -0.109181 0.271721
v 0.193247 -0.092751 0.251603
v 0.191920 -0.088100 0.261593
v 0.198987 -0.076463 0.325382
v 0.196009 -0.125863 0.299540
v 0.195586 -0.119549 0.319332
v 0.202089 -0.106256 0.314572
v 0.197800 -0.061897 0.292435
v 0.197693 -0.124741 0.271396
v 0.199002 -0.088040 0.273323
v 0.198736 -0.111378 0.256436
v 0.199170 -0.130136 0.289225
v 0.197276 -0.046163 0.318187
v 0.196265 -0.040870 0.300320
v 0.198400 -0.040926 0.285080
v 0.195586 -0.119549 0.319332
v 0.207040 -0.127743 0.311593
v 0.196009 -0.125863 0.299540
v 0.202974 -0.042187 0.308239
v 0.211061 -0.132729 0.319606
v 0.204408 -0.040284 0.368703
v 0.202315 -0.065425 0.376960
v 0.208605 -0.032429 0.353705
v 0.206982 -0.121345 0.330200
v 0.206807 -0.072269 0.313941
v 0.206031 -0.087104 0.320712
v 0.210239 -0.066524 0.220196
v 0.200585 -0.067480 0.214360
v 0.204258 -0.046727 0.218122
v 0.201929 -0.091540 0.212086
v 0.204316 -0.089637 0.205181
v 0.200564 -0.101819 0.377800
v 0.203912 -0.088136 0.377789
v 0.208071 -0.076610 0.383545
v 0.210694 -0.069274 0.343730
v 0.205824 0.000098 0.291602
v 0.207399 -0.009870 0.328584
v 0.212636 -0.010882 0.302601
v 0.203215 -0.010303 0.266066
v 0.206982 -0.121345 0.330200
v 0.203791 -0.102694 0.340638
v 0.212233 -0.136641 0.302777
v 0.199170 -0.130136 0.289225
v 0.200573 -0.108709 0.386887
v 0.211560 -0.138309 0.290402
v 0.204875 -0.083940 0.446553
v 0.205960 -0.110188 0.435084
v 0.207769 -0.095565 0.431979
v 0.208054 -0.086896 0.343285
v 0.208702 -0.033528 0.235968
v 0.213190 -0.028212 0.364717
v 0.208081 -0.062288 0.432814
v 0.203475 -0.059221 0.451552
v 0.211114 -0.067203 0.371841
v 0.217740 -0.023570 0.331517
v 0.217910 -0.022646 0.263694
v 0.209896 -0.111035 0.406149
v 0.210233 -0.012088 0.253378
v 0.212008 -0.082729 0.399583
v 0.209577 -0.031663 0.404800
v 0.217108 -0.126940 0.329101
v 0.219581 -0.048862 0.237395
v 0.216039 -0.042950 0.382109
v 0.210864 -0.095429 0.388359
v 0.205567 -0.115572 0.390208
v 0.220408 -0.103594 0.348079
v 0.213601 -0.068295 0.308924
v 0.212879 -0.091589 0.296039
v 0.214759 -0.068232 0.293748
v 0.214565 -0.073463 0.312098
v 0.219846 -0.048616 0.355769
v 0.219480 -0.089176 0.350833
v 0.217330 -0.043897 0.284781
v 0.208920 -0.060859 0.296794
v 0.218857 -0.055168 0.284422
v 0.213584 -0.071078 0.278077
v 0.216139 -0.090072 0.318199
v 0.216871 -0.103993 0.321045
v 0.216020 -0.079840 0.320661
v 0.214201 -0.103783 0.305618
v 0.215818 -0.109090 0.298590
v 0.214850 -0.109908 0.291130
v 0.214759 -0.068232 0.293748
v 0.214235 -0.101467 0.280607
v 0.212495 -0.114800 0.282931
v 0.215808 -0.099326 0.274009
v 0.214859 -0.079253 0.272810
v 0.215630 -0.086068 0.270939
v 0.215169 -0.064200 0.278473
v 0.212700 -0.095707 0.270093
v 0.215790 -0.102089 0.259958
v 0.218337 -0.103534 0.261882
v 0.218160 -0.105149 0.225157
v 0.217908 -0.058348 0.321478
v 0.215487 -0.117340 0.308654
v 0.219365 -0.120411 0.303793
v 0.217613 -0.062614 0.304134
v 0.218857 -0.055168 0.284422
v 0.218426 -0.060671 0.264975
v 0.219280 -0.113349 0.266732
v 0.213113 -0.100988 0.271816
v 0.215808 -0.099326 0.274009
v 0.216747 -0.110563 0.266395
v 0.217610 -0.012099 0.363894
v 0.220028 -0.003195 0.336152
v 0.219610 -0.103213 0.332223
v 0.215956 -0.064888 0.318205
v 0.219280 -0.113349 0.266732
v 0.219394 -0.080419 0.258551
v 0.213806 -0.084075 0.253051
v 0.215689 -0.131815 0.233154
v 0.221246 -0.143922 0.265912
v 0.217282 -0.155647 0.260551
v 0.220067 -0.078108 0.225984
v 0.220894 -0.047581 0.306334
v 0.220967 -0.126714 0.282310
v 0.218421 -0.116605 0.364151
v 0.221518 -0.093005 0.360119
v 0.213870 -0.094450 0.372686
v 0.216827 -0.120061 0.335273
v 0.217379 -0.111435 0.344075
v 0.221709 -0.122767 0.344412
v 0.217379 -0.111435 0.344075
v 0.221526 -0.136426 0.330320
v 0.219210 -0.084151 0.335260
v 0.221602 -0.150328 0.308943
v 0.218448 -0.158433 0.323970
v 0.218896 -0.162568 0.293558
v 0.221651 -0.028443 0.297351
v 0.221767 -0.141040 0.303460
v 0.221709 -0.122767 0.344412
v 0.217693 -0.145405 0.344689
v 0.220408 -0.103594 0.348079
v 0.220905 -0.075348 0.345245
v 0.220579 -0.049891 0.335864
v 0.221540 -0.135965 0.314602
v 0.217975 -0.048531 0.259934
v 0.215655 -0.120068 0.255404
v 0.219480 -0.089176 0.350833
v 0.220408 -0.103594 0.348079
v 0.221526 -0.136426 0.330320
v 0.213887 -0.045550 0.330226
v 0.220195 -0.034231 0.319164
v 0.220987 -0.142746 0.286441
v 0.221767 -0.141040 0.303460
v 0.220987 -0.142746 0.286441
v 0.221599 -0.038541 0.277605
v 0.220751 -0.031953 0.290058
v 0.219976 -0.036063 0.265508
v 0.220285 -0.138038 0.273180
v 0.220487 -0.126632 0.258321
v 0.220027 -0.056082 0.248660
v 0.217001 -0.072438 0.243856
v 0.217913 -0.085056 0.243350
v 0.221806 -0.117911 0.245206
v 0.221599 -0.063118 0.349995
v 0.216871 -0.103993 0.321045
v 0.221540 -0.135965 0.314602
v 0.221599 -0.038541 0.277605
v 0.220487 -0.126632 0.258321
v 0.220816 -0.099618 0.239612
v 0.219263 -0.106683 0.246883
v 0.206807 -0.072269 0.313941
v 0.194003 -0.060718 0.309321
v 0.198987 -0.076463 0.325382
v 0.195784 -0.068368 0.279068
v 0.193600 -0.052283 0.305916
v 0.197800 -0.061897 0.292435
v 0.200278 -0.062274 0.305398
v 0.208920 -0.060859 0.296794
v 0.209068 -0.059204 0.306493
v 0.206246 -0.067479 0.280481
v 0.200278 -0.062274 0.305398
v 0.208130 -0.064094 0.312983
v 0.209068 -0.059204 0.306493
v 0.208920 -0.060859 0.296794
v 0.209068 -0.059204 0.306493
v 0.210172 -0.049576 0.306206
v 0.220894 -0.047581 0.306334
v 0.208920 -0.060859 0.296794
v 0.210172 -0.049576 0.306206
v 0.214759 -0.068232 0.293748
v 0.199048 -0.058116 0.254354
v 0.194743 -0.052528 0.267629
v 0.184406 -0.065158 0.257601
v 0.209220 -0.035376 0.293685
v 0.196265 -0.040870 0.300320
v 0.198400 -0.040926 0.285080
v 0.206935 -0.045403 0.264461
v 0.210093 -0.040509 0.283851
v 0.212704 -0.039608 0.275039
v 0.217330 -0.043897 0.284781
v 0.210093 -0.040509 0.283851
v 0.211161 -0.056052 0.282710
v 0.217975 -0.048531 0.259934
v 0.206935 -0.045403 0.264461
v 0.213496 -0.060744 0.270761
v 0.219976 -0.036063 0.265508
v 0.220751 -0.031953 0.290058
v 0.217975 -0.048531 0.259934
v 0.221651 -0.028443 0.297351
v 0.221599 -0.038541 0.277605
v 0.220751 -0.031953 0.290058
v 0.197134 0.060659 0.143350
v 0.190297 0.063216 0.148136
v 0.188706 0.061565 0.138986
v 0.197711 0.052072 0.141075
v 0.206038 0.057015 0.140574
v 0.205640 0.040665 0.140017
v 0.201345 0.069581 0.146845
v 0.205126 -0.105536 -0.278682
v 0.193384 -0.111035 -0.273505
v 0.197801 -0.110904 -0.296429
v 0.206291 -0.107573 -0.312757
v 0.196806 -0.108324 -0.325025
v 0.206915 -0.113958 -0.325243
v 0.206291 -0.107573 -0.312757
v 0.201654 -0.103866 -0.323027
v 0.208414 -0.110580 -0.289883
v 0.209063 -0.113516 -0.305568
v 0.216409 -0.111918 -0.323358
v 0.213400 -0.105457 -0.282145
v 0.214225 -0.108559 -0.296579
v 0.213496 -0.103621 -0.308057
v 0.205674 -0.122976 -0.330611
v 0.212854 -0.105760 -0.272542
v 0.219677 -0.127501 -0.334922
v 0.213496 -0.103621 -0.308057
v 0.218385 -0.113475 -0.267216
v 0.196521 -0.126888 -0.299062
v 0.196477 -0.129542 -0.293197
v 0.194277 -0.124661 -0.291074
v 0.199932 -0.127694 -0.302237
v 0.204120 -0.130291 -0.282792
v 0.204150 -0.124112 -0.303710
v 0.196434 -0.121844 -0.311981
v 0.196564 -0.129740 -0.301735
v 0.196521 -0.126888 -0.299062
v 0.199932 -0.127694 -0.302237
v 0.208520 -0.135640 -0.301913
v 0.204150 -0.124112 -0.303710
v 0.220173 -0.139446 -0.306778
v 0.218464 -0.118114 -0.307336
v 0.214225 -0.108559 -0.296579
v 0.219989 -0.146823 -0.295035
v 0.205315 -0.061812 -0.309558
v 0.193334 -0.058869 -0.308249
v 0.202326 -0.063357 -0.300473
v 0.198481 -0.069473 -0.281188
v 0.208312 -0.063418 -0.286639
v 0.214082 -0.055920 -0.301598
v 0.211964 -0.053044 -0.286023
v 0.209074 -0.045971 -0.311779
v 0.209457 -0.037821 -0.300413
v 0.196236 -0.077258 -0.323039
v 0.193334 -0.058869 -0.308249
v 0.205315 -0.061812 -0.309558
v 0.203007 -0.088503 -0.320623
v 0.201654 -0.103866 -0.323027
v 0.196806 -0.108324 -0.325025
v 0.201654 -0.103866 -0.323027
v 0.206291 -0.107573 -0.312757
v 0.196806 -0.108324 -0.325025
v 0.206806 -0.078255 -0.318615
v 0.210267 -0.102952 -0.322703
v 0.206915 -0.113958 -0.325243
v 0.205674 -0.122976 -0.330611
v 0.206915 -0.113958 -0.325243
v 0.211076 -0.116160 -0.332188
v 0.210710 -0.067469 -0.313652
v 0.214718 -0.118329 -0.342166
v 0.210267 -0.102952 -0.322703
v 0.215232 -0.078323 -0.316081
v 0.217009 -0.064837 -0.320735
v 0.215232 -0.078323 -0.316081
v 0.210710 -0.067469 -0.313652
v 0.214326 -0.092094 -0.317311
v 0.214893 -0.068272 -0.309252
v 0.209074 -0.045971 -0.311779
v 0.217017 -0.059640 -0.306256
v 0.213386 -0.055107 -0.329071
v 0.216409 -0.111918 -0.323358
v 0.211076 -0.116160 -0.332188
v 0.221177 -0.044316 -0.311154
v 0.220234 -0.033673 -0.321134
v 0.219677 -0.127501 -0.334922
v 0.197276 -0.046163 0.318187
v 0.203296 -0.047888 0.329120
v 0.199588 -0.059579 0.335065
v 0.202974 -0.042187 0.308239
v 0.209523 -0.040400 0.318871
v 0.210057 -0.054562 0.333358
v 0.213887 -0.045550 0.330226
v 0.210694 -0.069274 0.343730
v 0.220579 -0.049891 0.335864
v 0.217908 -0.058348 0.321478
v 0.210057 -0.054562 0.333358
v 0.213887 -0.045550 0.330226
v 0.212543 -0.060274 0.322432
v 0.213601 -0.068295 0.308924
v 0.221599 -0.063118 0.349995
v 0.220195 -0.034231 0.319164
v 0.204120 -0.130291 -0.282792
v 0.194277 -0.124661 -0.291074
v 0.193384 -0.111035 -0.273505
v 0.196521 -0.126888 -0.299062
v 0.204150 -0.124112 -0.303710
v 0.196434 -0.121844 -0.311981
v 0.206589 -0.122217 -0.266246
v 0.205674 -0.122976 -0.330611
v 0.211441 -0.127829 -0.314627
v 0.220108 -0.136841 -0.265076
v 0.218065 -0.135848 -0.276131
v 0.220030 -0.127639 -0.257017
v 0.220839 -0.142341 -0.319970
v 0.218905 -0.119865 -0.284930
v 0.218065 -0.135848 -0.276131
v 0.219813 -0.140083 -0.284004
v 0.219677 -0.127501 -0.334922
v 0.219813 -0.140083 -0.284004
v 0.202974 -0.042187 0.308239
v 0.193600 -0.052283 0.305916
v 0.196265 -0.040870 0.300320
v 0.211329 -0.038613 0.302456
v 0.209220 -0.035376 0.293685
v 0.210172 -0.049576 0.306206
v 0.220894 -0.047581 0.306334
v 0.221651 -0.028443 0.297351
v 0.196592 -0.041443 -0.289075
v 0.207509 -0.044354 -0.282374
v 0.194953 -0.052220 -0.269145
v 0.209457 -0.037821 -0.300413
v 0.197168 -0.046341 -0.313293
v 0.209074 -0.045971 -0.311779
v 0.197168 -0.046341 -0.313293
v 0.206988 -0.046088 -0.328666
v 0.211598 -0.041091 -0.271774
v 0.205016 -0.058954 -0.341852
v 0.213386 -0.055107 -0.329071
v 0.212704 -0.038056 -0.287908
v 0.209457 -0.037821 -0.300413
v 0.211598 -0.041091 -0.271774
v 0.207509 -0.044354 -0.282374
v 0.219649 -0.051920 -0.283073
v 0.211964 -0.053044 -0.286023
v 0.220234 -0.033673 -0.321134
v 0.219519 -0.055941 -0.337584
v 0.217639 -0.072930 -0.349236
v 0.219519 -0.055941 -0.337584
v 0.217009 -0.064837 -0.320735
v 0.213386 -0.055107 -0.329071
v 0.221799 -0.030992 -0.290986
v 0.221453 -0.029897 -0.275186
v 0.221941 -0.034071 -0.304211
v 0.221177 -0.044316 -0.311154
v 0.221416 -0.043115 -0.335931
v 0.198736 -0.111378 0.256436
v 0.205231 -0.100533 0.245306
v 0.193247 -0.092751 0.251603
v 0.197693 -0.124741 0.271396
v 0.199170 -0.130136 0.289225
v 0.207556 -0.130010 0.276084
v 0.207535 -0.120465 0.257821
v 0.210868 -0.105978 0.249675
v 0.212519 -0.129461 0.264605
v 0.216489 -0.112651 0.248094
v 0.215655 -0.120068 0.255404
v 0.219263 -0.106683 0.246883
v 0.220285 -0.138038 0.273180
v 0.220816 -0.099618 0.239612
v 0.220487 -0.126632 0.258321
v 0.214145 -0.115283 0.265606
v 0.216489 -0.112651 0.248094
v 0.219263 -0.106683 0.246883
v 0.218337 -0.103534 0.261882
v 0.221806 -0.117911 0.245206
v 0.215790 -0.102089 0.259958
v 0.221806 -0.117911 0.245206
v 0.208002 0.059784 0.101726
v 0.208782 0.056617 0.116624
v 0.198236 0.053671 0.109341
v 0.207272 0.041208 0.122321
v 0.210836 0.055146 0.129630
v 0.206038 0.057015 0.140574
v 0.205640 0.040665 0.140017
v 0.228174 0.062770 0.101453
v 0.218222 0.078521 0.132744
v 0.209383 0.083849 0.139377
v 0.201345 0.069581 0.146845
v 0.225868 0.087993 0.117349
v 0.232281 0.076595 0.112890
v 0.236098 0.067850 0.084846
v 0.238700 0.087658 0.097078
v 0.240780 0.074449 0.095708
v 0.237993 0.086903 0.085117
v 0.206960 -0.107056 0.287213
v 0.196913 -0.109929 0.294457
v 0.197392 -0.099663 0.273783
v 0.202089 -0.106256 0.314572
v 0.207103 -0.108787 0.297066
v 0.208789 -0.109244 0.306054
v 0.210293 -0.104975 0.313197
v 0.210812 -0.103443 0.320887
v 0.214850 -0.109908 0.291130
v 0.207791 -0.102329 0.267816
v 0.213113 -0.100988 0.271816
v 0.214201 -0.103783 0.305618
v 0.208649 -0.110629 0.296135
v 0.214235 -0.101467 0.280607
v 0.215790 -0.102089 0.259958
v 0.215818 -0.109090 0.298590
v 0.216871 -0.103993 0.321045
v 0.207442 -0.111119 -0.270814
v 0.206589 -0.122217 -0.266246
v 0.193384 -0.111035 -0.273505
v 0.205126 -0.105536 -0.278682
v 0.212854 -0.105760 -0.272542
v 0.210807 -0.109534 -0.266241
v 0.207442 -0.111119 -0.270814
v 0.212854 -0.105760 -0.272542
v 0.213829 -0.111672 -0.269357
v 0.213829 -0.111672 -0.269357
v 0.207442 -0.111119 -0.270814
v 0.210807 -0.109534 -0.266241
v 0.218385 -0.113475 -0.267216
v 0.215181 -0.106837 -0.270536
v 0.213829 -0.111672 -0.269357
v 0.210807 -0.109534 -0.266241
v 0.220030 -0.127639 -0.257017
v 0.200278 -0.062274 0.305398
v 0.206807 -0.072269 0.313941
v 0.208130 -0.064094 0.312983
v 0.210172 -0.049576 0.306206
v 0.209523 -0.040400 0.318871
v 0.202974 -0.042187 0.308239
v 0.215275 -0.042812 0.312372
v 0.209223 -0.066249 0.303783
v 0.209068 -0.059204 0.306493
v 0.220195 -0.034231 0.319164
v 0.217613 -0.062614 0.304134
v 0.220894 -0.047581 0.306334
v 0.206246 -0.067479 0.280481
v 0.204803 -0.082768 0.275443
v 0.195784 -0.068368 0.279068
v 0.199002 -0.088040 0.273323
v 0.207791 -0.102329 0.267816
v 0.197392 -0.099663 0.273783
v 0.208975 -0.097296 0.267420
v 0.210051 -0.081812 0.269245
v 0.213584 -0.071078 0.278077
v 0.212700 -0.095707 0.270093
v 0.212523 -0.103900 0.258431
v 0.215790 -0.102089 0.259958
v 0.215630 -0.086068 0.270939
v 0.213113 -0.100988 0.271816
v 0.210923 -0.080341 0.253816
v 0.210051 -0.081812 0.269245
v 0.214859 -0.079253 0.272810
v 0.214859 -0.079253 0.272810
v 0.219394 -0.080419 0.258551
v 0.210868 -0.105978 0.249675
v 0.219263 -0.106683 0.246883
v 0.203903 -0.035022 -0.364078
v 0.205944 -0.058117 -0.377106
v 0.210300 -0.038420 -0.370878
v 0.220196 0.001811 -0.292757
v 0.208680 -0.007157 -0.269735
v 0.208292 -0.002916 -0.310119
v 0.207046 -0.012257 -0.335903
v 0.210948 -0.017729 -0.350016
v 0.221469 -0.001259 -0.331321
v 0.215094 -0.051860 -0.379449
v 0.209563 -0.083570 -0.386300
v 0.219339 -0.024270 -0.362035
v 0.218899 -0.046904 -0.213077
v 0.210175 -0.026305 -0.241721
v 0.221576 -0.022216 -0.237051
v 0.221883 -0.004981 -0.263229
v 0.207306 -0.125418 0.284242
v 0.199170 -0.130136 0.289225
v 0.211560 -0.138309 0.290402
v 0.214850 -0.109908 0.291130
v 0.206991 -0.110142 0.293449
v 0.209678 -0.112939 0.290951
v 0.206960 -0.107056 0.287213
v 0.213158 -0.127083 0.286438
v 0.220967 -0.126714 0.282310
v 0.220987 -0.142746 0.286441
v 0.210165 0.044767 -0.043781
v 0.207051 0.049139 -0.031229
v 0.209332 0.037537 -0.056138
v 0.215667 0.044709 -0.053286
v 0.206816 0.053732 -0.081685
v 0.216278 0.042479 -0.029909
v 0.210722 0.032630 -0.015056
v 0.206414 0.057682 -0.232779
v 0.199369 0.062169 -0.231230
v 0.202767 0.053304 -0.245226
v 0.208282 0.055426 -0.223293
v 0.207317 0.059681 -0.214555
v 0.208611 0.055545 -0.242259
v 0.207556 -0.130010 0.276084
v 0.199170 -0.130136 0.289225
v 0.207306 -0.125418 0.284242
v 0.207103 -0.108787 0.297066
v 0.208069 -0.112497 0.296012
v 0.208789 -0.109244 0.306054
v 0.206991 -0.110142 0.293449
v 0.206960 -0.107056 0.287213
v 0.210619 -0.122729 0.304892
v 0.209678 -0.112939 0.290951
v 0.212495 -0.114800 0.282931
v 0.210619 -0.122729 0.304892
v 0.212233 -0.136641 0.302777
v 0.207040 -0.127743 0.311593
v 0.214235 -0.101467 0.280607
v 0.208069 -0.112497 0.296012
v 0.219365 -0.120411 0.303793
v 0.215818 -0.109090 0.298590
v 0.208649 -0.110629 0.296135
v 0.220285 -0.138038 0.273180
v 0.221767 -0.141040 0.303460
v 0.212006 -0.061845 -0.269167
v 0.208307 -0.058460 -0.255894
v 0.208980 -0.050483 -0.262756
v 0.212504 -0.055928 -0.267683
v 0.214129 -0.066928 -0.282085
v 0.206984 -0.068024 -0.280355
v 0.218787 -0.060564 -0.267472
v 0.221254 -0.042818 -0.260322
v 0.206982 -0.121345 0.330200
v 0.203791 -0.102694 0.340638
v 0.216827 -0.120061 0.335273
v 0.217379 -0.111435 0.344075
v 0.210812 -0.103443 0.320887
v 0.216871 -0.103993 0.321045
v 0.210812 -0.103443 0.320887
v 0.206031 -0.087104 0.320712
v 0.202089 -0.106256 0.314572
v 0.216139 -0.090072 0.318199
v 0.214349 -0.080542 0.331737
v 0.219210 -0.084151 0.335260
v 0.211161 -0.056052 0.282710
v 0.206246 -0.067479 0.280481
v 0.208920 -0.060859 0.296794
v 0.217330 -0.043897 0.284781
v 0.215169 -0.064200 0.278473
v 0.206246 -0.067479 0.280481
v 0.211161 -0.056052 0.282710
v 0.211161 -0.056052 0.282710
v 0.210093 -0.040509 0.283851
v 0.212704 -0.039608 0.275039
v 0.218857 -0.055168 0.284422
v 0.212704 -0.039608 0.275039
v 0.221599 -0.038541 0.277605
v 0.202814 0.048341 -0.225400
v 0.201309 0.059884 -0.211039
v 0.208282 0.055426 -0.223293
v 0.207317 0.059681 -0.214555
v 0.208004 -0.081467 -0.263452
v 0.208558 -0.085320 -0.252630
v 0.200461 -0.072799 -0.254430
v 0.205337 -0.076508 -0.276639
v 0.210046 -0.086219 -0.268924
v 0.218624 -0.082985 -0.262165
v 0.212669 -0.093154 -0.275034
v 0.220520 -0.090608 -0.239417
v 0.206991 -0.110142 0.293449
v 0.207103 -0.108787 0.297066
v 0.208649 -0.110629 0.296135
v 0.209678 -0.112939 0.290951
v 0.208069 -0.112497 0.296012
v 0.206807 -0.072269 0.313941
v 0.213601 -0.068295 0.308924
v 0.209223 -0.066249 0.303783
v 0.206031 -0.087104 0.320712
v 0.216020 -0.079840 0.320661
v 0.214565 -0.073463 0.312098
v 0.215956 -0.064888 0.318205
v 0.217613 -0.062614 0.304134
v 0.211436 -0.072176 -0.247590
v 0.208004 -0.081467 -0.263452
v 0.200461 -0.072799 -0.254430
v 0.213494 -0.078312 -0.261521
v 0.215133 -0.081289 -0.274404
v 0.205337 -0.076508 -0.276639
v 0.219654 -0.075073 -0.244114
v 0.218624 -0.082985 -0.262165
v 0.208414 -0.110580 -0.289883
v 0.212790 -0.123117 -0.287988
v 0.211489 -0.124072 -0.281365
v 0.218905 -0.119865 -0.284930
v 0.219813 -0.140083 -0.284004
v 0.204120 -0.130291 -0.282792
v 0.214225 -0.108559 -0.296579
v 0.210619 -0.122729 0.304892
v 0.207040 -0.127743 0.311593
v 0.215487 -0.117340 0.308654
v 0.208789 -0.109244 0.306054
v 0.214201 -0.103783 0.305618
v 0.221540 -0.135965 0.314602
v 0.207535 -0.120465 0.257821
v 0.212519 -0.129461 0.264605
v 0.214145 -0.115283 0.265606
v 0.215655 -0.120068 0.255404
v 0.216747 -0.110563 0.266395
v 0.213113 -0.100988 0.271816
v 0.207051 0.049139 -0.031229
v 0.212674 0.048006 -0.036201
v 0.210722 0.032630 -0.015056
v 0.210165 0.044767 -0.043781
v 0.206816 0.053732 -0.081685
v 0.212790 -0.123117 -0.287988
v 0.204120 -0.130291 -0.282792
v 0.211489 -0.124072 -0.281365
v 0.213400 -0.105457 -0.282145
v 0.208414 -0.110580 -0.289883
v 0.211489 -0.124072 -0.281365
v 0.204120 -0.130291 -0.282792
v 0.218065 -0.135848 -0.276131
v 0.218905 -0.119865 -0.284930
v 0.212591 -0.080713 -0.327520
v 0.206806 -0.078255 -0.318615
v 0.215232 -0.078323 -0.316081
v 0.203007 -0.088503 -0.320623
v 0.217639 -0.072930 -0.349236
v 0.207350 -0.080141 -0.343196
v 0.220801 -0.079037 -0.338376
v 0.212591 -0.080713 -0.327520
v 0.214326 -0.092094 -0.317311
v 0.203007 -0.088503 -0.320623
v 0.218724 -0.084263 -0.331217
v 0.207350 -0.080141 -0.343196
v 0.218317 -0.085363 -0.349941
v 0.214147 -0.104246 0.339017
v 0.217379 -0.111435 0.344075
v 0.203791 -0.102694 0.340638
v 0.216871 -0.103993 0.321045
v 0.215464 -0.100310 0.324748
v 0.210812 -0.103443 0.320887
v 0.216020 -0.079840 0.320661
v 0.206031 -0.087104 0.320712
v 0.214349 -0.080542 0.331737
v 0.210694 -0.069274 0.343730
v 0.220905 -0.075348 0.345245
v 0.221599 -0.063118 0.349995
v 0.213102 -0.114079 0.323589
v 0.210812 -0.103443 0.320887
v 0.210293 -0.104975 0.313197
v 0.217108 -0.126940 0.329101
v 0.206982 -0.121345 0.330200
v 0.216871 -0.103993 0.321045
v 0.206866 -0.081548 0.244921
v 0.213806 -0.084075 0.253051
v 0.210923 -0.080341 0.253816
v 0.217913 -0.085056 0.243350
v 0.215630 -0.086068 0.270939
v 0.210051 -0.081812 0.269245
v 0.219394 -0.080419 0.258551
v 0.209063 -0.113516 -0.305568
v 0.211441 -0.127829 -0.314627
v 0.204150 -0.124112 -0.303710
v 0.214225 -0.108559 -0.296579
v 0.213496 -0.103621 -0.308057
v 0.218464 -0.118114 -0.307336
v 0.220839 -0.142341 -0.319970
v 0.219210 -0.084151 0.335260
v 0.208054 -0.086896 0.343285
v 0.214349 -0.080542 0.331737
v 0.210694 -0.069274 0.343730
v 0.219480 -0.089176 0.350833
v 0.206984 -0.068024 -0.280355
v 0.212933 -0.071518 -0.278117
v 0.212006 -0.061845 -0.269167
v 0.218787 -0.060564 -0.267472
v 0.208307 -0.058460 -0.255894
v 0.220702 -0.055868 -0.248308
v 0.212704 -0.038056 -0.287908
v 0.211964 -0.053044 -0.286023
v 0.207509 -0.044354 -0.282374
v 0.220507 -0.042523 -0.286320
v 0.216238 -0.063803 -0.295883
v 0.221799 -0.030992 -0.290986
v 0.213496 -0.060744 0.270761
v 0.206246 -0.067479 0.280481
v 0.215169 -0.064200 0.278473
v 0.213496 -0.060744 0.270761
v 0.213584 -0.071078 0.278077
v 0.206246 -0.067479 0.280481
v 0.206935 -0.045403 0.264461
v 0.210134 -0.057242 0.257571
v 0.218426 -0.060671 0.264975
v 0.220027 -0.056082 0.248660
v 0.217975 -0.048531 0.259934
v 0.216139 -0.090072 0.318199
v 0.210812 -0.103443 0.320887
v 0.215464 -0.100310 0.324748
v 0.203791 -0.102694 0.340638
v 0.220408 -0.103594 0.348079
v 0.214147 -0.104246 0.339017
v 0.219610 -0.103213 0.332223
v 0.213601 -0.068295 0.308924
v 0.215956 -0.064888 0.318205
v 0.212543 -0.060274 0.322432
v 0.210057 -0.054562 0.333358
v 0.220579 -0.049891 0.335864
v 0.212523 -0.103900 0.258431
v 0.212700 -0.095707 0.270093
v 0.207791 -0.102329 0.267816
v 0.218337 -0.103534 0.261882
v 0.210868 -0.105978 0.249675
v 0.216489 -0.112651 0.248094
v 0.215808 -0.099326 0.274009
v 0.213113 -0.100988 0.271816
v 0.215790 -0.102089 0.259958
v 0.207791 -0.102329 0.267816
v 0.212700 -0.095707 0.270093
v 0.212669 -0.093154 -0.275034
v 0.212854 -0.105760 -0.272542
v 0.215181 -0.106837 -0.270536
v 0.210314 -0.114531 -0.256054
v 0.220030 -0.127639 -0.257017
v 0.218385 -0.113475 -0.267216
v 0.210807 -0.109534 -0.266241
v 0.213829 -0.111672 -0.269357
v 0.218385 -0.113475 -0.267216
v 0.215181 -0.106837 -0.270536
v 0.210710 -0.067469 -0.313652
v 0.214893 -0.068272 -0.309252
v 0.219695 -0.058569 -0.324039
v 0.213386 -0.055107 -0.329071
v 0.221416 -0.043115 -0.335931
v 0.206988 -0.046088 -0.328666
v 0.219280 -0.113349 0.266732
v 0.214235 -0.101467 0.280607
v 0.213113 -0.100988 0.271816
v 0.214145 -0.115283 0.265606
v 0.220487 -0.126632 0.258321
v -0.214169 -0.165610 0.297174
v -0.204166 -0.160181 0.335218
v -0.219152 -0.155358 0.326335
v -0.212557 -0.139926 0.355434
v -0.196935 -0.138440 0.361420
v -0.211741 -0.112249 0.370595
v -0.192641 -0.109674 0.376339
v -0.212170 -0.088391 0.374053
v -0.209670 -0.073006 0.383408
v -0.181611 -0.168923 0.318344
v -0.177168 -0.155015 0.346186
v -0.174455 -0.131856 0.365878
v -0.166367 -0.107530 0.377640
v -0.156870 -0.155473 0.336968
v -0.154287 -0.118256 0.365152
v -0.152956 -0.161923 0.302147
v -0.162849 -0.167073 0.279084
v -0.148583 -0.098595 0.367368
v -0.216602 -0.155883 0.259796
v -0.196602 -0.167272 0.270940
v -0.214169 -0.165610 0.297174
v -0.217933 -0.129017 0.238525
v -0.196193 -0.154711 0.247656
v -0.210021 -0.112391 0.220560
v -0.187309 -0.132991 0.227542
v -0.181611 -0.168923 0.318344
v -0.198457 -0.099651 0.212221
v -0.184432 -0.103453 0.209160
v -0.164878 -0.102834 0.212248
v -0.162849 -0.167073 0.279084
v -0.161372 -0.143527 0.238921
v -0.152044 -0.148867 0.258514
v -0.204782 -0.143894 -0.356004
v -0.212220 -0.158126 -0.332938
v -0.218912 -0.132939 -0.352696
v -0.213677 -0.115199 -0.368970
v -0.203068 -0.097489 -0.378946
v -0.191168 -0.115892 -0.375036
v -0.208932 -0.166763 -0.309648
v -0.177764 -0.165154 -0.328758
v -0.182027 -0.134670 -0.365631
v -0.182675 -0.171177 -0.288075
v -0.205918 -0.168128 -0.282172
v -0.174630 -0.152488 -0.349282
v -0.164424 -0.095473 -0.381228
v -0.160146 -0.119538 -0.370392
v -0.153977 -0.161724 -0.313013
v -0.153472 -0.161506 -0.278387
v -0.155404 -0.154786 -0.336486
v -0.153987 -0.139620 -0.352226
v -0.152215 -0.103437 -0.369406
v -0.142335 -0.089721 -0.372087
v -0.197127 -0.156646 -0.249811
v -0.204288 -0.133550 -0.228632
v -0.217615 -0.145730 -0.252211
v -0.205918 -0.168128 -0.282172
v -0.182675 -0.171177 -0.288075
v -0.184389 -0.122723 -0.220355
v -0.212823 -0.106035 -0.222719
v -0.202703 -0.091858 -0.210368
v -0.186502 -0.105571 -0.212478
v -0.172814 -0.143740 -0.234572
v -0.164833 -0.163317 -0.262025
v -0.167959 -0.106226 -0.213625
v -0.156295 -0.115381 -0.224720
v -0.153472 -0.161506 -0.278387
v -0.151342 -0.095806 -0.213124
v -0.158209 -0.096881 -0.211980
v -0.152540 -0.148374 -0.250525
v -0.155557 -0.090028 -0.210428
v -0.154518 -0.089251 -0.210600
v -0.150418 -0.091427 -0.211086
v -0.144566 -0.093355 -0.218864
v -0.147533 -0.091361 -0.210083
v -0.151886 -0.090914 -0.209953
v -0.144516 -0.092772 -0.211041
v -0.169338 0.016079 -0.454921
v -0.167708 0.051026 -0.454997
v -0.147302 0.040365 -0.466969
v -0.135883 0.010437 -0.470866
v -0.156187 -0.021174 -0.471111
v -0.173122 -0.042305 -0.459936
v -0.149695 -0.060272 -0.475361
v -0.117698 -0.047121 -0.488666
v -0.140312 0.073978 -0.458643
v -0.120069 -0.008000 -0.476038
v -0.109882 0.053484 -0.476818
v -0.112881 0.028816 -0.473522
v -0.121010 -0.076604 -0.481761
v -0.103899 -0.017591 -0.489362
v -0.090623 0.085144 -0.467878
v -0.083669 0.006422 -0.479973
v -0.093884 -0.032804 -0.494053
v -0.086916 0.040972 -0.479049
v -0.085746 -0.072363 -0.490802
v -0.073782 -0.010165 -0.478386
v -0.074067 0.028452 -0.477049
v -0.071991 -0.055362 -0.496415
v -0.045810 0.072739 -0.480975
v -0.062130 0.041283 -0.476993
v -0.051805 -0.015715 -0.494865
v -0.033384 0.047228 -0.488172
v -0.039266 -0.028295 -0.499742
v -0.044214 -0.073432 -0.496102
v -0.035261 0.092395 -0.473908
v -0.025051 0.018935 -0.483590
v -0.033958 -0.053165 -0.499370
v -0.035806 -0.000535 -0.484832
v -0.034582 -0.010336 -0.483079
v -0.012508 0.041227 -0.481420
v -0.009419 -0.015514 -0.496574
v 0.010565 0.079204 -0.479058
v -0.004928 0.063145 -0.488690
v 0.014416 -0.032811 -0.500699
v -0.004084 -0.008807 -0.483959
v -0.002722 -0.070793 -0.497941
v 0.022590 0.006923 -0.485386
v 0.019146 -0.012676 -0.491315
v 0.028187 0.046542 -0.488148
v 0.027532 -0.058015 -0.499306
v 0.023850 0.038974 -0.480445
v 0.026872 0.091632 -0.474907
v 0.047197 -0.010298 -0.482630
v 0.049414 0.067370 -0.482952
v 0.044062 -0.018795 -0.498081
v 0.059764 -0.072568 -0.493277
v 0.071781 0.004470 -0.482327
v 0.049890 0.030410 -0.479317
v 0.081071 -0.035859 -0.495421
v 0.073593 0.017697 -0.478872
v 0.070810 0.038571 -0.477369
v 0.076204 0.092129 -0.464212
v 0.086863 -0.015356 -0.489329
v 0.086072 0.043391 -0.481039
v 0.110420 0.077991 -0.465700
v 0.105029 -0.009547 -0.474733
v 0.113488 0.049160 -0.476188
v 0.115276 0.005989 -0.473983
v 0.118126 0.029052 -0.472059
v 0.109412 -0.063177 -0.488007
v 0.130509 -0.037786 -0.485591
v 0.125256 -0.020459 -0.486935
v 0.130151 0.091154 -0.447775
v 0.141621 0.064957 -0.464469
v 0.133794 -0.011026 -0.476119
v 0.134070 -0.076374 -0.476119
v 0.150433 0.076307 -0.449090
v 0.148811 0.039621 -0.465884
v 0.148348 0.007438 -0.466253
v 0.153933 -0.051236 -0.473674
v 0.157030 -0.025858 -0.473901
v 0.163170 -0.010142 -0.461030
v 0.175153 0.028500 -0.449724
v 0.168851 0.070677 -0.445287
v 0.170749 0.055174 -0.451195
v 0.166140 -0.075694 -0.459650
v 0.170602 -0.048675 -0.462503
v 0.173955 -0.029743 -0.460698
v 0.184100 0.009178 -0.440076
v 0.183618 -0.020291 -0.441482
v 0.163170 -0.010142 -0.461030
v 0.183618 -0.020291 -0.441482
v 0.173955 -0.029743 -0.460698
v 0.146989 -0.096753 -0.456048
v 0.161123 -0.099010 -0.444076
v 0.131885 -0.100113 -0.457005
v 0.159465 -0.090495 -0.457851
v 0.141992 -0.086799 -0.465778
v 0.134070 -0.076374 -0.476119
v 0.166140 -0.075694 -0.459650
v 0.181126 -0.086353 -0.440952
v 0.185889 -0.101558 -0.421136
v 0.170749 0.055174 -0.451195
v 0.168851 0.070677 -0.445287
v 0.180435 0.067320 -0.426908
v 0.185853 0.043834 -0.434846
v 0.188814 0.055637 -0.413377
v 0.166140 -0.075694 -0.459650
v 0.170602 -0.048675 -0.462503
v 0.181126 -0.086353 -0.440952
v 0.173955 -0.029743 -0.460698
v 0.186265 -0.049188 -0.441715
v 0.185853 0.043834 -0.434846
v 0.175153 0.028500 -0.449724
v 0.170749 0.055174 -0.451195
v 0.183618 -0.020291 -0.441482
v 0.184100 0.009178 -0.440076
v 0.194120 -0.088337 -0.420431
v 0.185889 -0.101558 -0.421136
v 0.195426 0.015088 -0.416186
v 0.188814 0.055637 -0.413377
v 0.202393 -0.033972 -0.408685
v 0.195800 -0.101679 -0.397624
v 0.208528 -0.074050 -0.395615
v 0.192909 -0.098279 -0.380705
v 0.209563 -0.083570 -0.386300
v 0.203625 -0.082230 -0.379443
v 0.213567 -0.003752 -0.373991
v 0.214071 -0.047358 -0.386364
v 0.215094 -0.051860 -0.379449
v 0.219339 -0.024270 -0.362035
v 0.221469 -0.001259 -0.331321
v -0.153790 0.086770 -0.428576
v -0.122959 0.096236 -0.434874
v -0.140312 0.073978 -0.458643
v -0.127784 0.115034 -0.375463
v -0.086363 0.110409 -0.407456
v -0.103062 0.135917 -0.345305
v -0.131655 0.131559 -0.322258
v -0.090623 0.085144 -0.467878
v -0.080654 0.095410 -0.449334
v -0.099326 0.148031 -0.340541
v -0.068446 0.138332 -0.354717
v -0.060266 0.147673 -0.352582
v -0.035041 0.121678 -0.390202
v -0.035261 0.092395 -0.473908
v -0.046814 0.095139 -0.457056
v -0.030790 0.137967 -0.365782
v -0.014135 0.095889 -0.456988
v 0.017475 0.132101 -0.368420
v 0.029102 0.114261 -0.410899
v 0.026872 0.091632 -0.474907
v 0.033838 0.096685 -0.452434
v 0.076204 0.092129 -0.464212
v 0.094830 0.123415 -0.369932
v 0.071453 0.106331 -0.422911
v 0.067618 0.135689 -0.354494
v 0.104669 0.099334 -0.428032
v 0.107352 0.133215 -0.339415
v 0.128720 0.105188 -0.402238
v 0.130151 0.091154 -0.447775
v 0.126261 0.122388 -0.359098
v 0.120925 0.134368 -0.330186
v 0.129732 0.131846 -0.331617
v 0.123298 0.146350 -0.303156
v 0.154383 0.090873 -0.405376
v 0.143108 0.105617 -0.373029
v 0.150433 0.076307 -0.449090
v 0.160726 0.082578 -0.431143
v 0.172433 0.080511 -0.410260
v 0.168851 0.070677 -0.445287
v 0.128720 0.105188 -0.402238
v 0.126261 0.122388 -0.359098
v 0.143108 0.105617 -0.373029
v 0.129732 0.131846 -0.331617
v 0.149273 -0.098352 0.375300
v 0.142128 -0.098219 0.383091
v 0.135288 -0.100225 0.379324
v 0.158151 -0.088060 0.382901
v 0.164333 -0.103336 0.379286
v 0.154186 -0.140219 0.351102
v 0.164046 -0.147578 0.351421
v 0.159901 -0.113627 0.370027
v 0.156302 -0.159300 0.327670
v 0.164540 -0.159267 0.337180
v 0.174564 -0.134972 0.363588
v 0.163734 -0.102815 0.384029
v 0.170110 -0.171348 0.304907
v 0.157204 -0.167301 0.297760
v 0.186396 -0.167480 0.323929
v 0.183451 -0.155062 0.346159
v 0.186315 -0.116982 0.373596
v 0.188689 -0.106785 0.379939
v 0.201757 -0.170035 0.304815
v 0.205942 -0.137085 0.359818
v 0.200564 -0.101819 0.377800
v 0.207034 -0.157541 0.338042
v 0.208742 -0.118567 0.369532
v 0.202315 -0.065425 0.376960
v 0.203912 -0.088136 0.377789
v 0.211114 -0.067203 0.371841
v 0.213870 -0.094450 0.372686
v 0.218421 -0.116605 0.364151
v 0.217693 -0.145405 0.344689
v 0.218448 -0.158433 0.323970
v 0.218896 -0.162568 0.293558
v 0.150520 -0.094062 0.210903
v 0.139551 -0.099360 0.208086
v 0.152354 -0.084532 0.208629
v 0.167309 -0.102394 0.213169
v 0.152688 -0.101610 0.220119
v 0.152939 -0.140945 0.246470
v 0.158102 -0.123107 0.225324
v 0.166160 -0.140345 0.232584
v 0.166369 -0.099668 0.205790
v 0.158895 -0.155901 0.254583
v 0.169467 -0.169963 0.280833
v 0.157204 -0.167301 0.297760
v 0.154376 -0.159725 0.273476
v 0.176348 -0.123174 0.220661
v 0.170110 -0.171348 0.304907
v 0.184273 -0.147157 0.236540
v 0.181341 -0.161664 0.255445
v 0.190236 -0.108174 0.214930
v 0.191449 -0.102795 0.207123
v 0.202082 -0.166740 0.271902
v 0.201757 -0.170035 0.304815
v 0.203065 -0.122951 0.222228
v 0.206269 -0.148504 0.240723
v 0.201929 -0.091540 0.212086
v 0.215689 -0.131815 0.233154
v 0.218160 -0.105149 0.225157
v 0.218896 -0.162568 0.293558
v 0.217282 -0.155647 0.260551
vn -0.7919 -0.5519 0.2613
vn -0.7875 0.2583 0.5595
vn -0.9619 0.2293 -0.1492
vn 0.1781 -0.3980 -0.8999
vn -0.8182 -0.3534 0.4535
vn -0.3847 0.4800 0.7884
vn -0.9389 -0.0821 -0.3343
vn -0.6174 -0.3081 0.7238
vn -0.7909 0.5029 0.3487
vn -0.9948 0.0992 0.0247
vn -0.6494 0.6434 0.4053
vn -0.7443 0.6657 0.0531
vn 0.6437 0.6717 0.3668
vn -0.6174 -0.3082 0.7238
vn 0.8330 0.3657 0.4152
vn 0.8330 0.3657 0.4151
vn -0.6173 -0.3083 0.7238
vn -0.7908 0.5029 0.3488
vn -0.4338 0.8703 0.2334
vn -0.9619 0.2292 -0.1493
vn 0.3212 0.6012 -0.7317
vn -0.0962 0.9146 0.3927
vn -0.3848 0.4800 0.7884
vn 0.7867 0.5448 0.2904
vn 0.7614 0.2788 -0.5853
vn -0.6495 0.6433 0.4054
vn 0.6437 0.6717 0.3667
vn 0.6937 0.5644 0.4474
vn 0.4137 0.2874 -0.8638
vn 0.8150 0.4448 -0.3713
vn -0.5132 0.8485 -0.1293
vn -0.7444 0.6657 0.0532
vn -0.4641 0.8851 -0.0345
vn -0.5653 0.8237 0.0452
vn 0.0813 0.9952 0.0548
vn -0.2820 0.9568 0.0703
vn -0.3532 0.9338 0.0572
vn -0.3893 0.9209 0.0182
vn -0.7444 0.6656 0.0531
vn 0.1548 0.9826 0.1026
vn -0.7193 0.6853 0.1136
vn -0.6749 0.7378 0.0055
vn -0.3253 0.9456 0.0060
vn -0.6898 0.4879 0.5349
vn -0.4944 0.7434 0.4505
vn -0.6743 0.4691 0.5703
vn -0.4292 0.8245 0.3687
vn -0.3030 0.9523 0.0370
vn -0.5931 0.4136 0.6908
vn -0.9444 0.0015 0.3288
vn -0.8908 0.4535 0.0280
vn -0.9867 -0.0304 0.1596
vn -0.8853 0.1512 0.4398
vn -0.9477 0.1455 -0.2841
vn -0.9262 -0.3340 -0.1751
vn -0.7252 -0.3075 -0.6161
vn -0.9891 0.1403 0.0448
vn -0.7918 -0.6073 0.0644
vn -0.7918 -0.6074 0.0644
vn -0.1895 0.5742 -0.7965
vn -0.4582 -0.5783 0.6750
vn -0.9945 -0.1032 -0.0187
vn -0.9617 -0.1060 -0.2527
vn -0.9756 0.2171 -0.0337
vn -0.9756 0.2144 0.0467
vn -0.6565 0.4510 -0.6047
vn -0.9864 0.1629 0.0234
vn -0.7365 0.2091 0.6433
vn -0.7649 -0.3708 -0.5268
vn -0.9995 0.0311 0.0070
vn -0.8617 0.3426 0.3742
vn -0.9249 -0.3778 0.0431
vn -0.6707 0.5608 -0.4855
vn -0.9135 0.3064 0.2676
vn -0.9955 0.0022 0.0949
vn -0.9006 -0.2836 -0.3294
vn -0.7898 0.1057 -0.6042
vn -0.9802 -0.0933 0.1744
vn -0.7052 0.5395 -0.4601
vn -0.7920 0.4069 0.4552
vn -0.7281 -0.6777 0.1029
vn -0.9300 0.3484 -0.1172
vn -0.8435 -0.4911 0.2175
vn -0.8715 0.4561 0.1800
vn -0.9066 0.4173 -0.0627
vn -0.9999 -0.0032 0.0109
vn -0.3636 0.4122 -0.8354
vn -0.8731 -0.4817 -0.0752
vn -0.9618 -0.1099 0.2506
vn -0.9607 -0.2696 -0.0660
vn -0.4441 -0.8954 0.0334
vn -0.9203 0.3910 -0.0157
vn -0.9899 0.1413 0.0140
vn -0.7466 0.6613 0.0729
vn -0.6909 -0.5157 -0.5067
vn -0.0806 0.5572 0.8264
vn -0.5175 0.8517 -0.0821
vn -0.7340 0.5143 0.4435
vn -0.9147 -0.0636 0.3990
vn -0.9443 0.2784 -0.1755
vn -0.7340 0.5143 0.4436
vn -0.6210 -0.6745 -0.3992
vn -0.5119 -0.1453 0.8466
vn -0.9912 -0.0512 0.1217
vn 0.5801 0.6487 0.4926
vn -0.9822 -0.1723 -0.0746
vn -0.8401 0.2448 -0.4841
vn -0.8345 -0.0247 -0.5504
vn -0.6801 -0.2656 0.6833
vn -0.8944 0.0801 0.4401
vn -0.9996 0.0246 -0.0105
vn -0.8558 -0.2379 -0.4594
vn -0.9538 -0.1994 -0.2246
vn -0.9734 0.1168 0.1969
vn -0.9438 0.2550 0.2103
vn -0.9214 -0.2258 -0.3162
vn -0.9990 -0.0078 0.0429
vn -0.7598 -0.1664 -0.6284
vn -0.9448 0.3275 0.0107
vn -0.8023 -0.5155 -0.3011
vn -0.7842 -0.4820 0.3908
vn -0.9585 0.2031 -0.2001
vn -0.9589 0.2782 0.0557
vn -0.8859 0.3494 0.3052
vn -0.9098 -0.4143 0.0236
vn -0.9959 0.0793 -0.0428
vn -0.9410 -0.3054 0.1456
vn -0.9675 0.2094 0.1414
vn -0.7618 -0.6459 -0.0498
vn -0.9435 0.3130 -0.1093
vn -0.9500 -0.3001 -0.0861
vn -0.9039 0.3876 -0.1807
vn -0.8352 -0.4830 0.2630
vn -0.8546 0.5110 -0.0924
vn -0.9970 0.0754 -0.0149
vn -0.9612 0.2060 -0.1837
vn -0.6141 -0.6786 0.4030
vn -0.8830 -0.4159 0.2175
vn -0.9875 0.0826 0.1342
vn -0.8915 0.2529 -0.3759
vn -0.8534 0.0008 -0.5213
vn -0.5628 -0.3318 -0.7571
vn -0.9802 -0.0933 0.1745
vn -0.5160 -0.3037 0.8009
vn -0.9998 -0.0021 0.0220
vn -0.8542 -0.2773 0.4397
vn -0.9622 0.2582 0.0865
vn -0.5865 0.5278 -0.6144
vn -0.9864 0.1630 0.0234
vn -0.2406 -0.3766 0.8946
vn -0.9814 -0.1822 0.0611
vn -0.7493 -0.4280 0.5053
vn -0.9561 0.1213 -0.2667
vn -0.6543 0.7165 0.2418
vn -0.0973 -0.9025 -0.4196
vn -0.7599 -0.1665 -0.6284
vn 0.0942 0.8181 -0.5674
vn -0.9936 -0.0908 0.0679
vn -0.9538 -0.1995 -0.2246
vn -0.1113 -0.0143 -0.9937
vn -0.3598 -0.9234 -0.1335
vn -0.9770 -0.0151 -0.2125
vn -0.9574 -0.2016 0.2069
vn -0.9574 -0.2016 0.2068
vn -0.9611 0.2060 -0.1837
vn -0.9306 0.0651 -0.3603
vn -0.8746 -0.3302 0.3549
vn -0.4657 0.6488 0.6018
vn -0.9749 0.1733 -0.1396
vn -0.4879 -0.3802 -0.7857
vn -0.9874 0.0972 -0.1250
vn -0.8538 -0.2368 0.4636
vn -0.9886 0.0323 -0.1472
vn -0.9127 -0.2093 -0.3510
vn -0.8994 0.1983 0.3896
vn -0.8683 0.3934 0.3021
vn -0.9930 0.1131 0.0348
vn -0.9615 0.2137 0.1729
vn -0.4191 -0.8781 0.2308
vn 0.3594 -0.4864 -0.7964
vn -0.4657 -0.7809 -0.4163
vn -0.7636 0.5371 -0.3583
vn -0.6748 -0.0280 0.7375
vn -0.5151 -0.5723 0.6381
vn -0.8434 -0.4912 0.2176
vn -0.9786 0.1739 -0.1096
vn 0.2086 0.3890 -0.8973
vn -0.9990 0.0451 0.0005
vn -0.9967 0.0793 0.0159
vn -0.9985 -0.0384 0.0387
vn -0.9794 0.2019 0.0013
vn -0.9583 -0.2855 -0.0095
vn -0.9987 0.0511 -0.0027
vn -0.9116 0.4081 0.0494
vn -0.8074 0.5899 -0.0092
vn -0.9946 -0.1036 -0.0038
vn -0.9881 -0.1529 -0.0188
vn -0.9857 0.1666 -0.0238
vn -0.9959 0.0486 0.0758
vn -0.9943 0.0875 0.0615
vn -0.9400 0.3320 0.0787
vn -0.7984 0.5923 0.1085
vn -0.9069 0.4147 -0.0747
vn -0.6747 -0.0281 0.7375
vn -0.9796 0.1426 0.1419
vn -0.9772 -0.1593 0.1401
vn -0.9300 0.3485 -0.1172
vn -0.9853 -0.0439 0.1650
vn -0.9356 0.2247 -0.2725
vn -0.9667 0.0930 -0.2384
vn -0.9955 -0.0952 -0.0036
vn -0.9973 0.0731 -0.0076
vn -0.9703 0.2414 -0.0170
vn -0.9889 -0.1430 -0.0410
vn -0.9988 0.0022 -0.0487
vn -0.9937 -0.0742 0.0842
vn -0.3214 -0.5488 0.7717
vn -0.4650 -0.6012 -0.6499
vn -0.9961 -0.0793 -0.0395
vn 0.0014 0.5860 0.8103
vn -0.9675 0.2095 0.1414
vn -0.9985 0.0553 0.0061
vn -0.5778 -0.7226 -0.3794
vn -0.9237 0.3453 -0.1659
vn -0.9434 0.3130 -0.1093
vn -0.9931 -0.0923 0.0729
vn -0.8498 0.4904 0.1932
vn -0.9932 0.0700 0.0929
vn -0.9763 0.2100 -0.0525
vn -0.9998 -0.0021 0.0221
vn 0.6935 0.7133 0.1011
vn -0.9763 0.2100 -0.0526
vn -0.9981 0.0512 -0.0350
vn -0.9669 -0.2282 -0.1145
vn -0.9756 0.2144 0.0466
vn -0.9356 0.2248 -0.2724
vn -0.0805 0.5573 0.8264
vn -0.7899 0.1261 -0.6001
vn -0.8869 0.4313 -0.1654
vn -0.7606 -0.6458 0.0659
vn -0.9963 -0.0837 -0.0189
vn -0.8902 0.4493 -0.0747
vn -0.9930 -0.1183 -0.0017
vn -0.9878 0.1454 -0.0563
vn -0.9981 0.0608 -0.0105
vn -0.9730 0.1697 0.1563
vn -0.9881 -0.1279 -0.0854
vn -0.9025 -0.0271 -0.4299
vn -0.9439 0.1987 0.2639
vn -0.9941 -0.0805 -0.0725
vn -0.9968 -0.0188 0.0775
vn -0.9692 -0.1389 -0.2033
vn -0.9793 0.1769 -0.0988
vn -0.9662 -0.1860 -0.1787
vn 0.0444 -0.0883 -0.9951
vn -0.9961 0.0871 0.0152
vn -0.9997 -0.0009 -0.0236
vn -0.9955 0.0787 0.0528
vn -0.4199 -0.5992 0.6817
vn -0.7839 -0.5196 -0.3398
vn -0.9991 -0.0426 0.0001
vn -0.2955 0.7833 -0.5470
vn -0.9967 -0.0574 -0.0572
vn -0.9749 -0.1930 0.1106
vn -0.9995 -0.0259 -0.0185
vn -0.9069 0.4147 -0.0748
vn -0.9328 0.1858 -0.3089
vn 0.9098 0.1652 0.3807
vn -0.9223 -0.3206 0.2157
vn -0.9939 -0.1098 -0.0136
vn -0.6686 -0.7427 0.0379
vn -0.7474 -0.6643 -0.0096
vn -0.9639 0.2650 -0.0240
vn -0.7723 -0.4974 -0.3953
vn -0.9935 -0.0909 0.0679
vn -0.9729 0.2288 0.0326
vn -0.9846 0.1691 -0.0435
vn -0.9828 -0.0806 -0.1659
vn -0.8867 -0.2334 -0.3990
vn 0.4799 -0.8464 0.2308
vn -0.9990 -0.0265 -0.0371
vn -0.9993 0.0323 -0.0199
vn -0.9478 0.3172 0.0332
vn -0.9587 0.2831 0.0275
vn -0.9999 0.0132 -0.0028
vn -0.9948 0.0991 0.0247
vn -0.8297 -0.5581 -0.0079
vn -0.9980 -0.0619 -0.0155
vn -0.7305 -0.6829 0.0049
vn -0.9925 -0.1210 0.0164
vn 0.2591 0.6304 -0.7317
vn -0.9135 0.3064 0.2677
vn -0.4710 0.4175 0.7771
vn -0.8704 0.4299 0.2400
vn -0.9692 -0.1388 -0.2033
vn -0.9900 0.0103 0.1407
vn -0.9872 -0.1483 0.0589
vn -0.9991 0.0425 -0.0034
vn -0.9002 0.4353 0.0099
vn -0.9999 -0.0027 -0.0149
vn -0.9977 -0.0578 -0.0347
vn -0.9936 0.0187 0.1116
vn -0.6603 -0.7502 -0.0351
vn -0.9931 -0.0923 0.0730
vn -0.8858 -0.4641 0.0004
vn 0.5705 0.8027 -0.1739
vn -0.5011 -0.8614 -0.0826
vn -0.9530 0.2986 0.0519
vn -0.9999 0.0122 -0.0055
vn -0.2140 0.3686 -0.9046
vn -0.2564 0.2564 -0.9320
vn -0.8609 -0.4645 0.2075
vn -0.9988 0.0286 -0.0395
vn -0.9996 -0.0124 -0.0236
vn -0.9999 0.0122 -0.0054
vn -0.9946 -0.1035 -0.0037
vn -0.9074 0.4182 -0.0405
vn -0.9996 -0.0135 -0.0253
vn -0.9954 0.0874 0.0396
vn -0.9877 -0.1535 0.0283
vn -0.8689 0.4942 0.0293
vn -0.9376 0.3327 -0.1008
vn -0.9482 -0.2840 -0.1422
vn -0.9315 0.1835 0.3139
vn -0.0057 0.6127 0.7903
vn -0.9074 0.4183 -0.0404
vn -0.9990 -0.0265 -0.0352
vn -0.9983 0.0515 -0.0262
vn 0.0667 -0.6547 0.7529
vn -0.7534 -0.5018 0.4249
vn -0.9389 -0.0820 -0.3343
vn -0.8182 -0.3535 0.4535
vn -0.9843 0.1609 0.0727
vn -0.5058 -0.3157 -0.8028
vn -0.5552 -0.5288 -0.6420
vn -0.9258 -0.0686 0.3717
vn -0.5242 -0.4825 -0.7017
vn -0.7688 0.6369 0.0581
vn -0.9080 0.4189 -0.0004
vn -0.9954 0.0948 0.0106
vn -0.2505 -0.2119 -0.9446
vn -0.9622 0.2711 0.0275
vn -0.3785 -0.9052 0.1934
vn -0.8351 -0.4831 0.2630
vn -0.6326 -0.2472 0.7340
vn -0.9481 -0.3128 -0.0579
vn -0.1928 0.9762 -0.0992
vn -0.9622 0.2710 0.0276
vn -0.8733 0.4013 0.2761
vn -0.9481 -0.3127 -0.0579
vn -0.9795 0.1426 0.1420
vn -0.8530 -0.4980 0.1562
vn -0.6013 0.5685 -0.5614
vn -0.7289 0.6793 0.0852
vn -0.9258 -0.2836 0.2498
vn -0.8030 0.5902 0.0827
vn -0.5049 -0.5202 -0.6888
vn -0.8429 -0.2472 -0.4779
vn -0.9890 -0.1448 -0.0309
vn -0.7904 -0.5888 -0.1688
vn -0.8689 0.4941 0.0293
vn -0.8885 0.4541 -0.0655
vn -0.8558 0.0580 -0.5141
vn -0.5427 0.6760 -0.4984
vn -0.0950 -0.9906 0.0980
vn -0.7308 0.2265 0.6439
vn -0.6964 0.7134 0.0781
vn -0.9471 0.3208 0.0048
vn -0.5418 0.8207 0.1814
vn -0.1268 -0.8509 0.5098
vn -0.6877 0.7259 0.0082
vn -0.8479 -0.0726 -0.5252
vn -0.9301 0.3433 -0.1307
vn -0.9139 0.2126 -0.3458
vn -0.7020 0.7122 0.0079
vn -0.7444 0.6656 0.0532
vn -0.5726 0.5096 0.6422
vn -0.7193 0.6854 0.1136
vn -0.6494 0.6434 0.4054
vn -0.5684 -0.5137 -0.6427
vn -0.3886 0.8419 0.3745
vn -0.1249 -0.9520 -0.2794
vn -0.7263 -0.0315 -0.6866
vn -0.6517 0.0630 -0.7559
vn -0.6362 0.2175 -0.7402
vn -0.4972 0.1479 -0.8550
vn -0.5175 0.8517 -0.0822
vn -0.6565 0.4511 -0.6046
vn -0.6819 0.7180 0.1396
vn -0.3826 0.9113 0.1519
vn -0.9756 0.2145 0.0467
vn -0.3715 0.5848 0.7211
vn 0.9098 0.1651 0.3808
vn -0.4938 0.7523 0.4362
vn -0.1511 0.6226 -0.7678
vn -0.3493 0.8546 -0.3843
vn -0.6892 0.5838 -0.4291
vn -0.8293 0.5358 0.1588
vn -0.8459 0.5328 -0.0225
vn -0.4658 0.6487 0.6018
vn -0.8752 0.2788 0.3953
vn 0.1782 -0.3980 -0.8999
vn -0.9619 0.2292 -0.1492
vn 0.5685 -0.0389 -0.8217
vn 0.4138 0.2873 -0.8638
vn 0.8150 0.4449 -0.3713
vn -0.6182 -0.5194 0.5900
vn -0.6573 -0.7300 -0.1873
vn -0.6494 -0.4165 -0.6362
vn -0.9875 0.0825 0.1343
vn -0.4564 -0.6104 0.6474
vn -0.4074 -0.9130 -0.0202
vn 0.8603 -0.5069 -0.0541
vn -0.4908 -0.8278 0.2717
vn 0.1969 -0.0229 0.9801
vn -0.5363 -0.5497 0.6405
vn 0.5959 0.2594 0.7600
vn -0.2986 -0.5334 0.7914
vn 0.0440 -0.9399 -0.3387
vn 0.2553 0.7635 0.5932
vn -0.5363 -0.5496 0.6406
vn -0.1187 -0.9900 -0.0768
vn -0.4986 -0.6887 0.5265
vn -0.5163 -0.0696 0.8536
vn -0.9395 -0.0830 0.3325
vn -0.7701 -0.6180 0.1579
vn -0.7701 -0.6181 0.1579
vn -0.3484 0.3648 0.8634
vn -0.6721 0.4278 0.6044
vn -0.9991 -0.0427 -0.0000
vn 0.0013 0.5859 0.8103
vn -0.5163 -0.0695 0.8536
vn 0.8603 -0.5070 -0.0540
vn -0.2667 0.9199 0.2874
vn -0.1392 0.6264 0.7670
vn 0.5295 -0.1973 0.8250
vn -0.2759 0.1398 0.9510
vn -0.6658 0.4259 0.6127
vn -0.9537 0.0568 0.2953
vn -0.4222 -0.7966 -0.4327
vn -0.8720 0.2267 -0.4338
vn -0.9075 0.1998 0.3695
vn -0.9613 0.2339 -0.1454
vn -0.8980 0.4092 -0.1618
vn -0.6772 -0.5835 -0.4483
vn -0.8738 -0.4745 -0.1066
vn -0.9822 -0.1724 -0.0747
vn -0.5120 -0.1453 0.8466
vn -0.9443 0.2783 -0.1755
vn -0.9995 0.0310 0.0071
vn -0.3736 -0.3562 0.8565
vn -0.9822 -0.1723 -0.0745
vn -0.4744 -0.0409 0.8794
vn 0.2765 -0.6009 0.7500
vn -0.3197 -0.9475 -0.0045
vn -0.2152 0.7070 0.6737
vn -0.3703 -0.6987 0.6122
vn -0.5171 -0.4837 0.7061
vn -0.1979 -0.1473 0.9691
vn -0.7341 -0.6327 0.2468
vn -0.9321 -0.3621 -0.0106
vn 0.1958 -0.3453 0.9178
vn -0.3586 -0.6134 -0.7036
vn 0.2050 -0.5716 0.7945
vn -0.4056 -0.7930 0.4546
vn -0.7366 0.2091 0.6432
vn -0.9863 0.1630 0.0234
vn -0.4743 -0.0408 0.8794
vn -0.3734 0.2825 0.8836
vn 0.0637 0.4431 0.8942
vn 0.5510 0.5230 -0.6503
vn 0.0636 0.4431 0.8942
vn -0.8609 0.1299 -0.4919
vn 0.3382 0.1432 0.9301
vn 0.2051 -0.5716 0.7945
vn 0.7469 0.5652 0.3502
vn 0.4315 0.0533 0.9005
vn 0.8094 0.2875 0.5120
vn 0.9979 0.0339 -0.0556
vn 0.1900 -0.9799 -0.0609
vn -0.8558 -0.2380 -0.4593
vn -0.1368 -0.9805 -0.1408
vn -0.9996 0.0247 -0.0105
vn -0.6162 -0.1388 -0.7752
vn -0.9538 -0.1994 -0.2245
vn -0.9935 -0.0908 0.0680
vn -0.4220 -0.8325 -0.3591
vn 0.8641 -0.2425 0.4410
vn -0.3289 -0.1584 -0.9310
vn -0.5030 0.4561 -0.7341
vn -0.4649 -0.6012 -0.6499
vn -0.6280 0.1606 -0.7614
vn 0.0943 0.8181 -0.5673
vn -0.1897 0.2708 -0.9438
vn 0.3427 0.6311 -0.6959
vn -0.4074 -0.9130 -0.0203
vn 0.4698 -0.1497 -0.8700
vn -0.6771 -0.5835 -0.4483
vn 0.0296 -0.8764 0.4807
vn -0.9135 0.3063 0.2676
vn -0.9039 0.3876 -0.1808
vn -0.2362 0.9716 -0.0103
vn -0.5246 0.5724 -0.6301
vn -0.3512 0.9353 -0.0441
vn -0.5893 0.7745 -0.2300
vn -0.6721 0.4278 0.6043
vn -0.9135 0.3063 0.2677
vn -0.8704 0.4298 0.2401
vn -0.6281 0.1606 -0.7614
vn -0.6028 0.7979 -0.0003
vn -0.0257 0.8358 0.5484
vn -0.2339 0.9166 0.3241
vn 0.9531 -0.2070 0.2207
vn -0.2362 0.9717 -0.0103
vn -0.5803 0.7510 0.3150
vn -0.8153 0.5506 -0.1794
vn -0.4675 0.6317 -0.6184
vn -0.5755 0.3123 -0.7558
vn -0.8962 0.3288 0.2980
vn -0.1896 0.2707 -0.9438
vn -0.9137 0.4056 0.0252
vn -0.9075 0.1999 0.3694
vn 0.3133 -0.0181 0.9495
vn -0.3285 0.7644 -0.5548
vn -0.7146 -0.5903 0.3754
vn -0.6782 -0.7333 0.0474
vn -0.6255 -0.7796 -0.0313
vn 0.0077 0.2256 0.9742
vn 0.3219 0.7433 -0.5864
vn 0.9421 0.2676 0.2022
vn -0.1252 0.9902 0.0612
vn -0.9299 0.3485 -0.1172
vn -0.7052 0.5395 -0.4600
vn 0.8640 0.4852 0.1345
vn -0.3749 -0.5727 0.7290
vn -0.9853 -0.0440 0.1650
vn -0.7550 0.1584 -0.6363
vn -0.9772 -0.1594 0.1401
vn 0.2961 -0.1963 -0.9348
vn 0.2960 -0.1963 -0.9348
vn -0.7550 0.1585 -0.6363
vn 0.8639 0.4853 0.1345
vn -0.2243 -0.5584 -0.7987
vn -0.1896 0.5741 -0.7965
vn -0.9891 0.1404 0.0448
vn 0.8925 -0.2397 0.3820
vn 0.3391 -0.7455 -0.5739
vn -0.0058 0.6127 0.7903
vn -0.5854 -0.4000 -0.7052
vn -0.9945 -0.1033 -0.0187
vn -0.2905 -0.9290 -0.2291
vn -0.9617 -0.1060 -0.2528
vn -0.8731 -0.4817 -0.0751
vn -0.3178 -0.8523 -0.4154
vn -0.2183 -0.9214 0.3216
vn -0.4583 -0.5782 0.6750
vn 0.3994 -0.6698 -0.6260
vn -0.3636 0.4121 -0.8355
vn 0.3995 -0.6697 -0.6260
vn 0.4929 0.7419 0.4545
vn -0.5855 -0.4000 -0.7051
vn -0.6436 -0.7637 -0.0509
vn -0.7824 -0.5408 -0.3088
vn -0.9618 -0.1100 0.2508
vn 0.5047 -0.8163 0.2809
vn -0.4089 -0.5151 -0.7533
vn -0.7341 -0.6326 0.2469
vn -0.5031 0.4561 -0.7341
vn -0.7599 -0.1664 -0.6284
vn -0.9996 0.0248 -0.0105
vn -0.7598 -0.1664 -0.6285
vn 0.0741 0.8664 0.4938
vn -0.6074 0.7780 0.1602
vn 0.8891 -0.1111 0.4440
vn -0.8962 0.3289 0.2979
vn -0.7618 -0.6458 -0.0499
vn -0.9127 -0.2092 -0.3510
vn -0.5057 -0.3157 -0.8029
vn -0.5552 -0.5288 -0.6419
vn -0.2801 -0.4782 -0.8324
vn -0.9259 -0.2836 0.2497
vn -0.0557 -0.9907 -0.1241
vn -0.3300 -0.6781 0.6568
vn 0.0048 -0.8031 -0.5959
vn 0.0895 -0.0954 -0.9914
vn 0.5826 -0.0348 -0.8120
vn 0.3529 -0.7355 -0.5784
vn -0.0256 -0.9900 -0.1384
vn 0.0676 -0.5530 -0.8305
vn 0.6279 0.5264 -0.5733
vn 0.2495 -0.6718 0.6974
vn 0.2654 0.2382 -0.9342
vn 0.2013 -0.4347 -0.8778
vn -0.4245 -0.8765 -0.2270
vn 0.9486 0.0548 -0.3117
vn -0.5302 -0.5687 -0.6289
vn -0.5511 -0.7446 -0.3766
vn 0.6104 -0.7905 0.0504
vn -0.2351 -0.9059 -0.3521
vn -0.7421 -0.5305 -0.4096
vn -0.3111 -0.9281 0.2046
vn -0.5116 -0.8548 -0.0868
vn -0.4586 -0.8277 -0.3235
vn -0.7538 -0.6111 0.2416
vn -0.5435 -0.8384 0.0421
vn -0.0422 -0.9984 -0.0368
vn 0.0439 -0.9399 -0.3387
vn -0.9338 0.0083 0.3576
vn -0.1086 -0.5843 -0.8042
vn 0.2591 0.6303 -0.7318
vn -0.8530 -0.4979 0.1562
vn -0.2949 -0.3253 0.8985
vn -0.7493 -0.4280 0.5054
vn -0.9622 0.2581 0.0865
vn -0.7534 -0.5019 0.4249
vn -0.9932 0.0699 0.0929
vn -0.9872 -0.1483 0.0588
vn -0.9749 0.1733 -0.1395
vn -0.2840 -0.9571 0.0581
vn -0.9890 -0.1449 -0.0309
vn -0.1267 -0.8509 0.5098
vn 0.7134 0.0280 -0.7002
vn -0.9913 -0.0511 0.1216
vn -0.9963 -0.0837 -0.0190
vn -0.2406 -0.3767 0.8946
vn 0.7085 0.1047 0.6979
vn -0.4659 0.6487 0.6018
vn 0.8474 -0.4576 -0.2694
vn -0.9661 -0.1861 -0.1788
vn 0.7084 0.1047 0.6980
vn -0.0702 -0.7911 -0.6076
vn -0.3715 0.5847 0.7211
vn -0.9991 -0.0079 0.0429
vn -0.2667 0.6397 0.7209
vn -0.9585 0.2031 -0.2002
vn -0.5892 0.7745 -0.2301
vn -0.7839 -0.5197 -0.3398
vn -0.0223 -0.9589 0.2827
vn -0.2666 0.6398 0.7208
vn -0.0553 -0.3521 -0.9343
vn -0.9961 -0.0794 -0.0395
vn -0.9961 -0.0793 -0.0394
vn -0.6074 0.7781 0.1602
vn -0.0553 -0.3522 -0.9343
vn 0.1014 -0.6174 0.7800
vn -0.0554 -0.3521 -0.9343
vn -0.4674 0.6318 -0.6184
vn 0.1015 -0.6175 0.7800
vn 0.8603 -0.5069 -0.0540
vn -0.9098 -0.4144 0.0237
vn -0.9410 -0.3054 0.1455
vn -0.3512 0.9353 -0.0440
vn -0.9985 0.0553 0.0062
vn 0.6197 -0.0408 0.7838
vn 0.5890 -0.8079 0.0182
vn -0.9875 0.0826 0.1343
vn -0.0450 0.9330 0.3570
vn -0.9995 -0.0258 -0.0186
vn 0.1969 -0.0228 0.9802
vn 0.2590 0.6304 -0.7318
vn 0.8302 -0.5405 0.1362
vn -0.2505 -0.2118 -0.9447
vn -0.9995 -0.0259 -0.0186
vn -0.9998 -0.0020 0.0220
vn -0.9477 0.1455 -0.2842
vn 0.6936 0.7132 0.1013
vn -0.9261 -0.3341 -0.1751
vn -0.2818 -0.4709 -0.8359
vn -0.4163 -0.0854 -0.9052
vn -0.4162 -0.0855 -0.9052
vn -0.8677 0.2898 -0.4039
vn -0.8789 -0.0068 -0.4770
vn -0.7252 -0.3075 -0.6160
vn -0.9570 0.1803 -0.2272
vn -0.9592 -0.0212 -0.2821
vn -0.4937 0.7523 0.4362
vn 0.5104 -0.6993 0.5005
vn 0.5796 -0.7693 -0.2689
vn 0.5796 -0.7693 -0.2688
vn -0.3338 -0.7808 -0.5281
vn -0.0556 -0.9964 -0.0644
vn 0.9854 -0.1604 0.0565
vn -0.0555 -0.9964 -0.0644
vn -0.8533 0.0007 -0.5213
vn -0.8914 0.2529 -0.3760
vn -0.9829 -0.0806 -0.1658
vn -0.7636 0.5372 -0.3584
vn -0.8546 0.5110 -0.0923
vn -0.7984 0.5923 0.1084
vn 0.3391 -0.7454 -0.5739
vn -0.9262 -0.3340 -0.1750
vn 0.8925 -0.2398 0.3821
vn -0.8747 -0.3302 0.3549
vn -0.2818 -0.4710 -0.8359
vn -0.3748 -0.5728 0.7290
vn 0.5795 -0.6428 0.5010
vn 0.4794 -0.4576 -0.7489
vn -0.3389 -0.7812 -0.5243
vn 0.5795 -0.6427 0.5011
vn -0.3390 -0.7812 -0.5243
vn -0.0701 -0.7911 -0.6076
vn -0.9585 0.2032 -0.2001
vn -0.5246 0.5724 -0.6302
vn -0.0223 -0.9590 0.2827
vn 0.0812 -0.9774 -0.1953
vn -0.0554 -0.3522 -0.9343
vn -0.6075 0.7780 0.1602
vn 0.0813 -0.9774 -0.1952
vn -0.6494 -0.4164 -0.6362
vn 0.2471 0.3374 0.9083
vn -0.6182 -0.5193 0.5900
vn -0.1187 -0.9899 -0.0769
vn -0.2139 0.3686 -0.9046
vn -0.0016 0.9381 0.3464
vn -0.7669 0.0500 0.6398
vn -0.7282 -0.6777 0.1028
vn -0.3749 -0.5726 0.7291
vn -0.4582 -0.5782 0.6750
vn -0.8543 -0.2773 0.4397
vn 0.4929 0.7419 0.4546
vn -0.0057 0.6126 0.7903
vn -0.3343 0.9401 -0.0664
vn -0.7669 0.0499 0.6398
vn -0.7383 0.6573 0.1515
vn -0.7383 0.6572 0.1516
vn -0.2151 0.7070 0.6737
vn 0.7403 0.4298 -0.5170
vn -0.9963 -0.0836 -0.0189
vn -0.4743 -0.0407 0.8794
vn 0.7134 0.0281 -0.7002
vn 0.8891 -0.1110 0.4440
vn -0.6074 0.7781 0.1601
vn -0.0973 -0.9025 -0.4197
vn -0.9961 -0.0792 -0.0395
vn -0.0222 -0.9590 0.2827
vn -0.7840 -0.5196 -0.3398
vn -0.4199 -0.5991 0.6817
vn -0.6716 -0.2734 0.6887
vn 0.0742 0.8663 0.4939
vn -0.0973 -0.9024 -0.4197
vn 0.1014 -0.6175 0.7800
vn -0.6716 -0.2734 0.6886
vn -0.8962 0.3288 0.2979
vn -0.6783 -0.7333 0.0474
vn 0.0813 -0.9774 -0.1953
vn 0.5891 -0.8079 0.0182
vn -0.5779 -0.7226 -0.3795
vn 0.0667 -0.6547 0.7530
vn -0.5756 0.3123 -0.7558
vn -0.9537 0.0567 0.2952
vn -0.9075 0.1998 0.3694
vn 0.3133 -0.0180 0.9495
vn 0.0078 0.2256 0.9742
vn 0.2552 0.7635 0.5932
vn -0.9338 0.0084 0.3576
vn 0.6435 0.6067 0.4667
vn -0.9846 0.1690 -0.0435
vn -0.1928 0.9762 -0.0993
vn 0.5959 0.2595 0.7600
vn -0.9971 0.0753 -0.0149
vn -0.5363 -0.5496 0.6405
vn -0.4986 -0.6886 0.5265
vn -0.3197 -0.9475 -0.0044
vn -0.6910 -0.5156 -0.5066
vn -0.4088 -0.5151 -0.7534
vn -0.9786 0.1740 -0.1096
vn 0.5705 0.8026 -0.1740
vn 0.6353 0.7331 0.2428
vn -0.7341 -0.6326 0.2467
vn 0.7403 0.4297 -0.5170
vn 0.7133 0.0280 -0.7003
vn -0.3986 0.2265 -0.8887
vn -0.8631 -0.1563 -0.4801
vn 0.7084 0.1046 0.6980
vn -0.5865 0.5279 -0.6143
vn -0.0701 -0.7911 -0.6077
vn -0.7606 -0.6459 0.0659
vn 0.4798 -0.8465 0.2308
vn 0.4798 -0.8464 0.2309
vn -0.3736 -0.3561 0.8565
vn -0.1978 -0.1472 0.9691
vn -0.5120 -0.1452 0.8466
vn -0.3985 0.2265 -0.8887
vn -0.3342 0.9402 -0.0663
vn -0.6543 0.7165 0.2419
vn -0.6716 -0.2735 0.6886
vn -0.2814 -0.6976 0.6589
vn -0.2069 0.0515 0.9770
vn -0.2758 0.1398 0.9510
vn 0.3132 -0.0180 0.9495
vn 0.4892 -0.1257 0.8631
vn 0.0296 -0.8764 0.4806
vn -0.6771 -0.5835 -0.4484
vn 0.3595 -0.4864 -0.7964
vn 0.6197 -0.0408 0.7837
vn -0.9615 0.2137 0.1730
vn -0.9930 0.1130 0.0349
vn -0.3288 -0.1584 -0.9310
vn 0.5296 -0.1974 0.8250
vn -0.2069 0.0514 0.9770
vn -0.9959 0.0793 -0.0429
vn -0.2955 0.7832 -0.5470
vn -0.0017 0.9381 0.3464
vn -0.9729 0.2288 0.0327
vn -0.2141 0.3686 -0.9046
vn 0.2472 0.3374 0.9083
vn -0.2667 0.9199 0.2875
vn -0.5779 -0.7225 -0.3795
vn 0.9531 -0.2070 0.2208
vn -0.9771 -0.0152 -0.2124
vn -0.8617 0.3427 0.3742
vn -0.0257 0.8358 0.5485
vn -0.2362 0.9717 -0.0102
vn 0.5891 -0.8079 0.0183
vn -0.6495 -0.4165 -0.6362
vn -0.6574 -0.7299 -0.1874
vn -0.4908 -0.8279 0.2716
vn -0.7701 -0.6181 0.1580
vn 0.2553 0.7636 0.5931
vn 0.0440 -0.9399 -0.3386
vn 0.6936 0.7132 0.1012
vn -0.7252 -0.3074 -0.6161
vn -0.7281 -0.6777 0.1028
vn -0.7670 0.0499 0.6397
vn -0.4162 -0.0854 -0.9053
vn -0.0057 0.6126 0.7904
vn -0.9668 -0.2283 -0.1145
vn -0.6565 0.4510 -0.6046
vn 0.5795 -0.7693 -0.2688
vn -0.0555 -0.9964 -0.0645
vn 0.5705 0.8027 -0.1740
vn -0.0806 0.5572 0.8265
vn -0.9355 0.2249 -0.2725
vn 0.6354 0.7331 0.2428
vn -0.7611 0.3896 -0.5186
vn -0.4088 -0.5150 -0.7534
vn 0.6436 0.6066 0.4667
vn -0.1087 -0.5843 -0.8043
vn -0.4986 -0.6887 0.5264
vn -0.1928 0.9762 -0.0994
vn -0.9750 -0.1930 0.1106
vn -0.7898 0.1262 -0.6002
vn -0.4938 0.7522 0.4363
vn -0.7475 -0.6642 -0.0096
vn -0.0535 -0.9985 -0.0095
vn -0.2461 -0.9692 -0.0107
vn -0.9925 -0.1209 0.0164
vn -0.0624 -0.9980 -0.0059
vn -0.0558 -0.9907 -0.1241
vn -0.7723 -0.4973 -0.3953
vn -0.0389 -0.9992 -0.0083
vn -0.9583 -0.2855 -0.0096
vn -0.0165 -0.9997 -0.0180
vn -0.0084 -0.9999 -0.0132
vn -0.8298 -0.5581 -0.0080
vn -0.8609 -0.4646 0.2076
vn -0.1733 -0.9845 0.0266
vn -0.3730 -0.7981 -0.4732
vn -0.4171 -0.8588 0.2974
vn -0.6326 -0.2471 0.7340
vn -0.2839 -0.9571 0.0582
vn -0.0142 -0.9675 -0.2525
vn -0.0295 -0.9586 -0.2832
vn 0.1068 -0.9908 0.0828
vn -0.1250 -0.9520 -0.2793
vn 0.0405 -0.9992 0.0039
vn 0.0854 -0.9699 -0.2281
vn 0.0317 -0.9994 0.0122
vn -0.6231 -0.1969 0.7570
vn 0.0287 -0.9995 -0.0112
vn 0.0394 -0.9992 -0.0071
vn -0.2760 -0.8599 0.4295
vn 0.0261 -0.9997 -0.0001
vn -0.0185 -0.9996 -0.0221
vn 0.0922 -0.8229 0.5607
vn -0.5683 -0.5136 -0.6428
vn -0.0127 -0.9953 0.0961
vn 0.7760 -0.6095 0.1622
vn 0.9736 -0.2156 0.0750
vn -0.1677 -0.9835 0.0684
vn 0.4142 -0.5927 -0.6908
vn 0.2990 -0.7395 0.6031
vn 0.1858 -0.8965 0.4021
vn 0.9146 -0.0281 0.4034
vn 0.0253 -0.9996 -0.0120
vn 0.0030 -1.0000 -0.0026
vn 0.0069 -1.0000 -0.0061
vn -0.3764 -0.8938 0.2440
vn 0.3530 -0.7355 -0.5784
vn -0.4195 -0.9029 0.0936
vn -0.0507 -0.9985 -0.0226
vn -0.4176 -0.3683 0.8306
vn 0.0179 -0.9998 -0.0094
vn -0.0045 -0.9987 0.0517
vn -0.1178 -0.9470 -0.2988
vn -0.0914 -0.9958 -0.0040
vn -0.1251 -0.9778 0.1682
vn 0.1610 -0.9708 0.1781
vn -0.4081 -0.7600 -0.5058
vn -0.2351 -0.9060 -0.3521
vn -0.3698 -0.9161 0.1548
vn -0.2628 -0.9648 -0.0086
vn -0.5237 -0.8510 -0.0388
vn 0.9494 -0.2441 0.1979
vn 0.0016 -1.0000 -0.0038
vn 0.0174 -0.9987 -0.0480
vn 0.1221 -0.9884 0.0904
vn 0.0342 -0.9880 0.1504
vn 0.0068 -0.8463 0.5327
vn -0.3111 -0.9281 0.2045
vn -0.2647 -0.7273 0.6332
vn -0.6218 -0.7754 0.1101
vn -0.0914 -0.9958 -0.0039
vn 0.0024 -0.9999 -0.0140
vn -0.5625 -0.8238 0.0705
vn -0.2234 -0.9747 -0.0077
vn -0.3163 -0.9391 -0.1346
vn -0.5116 -0.8549 -0.0868
vn -0.1490 -0.8452 -0.5133
vn -0.0160 -0.9999 -0.0012
vn -0.0241 -0.9997 0.0103
vn -0.6868 -0.7170 0.1190
vn -0.1457 -0.9881 -0.0483
vn -0.5598 -0.8234 -0.0929
vn -0.0927 -0.9953 -0.0282
vn -0.0127 -0.9937 -0.1110
vn -0.5289 -0.8460 -0.0680
vn 0.0297 -0.9995 -0.0070
vn -0.0355 -0.9979 -0.0534
vn -0.0423 -0.9984 -0.0368
vn -0.2234 -0.9747 -0.0076
vn -0.0288 -0.9970 -0.0712
vn -0.4586 -0.8277 -0.3234
vn -0.0112 -0.9912 0.1322
vn -0.0059 -0.9979 0.0647
vn -0.1395 0.5572 0.8186
vn -0.0252 -0.9306 0.3651
vn 0.0142 -0.9989 -0.0441
vn -0.0098 -0.9428 -0.3331
vn -0.0187 -0.9993 -0.0310
vn 0.0021 -0.9981 -0.0611
vn 0.0201 -0.9998 -0.0057
vn -0.0639 -0.3311 0.9414
vn 0.0070 -1.0000 0.0018
vn 0.0087 -0.9949 -0.1001
vn 0.0342 -0.9994 0.0002
vn 0.0312 -0.9995 -0.0076
vn -0.0133 -0.9792 0.2025
vn 0.0102 -0.9999 0.0039
vn 0.0043 -0.9981 -0.0612
vn -0.0000 -0.9998 -0.0222
vn -0.0174 -0.9741 -0.2255
vn 0.0007 -0.9997 -0.0252
vn 0.0017 -0.9981 -0.0620
vn 0.0058 -0.9980 0.0634
vn -0.0148 -0.9915 -0.1289
vn -0.0256 -0.8412 0.5402
vn 0.0924 -0.9951 -0.0341
vn 0.0689 -0.9974 -0.0190
vn 0.2328 -0.9723 0.0229
vn -0.0045 -0.9940 -0.1095
vn -0.0024 -0.9981 -0.0611
vn 0.4092 -0.9120 0.0270
vn 0.5406 -0.8410 -0.0227
vn -0.0029 -0.9854 0.1703
vn 0.3518 -0.9250 -0.1433
vn 0.0107 -0.9873 -0.1587
vn 0.0202 -0.9823 -0.1860
vn 0.2901 -0.9570 0.0074
vn 0.5541 -0.8319 -0.0314
vn 0.0756 -0.9893 0.1250
vn -0.0051 -0.9999 -0.0146
vn 0.5636 -0.8255 -0.0314
vn 0.6252 -0.7798 -0.0308
vn 0.5395 -0.8418 0.0174
vn -0.0078 -1.0000 0.0039
vn 0.4267 -0.8752 0.2281
vn 0.5431 -0.8364 -0.0740
vn -0.0365 -0.9962 0.0786
vn 0.5663 -0.8219 0.0624
vn 0.0991 -0.9907 0.0930
vn 0.0355 -0.9871 0.1561
vn -0.0150 -0.9998 0.0154
vn 0.1161 -0.9899 -0.0812
vn 0.0658 -0.9968 -0.0451
vn 0.0024 -0.8349 0.5504
vn -0.1502 -0.9183 0.3663
vn 0.4880 -0.8489 -0.2030
vn -0.3807 -0.8667 -0.3224
vn 0.5359 -0.5720 -0.6210
vn -0.3104 -0.6883 -0.6557
vn -0.3170 -0.9436 -0.0956
vn 0.0065 -0.9922 -0.1246
vn 0.0008 -0.9976 0.0689
vn 0.0202 -0.9823 -0.1861
vn 0.0147 -0.9926 -0.1209
vn -0.1018 -0.9933 0.0546
vn -0.0985 -0.9933 -0.0610
vn -0.4877 -0.8714 0.0541
vn 0.0073 -0.9867 0.1621
vn -0.5242 -0.8486 0.0714
vn -0.4881 -0.8728 0.0071
vn -0.5842 -0.8110 -0.0294
vn -0.6308 -0.7759 0.0101
vn -0.2265 -0.9740 -0.0006
vn -0.4504 -0.8927 -0.0115
vn -0.0560 -0.9983 -0.0159
vn -0.0608 -0.9981 0.0037
vn -0.5622 -0.8268 -0.0184
vn 0.0224 -0.9992 -0.0321
vn 0.0367 -0.7593 -0.6497
vn -0.5195 -0.8545 0.0049
vn -0.0709 -0.9975 0.0039
vn -0.0213 -0.9998 -0.0055
vn -0.0012 -0.9996 -0.0287
vn 0.0363 -0.6577 0.7524
vn -0.0119 -0.9988 -0.0472
vn -0.0931 -0.9954 -0.0244
vn -0.0195 -0.9997 -0.0123
vn -0.0173 -0.9998 -0.0055
vn 0.0172 -0.9935 -0.1127
vn 0.0134 -0.9715 0.2366
vn -0.0136 -0.9999 -0.0047
vn 0.0615 -0.9683 -0.2421
vn -0.0206 -0.9997 -0.0165
vn 0.0036 -0.9997 -0.0260
vn -0.0035 -0.9974 -0.0719
vn -0.0005 -0.9993 -0.0377
vn 0.0288 -0.9995 0.0109
vn -0.0245 -0.9997 -0.0021
vn -0.0036 -0.9996 -0.0292
vn 0.0526 -0.9969 -0.0585
vn 0.0866 -0.9950 -0.0500
vn 0.0475 -0.9974 -0.0540
vn -0.0264 -0.9890 -0.1457
vn 0.1593 -0.9859 -0.0511
vn 0.0782 -0.9966 -0.0260
vn -0.0143 -0.9999 -0.0017
vn 0.0033 -0.9946 0.1040
vn 0.0371 -0.9992 0.0171
vn 0.1882 -0.9816 -0.0314
vn 0.0672 -0.9967 -0.0465
vn 0.0570 -0.8939 0.4446
vn -0.0212 -0.9998 -0.0017
vn -0.0155 -0.9999 -0.0024
vn -0.0128 -0.9999 -0.0032
vn 0.5563 -0.8292 0.0543
vn -0.0771 -0.9520 -0.2964
vn 0.0906 -0.7840 -0.6141
vn 0.5362 -0.8438 -0.0229
vn 0.4982 -0.8669 0.0134
vn 0.4886 -0.8722 -0.0231
vn 0.3146 -0.9086 -0.2746
vn 0.5228 -0.8468 -0.0983
vn 0.1487 -0.9704 -0.1902
vn 0.3954 -0.9160 0.0675
vn 0.5742 -0.7140 0.4005
vn 0.0001 -0.9978 -0.0667
vn 0.6860 -0.6973 -0.2080
vn -0.0145 -0.9999 -0.0064
vn -0.0305 -0.9990 -0.0340
vn 0.3621 -0.9137 0.1843
vn 0.0804 -0.9637 -0.2547
vn 0.6714 -0.6656 0.3259
vn 0.1399 -0.7321 0.6667
vn 0.0043 -0.9962 0.0871
vn -0.0461 -0.9989 -0.0108
vn 0.0016 -0.9681 -0.2507
vn 0.0848 -0.9554 0.2830
vn 0.3174 -0.7929 0.5202
vn 0.1330 -0.9582 0.2534
vn -0.0501 -0.9987 -0.0048
vn -0.4428 -0.8949 0.0551
vn 0.3004 -0.9355 -0.1859
vn -0.0595 -0.9969 0.0513
vn 0.1978 -0.9466 -0.2545
vn 0.4949 -0.1658 0.8530
vn 0.0198 -0.9992 -0.0353
vn 0.0010 -1.0000 0.0098
vn -0.2507 -0.7217 -0.6451
vn -0.7089 -0.6778 -0.1948
vn -0.0434 -0.8278 -0.5594
vn -0.0475 -0.9988 -0.0063
vn 0.4667 0.4750 0.7461
vn -0.0514 -0.9979 -0.0385
vn -0.0560 -0.9884 0.1409
vn -0.0554 -0.9985 0.0018
vn -0.0427 -0.9991 -0.0008
vn -0.0914 -0.9958 -0.0002
vn -0.0141 -0.8167 0.5769
vn -0.1292 -0.9910 -0.0351
vn 0.3169 -0.9379 0.1414
vn -0.1023 -0.9947 0.0128
vn 0.2343 -0.7823 -0.5772
vn 0.4564 -0.8850 -0.0920
vn -0.0805 -0.9614 -0.2631
vn 0.1886 -0.9819 -0.0164
vn 0.3812 -0.8648 -0.3268
vn -0.0223 -0.9024 -0.4304
vn -0.1981 -0.9730 0.1181
vn 0.0501 -0.9983 -0.0289
vn 0.0350 -0.9993 -0.0116
vn -0.0564 -0.9984 -0.0085
vn 0.6101 -0.5145 0.6026
vn 0.0593 -0.9982 0.0070
vn 0.0745 -0.9972 -0.0063
vn 0.0966 -0.8810 -0.4631
vn 0.3136 -0.9475 0.0621
vn -0.1505 -0.8831 0.4444
vn 0.3311 -0.9435 -0.0073
vn -0.0306 -0.9995 -0.0069
vn -0.0423 -0.3564 0.9334
vn 0.3052 -0.9523 0.0048
vn 0.6970 -0.5887 -0.4094
vn 0.2910 -0.9567 0.0075
vn 0.4571 -0.8892 -0.0191
vn 0.3175 -0.9480 -0.0209
vn 0.7974 -0.6019 -0.0438
vn 0.9096 -0.4084 0.0759
vn 0.8453 -0.4240 0.3251
vn 0.7711 -0.6367 -0.0039
vn 0.8069 -0.5906 0.0136
vn 0.8399 -0.5415 0.0363
vn 0.8895 -0.4568 0.0136
vn 0.9496 -0.3133 0.0068
vn 0.7516 -0.3116 -0.5813
vn 0.9531 -0.3020 -0.0214
vn 0.7607 -0.6490 0.0131
vn 0.9098 -0.4150 -0.0103
vn 0.6345 -0.7729 -0.0083
vn 0.8676 -0.4967 -0.0220
vn 0.2494 -0.6718 0.6975
vn 0.0676 -0.5529 -0.8305
vn 0.5755 -0.4895 0.6551
vn -0.4182 0.0052 0.9083
vn 0.8566 -0.2798 0.4334
vn -0.4182 0.0052 0.9084
vn -0.1407 -0.1850 -0.9726
vn 0.1002 -0.1524 -0.9832
vn 0.8566 -0.2799 0.4334
vn 0.0966 -0.9900 -0.1029
vn 0.1002 -0.1525 -0.9832
vn -0.1408 -0.1849 -0.9726
vn 0.1310 -0.2232 0.9659
vn 0.0965 -0.9900 -0.1029
vn 0.2165 -0.1240 0.9684
vn -0.1798 -0.4166 0.8912
vn -0.0534 -0.5868 0.8080
vn 0.3907 -0.5403 0.7453
vn 0.1424 -0.0340 0.9892
vn -0.9804 0.0605 -0.1873
vn -0.3629 -0.6767 0.6406
vn -0.0972 -0.3103 -0.9457
vn -0.0534 -0.5867 0.8080
vn 0.6372 -0.7424 0.2069
vn -0.7052 -0.6852 -0.1824
vn 0.3892 -0.0040 -0.9212
vn -0.7052 -0.6851 -0.1824
vn 0.8303 -0.5405 0.1361
vn -0.0450 0.9330 0.3571
vn 0.2590 0.6305 -0.7317
vn -0.8867 -0.2335 -0.3991
vn -0.3730 -0.7982 -0.4731
vn -0.0991 -0.7161 -0.6909
vn -0.8867 -0.2334 -0.3991
vn -0.3508 -0.5808 0.7346
vn -0.9692 -0.1389 -0.2032
vn -0.3508 -0.5807 0.7346
vn -0.0990 -0.7161 -0.6910
vn -0.0296 -0.9586 -0.2833
vn 0.3224 -0.7379 0.5929
vn -0.0357 -0.4754 -0.8790
vn 0.1682 -0.6546 -0.7371
vn -0.0357 -0.4754 -0.8791
vn -0.0251 -0.0925 -0.9954
vn 0.3223 -0.7379 0.5930
vn 0.2256 -0.9506 0.2131
vn 0.1088 -0.1742 -0.9787
vn -0.0197 0.5044 -0.8632
vn -0.1125 0.7270 -0.6774
vn -0.0158 0.1425 0.9897
vn 0.0448 -0.0651 0.9969
vn 0.0724 -0.1132 -0.9909
vn -0.0538 -0.1995 -0.9784
vn -0.1216 -0.0640 -0.9905
vn -0.0539 -0.1996 -0.9784
vn -0.0159 0.1425 0.9897
vn -0.0197 0.5045 -0.8632
vn 0.1681 -0.6546 -0.7371
vn -0.1044 -0.2082 -0.9725
vn -0.1900 -0.3065 -0.9327
vn -0.0550 0.0787 -0.9954
vn -0.0533 0.1218 -0.9911
vn -0.0337 -0.0901 -0.9954
vn -0.0197 0.5046 -0.8632
vn -0.1044 -0.2083 -0.9725
vn -0.1242 -0.0308 -0.9918
vn 0.1706 0.3132 -0.9342
vn -0.0550 0.0786 -0.9954
vn 0.1707 0.3132 -0.9342
vn 0.1794 0.1982 -0.9636
vn -0.0218 -0.1640 0.9862
vn 0.0251 0.0043 0.9997
vn -0.0219 -0.1640 0.9862
vn 0.1213 -0.3352 0.9343
vn 0.0252 0.0043 0.9997
vn -0.0342 0.0506 -0.9981
vn 0.1793 0.1982 -0.9636
vn -0.2292 0.0740 -0.9706
vn -0.2176 -0.9756 0.0289
vn -0.4082 -0.7600 -0.5058
vn -0.3033 -0.1406 -0.9425
vn -0.3314 0.0408 -0.9426
vn -0.2292 0.0741 -0.9705
vn -0.3033 -0.1405 -0.9425
vn -0.7344 -0.3414 -0.5866
vn -0.3834 0.4289 -0.8179
vn 0.4779 -0.8170 0.3227
vn -0.4844 -0.2446 -0.8400
vn -0.4843 -0.2446 -0.8400
vn -0.5811 -0.7535 -0.3076
vn -0.4081 -0.7600 -0.5059
vn -0.5684 -0.8059 -0.1657
vn -0.9069 -0.3999 -0.1330
vn -0.3412 -0.9178 0.2028
vn -0.3164 -0.9390 -0.1346
vn -0.5601 -0.8232 -0.0930
vn -0.8075 0.5899 -0.0092
vn -0.9116 0.4080 0.0493
vn -0.6013 0.5686 -0.5614
vn -0.5428 0.8119 0.2150
vn -0.5427 0.6761 -0.4984
vn -0.9116 0.4081 0.0493
vn -0.6749 0.7378 -0.0122
vn -0.5653 0.8236 0.0451
vn -0.9074 0.4183 -0.0406
vn -0.9843 0.1609 0.0726
vn -0.6877 0.7260 0.0083
vn -0.9529 0.2987 0.0520
vn -0.7289 0.6793 0.0851
vn -0.9074 0.4183 -0.0405
vn -0.5429 0.8119 0.2149
vn -0.9080 0.4190 -0.0004
vn -0.7948 0.6061 -0.0314
vn -0.9002 0.4354 0.0099
vn -0.8689 0.4942 0.0294
vn -0.8885 0.4542 -0.0655
vn -0.8328 0.5533 -0.0164
vn -0.7238 0.6899 0.0070
vn -0.7063 0.7071 -0.0342
vn -0.7784 0.6174 -0.1135
vn -0.7454 0.6649 -0.0491
vn -0.2821 0.9568 0.0703
vn 0.4137 0.2874 -0.8639
vn -0.9139 0.2127 -0.3457
vn -0.4943 0.7434 0.4505
vn -0.6696 0.7354 -0.1041
vn -0.7321 0.5685 -0.3753
vn -0.6897 0.4880 0.5349
vn -0.9840 0.1551 -0.0875
vn -0.6749 0.7379 0.0055
vn -0.9430 0.3311 0.0324
vn -0.9249 0.1005 -0.3666
vn -0.5131 0.8485 -0.1292
vn -0.4521 0.7705 0.4495
vn -0.8305 0.5557 -0.0398
vn -0.5257 0.8182 -0.2328
vn -0.9779 0.0967 -0.1856
vn -0.8485 0.5189 0.1043
vn -0.8025 0.5904 -0.0855
vn -0.3624 0.5794 -0.7300
vn -0.3939 0.8255 0.4042
vn -0.8623 0.5048 -0.0396
vn -0.9302 0.2856 -0.2305
vn -0.8734 -0.0558 -0.4838
vn -0.3254 0.9456 0.0059
vn -0.4733 0.8484 0.2371
vn -0.9177 0.3926 -0.0603
vn -0.9781 0.1189 -0.1707
vn -0.9647 -0.0193 -0.2626
vn -0.8941 0.4438 0.0599
vn -0.3029 0.9523 0.0369
vn -0.8941 0.4437 0.0600
vn -0.8688 0.4934 -0.0411
vn -0.9709 0.2141 -0.1073
vn -0.7266 0.6567 -0.2021
vn -0.9222 -0.2846 -0.2617
vn -0.5333 0.8410 0.0906
vn -0.9758 -0.1556 -0.1540
vn -0.9545 0.2974 -0.0225
vn -0.7165 0.6966 -0.0376
vn -0.8360 0.5392 -0.1013
vn -0.5930 0.4136 0.6908
vn -0.9227 0.3633 0.1292
vn -0.9966 -0.0175 -0.0808
vn -0.5693 0.8221 -0.0096
vn -0.9444 0.0016 0.3288
vn -0.9966 -0.0174 -0.0808
vn -0.8908 0.4536 0.0281
vn -0.4004 0.8689 -0.2910
vn -0.9725 -0.1939 -0.1293
vn -0.7638 0.6445 -0.0342
vn -0.3531 0.9240 -0.1468
vn -0.9725 -0.1939 -0.1292
vn -0.9758 -0.1555 -0.1539
vn -0.9998 0.0046 -0.0216
vn -0.6232 0.7750 -0.1050
vn -0.9444 0.0016 0.3287
vn -0.3615 0.9031 -0.2318
vn -0.3615 0.9031 -0.2317
vn -0.2337 0.8500 -0.4721
vn -0.1750 0.8991 -0.4012
vn -0.9997 -0.0010 -0.0236
vn -0.9946 -0.1036 -0.0037
vn -0.5429 0.8119 0.2150
vn -0.9614 0.2138 0.1730
vn 0.0942 0.8181 -0.5673
vn 0.0014 0.5859 0.8104
vn -0.9936 -0.0908 0.0678
vn -0.1369 -0.9805 -0.1409
vn 0.5296 -0.1973 0.8250
vn -0.6162 -0.1389 -0.7752
vn -0.9720 -0.0914 0.2166
vn -0.3749 -0.5727 0.7291
vn -0.5898 -0.8027 -0.0882
vn -0.9333 -0.1533 -0.3248
vn -0.8969 -0.4249 -0.1225
vn -0.8632 -0.1562 -0.4801
vn 0.0444 -0.0882 -0.9951
vn -0.3289 -0.1583 -0.9310
vn -0.1897 0.2707 -0.9438
vn 0.0814 -0.9774 -0.1952
vn 0.4698 -0.1498 -0.8700
vn -0.3286 0.7644 -0.5547
vn 0.3220 0.7433 -0.5863
vn -0.7610 0.3897 -0.5187
vn -0.4089 -0.5151 -0.7534
vn -0.3748 -0.5726 0.7291
vn -0.9720 -0.0914 0.2165
vn -0.9570 0.1804 -0.2271
vn -0.3342 0.9402 -0.0664
vn -0.7383 0.6572 0.1515
vn -0.8677 0.2899 -0.4039
vn -0.9333 -0.1533 -0.3249
vn -0.6437 -0.7636 -0.0510
vn -0.9876 -0.1477 -0.0530
vn -0.7825 -0.5407 -0.3088
vn -0.9592 -0.0212 -0.2820
vn -0.5855 -0.4000 -0.7052
vn -0.7341 -0.6326 0.2468
vn -0.9954 0.0911 0.0310
vn -0.8969 -0.4249 -0.1224
vn -0.8610 0.1300 -0.4918
vn -0.8632 -0.1563 -0.4801
vn -0.8752 0.2788 0.3952
vn -0.9321 -0.3621 -0.0107
vn -0.2340 0.9166 0.3242
vn -0.5426 0.6761 -0.4985
vn -0.6877 0.7259 0.0083
vn 0.0814 -0.9774 -0.1953
vn -0.4674 0.6317 -0.6184
vn 0.0667 -0.6548 0.7529
vn -0.4710 0.4174 0.7771
vn -0.2339 0.9167 0.3241
vn -0.2564 0.2563 -0.9320
vn -0.9315 0.1835 0.3140
vn -0.9258 -0.0686 0.3718
vn -0.4395 0.0588 0.8963
vn 0.5630 -0.2025 0.8013
vn -0.9439 0.1993 0.2633
vn -0.6122 0.4099 0.6762
vn -0.7308 0.2265 0.6440
vn -0.2144 0.9154 0.3408
vn -0.6230 -0.1969 0.7570
vn -0.1676 0.7318 0.6606
vn -0.4753 0.2398 0.8465
vn -0.3929 -0.5114 0.7643
vn -0.1218 -0.0365 0.9919
vn -0.5222 0.0063 0.8528
vn -0.4431 0.3291 0.8339
vn -0.4846 0.3516 0.8010
vn -0.5725 0.5096 0.6423
vn -0.5350 0.1492 0.8316
vn -0.4278 -0.3467 0.8347
vn -0.5328 -0.4325 0.7274
vn -0.3461 0.7614 0.5481
vn -0.3257 0.7150 0.6186
vn -0.4444 0.2674 0.8550
vn -0.4725 0.7826 0.4052
vn -0.6304 0.3592 0.6881
vn -0.4611 0.3044 0.8335
vn -0.6561 0.0852 0.7499
vn -0.2440 0.5790 0.7780
vn -0.3786 0.1570 0.9122
vn -0.0064 0.0101 0.9999
vn -0.3925 0.1038 0.9139
vn -0.1189 0.4628 0.8784
vn -0.0192 0.3689 0.9293
vn -0.1063 -0.0835 0.9908
vn -0.1883 0.2106 0.9593
vn -0.1251 -0.1205 0.9848
vn -0.1426 0.4276 0.8927
vn -0.1425 0.4663 -0.8731
vn -0.2564 0.2564 -0.9319
vn -0.4222 -0.7965 -0.4327
vn 0.0668 -0.6547 0.7529
vn -0.8980 0.4091 -0.1619
vn -0.9613 0.2339 -0.1455
vn 0.8326 -0.3420 0.4357
vn -0.4395 0.0589 0.8963
vn 0.5630 -0.2024 0.8012
vn -0.1217 -0.0365 0.9919
vn -0.3930 -0.5113 0.7643
vn -0.6561 0.0851 0.7499
vn -0.3471 0.9331 0.0943
vn -0.7687 0.6369 0.0581
vn -0.6963 0.7135 0.0781
vn -0.7465 0.6613 0.0729
vn -0.2676 0.9542 0.1339
vn -0.4497 0.8875 0.1003
vn -0.1938 0.8651 0.4626
vn -0.3885 0.8419 0.3745
vn -0.1591 0.9672 0.1978
vn -0.4520 0.7705 0.4495
vn -0.1938 0.8651 0.4627
vn -0.1001 0.8377 0.5369
vn 0.1763 0.9740 -0.1419
vn -0.0861 0.9918 0.0940
vn 0.2166 0.9761 -0.0165
vn -0.1515 0.9188 0.3644
vn -0.0939 0.9923 0.0811
vn -0.0889 0.8506 0.5182
vn 0.0872 0.9518 -0.2940
vn 0.0871 0.9518 -0.2940
vn -0.0906 0.9874 0.1295
vn -0.1559 0.7865 0.5975
vn -0.4733 0.8484 0.2372
vn -0.0999 0.8770 0.4700
vn -0.1153 0.7920 0.5995
vn -0.1559 0.7865 0.5976
vn -0.1152 0.7920 0.5996
vn -0.1182 0.9066 0.4051
vn -0.0916 0.8344 0.5435
vn -0.1032 0.9720 0.2111
vn -0.5333 0.8411 0.0906
vn -0.0981 0.9745 0.2019
vn -0.0521 0.9913 0.1210
vn -0.0552 0.8421 0.5365
vn 0.0135 0.9581 -0.2861
vn -0.0172 0.9998 -0.0106
vn -0.1064 0.8555 0.5068
vn -0.1201 0.9877 0.1005
vn -0.0339 0.9976 0.0605
vn -0.2213 0.8718 0.4370
vn -0.0553 0.8421 0.5365
vn -0.0975 0.8776 0.4694
vn -0.0662 0.8200 0.5686
vn 0.2972 0.8269 -0.4774
vn -0.0340 0.9783 -0.2045
vn -0.1030 0.9094 0.4029
vn -0.0340 0.9783 -0.2046
vn -0.0602 0.9802 0.1887
vn -0.0709 0.9513 0.3000
vn -0.0089 0.9992 -0.0388
vn -0.0406 0.9536 0.2983
vn -0.0655 0.8491 0.5241
vn -0.0265 0.9841 0.1758
vn -0.0296 0.9297 -0.3670
vn -0.0574 0.8905 0.4514
vn -0.0118 0.9980 0.0627
vn -0.0192 0.8566 0.5156
vn 0.0012 0.9939 -0.1104
vn -0.0393 0.8621 0.5053
vn -0.0326 0.8232 0.5667
vn 0.0190 0.9709 0.2387
vn -0.0247 0.8968 0.4418
vn 0.0040 0.9925 0.1220
vn 0.0426 0.9949 -0.0911
vn 0.4588 0.4074 0.7896
vn 0.0518 0.8647 0.4996
vn 0.0674 0.2823 0.9569
vn 0.0401 0.9728 -0.2283
vn -0.0046 0.9988 0.0490
vn 0.0019 0.9494 0.3142
vn -0.0042 0.8885 0.4589
vn -0.0240 0.9678 -0.2504
vn 0.0151 0.8353 0.5495
vn -0.1530 0.1863 -0.9705
vn -0.1225 0.4480 -0.8856
vn 0.0373 0.8284 0.5589
vn -0.0263 0.9043 -0.4261
vn 0.0390 0.8373 0.5454
vn 0.0149 0.9970 0.0758
vn -0.0635 0.6050 -0.7937
vn 0.0530 0.8798 0.4723
vn 0.0799 0.8712 0.4845
vn 0.0623 0.8983 0.4349
vn 0.0564 0.8498 0.5240
vn 0.0971 0.1627 0.9819
vn -0.0603 0.5804 -0.8121
vn 0.0075 1.0000 0.0011
vn 0.0530 0.9726 0.2262
vn -0.0442 0.8548 -0.5170
vn 0.0754 0.8976 0.4343
vn 0.0388 0.9907 0.1308
vn 0.0737 0.9483 0.3086
vn 0.0106 0.9843 0.1764
vn 0.0841 0.8396 0.5366
vn -0.0097 0.9233 -0.3841
vn 0.0286 0.9993 0.0246
vn 0.0936 0.8764 0.4724
vn 0.0793 0.8206 0.5660
vn 0.0662 0.9933 0.0945
vn 0.1237 0.9333 0.3371
vn -0.0099 0.9578 0.2872
vn 0.0806 0.5782 0.8119
vn -0.0872 0.9370 -0.3383
vn 0.1429 0.8063 0.5740
vn 0.1153 0.9782 0.1727
vn 0.0528 0.7398 -0.6708
vn 0.1431 0.9226 0.3581
vn 0.0936 0.9780 0.1864
vn 0.0910 0.8580 0.5056
vn 0.0903 0.8762 0.4734
vn 0.1654 0.9475 0.2735
vn 0.0155 0.9999 0.0011
vn 0.0015 0.9827 -0.1853
vn 0.1575 0.9766 0.1461
vn 0.0966 0.8329 0.5450
vn 0.0726 0.8842 0.4615
vn 0.3274 0.7247 0.6063
vn 0.4931 0.8574 0.1475
vn 0.0733 0.8194 0.5685
vn 0.4239 0.9024 0.0777
vn 0.0380 0.8597 0.5094
vn -0.1123 0.9789 -0.1705
vn 0.5516 0.8116 0.1923
vn 0.0380 0.8598 0.5093
vn 0.3172 0.8661 0.3863
vn 0.2428 0.9646 0.1029
vn 0.2897 0.8948 0.3396
vn 0.4343 0.8962 0.0903
vn 0.4137 0.7998 0.4349
vn 0.4480 0.7785 0.4396
vn 0.2193 0.9374 0.2705
vn 0.2194 0.9374 0.2705
vn 0.4638 0.6405 0.6120
vn 0.2583 0.9503 0.1738
vn 0.2519 0.9617 0.1082
vn 0.7466 0.5394 0.3894
vn 0.7345 0.6703 0.1055
vn 0.7452 0.6333 0.2090
vn -0.2349 0.0420 -0.9711
vn -0.8609 0.1300 -0.4918
vn -0.9320 -0.3622 -0.0107
vn 0.5511 0.5230 -0.6502
vn -0.3585 -0.6134 -0.7037
vn -0.1009 -0.5922 -0.7994
vn 0.9051 -0.2893 -0.3115
vn 0.1734 -0.8989 -0.4024
vn -0.6981 -0.6596 0.2786
vn 0.9765 -0.2089 0.0525
vn 0.8394 0.3238 0.4366
vn 0.7577 0.6148 0.2190
vn 0.5338 0.0133 -0.8455
vn 0.8540 0.4196 -0.3074
vn 0.8232 -0.5622 -0.0793
vn 0.2230 0.3596 -0.9061
vn -0.0462 -0.6694 -0.7415
vn 0.4141 -0.5928 -0.6907
vn -0.0385 -0.6818 0.7305
vn 0.5429 -0.7419 -0.3934
vn -0.5046 -0.4134 -0.7580
vn -0.1848 -0.8508 -0.4920
vn 0.9051 -0.2894 -0.3115
vn 0.7469 0.5652 0.3503
vn 0.8499 -0.3465 -0.3970
vn 0.3697 -0.6554 -0.6587
vn 0.7753 -0.6283 0.0640
vn 0.9899 -0.0978 0.1023
vn 0.5829 -0.6918 0.4261
vn 0.9948 -0.0111 -0.1016
vn 0.6438 -0.4666 0.6064
vn 0.7752 0.5333 0.3387
vn 0.4218 -0.7544 0.5029
vn 0.7752 0.5332 0.3387
vn 0.9734 -0.2109 0.0896
vn 0.9736 -0.2094 0.0911
vn 0.8890 -0.3908 -0.2388
vn 0.2429 -0.9310 -0.2724
vn 0.9979 0.0339 -0.0557
vn 0.9974 -0.0716 -0.0077
vn 0.5344 -0.8301 0.1590
vn 0.4315 0.0533 0.9006
vn -0.1848 -0.8507 -0.4920
vn 0.3792 -0.9251 -0.0204
vn 0.9421 0.2676 0.2021
vn 0.4891 -0.1256 0.8631
vn 0.7760 -0.6095 0.1623
vn 0.7597 0.6489 0.0428
vn 0.4698 -0.1496 -0.8700
vn 0.6279 0.5263 -0.5733
vn 0.3220 0.7433 -0.5864
vn 0.9146 -0.0282 0.4034
vn 0.4023 0.9039 0.1456
vn 0.1858 -0.8966 0.4021
vn 0.9146 -0.0281 0.4035
vn 0.8300 0.4535 0.3247
vn 0.5826 -0.0349 -0.8120
vn 0.6197 0.7577 -0.2046
vn 0.2654 0.2383 -0.9342
vn 0.3168 0.9420 -0.1108
vn 0.8782 0.4588 0.1352
vn 0.7516 0.6595 0.0143
vn 0.8765 0.4659 -0.1209
vn 0.8308 0.4689 0.2999
vn 0.9648 0.2592 0.0436
vn 0.9493 -0.2441 0.1979
vn 0.8850 0.4400 -0.1523
vn 0.9998 0.0214 -0.0000
vn 0.9992 0.0138 -0.0379
vn 0.9856 -0.1160 0.1230
vn -0.5725 0.5097 0.6422
vn -0.3886 0.8419 0.3746
vn -0.1042 0.8522 0.5127
vn 0.0722 0.0496 0.9962
vn -0.2440 0.5791 0.7779
vn -0.1189 0.4629 0.8784
vn -0.1071 0.1636 0.9807
vn 0.0722 0.0497 0.9962
vn -0.0191 0.3690 0.9292
vn -0.0383 0.4923 0.8696
vn -0.1188 0.4629 0.8784
vn -0.0709 0.9513 0.3001
vn -0.0536 0.6139 0.7876
vn -0.0537 0.6138 0.7876
vn -0.1882 0.2107 0.9593
vn -0.0864 0.3052 0.9483
vn -0.1425 0.4276 0.8926
vn -0.0862 0.8609 0.5015
vn -0.0584 0.6613 0.7478
vn -0.0923 -0.2022 0.9750
vn -0.0922 -0.2022 0.9750
vn -0.1038 0.2869 0.9523
vn -0.0247 0.8967 0.4419
vn -0.0505 0.8021 0.5951
vn -0.0331 0.0674 0.9972
vn -0.0761 0.0368 0.9964
vn -0.2744 0.1563 0.9488
vn -0.1437 0.2425 0.9595
vn 0.1551 0.9497 0.2719
vn 0.0129 0.2571 0.9663
vn 0.0201 0.8468 0.5315
vn -0.0619 0.7407 0.6690
vn -0.1033 -0.1055 0.9890
vn -0.0148 0.2070 0.9782
vn -0.0048 0.5077 0.8615
vn 0.0446 0.3342 0.9414
vn 0.0447 0.3343 0.9414
vn 0.0213 0.8186 0.5740
vn 0.1926 0.7871 0.5860
vn 0.0623 0.8983 0.4350
vn 0.0402 0.4497 0.8923
vn 0.0482 0.7910 0.6100
vn 0.0920 0.4699 0.8779
vn 0.1801 0.1389 0.9738
vn 0.1162 0.5552 0.8236
vn 0.1772 0.4703 0.8645
vn 0.1615 0.2658 0.9504
vn 0.0383 0.5729 0.8187
vn 0.1597 -0.2154 0.9634
vn 0.1383 0.1993 0.9701
vn 0.1429 0.8062 0.5741
vn 0.0209 0.6043 0.7965
vn 0.1104 0.3610 0.9260
vn 0.1384 0.1994 0.9701
vn -0.1598 0.3678 0.9161
vn 0.1534 -0.1717 0.9731
vn 0.0458 -0.1962 0.9795
vn 0.0458 -0.1961 0.9795
vn -0.0830 0.8115 0.5784
vn -0.3859 0.6545 0.6502
vn 0.3345 0.3814 0.8618
vn -0.3859 0.6544 0.6502
vn -0.5228 0.3155 0.7919
vn 0.3275 0.7246 0.6064
vn 0.8393 0.3238 0.4367
vn 0.7577 0.6148 0.2189
vn -0.7780 0.3439 0.5258
vn 0.7752 0.5332 0.3386
vn 0.8541 0.4196 -0.3075
vn 0.2230 0.3597 -0.9060
vn -0.5645 -0.5032 0.6544
vn 0.4219 -0.7544 0.5029
vn 0.9948 -0.0110 -0.1015
vn -0.6274 -0.5210 0.5788
vn -0.6980 -0.6597 0.2786
vn -0.7016 -0.5854 0.4062
vn -0.5645 -0.5032 0.6543
vn 0.1682 -0.6545 -0.7371
vn 0.1088 -0.1743 -0.9787
vn 0.8567 -0.2799 0.4334
vn 0.0676 -0.5530 -0.8304
vn -0.1407 -0.1849 -0.9726
vn -0.0122 -0.1086 -0.9940
vn 0.1311 -0.2233 0.9659
vn 0.1001 -0.1524 -0.9832
vn 0.1310 -0.2233 0.9659
vn -0.0626 0.0186 -0.9979
vn 0.2166 -0.1240 0.9683
vn -0.1799 -0.4166 0.8911
vn -0.0122 -0.1087 -0.9940
vn 0.3892 -0.0039 -0.9211
vn -0.0625 0.0186 -0.9979
vn -0.1747 0.0727 -0.9819
vn 0.3892 -0.0039 -0.9212
vn -0.1806 -0.1075 -0.9777
vn -0.9804 0.0605 -0.1874
vn 0.1424 -0.0339 0.9892
vn -0.0626 0.0187 -0.9979
vn -0.0972 -0.3103 -0.9456
vn -0.5301 -0.5687 -0.6289
vn -0.0535 -0.5868 0.8080
vn 0.3936 -0.0129 -0.9192
vn 0.6372 -0.7424 0.2070
vn 0.3892 -0.0040 -0.9211
vn -0.0159 0.1424 0.9897
vn -0.0357 -0.4753 -0.8791
vn 0.1682 -0.6546 -0.7370
vn 0.0448 -0.0652 0.9969
vn 0.1212 -0.3352 0.9343
vn 0.0724 -0.1133 -0.9909
vn -0.1125 0.7269 -0.6775
vn 0.0723 -0.1132 -0.9909
vn -0.1045 -0.2083 -0.9725
vn 0.0447 -0.0651 0.9969
vn -0.1125 0.7269 -0.6774
vn 0.0725 -0.1132 -0.9909
vn 0.1213 -0.3351 0.9343
vn 0.0447 -0.0652 0.9969
vn -0.0219 -0.1639 0.9862
vn -0.0198 0.5045 -0.8632
vn 0.1707 0.3133 -0.9342
vn -0.0551 0.0787 -0.9954
vn -0.0385 -0.6818 0.7306
vn -0.6089 -0.7169 0.3396
vn -0.6869 -0.7169 0.1190
vn -0.6307 -0.7760 -0.0012
vn -0.5601 -0.8232 -0.0929
vn -0.2176 -0.9756 0.0290
vn 0.5345 -0.8301 0.1592
vn -0.0120 -0.9899 0.1414
vn 0.2257 -0.9506 0.2132
vn 0.9736 -0.2095 0.0912
vn 0.5429 -0.7420 -0.3934
vn -0.0384 -0.6818 0.7305
vn -0.5810 -0.7535 -0.3076
vn -0.3413 -0.9178 0.2028
vn -0.6308 -0.7760 -0.0011
vn -0.5684 -0.8059 -0.1656
vn 0.8413 -0.3238 -0.4329
vn 0.7320 -0.4239 -0.5334
vn 0.2963 -0.4406 -0.8474
vn 0.6003 -0.4615 0.6532
vn 0.6495 -0.5472 0.5280
vn 0.7313 -0.6766 -0.0864
vn 0.9998 0.0213 -0.0000
vn 0.7783 -0.6246 0.0635
vn 0.6175 -0.6875 -0.3821
vn 0.1220 -0.9884 0.0904
vn 0.6105 -0.7904 0.0504
vn 0.2013 -0.4348 -0.8777
vn -0.7263 -0.0316 -0.6866
vn -0.4906 -0.1575 -0.8570
vn -0.2675 -0.6102 -0.7458
vn -0.1685 -0.7066 -0.6873
vn -0.1490 -0.8452 -0.5132
vn -0.2396 -0.4792 -0.8443
vn -0.1581 -0.7146 -0.6815
vn -0.1574 -0.4361 -0.8860
vn -0.0786 -0.7630 -0.6416
vn -0.0174 -0.9741 -0.2256
vn -0.0595 -0.4779 -0.8764
vn -0.0236 -0.7487 -0.6624
vn 0.0121 -0.4281 -0.9036
vn 0.0368 -0.7593 -0.6497
vn 0.1074 -0.4242 -0.8992
vn -0.0263 -0.9890 -0.1457
vn 0.0302 -0.7548 -0.6552
vn -0.0770 -0.9519 -0.2965
vn 0.2145 -0.6067 -0.7654
vn 0.1984 -0.2279 -0.9533
vn 0.5039 -0.3110 -0.8058
vn 0.3344 -0.3736 -0.8652
vn 0.0804 -0.9636 -0.2548
vn 0.3085 -0.7623 -0.5689
vn -0.1281 -0.8169 -0.5623
vn -0.3567 -0.8451 -0.3983
vn 0.3028 0.2597 -0.9170
vn -0.0179 -0.6271 -0.7787
vn 0.0723 -0.1133 -0.9909
vn 0.1214 -0.3351 0.9343
vn 0.0252 0.0044 0.9997
vn -0.0342 0.0507 -0.9981
vn -0.9980 -0.0476 -0.0419
vn -0.4641 0.4423 0.7675
vn -0.1751 0.9484 0.2644
vn -0.2988 -0.9167 0.2654
vn -0.3987 -0.8003 -0.4478
vn -0.4384 0.3062 -0.8450
vn 0.0909 0.7459 0.6598
vn -0.2292 0.0741 -0.9706
vn -0.0343 0.0507 -0.9981
vn -0.3834 0.4288 -0.8180
vn -0.4843 -0.2447 -0.8400
vn -0.1806 -0.1074 -0.9777
vn -0.0972 -0.3104 -0.9456
vn -0.0534 -0.5868 0.8079
vn -0.4642 0.4422 0.7674
vn 0.0908 0.7460 0.6598
vn -0.1751 0.9484 0.2645
vn 0.0129 0.5517 -0.8339
vn 0.0218 0.9394 0.3421
vn 0.0908 0.7459 0.6598
vn 0.0947 -0.7299 0.6770
vn -0.2987 -0.9167 0.2654
vn 0.0128 0.5518 -0.8339
vn 0.0139 -0.5588 0.8292
vn 0.0122 0.9929 -0.1181
vn 0.0065 0.8711 0.4911
vn 0.0090 0.9202 0.3912
vn -0.0179 -0.0341 0.9993
vn 0.0007 0.9749 -0.2226
vn -0.0064 0.9124 0.4093
vn 0.0005 0.1142 0.9935
vn 0.0095 0.9993 0.0351
vn 0.0058 0.8449 0.5349
vn 0.0573 -0.7633 0.6435
vn 0.0229 0.9554 0.2944
vn -0.0285 -0.1496 0.9883
vn 0.0229 0.9554 0.2945
vn 0.0113 0.4715 -0.8818
vn -0.0682 0.8786 -0.4726
vn -0.1911 0.7981 0.5715
vn -0.1911 0.7980 0.5715
vn -0.0624 -0.8952 0.4412
vn 0.5383 0.8283 0.1555
vn 0.4924 0.3495 -0.7971
vn 0.9306 0.0314 0.3648
vn -0.3988 -0.8003 -0.4477
vn 0.1060 -0.9942 0.0187
vn 0.0894 -0.7872 -0.6101
vn 0.0947 -0.7298 0.6770
vn -0.0121 -0.9998 -0.0125
vn 0.0140 -0.5588 0.8292
vn -0.0239 -0.5315 -0.8467
vn -0.0181 -0.0342 0.9993
vn -0.0344 -0.8655 -0.4997
vn -0.0163 -0.9957 0.0907
vn 0.0005 0.1141 0.9935
vn -0.0063 -0.7849 -0.6196
vn -0.0140 -0.9651 0.2616
vn 0.0049 -1.0000 -0.0046
vn 0.0115 -0.8082 -0.5887
vn 0.0213 -0.9978 0.0627
vn 0.0279 -0.9934 0.1114
vn 0.0336 -0.7034 -0.7100
vn -0.0284 -0.1497 0.9883
vn -0.0847 -0.9963 0.0141
vn -0.0623 -0.8953 0.4412
vn 0.6010 -0.6419 -0.4762
vn 0.9306 0.0315 0.3648
vn 0.5383 0.8283 0.1556
vn 0.4924 0.3494 -0.7971
vn 0.6373 -0.7424 0.2069
vn -0.7052 -0.6852 -0.1822
vn -0.3315 0.0407 -0.9426
vn 0.0894 -0.7873 -0.6101
vn 0.0129 0.5518 -0.8339
vn -0.0162 0.0592 -0.9981
vn -0.0345 -0.8655 -0.4997
vn -0.0003 0.0382 -0.9993
vn 0.0073 0.0850 -0.9964
vn 0.0095 0.9993 0.0350
vn 0.0115 -0.8083 -0.5887
vn 0.0337 -0.7035 -0.7099
vn -0.5333 0.8411 0.0905
vn -0.1475 0.9891 0.0032
vn -0.5692 0.8221 -0.0096
vn -0.0390 0.9964 0.0753
vn -0.7164 0.6967 -0.0376
vn -0.1854 0.9816 -0.0456
vn -0.7638 0.6446 -0.0342
vn -0.6231 0.7750 -0.1050
vn -0.1470 0.9787 -0.1436
vn -0.3530 0.9240 -0.1468
vn -0.0446 0.9940 -0.1000
vn -0.0689 0.9847 -0.1601
vn -0.0555 0.9927 -0.1075
vn -0.1031 0.9720 0.2111
vn -0.0518 0.9980 -0.0350
vn -0.0663 0.9959 -0.0612
vn 0.0133 0.9687 -0.2478
vn -0.0258 0.9996 0.0069
vn -0.0179 0.9899 0.1406
vn -0.0405 0.9536 0.2983
vn -0.0200 0.9848 -0.1728
vn -0.0521 0.8888 -0.4554
vn -0.0035 0.9985 0.0545
vn -0.0012 0.9997 -0.0231
vn -0.0135 0.9980 -0.0610
vn -0.0270 0.9934 -0.1113
vn -0.1077 0.9751 -0.1940
vn 0.0123 0.9426 -0.3336
vn -0.0361 0.9902 -0.1352
vn -0.0012 0.9931 -0.1176
vn 0.0019 0.9494 0.3141
vn 0.0145 0.9998 0.0126
vn 0.0392 0.9762 -0.2134
vn -0.0397 0.6824 -0.7299
vn 0.0194 0.9989 -0.0426
vn 0.0346 0.9870 -0.1572
vn 0.0303 0.9949 -0.0966
vn 0.1311 0.9678 -0.2149
vn 0.0613 0.9834 -0.1710
vn 0.0239 0.9969 0.0753
vn 0.1538 0.7524 -0.6405
vn 0.0106 0.9843 0.1763
vn 0.0169 0.9976 -0.0675
vn 0.0637 0.9804 -0.1863
vn 0.0493 0.9986 -0.0191
vn 0.0524 0.9926 -0.1099
vn 0.0913 0.9956 0.0184
vn 0.0513 0.9932 -0.1046
vn 0.0763 0.9952 -0.0621
vn 0.2887 0.5976 -0.7480
vn 0.1027 0.9860 -0.1315
vn 0.1174 0.9788 -0.1679
vn 0.2004 0.9726 -0.1174
vn 0.2556 0.9666 -0.0197
vn 0.3586 0.8634 -0.3548
vn 0.4379 0.8872 -0.1456
vn 0.1064 0.9933 0.0455
vn 0.4600 0.8862 -0.0563
vn 0.5851 0.7991 -0.1382
vn 0.4436 0.8958 -0.0283
vn 0.4239 0.9023 0.0777
vn 0.5096 0.8604 -0.0071
vn 0.7270 0.6788 -0.1033
vn 0.0069 -0.8463 0.5327
vn -0.4610 0.3044 0.8335
vn -0.4175 -0.3683 0.8307
vn 0.6595 -0.4507 0.6017
vn 0.4433 0.1787 0.8784
vn -0.0235 0.0056 0.9997
vn 0.6102 -0.4944 0.6191
vn 0.0224 -0.4119 0.9110
vn -0.1063 -0.0836 0.9908
vn -0.0622 -0.5474 0.8346
vn -0.0345 -0.2924 0.9557
vn -0.0787 0.2138 0.9737
vn -0.1250 -0.1206 0.9848
vn -0.0173 0.4418 0.8969
vn -0.0078 -0.6003 0.7997
vn -0.0184 -0.2864 0.9579
vn -0.0331 0.0673 0.9972
vn -0.0007 -0.1496 0.9887
vn -0.0148 0.2069 0.9782
vn -0.0089 0.7913 0.6114
vn 0.0328 -0.4669 0.8837
vn 0.0370 -0.0524 0.9979
vn 0.0208 -0.4538 0.8909
vn 0.0401 0.4496 0.8923
vn 0.0445 0.1665 0.9850
vn 0.0846 -0.4270 0.9003
vn 0.1176 -0.0668 0.9908
vn 0.0363 -0.6578 0.7524
vn 0.0135 -0.9715 0.2366
vn 0.0489 0.1114 0.9926
vn 0.0102 -0.3812 0.9245
vn 0.0580 0.1828 0.9814
vn 0.2190 0.0683 0.9733
vn -0.0234 -0.1694 0.9853
vn 0.3857 0.2612 0.8848
vn -0.6027 -0.4950 0.6258
vn 0.0338 0.1266 0.9914
vn -0.3387 -0.0795 0.9375
vn -0.5158 -0.3404 0.7862
vn 0.4022 -0.0011 0.9156
vn 0.3345 0.3814 0.8617
vn 0.5576 0.4232 0.7141
vn 0.0337 0.1266 0.9914
vn -0.5159 -0.3404 0.7861
vn -0.1592 0.2267 0.9609
vn -0.1592 0.2266 0.9609
vn 0.4668 0.2671 0.8431
vn 0.4948 -0.1658 0.8530
vn 0.4638 0.3538 0.8123
vn 0.4848 -0.0081 0.8746
vn 0.4639 0.6405 0.6121
vn 0.5583 0.1999 0.8052
vn 0.5839 0.2978 0.7553
vn 0.7903 0.2953 0.5368
vn 0.7339 0.4075 0.5435
vn 0.4434 0.1786 0.8784
vn 0.0069 -0.8462 0.5328
vn -0.1396 0.5572 0.8185
vn 0.0012 0.8565 0.5162
vn -0.0357 0.9220 0.3855
vn -0.0640 -0.3311 0.9414
vn -0.0788 0.2139 0.9737
vn -0.0109 0.6944 0.7195
vn -0.0255 -0.8411 0.5402
vn -0.0173 0.4418 0.8970
vn 0.0025 -0.8348 0.5505
vn 0.0119 0.7193 0.6946
vn 0.0228 0.8690 0.4942
vn 0.0446 0.1665 0.9850
vn 0.0364 -0.6577 0.7524
vn 0.0250 0.8962 0.4429
vn 0.0490 0.1113 0.9926
vn 0.0581 0.1828 0.9814
vn -0.0190 0.8920 0.4517
vn -0.3387 -0.0796 0.9375
vn -0.1153 0.7920 0.5996
vn -0.0614 -0.9929 -0.1015
vn 0.2973 0.8270 -0.4772
vn -0.0601 0.9802 0.1886
vn -0.0384 0.4923 0.8696
vn -0.0864 0.3053 0.9483
vn -0.1437 0.2426 0.9594
vn -0.2744 0.1562 0.9488
vn 0.2650 -0.5834 0.7677
vn -0.2195 0.6064 0.7642
vn 0.0681 -0.2190 0.9734
vn -0.5189 0.2227 0.8253
vn 0.0680 -0.2190 0.9734
vn -0.0351 -0.2204 -0.9748
vn 0.4580 0.8805 -0.1220
vn -0.0049 0.5077 0.8615
vn 0.1678 -0.1800 0.9693
vn 0.1801 0.1390 0.9738
vn 0.1679 -0.1800 0.9692
vn 0.1103 0.3610 0.9260
vn 0.0384 0.5730 0.8187
vn -0.3858 0.6544 0.6503
vn 0.0426 0.9949 -0.0912
vn -0.0603 0.9802 0.1886
vn 0.0675 0.2823 0.9569
vn 0.0012 0.9939 -0.1105
vn 0.4587 0.4074 0.7897
vn 0.0401 0.9728 -0.2282
vn -0.0262 0.9043 -0.4261
vn -0.0097 0.9232 -0.3841
vn -0.0872 0.9370 -0.3384
vn -0.0098 0.9579 0.2871
vn 0.0014 0.9827 -0.1853
vn -0.1530 0.1864 -0.9705
vn 0.4587 0.4075 0.7897
vn 0.0427 0.9949 -0.0912
vn 0.4879 -0.8490 -0.2029
vn 0.0203 -0.9823 -0.1860
vn -0.2743 0.1562 0.9489
vn -0.0774 0.2029 -0.9761
vn 0.1552 0.9498 0.2718
vn -0.1032 -0.1054 0.9891
vn -0.2196 0.6064 0.7642
vn -0.0351 -0.2205 -0.9748
vn 0.0681 -0.2189 0.9734
vn 0.4580 0.8806 -0.1221
vn 0.1926 0.7870 0.5861
vn -0.1224 0.4481 -0.8856
vn -0.0240 0.9679 -0.2504
vn -0.0600 -0.7153 -0.6962
vn -0.0602 0.5804 -0.8121
vn -0.0257 -0.9962 -0.0828
vn 0.0527 0.7398 -0.6708
vn -0.6964 -0.6965 -0.1729
vn 0.0675 0.2824 0.9569
vn 0.0389 0.8373 0.5453
vn 0.0970 0.1627 0.9819
vn -0.0256 -0.9962 -0.0827
vn -0.6964 -0.6965 -0.1730
vn 0.0014 0.9827 -0.1854
vn -0.0099 0.9579 0.2871
vn -0.0397 0.6825 -0.7299
vn 0.0719 0.8287 -0.5550
vn 0.1539 0.7523 -0.6406
vn 0.2429 0.5888 -0.7709
vn 0.2888 0.5977 -0.7479
vn 0.2934 0.7341 -0.6123
vn 0.3585 0.8634 -0.3549
vn 0.4547 0.7713 -0.4454
vn -0.3105 -0.6883 -0.6557
vn -0.7610 -0.6352 -0.1321
vn -0.4877 -0.8713 0.0541
vn -0.4505 -0.8927 -0.0115
vn -0.5842 -0.8111 -0.0294
vn -0.2266 -0.9740 -0.0006
vn -0.5195 -0.8544 0.0048
vn -0.1018 -0.9933 0.0545
vn 0.6620 -0.0115 0.7495
vn 0.5576 0.4231 0.7141
vn 0.7160 0.5425 0.4394
vn 0.5807 0.2169 0.7847
vn 0.4871 -0.4385 0.7553
vn 0.5309 0.6187 0.5792
vn 0.4667 0.4750 0.7460
vn 0.5492 0.0945 0.8303
vn 0.3449 0.6660 0.6614
vn 0.4672 -0.4413 0.7661
vn 0.2636 0.0868 0.9607
vn -0.6431 -0.4524 0.6178
vn 0.3550 0.4014 0.8443
vn -0.7614 -0.1762 0.6239
vn 0.8019 -0.1168 0.5860
vn 0.6100 -0.5145 0.6026
vn 0.8018 -0.1168 0.5860
vn 0.6619 -0.0115 0.7495
vn 0.4870 -0.4385 0.7553
vn 0.4848 -0.0082 0.8746
vn 0.4672 -0.4414 0.7661
vn -0.2244 -0.6838 0.6943
vn -0.7613 -0.1762 0.6240
vn 0.3550 0.4015 0.8443
vn 0.7126 0.3290 0.6197
vn 0.8018 -0.1167 0.5860
vn 0.0867 -0.9950 -0.0500
vn 0.6859 -0.6973 -0.2080
vn 0.1488 -0.9704 -0.1903
vn 0.7521 -0.6578 0.0410
vn 0.3852 -0.7974 -0.4645
vn 0.5850 -0.7337 -0.3458
vn 0.4880 -0.6544 -0.5776
vn -0.0021 -0.9629 0.2700
vn -0.1452 -0.9807 -0.1306
vn 0.0594 -0.6952 -0.7163
vn 0.4580 -0.8437 0.2799
vn -0.3686 -0.7863 0.4958
vn 0.7153 -0.6987 -0.0138
vn 0.8815 -0.4374 0.1777
vn 0.8581 -0.4986 -0.1225
vn 0.5395 -0.8408 0.0453
vn 0.6297 -0.7338 -0.2550
vn 0.4927 -0.7887 0.3676
vn 0.5743 -0.7140 0.4005
vn 0.7125 -0.6562 -0.2486
vn 0.3147 -0.9086 -0.2745
vn 0.3063 -0.8973 0.3179
vn 0.4665 -0.5688 0.6774
vn 0.6606 -0.7046 -0.2591
vn 0.5202 -0.3097 -0.7959
vn 0.3212 0.2338 -0.9177
vn 0.6106 0.1562 0.7764
vn 0.4219 -0.6623 -0.6192
vn 0.2253 -0.0617 -0.9723
vn 0.0776 0.0949 -0.9925
vn 0.6353 0.0059 -0.7722
vn 0.5268 -0.2706 -0.8058
vn -0.1993 -0.7887 -0.5816
vn 0.5132 -0.8570 0.0461
vn 0.1883 -0.9816 -0.0314
vn 0.3955 -0.9160 0.0675
vn 0.5083 -0.8588 0.0640
vn 0.4983 -0.8669 0.0134
vn 0.8750 -0.4610 0.1480
vn 0.6860 -0.6972 -0.2080
vn 0.7521 -0.6578 0.0411
vn 0.3390 -0.9385 -0.0662
vn 0.0626 -0.8851 0.4611
vn 0.2214 -0.9657 -0.1353
vn 0.6714 -0.6656 0.3258
vn -0.0021 -0.9628 0.2700
vn 0.0271 -0.9953 0.0926
vn -0.0544 -0.9482 0.3129
vn 0.3130 -0.8151 0.4875
vn 0.4580 -0.8437 0.2800
vn 0.5661 -0.7800 -0.2666
vn 0.0594 -0.6952 -0.7164
vn -0.2975 -0.6133 0.7317
vn 0.1135 -0.9760 0.1861
vn 0.5019 -0.8325 0.2348
vn 0.8635 -0.4076 0.2970
vn 0.1845 -0.9752 0.1226
vn -0.7069 -0.5714 0.4169
vn 0.3666 -0.9004 0.2343
vn 0.5039 -0.3110 -0.8059
vn 0.2144 -0.6067 -0.7654
vn 0.3086 -0.7623 -0.5689
vn -0.0179 -0.6271 -0.7788
vn -0.0304 -0.9691 0.2449
vn 0.7152 -0.6988 -0.0137
vn -0.0590 -0.9656 -0.2533
vn 0.4928 -0.7887 0.3677
vn 0.0296 -0.9851 -0.1695
vn 0.6298 -0.7337 -0.2550
vn 0.3062 -0.8973 0.3179
vn -0.3782 -0.8106 -0.4472
vn -0.3391 -0.8670 0.3653
vn 0.6606 -0.7046 -0.2592
vn 0.0941 -0.9930 -0.0719
vn -0.6702 -0.7422 0.0017
vn 0.1350 -0.7357 -0.6637
vn 0.2609 -0.7749 0.5757
vn 0.0954 -0.7883 0.6079
vn -0.9070 -0.3722 0.1970
vn -0.7428 -0.4598 0.4867
vn -0.6132 -0.2237 -0.7576
vn 0.2652 -0.7298 0.6301
vn 0.2937 -0.6770 -0.6748
vn 0.3389 -0.9385 -0.0662
vn 0.0272 -0.9953 0.0925
vn 0.5132 -0.8571 0.0461
vn -0.1590 -0.9765 -0.1457
vn 0.2214 -0.9657 -0.1354
vn 0.1980 -0.9079 -0.3696
vn -0.7166 -0.4384 -0.5424
vn -0.9934 0.0593 0.0979
vn 0.7763 -0.5860 -0.2324
vn 0.0101 -0.9396 0.3423
vn -0.0544 -0.9482 0.3130
vn 0.7763 -0.5859 -0.2324
vn 0.7837 0.6104 -0.1147
vn 0.6098 0.7512 -0.2527
vn 0.4379 0.8871 -0.1456
vn 0.5851 0.7991 -0.1381
vn 0.8045 0.5926 -0.0392
vn 0.4601 0.8861 -0.0563
vn 0.7271 0.6787 -0.1033
vn 0.8438 0.5350 -0.0423
vn 0.5097 0.8603 -0.0071
vn 0.9979 -0.0228 -0.0614
vn 0.9946 0.0261 -0.1002
vn 0.9380 0.3460 0.0214
vn 0.9439 0.2402 0.2266
vn 0.8659 0.4978 -0.0490
vn 0.6349 0.4731 0.6108
vn 0.7845 0.4394 0.4376
vn 0.8290 0.5559 -0.0602
vn 0.4436 0.8958 -0.0284
vn 0.9861 0.1658 -0.0083
vn 0.4240 0.9023 0.0777
vn 0.9850 0.1420 -0.0980
vn 0.6311 0.7528 -0.1869
vn 0.8712 0.4794 0.1056
vn 0.8712 0.4794 0.1057
vn 0.9096 -0.3055 -0.2816
vn 0.9633 0.0596 -0.2619
vn 0.9500 0.3090 -0.0444
vn 0.8813 0.4706 -0.0429
vn 0.6849 0.7252 -0.0710
vn 0.2551 0.3689 0.8938
vn 0.7496 0.6582 -0.0699
vn 0.8553 0.5103 0.0893
vn 0.9915 0.0536 -0.1189
vn 0.8704 0.4922 -0.0109
vn 0.7872 0.5845 -0.1967
vn 0.4527 0.8894 0.0634
vn 0.6125 0.7882 -0.0595
vn 0.5039 0.8489 -0.1595
vn 0.7946 0.6070 0.0139
vn 0.4639 0.8857 0.0167
vn 0.5502 0.8347 0.0232
vn 0.7774 0.5751 0.2548
vn 0.9699 -0.0379 -0.2406
vn 0.8197 0.5713 -0.0417
vn 0.9758 0.0429 -0.2146
vn 0.9275 0.1970 -0.3178
vn 0.6185 0.7410 -0.2615
vn 0.9163 0.3956 0.0619
vn 0.4668 0.2671 0.8430
vn 0.5839 0.2978 0.7552
vn 0.1482 0.6957 0.7029
vn 0.7656 0.5377 0.3532
vn 0.9879 0.1419 -0.0627
vn 0.7648 0.6361 -0.1020
vn 0.8569 0.5005 0.1234
vn 0.9474 0.3199 0.0111
vn 0.6123 0.7801 -0.1288
vn 0.9274 0.3589 0.1057
vn 0.4480 0.7785 0.4395
vn 0.7800 0.6258 0.0086
vn 0.0798 0.9956 0.0491
vn 0.9879 0.1420 -0.0627
vn 0.7396 0.6712 -0.0496
vn 0.7186 0.6953 -0.0092
vn 0.5559 0.8255 0.0974
vn 0.2520 0.9617 0.1082
vn 0.7214 0.6828 0.1154
vn 0.7675 0.6407 -0.0203
vn 0.3164 0.6999 0.6404
vn 0.6691 0.7431 0.0147
vn 0.7991 0.5210 -0.3000
vn 0.4686 0.8350 -0.2884
vn 0.8559 0.5109 -0.0802
vn 0.5558 0.5894 -0.5862
vn 0.7945 0.6039 -0.0647
vn 0.9515 0.2630 -0.1595
vn 0.7819 0.5984 0.1748
vn 0.2538 0.9159 0.3109
vn 0.8317 0.5552 -0.0021
vn 0.7275 0.6843 0.0491
vn 0.3232 0.9408 0.1020
vn 0.7340 0.6758 0.0664
vn 0.7339 0.4075 0.5434
vn 0.7373 0.6742 0.0427
vn 0.7311 0.6808 0.0457
vn 0.9074 0.4152 -0.0656
vn 0.9251 0.3523 -0.1415
vn 0.7721 0.6338 0.0464
vn 0.4566 0.8883 0.0490
vn 0.4006 0.9157 0.0307
vn 0.1521 0.9864 0.0630
vn 0.6917 0.7211 0.0407
vn 0.8638 0.5033 -0.0236
vn 0.4344 0.8962 0.0903
vn 0.7819 0.5983 0.1748
vn 0.4410 0.0972 0.8922
vn -0.5989 0.7281 0.3334
vn 0.4901 0.3291 0.8071
vn 0.7904 0.2953 0.5368
vn -0.0814 0.8987 -0.4309
vn 0.8533 0.4992 -0.1505
vn 0.0626 -0.7190 0.6922
vn 0.8380 0.5457 -0.0006
vn 0.7705 0.6359 0.0439
vn 0.9354 0.1426 -0.3235
vn 0.7957 0.6010 0.0757
vn 0.7346 0.6702 0.1055
vn 0.8360 0.5385 -0.1052
vn 0.8936 0.3586 0.2700
vn 0.8456 0.5108 0.1550
vn 0.7452 0.6332 0.2091
vn 0.7126 0.3289 0.6197
vn 0.9223 0.3863 0.0138
vn 0.9054 0.4187 0.0700
vn 0.8884 0.4521 -0.0795
vn 0.9562 0.2922 0.0188
vn 0.7133 0.6979 -0.0641
vn 0.9729 0.1195 0.1978
vn 0.8169 0.5767 0.0066
vn 0.9345 0.2143 -0.2841
vn 0.9262 0.3756 0.0340
vn 0.9015 0.2696 0.3384
vn 0.8170 0.5767 0.0066
vn 0.9957 0.0827 0.0417
vn 0.7134 0.6979 -0.0641
vn 0.8318 0.5551 -0.0021
vn 0.9894 0.1454 -0.0034
vn 0.7133 0.6979 -0.0642
vn 0.9957 0.0826 0.0417
vn 0.2647 0.9538 0.1419
vn 0.9345 0.1952 0.2977
vn 0.8749 0.4828 -0.0382
vn 0.9719 0.2349 -0.0155
vn 0.5573 0.8301 -0.0179
vn 0.5220 -0.7747 0.3569
vn 0.9246 0.3752 -0.0658
vn 0.9936 0.1123 0.0127
vn 0.9266 0.3744 0.0358
vn 0.9469 0.2945 0.1291
vn 0.9719 0.2143 0.0969
vn 0.8763 0.4777 0.0620
vn 0.9417 0.1821 0.2828
vn 0.9923 0.0779 0.0961
vn 0.9768 -0.1888 0.1013
vn 0.9059 0.3990 -0.1416
vn 0.9719 0.2349 -0.0154
vn -0.6123 -0.2378 0.7541
vn 0.9703 0.2417 -0.0007
vn 0.9900 0.1403 0.0152
vn 0.9896 0.1438 0.0056
vn 0.0865 0.9962 0.0048
vn 0.8380 0.5456 -0.0007
vn 0.8764 0.4777 0.0619
vn 0.9634 0.2680 -0.0032
vn 0.9920 0.1264 -0.0052
vn 0.9809 0.1753 0.0841
vn 0.9455 0.2505 0.2082
vn 0.9969 0.0769 0.0185
vn 0.9933 0.1158 0.0041
vn 0.9949 0.0974 0.0241
vn 0.9925 0.1223 0.0056
vn 0.9930 0.1177 0.0065
vn 0.9882 0.1518 0.0209
vn 0.9687 0.2482 0.0009
vn 0.9294 0.3687 -0.0161
vn 0.9562 0.2921 0.0188
vn 0.9961 -0.0245 0.0853
vn 0.9873 -0.0749 -0.1402
vn 0.9990 0.0445 0.0020
vn 0.9963 0.0429 0.0742
vn 0.9637 0.1890 -0.1888
vn 0.9933 0.0936 -0.0685
vn 0.9665 -0.2563 0.0101
vn 0.9888 0.1286 -0.0760
vn 0.9981 0.0623 0.0004
vn 0.9942 -0.0650 -0.0860
vn 0.9996 -0.0275 -0.0008
vn 0.9999 0.0099 0.0032
vn 0.9850 -0.1701 0.0308
vn 0.9892 -0.1329 -0.0619
vn 0.9273 -0.3332 0.1706
vn 0.9653 -0.2272 -0.1288
vn 0.7962 -0.5285 -0.2946
vn 0.9010 -0.4316 -0.0440
vn 0.1505 -0.3744 -0.9150
vn 0.1488 -0.9704 -0.1902
vn 0.0017 -0.9680 -0.2508
vn 0.6086 -0.5291 -0.5913
vn -0.0532 0.5440 -0.8374
vn 0.0728 -0.5837 -0.8087
vn -0.1591 -0.3764 0.9127
vn 0.4641 -0.0638 -0.8835
vn 0.0666 -0.1132 -0.9913
vn 0.0871 0.0278 0.9958
vn -0.5545 -0.8230 0.1238
vn 0.5986 0.2154 -0.7716
vn -0.1040 -0.8487 -0.5185
vn 0.0966 -0.8810 -0.4632
vn 0.1957 -0.4882 -0.8505
vn 0.3265 -0.6803 0.6562
vn 0.7245 -0.3005 0.6203
vn 0.9685 -0.1543 -0.1954
vn 0.7516 -0.3116 -0.5814
vn 0.5084 -0.8588 0.0640
vn 0.3004 -0.9355 -0.1860
vn -0.1498 -0.9873 -0.0522
vn -0.5607 -0.5198 0.6445
vn -0.7846 -0.4666 0.4082
vn 0.4218 -0.6623 -0.6192
vn 0.3868 -0.0074 -0.9221
vn 0.3147 -0.9086 -0.2746
vn 0.0528 0.0210 -0.9984
vn 0.2254 -0.0618 -0.9723
vn 0.1507 0.0690 -0.9862
vn 0.0540 -0.0765 -0.9956
vn 0.1390 0.0580 -0.9886
vn 0.0185 0.1133 -0.9934
vn 0.0206 0.0502 -0.9985
vn 0.0185 0.1132 -0.9934
vn 0.0883 0.1598 -0.9832
vn 0.3778 0.7647 0.5220
vn 0.2074 0.0310 -0.9778
vn -0.2851 0.4497 -0.8465
vn -0.1397 0.5214 0.8418
vn -0.1006 0.1045 0.9894
vn -0.2852 0.4496 -0.8465
vn 0.0540 -0.0764 -0.9956
vn -0.2295 -0.9551 -0.1873
vn 0.0148 0.0169 -0.9997
vn 0.0147 0.0168 -0.9997
vn -0.1005 0.1044 0.9894
vn -0.1397 0.5213 0.8418
vn -0.2032 -0.0123 0.9791
vn -0.0542 0.0612 -0.9967
vn 0.1003 0.1315 -0.9862
vn 0.0316 0.0871 -0.9957
vn -0.2579 -0.5020 -0.8255
vn 0.0478 -0.0526 -0.9975
vn -0.2033 -0.0124 0.9790
vn -0.2578 -0.5020 -0.8255
vn 0.4673 0.3235 -0.8228
vn 0.0477 -0.0525 -0.9975
vn -0.0513 -0.0897 -0.9946
vn -0.3797 -0.7491 0.5428
vn -0.2579 -0.5020 -0.8256
vn -0.8090 -0.5725 0.1336
vn -0.2355 0.4779 0.8462
vn 0.0478 -0.0525 -0.9975
vn -0.8089 -0.5725 0.1336
vn 0.1231 0.5684 0.8135
vn -0.0513 -0.0897 -0.9947
vn -0.7410 -0.0987 -0.6642
vn -0.7410 -0.0986 -0.6642
vn 0.1138 -0.9829 -0.1447
vn 0.3864 -0.4198 -0.8213
vn 0.6081 -0.4441 0.6580
vn 0.8253 -0.1819 -0.5346
vn 0.9105 -0.1348 -0.3910
vn 0.3212 0.2339 -0.9177
vn 0.3869 -0.0075 -0.9221
vn 0.2651 -0.2248 0.9376
vn 0.3869 -0.0074 -0.9221
vn 0.4219 -0.6623 -0.6191
vn 0.2653 -0.2248 0.9376
vn 0.1399 -0.7320 0.6667
vn 0.4666 -0.5688 0.6774
vn -0.0621 -0.6548 0.7532
vn 0.0637 -0.5682 0.8204
vn 0.1657 -0.9149 0.3681
vn -0.1504 -0.8831 0.4445
vn -0.0424 -0.3564 0.9334
vn -0.1980 -0.9731 0.1181
vn 0.5729 -0.2889 0.7670
vn 0.6176 -0.1839 -0.7647
vn 0.6515 -0.2373 0.7206
vn 0.9693 -0.1519 0.1932
vn 0.4929 -0.7689 0.4071
vn 0.7514 -0.6579 0.0508
vn 0.8765 0.4584 -0.1470
vn 0.8112 0.3999 -0.4266
vn 0.8077 -0.3319 0.4872
vn 0.7576 -0.2460 0.6046
vn 0.9506 -0.2693 0.1542
vn 0.6035 -0.2871 0.7438
vn 0.9262 -0.3564 -0.1231
vn 0.9961 -0.0245 0.0852
vn 0.9273 -0.3331 0.1706
vn 0.9892 -0.1328 -0.0620
vn 0.2652 -0.2248 0.9376
vn 0.5203 -0.3098 -0.7958
vn 0.0528 0.0211 -0.9984
vn 0.0776 0.0950 -0.9925
vn 0.2253 -0.0618 -0.9723
vn 0.6354 0.0060 -0.7722
vn 0.6106 0.1561 0.7764
vn 0.5269 -0.2704 -0.8058
vn 0.6105 0.1563 0.7764
vn 0.5269 -0.2706 -0.8057
vn -0.1397 0.5213 0.8419
vn -0.1994 -0.7887 -0.5816
vn -0.6820 -0.5412 -0.4919
vn -0.1591 -0.3765 0.9127
vn 0.6086 -0.5292 -0.5912
vn 0.0569 -0.2245 0.9728
vn 0.0727 -0.5837 -0.8087
vn 0.0355 -0.5740 0.8181
vn -0.0532 0.5441 -0.8374
vn -0.3687 -0.7863 0.4958
vn 0.4881 -0.6543 -0.5776
vn -0.5544 -0.8230 0.1238
vn -0.9121 -0.3661 0.1846
vn -0.5409 -0.5872 0.6022
vn -0.1452 -0.9807 -0.1307
vn -0.3687 -0.7862 0.4958
vn -0.1040 -0.8488 -0.5185
vn -0.8394 -0.5435 0.0016
vn -0.2114 -0.9547 0.2094
vn -0.5883 -0.7475 0.3086
vn -0.5197 -0.6604 0.5420
vn -0.0306 -0.8486 0.5281
vn -0.2585 -0.9529 -0.1587
vn -0.3165 -0.4755 0.8208
vn -0.0778 -0.4679 0.8803
vn -0.8019 -0.2815 0.5270
vn -0.0304 -0.6494 0.7598
vn 0.0466 -0.9981 -0.0396
vn 0.0815 -0.9468 0.3113
vn 0.3265 -0.6802 0.6563
vn 0.1864 -0.4554 0.8705
vn 0.2155 -0.7072 0.6734
vn 0.4983 -0.2450 0.8316
vn 0.3429 -0.9315 0.1211
vn 0.4937 -0.7513 0.4379
vn 0.6252 -0.3993 0.6706
vn 0.9453 -0.2349 0.2265
vn -0.5606 -0.5198 0.6446
vn -0.1451 -0.9808 -0.1305
vn -0.8520 0.0937 -0.5151
vn -0.7975 -0.2659 -0.5415
vn -0.9885 0.0570 0.1401
vn -0.7088 -0.6779 -0.1948
vn -0.7846 -0.4667 0.4082
vn -0.8516 -0.2452 -0.4633
vn -0.4428 -0.8949 0.0552
vn -0.9678 0.2379 -0.0829
vn -0.9689 -0.2107 0.1297
vn -0.8394 -0.5434 0.0016
vn -0.5883 -0.7474 0.3086
vn -0.9955 0.0952 -0.0024
vn -0.9603 -0.2576 -0.1069
vn -0.9666 0.2263 0.1200
vn -0.9550 -0.2183 -0.2006
vn -0.9550 -0.2184 -0.2007
vn -0.9049 0.4135 0.1004
vn -0.9347 0.3548 -0.0202
vn -0.9666 0.2264 0.1201
vn -0.7783 0.4967 0.3842
vn -0.5198 -0.6604 0.5420
vn -0.9049 0.4136 0.1005
vn -0.9677 0.2379 -0.0829
vn -0.4063 0.6630 -0.6288
vn -0.4317 -0.6108 -0.6638
vn -0.9934 0.0592 0.0980
vn -0.1590 -0.9765 -0.1456
vn -0.9833 0.1497 -0.1038
vn -0.4270 -0.8001 -0.4213
vn -0.9603 -0.2577 -0.1070
vn -0.8394 -0.5435 0.0015
vn -0.7166 -0.4384 -0.5425
vn -0.3326 -0.3847 -0.8611
vn -0.8652 0.3453 -0.3635
vn -0.8809 0.4471 0.1552
vn -0.7691 0.5158 0.3773
vn 0.0101 -0.9396 0.3422
vn -0.6022 0.7427 0.2928
vn 0.7763 -0.5859 -0.2325
vn -0.8557 -0.1002 0.5076
vn -0.8809 0.4472 0.1552
vn -0.2508 -0.7217 -0.6452
vn -0.5496 0.4698 -0.6908
vn -0.6981 0.2786 -0.6595
vn 0.1845 -0.9751 0.1226
vn -0.9503 -0.2105 -0.2292
vn 0.1135 -0.9759 0.1862
vn -0.4954 -0.0427 -0.8676
vn -0.7267 0.6869 0.0065
vn -0.5403 -0.5151 -0.6654
vn -0.2950 -0.8676 0.4004
vn -0.9909 -0.1084 0.0801
vn -0.3668 -0.9285 -0.0579
vn -0.7068 -0.5715 0.4169
vn -0.5825 0.7971 0.1590
vn -0.7649 0.2029 0.6114
vn -0.1590 -0.3765 0.9127
vn 0.4880 -0.6543 -0.5777
vn 0.0355 -0.5739 0.8182
vn 0.0729 -0.5837 -0.8087
vn -0.6702 -0.7422 0.0018
vn -0.9372 -0.1827 -0.2972
vn -0.7427 -0.4598 0.4867
vn -0.0305 -0.9691 0.2448
vn -0.3440 0.1839 -0.9208
vn -0.9570 -0.2268 0.1811
vn -0.9948 -0.0923 -0.0438
vn 0.0955 -0.7883 0.6079
vn -0.5867 0.2496 0.7704
vn -0.6821 -0.5411 -0.4919
vn -0.3389 -0.8670 0.3653
vn -0.9930 -0.0664 0.0972
vn -0.8479 0.4206 -0.3226
vn -0.9767 -0.1515 -0.1521
vn -0.9883 -0.1520 0.0141
vn -0.9025 -0.3070 -0.3022
vn -0.9326 0.2428 0.2669
vn -0.4475 -0.4753 0.7575
vn -0.9953 -0.0761 0.0595
vn -0.9611 0.1731 0.2154
vn -0.8862 -0.4455 -0.1269
vn -0.9962 -0.0344 -0.0795
vn -0.8391 -0.3495 0.4169
vn -0.6133 -0.2237 -0.7575
vn -0.7158 -0.6523 0.2494
vn -0.7482 -0.6632 0.0197
vn -0.3561 -0.7895 -0.4998
vn -0.8783 0.1711 -0.4464
vn -0.5526 -0.4117 -0.7246
vn -0.2917 0.6552 0.6969
vn -0.3724 0.7428 -0.5564
vn -0.6279 0.7645 0.1462
vn -0.2917 0.6551 0.6969
vn -0.3724 0.7427 -0.5566
vn -0.8613 0.2874 -0.4190
vn -0.9974 0.0358 -0.0633
vn -0.7601 -0.0091 -0.6498
vn -0.7536 -0.5431 0.3703
vn -0.1950 -0.6391 -0.7440
vn 0.6351 -0.6895 0.3482
vn -0.7311 -0.6792 -0.0646
vn 0.5512 0.7016 0.4516
vn -0.9867 0.1540 0.0517
vn -0.2933 -0.4201 0.8588
vn 0.0941 -0.9930 -0.0720
vn 0.4127 -0.4559 -0.7886
vn -0.0810 0.0973 -0.9920
vn -0.3724 0.7427 -0.5565
vn -0.8479 0.4207 -0.3227
vn -0.8613 0.2873 -0.4191
vn -0.7601 -0.0092 -0.6497
vn 0.6500 -0.6934 0.3110
vn -0.1005 0.1045 0.9894
vn -0.2851 0.4497 -0.8464
vn -0.1006 0.1044 0.9894
vn 0.3779 0.7647 0.5220
vn 0.1389 0.0580 -0.9886
vn -0.2579 -0.5021 -0.8255
vn -0.0453 -0.3042 -0.9515
vn 0.5662 -0.7800 -0.2665
vn -0.4064 0.6630 -0.6287
vn -0.9677 0.2380 -0.0829
vn -0.8520 0.0936 -0.5151
vn -0.1270 0.1332 -0.9829
vn -0.4953 -0.0427 -0.8677
vn 0.7620 -0.4627 0.4531
vn 0.2609 -0.7750 0.5757
vn 0.6500 -0.6934 0.3111
vn 0.8791 0.2193 0.4232
vn -0.6278 0.7645 0.1462
vn 0.6351 -0.6895 0.3483
vn 0.9736 -0.1861 0.1319
vn -0.2933 -0.4202 0.8587
vn -0.7311 -0.6792 -0.0645
vn -0.1950 -0.6392 -0.7439
vn -0.3688 -0.7863 0.4957
vn 0.0870 0.0279 0.9958
vn -0.6145 0.7740 -0.1527
vn -0.5867 0.2496 0.7703
vn -0.9326 0.2428 0.2670
vn -0.1086 0.0386 0.9933
vn 0.2651 -0.7299 0.6301
vn -0.0692 0.3801 0.9223
vn -0.4191 -0.2780 0.8643
vn 0.2937 -0.6771 -0.6748
vn -0.5628 0.3065 0.7676
vn 0.4672 0.3235 -0.8228
vn -0.3797 -0.7492 0.5428
vn 0.1231 0.5685 0.8135
vn -0.8090 -0.5724 0.1336
vn -0.2578 -0.5020 -0.8256
vn -0.7975 -0.2659 -0.5416
vn 0.0704 -0.0537 -0.9961
vn -0.6132 -0.2236 -0.7576
vn 0.1350 -0.7356 -0.6638
vn 0.2937 -0.6770 -0.6749
vn -0.2220 0.5701 -0.7910
vn 0.6886 0.0173 -0.7250
vn 0.5156 -0.5936 0.6178
vn 0.8107 0.2005 -0.5500
vn 0.7962 -0.5787 0.1768
vn 0.4860 0.3101 0.8171
vn -0.2585 -0.9529 -0.1588
vn -0.3325 -0.3847 -0.8611
vn -0.4316 -0.6108 -0.6638
vn -0.8516 -0.2453 -0.4633
vn 0.0011 -0.4663 -0.8846
vn -0.0220 -0.7071 -0.7067
vn -0.0214 -0.9194 -0.3927
vn 0.2343 -0.7823 -0.5771
vn 0.2651 -0.5510 -0.7913
vn 0.2601 -0.9478 -0.1846
vn 0.2753 -0.7925 -0.5442
vn 0.2708 -0.3066 -0.9125
vn 0.3429 -0.9315 0.1210
vn 0.7102 -0.1048 -0.6962
vn 0.8816 -0.4714 0.0257
vn 0.7742 -0.2898 -0.5627
vn 0.7854 0.0245 -0.6185
vn 0.8540 -0.3710 -0.3648
vn 0.7928 -0.5811 -0.1839
vn 0.1231 0.5685 0.8134
vn -0.2355 0.4780 0.8462
vn -0.0433 -0.8278 -0.5594
vn 0.0476 -0.0526 -0.9975
vn -0.2354 0.4780 0.8462
vn 0.3470 0.8765 0.3335
vn 0.8636 -0.4075 0.2969
vn -0.2974 -0.6133 0.7317
vn -0.2212 0.8626 0.4549
vn 0.7764 -0.5859 -0.2323
vn 0.9606 0.2779 0.0088
vn 0.1267 0.8916 -0.4348
vn 0.2927 0.9560 0.0205
vn -0.7649 0.2028 0.6114
vn 0.4639 0.8857 0.0168
vn -0.0289 0.9986 0.0442
vn 0.7872 0.5844 -0.1967
vn -0.1977 0.9781 0.0645
vn -0.1119 0.9919 0.0599
vn 0.7774 0.5751 0.2547
vn 0.1520 0.9864 0.0630
vn 0.3165 0.6999 0.6403
vn 0.4005 0.9158 0.0307
vn -0.9312 0.2768 -0.2370
vn -0.0815 0.8987 -0.4309
vn -0.9312 0.2769 -0.2369
vn -0.9391 0.3037 0.1608
vn -0.5989 0.7282 0.3333
vn -0.8127 0.1317 -0.5677
vn -0.3328 0.9178 0.2165
vn -0.5683 -0.0048 -0.8228
vn -0.8085 0.5320 0.2515
vn -0.3305 -0.4640 -0.8219
vn 0.8533 0.4992 -0.1504
vn -0.3607 0.5648 -0.7422
vn -0.5237 0.0111 -0.8518
vn -0.0091 -0.4968 -0.8678
vn 0.2314 0.5424 -0.8076
vn 0.9606 0.2779 0.0087
vn 0.3471 0.8766 0.3334
vn 0.7644 -0.6353 0.1100
vn 0.5019 -0.8324 0.2348
vn -0.3669 -0.9285 -0.0579
vn -0.2212 0.8626 0.4550
vn -0.7691 0.5158 0.3774
vn -0.6021 0.7428 0.2928
vn -0.2397 0.9396 -0.2443
vn -0.5474 0.1103 0.8296
vn 0.3667 -0.9004 0.2342
vn -0.7069 -0.5714 0.4168
vn 0.1059 0.8382 0.5350
vn -0.0791 -0.1859 0.9794
vn 0.1746 0.3393 0.9243
vn 0.2771 -0.6570 -0.7011
vn 0.2122 -0.7520 -0.6240
vn 0.9755 -0.0552 0.2129
vn 0.3869 -0.4411 -0.8098
vn 0.3666 -0.9004 0.2342
vn -0.5474 0.1104 0.8296
vn 0.9755 -0.0551 0.2129
vn 0.8767 0.1137 0.4673
vn -0.1559 0.5423 0.8256
vn 0.4786 0.6274 0.6142
vn -0.3514 0.6261 0.6960
vn -0.1530 -0.2878 0.9454
vn -0.5962 0.6984 0.3959
vn 0.9903 0.0154 0.1382
vn 0.8335 0.5074 0.2184
vn 0.5124 -0.3552 0.7819
vn 0.9981 0.0449 0.0413
vn 0.7202 0.6937 -0.0104
vn 0.6155 -0.4232 0.6648
vn -0.6950 0.3853 -0.6070
vn -0.8653 0.3452 -0.3635
vn 0.2771 -0.6570 -0.7012
vn 0.8767 0.1137 0.4674
vn 0.6104 -0.6975 -0.3753
vn 0.2121 -0.7520 -0.6241
vn 0.9418 0.3360 0.0001
vn 0.6837 -0.7272 0.0611
vn 0.9111 -0.0906 -0.4022
vn 0.8863 0.4319 0.1671
vn 0.9899 0.0803 0.1172
vn 0.7664 0.5761 0.2841
vn 0.9753 -0.0360 0.2181
vn 0.8438 -0.4562 0.2827
vn 0.8964 0.4269 -0.1193
vn 0.9914 0.0447 0.1234
vn 0.5569 0.7691 -0.3137
vn 0.1224 0.9750 0.1854
vn 0.6711 -0.7345 -0.1002
vn 0.1747 0.3394 0.9243
vn 0.7138 -0.3208 0.6226
vn 0.6291 -0.1541 0.7619
vn 0.5579 0.7827 0.2760
vn 0.7706 0.6359 0.0439
vn 0.9889 0.1441 -0.0368
vn 0.5579 0.7826 0.2760
vn 0.5568 0.7691 -0.3137
vn 0.6147 0.7208 -0.3202
vn 0.7503 0.1097 0.6519
vn 0.9963 -0.0651 0.0556
vn 0.9223 0.3862 0.0138
vn 0.6717 0.5149 0.5326
vn 0.7008 -0.6674 -0.2520
vn 0.9779 0.0667 -0.1980
vn 0.7277 0.3747 -0.5745
vn 0.9849 -0.0312 0.1700
vn 0.8380 0.5456 -0.0006
vn 0.9999 0.0075 -0.0132
vn 0.9987 0.0405 -0.0307
vn 0.9894 0.1453 -0.0034
vn 0.8438 0.4918 0.2149
vn 0.8804 -0.4473 -0.1573
vn 0.9612 -0.2209 -0.1654
vn 0.9720 0.2142 0.0968
vn 0.4859 0.5419 0.6858
vn 0.9997 0.0156 -0.0179
vn 0.9999 0.0074 -0.0132
vn 0.8638 0.5032 -0.0236
vn 0.9972 0.0712 -0.0224
vn 0.9999 0.0101 -0.0107
vn 0.9889 0.1441 -0.0367
vn 0.9999 0.0156 -0.0005
vn 0.9942 -0.0650 -0.0861
vn 0.9685 -0.1544 -0.1953
vn 0.8684 -0.4883 0.0858
vn 0.8580 0.4883 -0.1596
vn 0.9027 0.3962 -0.1678
vn 0.7102 -0.1048 -0.6961
vn 0.9040 -0.3819 0.1923
vn 0.9923 0.0778 0.0960
vn 0.7345 0.1699 -0.6570
vn 0.5573 0.8301 -0.0180
vn 0.8437 0.5319 0.0722
vn 0.7692 0.4909 -0.4091
vn 0.5252 -0.7237 0.4477
vn 0.3312 -0.9435 -0.0074
vn 0.8399 -0.5416 0.0362
vn 0.9704 0.2417 -0.0007
vn 0.9996 -0.0037 -0.0277
vn -0.8266 0.1169 -0.5505
vn 0.8275 -0.2770 0.4883
vn 0.9998 -0.0159 -0.0098
vn 0.9906 0.0399 -0.1310
vn 0.9848 -0.1730 -0.0131
vn 0.9878 -0.1544 0.0190
vn 0.9997 -0.0245 0.0029
vn 0.9963 -0.0861 0.0066
vn 0.9925 0.1222 0.0056
vn 0.9994 -0.0326 0.0079
vn 0.9795 -0.2010 0.0155
vn 0.9999 -0.0123 -0.0068
vn 0.9900 0.1402 0.0152
vn 0.8764 0.4777 0.0620
vn 0.9266 0.3743 0.0358
vn 0.9999 0.0012 -0.0104
vn 0.9944 -0.1053 -0.0042
vn 0.9839 -0.1784 -0.0087
vn 0.9856 -0.1689 -0.0005
vn 0.9999 0.0105 0.0006
vn 0.9968 -0.0763 -0.0259
vn 0.9875 -0.1574 -0.0117
vn 0.9998 -0.0159 0.0083
vn 0.9496 -0.3134 0.0068
vn 0.9942 -0.0628 0.0879
vn 0.4984 -0.2450 0.8316
vn 0.9055 -0.0280 0.4235
vn 0.7245 -0.3004 0.6203
vn 0.9855 -0.1693 -0.0055
vn 0.9097 -0.4150 -0.0103
vn 0.5574 0.8301 -0.0179
vn 0.8336 0.5074 0.2184
vn 0.9309 0.3476 -0.1122
vn 0.8939 0.3810 0.2363
vn 0.8580 0.4882 -0.1595
vn 0.6559 0.1346 0.7428
vn 0.9999 0.0144 -0.0055
vn 0.8894 -0.4568 0.0137
vn 0.9997 0.0251 -0.0069
vn 0.9666 -0.2563 0.0102
vn 0.5629 -0.8265 0.0045
vn 0.9828 -0.0193 0.1835
vn 0.9984 -0.0444 0.0341
vn 0.9963 0.0428 0.0743
vn 0.9981 0.0448 0.0414
vn 0.9866 -0.0821 0.1408
vn 0.9966 -0.0803 -0.0192
vn 0.9246 0.3751 -0.0658
vn 0.9933 0.0936 -0.0684
vn 0.9262 0.3755 0.0340
vn 0.6515 -0.2374 0.7206
vn 0.9936 0.1122 0.0127
vn 0.9981 0.0622 0.0004
vn 0.8676 -0.4968 -0.0221
vn 0.7974 -0.6018 -0.0437
vn 0.9919 -0.1205 -0.0414
vn 0.8702 0.2276 0.4371
vn 0.7702 0.3860 -0.5077
vn 0.9930 -0.0536 -0.1053
vn 0.9595 -0.1099 -0.2593
vn 0.8997 0.2595 0.3509
vn 0.4859 0.5419 0.6857
vn 0.1780 0.7590 -0.6263
vn 0.9996 -0.0276 -0.0007
vn 0.9506 -0.2694 0.1542
vn 0.9999 0.0098 0.0032
vn 0.7607 -0.6490 0.0130
vn 0.9843 -0.1743 -0.0282
vn 0.5123 -0.3552 0.7819
vn -0.2957 0.6696 0.6813
vn -0.6950 0.3854 -0.6070
vn 0.8985 0.4389 -0.0058
vn 0.9767 0.1871 0.1047
vn 0.8104 -0.1746 -0.5593
vn 0.9876 0.1520 -0.0400
vn 0.9772 0.2080 -0.0431
vn 0.8549 -0.4110 0.3165
vn 0.6829 0.2785 0.6754
vn 0.7005 0.1636 0.6947
vn 0.1757 -0.7826 -0.5973
vn 0.9145 0.3231 -0.2435
vn 0.7855 0.0245 -0.6184
vn 0.9340 0.2752 0.2281
vn 0.8655 -0.4690 -0.1758
vn 0.9707 0.0797 -0.2268
vn 0.6299 0.5045 0.5905
vn 0.9950 0.0974 0.0242
vn 0.9896 0.1437 0.0056
vn 0.9635 0.2679 -0.0032
vn 0.8594 -0.4237 -0.2863
vn 0.9948 0.0932 -0.0422
vn 0.4010 -0.9107 0.0990
vn 0.9820 0.0731 -0.1743
vn 0.9637 0.1889 -0.1888
vn 0.6036 -0.2871 0.7438
vn 0.9990 0.0444 0.0020
vn 0.9055 -0.0279 0.4234
vn 0.9284 0.1125 -0.3541
vn 0.9462 0.3208 -0.0431
vn 0.9627 -0.0683 0.2616
vn 0.8632 0.3181 -0.3921
vn 0.9839 0.1252 0.1278
vn 0.7338 -0.0459 -0.6778
vn 0.8690 0.4876 0.0842
vn 0.9985 -0.0049 -0.0539
vn 0.7743 -0.2897 -0.5626
vn 0.9615 0.1540 -0.2277
vn 0.9655 -0.2416 0.0974
vn 0.9908 -0.1096 -0.0788
vn 0.9882 0.1496 -0.0323
vn 0.8540 -0.3709 -0.3648
vn 0.9810 -0.1788 -0.0754
vn 0.9593 -0.1754 -0.2214
vn 0.9652 0.1703 -0.1984
vn 0.9452 -0.2349 0.2266
vn 0.9628 -0.0683 0.2616
vn 0.9453 -0.2348 0.2265
vn 0.8655 -0.4691 -0.1758
vn 0.8967 0.3940 -0.2019
vn 0.9452 -0.2349 0.2265
vn 0.9655 -0.2415 0.0973
vn 0.8986 -0.1908 -0.3952
vn 0.8898 -0.4449 -0.1013
vn 0.9375 -0.3034 0.1703
vn 0.9155 -0.3968 0.0669
vn 0.3207 -0.8853 0.3367
vn 0.7354 -0.6108 0.2936
vn 0.9598 -0.0394 0.2780
vn 0.9997 -0.0226 0.0079
vn 0.9820 0.0731 -0.1742
vn 0.6559 0.1346 0.7427
vn 0.9985 -0.0049 -0.0538
vn 0.7376 0.2576 0.6242
vn 0.9768 0.1870 0.1047
vn -0.2397 0.9396 -0.2442
vn -0.6023 0.7427 0.2927
vn -0.6982 0.2786 -0.6595
vn 0.1951 0.3110 -0.9302
vn 0.1060 0.8382 0.5350
vn -0.2221 0.5701 -0.7910
vn -0.5628 0.3064 0.7677
vn -0.2889 -0.1425 0.9467
vn 0.2950 -0.6728 -0.6785
vn 0.7648 0.6361 -0.1019
vn 0.2538 0.9160 0.3108
vn -0.8085 0.5320 0.2516
vn -0.9391 0.3037 0.1609
vn -0.3055 0.7278 0.6140
vn 0.4411 0.0972 0.8922
vn 0.1180 0.9373 0.3279
vn 0.3097 0.6901 0.6541
vn 0.6047 0.6405 0.4734
vn 0.2987 0.9513 0.0762
vn 0.2313 0.5424 -0.8077
vn 0.8169 0.4882 0.3072
vn 0.1845 -0.9752 0.1225
vn -0.0758 -0.1527 -0.9854
vn -0.9504 -0.2105 -0.2291
vn 0.1951 0.3109 -0.9302
vn 0.2121 -0.7521 -0.6240
vn -0.5473 0.1104 0.8296
vn 0.3869 -0.4412 -0.8098
vn 0.9755 -0.0552 0.2130
vn 0.6105 -0.6975 -0.3753
vn 0.3869 -0.4412 -0.8097
vn 0.2107 -0.2057 -0.9557
vn 0.3184 -0.6960 -0.6436
vn 0.1397 -0.3859 -0.9119
vn 0.0372 -0.6313 -0.7746
vn 0.5371 0.0107 -0.8435
vn 0.4619 0.2111 -0.8615
vn 0.5259 -0.8473 -0.0747
vn 0.9810 -0.1787 -0.0754
vn 0.9593 -0.1753 -0.2213
vn -0.2889 -0.1424 0.9467
vn 0.5155 -0.5936 0.6179
vn 0.4859 0.3102 0.8171
vn 0.2368 -0.2986 0.9245
vn 0.2666 -0.6397 0.7209
vn 0.1776 -0.0854 0.9804
vn 0.3711 0.2378 0.8976
vn -0.2243 -0.8588 0.4607
vn 0.2978 -0.7041 0.6447
vn 0.9240 -0.1327 0.3587
vn 0.8848 0.0670 0.4611
vn 0.1777 -0.0854 0.9804
vn -0.7593 0.6104 0.2254
vn 0.8849 0.0670 0.4610
vn 0.9444 0.2769 0.1771
vn 0.8263 -0.4365 0.3561
vn 0.9212 0.1714 0.3493
vn 0.7648 0.6362 -0.1020
vn 0.0627 -0.7189 0.6922
vn 0.7962 -0.5786 0.1768
vn 0.9905 -0.1284 -0.0491
vn 0.6886 0.0174 -0.7249
vn 0.9217 0.3794 0.0805
vn 0.9899 -0.0719 -0.1221
vn 0.8675 -0.0950 -0.4883
vn 0.9899 -0.0719 -0.1220
vn 0.7714 0.3662 -0.5205
vn 0.3931 -0.6820 -0.6168
vn 0.8491 -0.5056 -0.1528
vn 0.9965 0.0834 0.0111
vn 0.9667 0.2120 -0.1432
vn 0.9093 0.3998 -0.1159
vn 0.9367 0.1787 -0.3011
vn 0.8481 -0.5286 -0.0355
vn 0.2984 0.9300 -0.2148
vn 0.7610 0.5781 0.2945
vn 0.3675 0.2234 -0.9028
vn 0.6748 0.4529 0.5827
vn 0.4922 0.8648 0.0993
vn 0.7724 -0.5885 -0.2390
vn 0.7228 -0.6758 -0.1445
vn 0.5375 -0.8080 0.2413
vn 0.9367 0.1786 -0.3011
vn 0.2981 0.9496 0.0970
vn 0.9092 0.3998 -0.1159
vn 0.2706 -0.9298 -0.2494
vn 0.5606 0.7862 -0.2600
vn 0.8394 -0.3173 -0.4413
vn 0.9308 0.1478 0.3343
vn 0.6712 0.4563 0.5842
vn 0.6669 0.3877 -0.6363
vn 0.2733 0.6008 0.7512
vn 0.6700 0.1083 0.7344
vn 0.6622 0.1632 -0.7314
vn 0.9693 -0.1520 0.1932
vn 0.8078 -0.3319 0.4872
vn 0.7560 0.0101 0.6545
vn 0.5527 -0.0693 -0.8305
vn 0.7514 -0.6579 0.0509
vn 0.9262 -0.3564 -0.1232
vn 0.8268 0.5619 -0.0257
vn 0.8765 0.4585 -0.1470
vn 0.9032 0.1890 -0.3854
vn 0.3407 0.7129 -0.6130
vn 0.4922 0.8648 0.0992
vn 0.4477 0.8216 0.3529
vn 0.9886 -0.0382 0.1455
vn 0.5245 -0.2169 -0.8233
vn 0.7623 -0.5314 -0.3695
vn 0.9729 0.1194 0.1978
vn 0.6779 0.2093 0.7047
vn 0.8932 0.4007 0.2041
vn 0.8198 0.5277 -0.2222
vn 0.9097 -0.4084 0.0759
vn 0.4929 -0.7690 0.4071
vn 0.9970 -0.0191 0.0753
vn 0.6920 0.1390 -0.7084
vn 0.9328 0.2010 -0.2990
vn 0.9881 -0.1152 -0.1014
vn 0.7625 0.2583 -0.5931
vn 0.9711 0.2385 0.0059
vn 0.9996 0.0226 -0.0191
vn 0.9958 -0.0659 -0.0638
vn 0.9971 0.0544 0.0527
vn 0.8781 0.2415 0.4131
vn 0.8555 -0.2638 -0.4456
vn 0.2531 0.0575 0.9657
vn -0.2521 0.9546 -0.1584
vn 0.9889 -0.0178 0.1476
vn 0.9504 -0.0608 -0.3051
vn 0.9421 -0.1357 0.3065
vn 0.9445 -0.2488 -0.2146
vn 0.8586 0.5094 0.0577
vn 0.9757 -0.0563 0.2117
vn 0.9670 -0.0116 -0.2545
vn 0.9742 -0.1005 0.2021
vn 0.9958 -0.0658 -0.0638
vn 0.9438 -0.3061 -0.1248
vn 0.0281 0.4167 -0.9086
vn 0.9970 0.0769 -0.0018
vn 0.8704 0.4880 0.0644
vn 0.9412 -0.3304 -0.0708
vn 0.9625 0.2576 -0.0853
vn 0.1194 0.2680 -0.9560
vn 0.1300 0.9054 -0.4041
vn 0.5744 -0.6967 0.4298
vn 0.7981 -0.1025 -0.5938
vn 0.3067 0.5844 -0.7513
vn 0.1275 0.3611 0.9238
vn 0.8093 0.0573 -0.5846
vn 0.7259 -0.2685 0.6332
vn 0.7769 -0.6244 -0.0804
vn 0.8667 -0.2052 0.4547
vn -0.0631 -0.9977 0.0260
vn 0.9970 0.0769 -0.0019
vn 0.0451 0.6148 -0.7874
vn 0.9455 0.2504 0.2081
vn 0.9892 -0.1328 -0.0619
vn 0.9627 0.2704 0.0017
vn 0.0687 -0.7298 0.6802
vn 0.8667 -0.2053 0.4547
vn -0.0760 -0.9957 0.0536
vn 0.7978 -0.3460 -0.4938
vn 0.9841 -0.1436 -0.1045
vn 0.6953 -0.6347 -0.3372
vn 0.9696 0.0392 -0.2415
vn 0.9118 -0.1879 -0.3651
vn 0.9600 0.2456 0.1348
vn 0.8177 -0.2517 0.5177
vn 0.9568 0.0238 0.2897
vn 0.6530 -0.0508 0.7556
vn 0.7206 0.6630 -0.2031
vn 0.6863 -0.1217 -0.7171
vn 0.9996 -0.0236 0.0183
vn 0.9917 0.1180 -0.0510
vn 0.7543 -0.5994 -0.2678
vn 0.9903 -0.1335 0.0386
vn 0.6662 -0.7095 0.2297
vn 0.7415 -0.6688 -0.0538
vn 0.9831 0.1686 -0.0719
vn 0.8657 0.3958 -0.3065
vn 0.9996 -0.0236 0.0184
vn 0.8352 -0.3888 0.3889
vn 0.8975 0.2484 -0.3645
vn 0.9664 -0.1969 -0.1651
vn 0.8358 0.4384 0.3305
vn 0.8882 0.0989 0.4487
vn 0.5135 0.8576 0.0307
vn 0.7626 0.2583 -0.5931
vn 0.9665 -0.1968 -0.1650
vn 0.9917 0.1179 -0.0510
vn 0.2214 -0.4843 -0.8464
vn 0.9709 -0.2376 0.0290
vn 0.9344 0.2785 0.2220
vn 0.9344 0.2785 0.2221
vn 0.8145 -0.4467 -0.3703
vn 0.4083 -0.7110 0.5724
vn 0.9884 -0.1428 0.0521
vn 0.8196 0.5253 -0.2289
vn 0.8580 0.2800 0.4306
vn 0.8262 -0.4365 0.3561
vn 0.9240 -0.1327 0.3586
vn 0.9963 -0.0431 -0.0741
vn 0.9754 -0.0537 -0.2137
vn 0.8358 0.4384 0.3304
vn 0.8145 -0.4466 -0.3703
vn 0.9212 0.1715 0.3493
vn 0.6456 0.6104 0.4589
vn 0.2734 0.6008 0.7512
vn 0.9217 0.3794 0.0806
vn 0.9899 -0.0719 -0.1222
vn 0.2983 0.9300 -0.2148
vn -0.1108 0.9455 0.3063
vn -0.1078 0.1020 0.9889
vn -0.3758 0.6528 -0.6578
vn -0.1109 0.9454 0.3064
vn 0.3390 0.4209 0.8414
vn -0.7965 -0.3184 -0.5140
vn -0.7966 -0.3183 -0.5140
vn 0.9958 -0.0657 -0.0638
vn 0.2667 -0.6397 0.7208
vn 0.7961 -0.5787 0.1769
vn 0.5155 -0.5937 0.6179
vn 0.3639 -0.9278 0.0822
vn 0.7228 -0.6758 -0.1444
vn 0.5374 -0.8080 0.2413
vn 0.2978 -0.7040 0.6447
vn -0.2491 -0.7773 0.5777
vn 0.1542 -0.9695 -0.1904
vn 0.2532 0.0575 0.9657
vn -0.7720 0.1562 -0.6161
vn -0.9405 -0.0516 0.3358
vn 0.9884 -0.1429 0.0521
vn 0.4084 -0.7110 0.5724
vn 0.8881 0.0990 0.4488
vn 0.9831 0.1686 -0.0720
vn 0.8146 -0.4465 -0.3702
vn 0.4083 -0.7111 0.5724
vn 0.8145 -0.4466 -0.3702
vn 0.4902 0.3292 0.8071
vn 0.6628 -0.1978 0.7222
vn 0.9015 0.2696 0.3385
vn 0.4410 0.0973 0.8922
vn 0.2251 -0.9743 -0.0056
vn 0.6838 -0.7271 0.0610
vn 0.0168 -0.9996 -0.0224
vn 0.9753 -0.0360 0.2179
vn -0.8360 -0.5467 -0.0479
vn 0.1225 -0.0781 -0.9894
vn -0.3360 -0.9394 0.0682
vn -0.4463 -0.4955 -0.7452
vn 0.8550 -0.4110 0.3164
vn 0.9828 -0.0193 0.1836
vn 0.9966 -0.0802 -0.0192
vn 0.5629 -0.8265 0.0044
vn 0.8997 0.2595 0.3510
vn 0.9966 -0.0803 -0.0193
vn -0.7840 0.6180 0.0582
vn 0.9418 0.3360 -0.0000
vn 0.3736 -0.8813 0.2895
vn 0.6146 0.7209 -0.3202
vn 0.2067 0.5565 0.8048
vn -0.7841 0.6179 0.0583
vn 0.2067 0.5564 0.8048
vn 0.9768 0.1870 0.1048
vn 0.9866 -0.0822 0.1408
vn 0.8985 0.4389 -0.0059
vn 0.0187 0.7009 -0.7131
vn 0.8964 0.4269 -0.1194
vn 0.1225 0.9750 0.1853
vn 0.4786 0.6275 0.6142
vn -0.5963 0.6984 0.3959
vn -0.2956 0.6696 0.6813
vn -0.6951 0.3854 -0.6069
vn -0.0379 -0.9492 -0.3123
vn 0.3205 -0.8853 0.3368
vn 0.9914 0.0447 0.1233
vn 0.0187 0.7008 -0.7131
vn 0.1211 0.0300 -0.9922
vn 0.9753 -0.0361 0.2181
vn 0.0967 0.5000 -0.8606
vn 0.1665 0.3387 -0.9260
vn -0.8360 -0.5466 -0.0479
vn 0.1780 0.7589 -0.6263
vn -0.3977 0.6552 -0.6422
vn 0.4860 0.5419 0.6857
vn 0.1664 0.3388 -0.9260
vn 0.9772 0.2080 -0.0432
vn 0.1756 -0.7826 -0.5972
vn 0.9772 0.2080 -0.0433
vn -0.3977 0.6552 -0.6423
vn 0.9876 0.1521 -0.0401
vn 0.8104 -0.1746 -0.5592
vn -0.4800 -0.3706 0.7951
vn 0.9908 -0.1096 -0.0789
vn 0.8998 0.2594 0.3509
vn 0.7723 -0.5886 -0.2390
vn 0.3910 -0.6725 -0.6284
vn 0.8675 -0.0951 -0.4882
vn 0.2935 -0.9541 -0.0591
vn 0.0195 -0.6695 -0.7426
vn 0.2214 -0.4844 -0.8464
vn 0.5526 -0.0693 -0.8305
vn 0.0194 -0.6695 -0.7425
vn -0.8287 0.4279 -0.3608
vn 0.9754 -0.0538 -0.2136
vn 0.9709 -0.2377 0.0290
vn 0.9110 -0.0906 -0.4022
vn -0.7841 0.6179 0.0582
vn 0.2068 0.5564 0.8048
vn 0.8863 0.4319 0.1672
vn 0.6377 0.2368 -0.7330
vn 0.3755 0.8206 -0.4310
vn 0.8966 0.3940 -0.2019
vn 0.5330 0.6053 0.5913
vn 0.9882 0.1495 -0.0323
vn 0.9948 0.0931 -0.0421
vn 0.9284 0.1125 -0.3542
vn 0.0997 -0.6697 -0.7359
vn 0.3639 -0.9278 0.0821
vn 0.9118 -0.1879 -0.3652
vn 0.9831 0.1685 -0.0719
vn 0.6712 -0.7345 -0.1002
vn 0.0434 -0.9863 -0.1592
vn 0.3206 -0.8854 0.3367
vn -0.0379 -0.9492 -0.3124
vn 0.8438 -0.4562 0.2828
vn 0.4515 -0.7643 0.4605
vn 0.5259 -0.8472 -0.0747
vn 0.7137 -0.3209 0.6226
vn -0.4800 -0.3706 0.7952
vn 0.2417 -0.6033 -0.7600
vn 0.5260 -0.8472 -0.0747
vn 0.0434 -0.9863 -0.1591
vn 0.6156 -0.4232 0.6648
vn 0.7354 -0.6107 0.2936
vn 0.6559 0.1345 0.7427
vn -0.4800 -0.3705 0.7952
vn 0.8899 -0.4448 -0.1014
vn 0.9839 0.1252 0.1277
vn 0.9376 -0.3033 0.1702
vn 0.9154 -0.3969 0.0669
vn 0.9598 -0.0395 0.2780
vn 0.4860 0.3102 0.8171
vn 0.1145 0.9590 -0.2591
vn 0.2825 0.6305 0.7229
vn 0.1270 0.5103 0.8505
vn 0.3525 0.6852 0.6374
vn 0.4999 0.0309 0.8655
vn 0.5135 0.8575 0.0306
vn 0.8196 0.5253 -0.2290
vn -0.3637 0.1320 0.9221
vn 0.5744 -0.6967 0.4297
vn 0.9963 -0.0431 -0.0740
vn -0.3305 -0.4640 -0.8218
vn 0.4767 -0.8163 -0.3263
vn 0.8534 0.4991 -0.1505
vn 0.8367 -0.4477 0.3153
vn 0.6628 -0.1977 0.7222
vn 0.9016 0.2696 0.3384
vn 0.5381 -0.8375 0.0949
vn 0.7743 -0.0878 0.6267
vn 0.6048 0.6404 0.4734
vn 0.8364 -0.2348 0.4954
vn -0.0092 -0.4969 -0.8678
vn 0.8169 0.4882 0.3071
vn 0.9405 -0.2937 0.1708
vn -0.1558 -0.9504 -0.2690
vn 0.3932 -0.6819 -0.6168
vn 0.8481 -0.5287 -0.0355
vn -0.5901 -0.8010 -0.1007
vn -0.5425 -0.5545 0.6310
vn 0.2534 -0.9673 0.0072
vn -0.5085 0.1189 0.8528
vn -0.3436 -0.7307 -0.5899
vn -0.0631 -0.9977 0.0261
vn 0.9757 -0.0564 0.2118
vn 0.5143 -0.7417 -0.4305
vn 0.9670 -0.0116 -0.2546
vn 0.9445 -0.2489 -0.2146
vn 0.2626 -0.5465 -0.7952
vn 0.2251 -0.9743 -0.0057
vn 0.5628 -0.8266 0.0044
vn 0.2626 -0.5464 -0.7953
vn 0.0908 -0.2337 -0.9681
vn 0.9707 0.0796 -0.2268
vn -0.4066 0.4179 0.8124
vn 0.0908 -0.2338 -0.9680
vn 0.5604 -0.8282 0.0045
vn 0.9615 0.1540 -0.2278
vn -0.1108 0.9454 0.3064
vn 0.2733 0.6009 0.7512
vn 0.2706 -0.9299 -0.2493
vn 0.2165 -0.5987 0.7711
vn 0.5891 0.3256 0.7396
vn -0.1079 0.1020 0.9889
vn 0.7260 -0.2685 0.6331
vn -0.2151 0.3062 -0.9274
vn -0.3435 -0.7307 -0.5899
vn 0.3931 -0.6819 -0.6169
vn -0.0206 0.5567 -0.8305
vn -0.5543 0.2365 -0.7980
vn 0.9503 -0.0608 -0.3052
vn 0.1195 0.2679 -0.9560
vn -0.6350 -0.7665 0.0962
vn 0.1299 0.9054 -0.4041
vn 0.9412 -0.3303 -0.0709
vn -0.7594 0.6104 0.2254
vn -0.5544 0.2365 -0.7980
vn 0.8704 0.4881 0.0645
vn 0.8704 0.4881 0.0644
vn 0.1269 0.5103 0.8506
vn 0.9779 0.0668 -0.1979
vn 0.9849 -0.0311 0.1700
vn 0.3625 -0.5473 0.7544
vn 0.9027 0.3962 -0.1677
vn 0.5252 -0.7237 0.4478
vn 0.9850 -0.1701 0.0307
vn 0.7804 -0.3293 0.5316
vn 0.9040 -0.3820 0.1923
vn 0.9843 -0.1694 0.0502
vn 0.9942 -0.0651 -0.0860
vn 0.7962 -0.5284 -0.2946
vn -0.7022 0.5579 0.4423
vn 0.4477 0.8216 0.3528
vn 0.1385 0.7234 0.6764
vn -0.7685 -0.3389 0.5428
vn -0.1558 -0.9504 -0.2691
vn 0.2480 -0.0186 0.9686
vn 0.8380 0.5457 -0.0007
vn 0.9873 -0.0748 -0.1402
vn 0.9666 -0.2563 0.0101
vn -0.6122 -0.2378 0.7541
vn 0.7706 0.6359 0.0440
vn -0.8265 0.1169 -0.5506
vn 0.2648 0.9538 0.1420
vn 0.7008 -0.6673 -0.2520
vn 0.1146 0.9590 -0.2591
vn 0.4921 0.8648 0.0993
vn -0.5901 -0.8011 -0.1007
vn -0.4881 -0.5867 -0.6462
vn -0.5425 -0.5546 0.6310
vn 0.1384 0.7234 0.6764
vn -0.1559 -0.9504 -0.2691
vn -0.8765 -0.1335 -0.4625
vn -0.8765 -0.1335 -0.4624
vn 0.3406 0.7129 -0.6130
vn 0.2980 0.9496 0.0970
vn 0.9438 -0.3062 -0.1248
vn 0.5143 -0.7418 -0.4305
vn 0.8195 0.5253 -0.2290
vn 0.8656 0.3959 -0.3065
vn -0.9111 -0.3927 0.1253
vn 0.0171 0.7638 -0.6453
vn 0.9981 0.0448 0.0413
vn -0.3514 0.6262 0.6960
vn 0.8594 -0.4236 -0.2863
vn 0.8985 -0.1909 -0.3952
vn 0.6669 0.3878 -0.6363
vn 0.7206 0.6629 -0.2031
vn 0.6863 -0.1218 -0.7171
vn -0.5084 0.1190 0.8529
vn 0.8481 -0.5287 -0.0356
vn 0.9421 -0.1357 0.3067
vn -0.9342 0.2062 -0.2910
vn 0.7544 -0.5993 -0.2679
vn -0.7720 0.1563 -0.6161
vn -0.2521 0.9546 -0.1585
vn 0.9625 0.2577 -0.0852
vn -0.3759 0.6528 -0.6577
vn -0.7721 0.1563 -0.6160
vn -0.2490 -0.7774 0.5777
vn 0.1542 -0.9695 -0.1905
vn 0.9889 0.1440 -0.0368
vn 0.7133 0.6980 -0.0640
vn -0.6258 0.6819 -0.3786
vn 0.0372 -0.6313 -0.7747
vn 0.2107 -0.2056 -0.9557
vn -0.1559 0.5424 0.8255
vn -0.1529 -0.2878 0.9454
vn 0.9903 0.0154 0.1383
vn 0.9593 -0.1753 -0.2214
vn 0.1385 0.7234 0.6763
vn 0.5142 -0.7418 -0.4305
vn 0.9711 0.2386 0.0060
vn 0.5890 0.3256 0.7396
vn 0.6700 0.1083 0.7345
vn 0.8586 0.5094 0.0578
vn 0.9971 0.0544 0.0528
vn 0.0688 -0.7298 0.6802
vn 0.2748 0.9028 -0.3309
vn -0.3360 -0.9394 0.0683
vn -0.1660 -0.1187 -0.9790
vn -0.4655 0.2509 0.8487
vn 0.9948 0.0931 -0.0422
vn 0.6147 0.7208 -0.3203
vn 0.9866 -0.0822 0.1409
vn -0.8766 -0.1335 -0.4624
vn 0.2980 0.9496 0.0971
vn 0.1275 0.3612 0.9237
vn -0.5426 -0.5545 0.6309
vn 0.9757 -0.0564 0.2117
vn 0.2824 0.6306 0.7229
vn 0.3525 0.6851 0.6375
vn 0.5135 0.8576 0.0306
vn 0.0865 0.9962 0.0049
vn 0.9999 0.0075 -0.0131
vn -0.1659 -0.1186 -0.9790
vn 0.9828 -0.0194 0.1835
vn -0.4655 0.2509 0.8488
vn 0.6146 0.7208 -0.3203
vn 0.5330 0.6053 0.5912
vn -0.6967 0.6071 -0.3822
vn 0.0967 0.5001 -0.8606
vn 0.1210 0.0301 -0.9922
vn 0.6290 -0.1542 0.7619
vn 0.8690 0.4875 0.0842
vn -0.6967 0.6071 -0.3821
vn 0.6290 -0.1542 0.7620
vn 0.8275 -0.2771 0.4883
vn -0.8000 0.4735 -0.3685
vn 0.6862 -0.1218 -0.7171
vn 0.9445 -0.2487 -0.2146
vn -0.7494 0.4121 0.5182
vn -0.5083 0.1190 0.8529
vn -0.9342 0.2062 -0.2911
vn 0.5526 -0.0694 -0.8305
vn -0.1986 -0.4777 -0.8558
vn -0.5084 0.1190 0.8528
vn 0.6919 0.1390 -0.7085
vn 0.9240 -0.1326 0.3587
vn -0.5544 0.2365 -0.7979
vn 0.9444 0.2769 0.1770
vn 0.3754 0.8206 -0.4309
vn 0.9966 -0.0804 -0.0193
vn 0.9882 0.1496 -0.0324
vn 0.5244 -0.2170 -0.8233
vn 0.5526 -0.0692 -0.8305
vn 0.8554 -0.2638 -0.4456
vn -0.9111 -0.3927 0.1252
vn 0.2417 -0.6034 -0.7599
vn 0.7339 -0.0459 -0.6777
vn 0.9930 -0.0536 -0.1054
vn -0.9405 -0.0517 0.3358
vn -0.3758 0.6528 -0.6577
vn 0.9624 0.2577 -0.0853
vn 0.9504 -0.0609 -0.3051
vn -0.2242 -0.8588 0.4607
vn 0.7769 -0.6244 -0.0803
vn 0.8262 -0.4365 0.3562
vn 0.9421 -0.1357 0.3066
vn -0.7494 0.4122 0.5182
vn 0.9032 0.1891 -0.3854
vn 0.7626 0.2584 -0.5931
vn -0.8000 0.4736 -0.3685
vn 0.9628 0.2704 0.0016
vn 0.9711 0.2385 0.0060
vn -0.8287 0.4280 -0.3607
vn -0.3435 -0.7308 -0.5898
vn 0.5745 -0.6967 0.4297
vn 0.1269 0.5104 0.8505
vn 0.9970 0.0768 -0.0019
vn 0.1300 0.9055 -0.4040
vn 0.9903 0.0155 0.1381
vn 0.5629 -0.8265 0.0043
vn -0.4066 0.4180 0.8124
vn 0.9309 0.3476 -0.1123
vn 0.9707 0.0797 -0.2267
vn 0.0908 -0.2337 -0.9680
vn 0.9707 0.0798 -0.2268
vn 0.4516 -0.7642 0.4604
vn 0.8666 -0.2053 0.4548
vn -0.3638 0.1321 0.9221
vn 0.8579 0.2801 0.4307
vn -0.4441 -0.8954 0.0335
vn -0.2304 -0.8662 0.4433
vn -0.8435 -0.4911 0.2176
vn -0.5150 -0.5723 0.6381
vn -0.1250 -0.5964 0.7929
vn -0.5159 -0.3037 0.8010
vn 0.0522 -0.9864 0.1560
vn 0.1442 -0.7520 0.6432
vn 0.1461 -0.5454 0.8253
vn 0.6438 -0.4666 0.6065
vn 0.7753 -0.6283 0.0641
vn 0.5344 -0.8301 0.1591
vn -0.0908 -0.9776 -0.1898
vn -0.4440 -0.8954 0.0335
vn -0.0661 -0.7790 -0.6235
vn -0.0907 -0.5751 -0.8131
vn -0.5242 -0.4826 -0.7017
vn 0.4141 -0.5928 -0.6908
vn -0.2253 -0.6954 -0.6824
vn -0.0468 -0.3811 -0.9233
vn -0.3597 -0.9234 -0.1336
vn 0.0291 -0.9409 -0.3375
vn 0.0242 -0.5569 -0.8302
vn 0.0774 -0.9951 0.0622
vn -0.4190 -0.8782 0.2308
vn 0.1093 -0.7535 -0.6483
vn 0.2962 -0.4407 -0.8474
vn 0.7312 -0.6766 -0.0864
vn 0.7783 -0.6246 0.0636
vn 0.8413 -0.3237 -0.4330
vn -0.1548 -0.8468 0.5089
vn -0.7841 -0.4821 0.3909
vn 0.0774 -0.9951 0.0623
vn -0.0071 -0.4624 0.8866
vn -0.3300 -0.6781 0.6567
vn 0.1598 -0.6504 0.7426
vn 0.1684 -0.8906 0.4224
vn 0.7783 -0.6247 0.0635
vn 0.3906 -0.5403 0.7453
vn 0.5755 -0.4894 0.6551
vn 0.6494 -0.5472 0.5280
vn -0.1798 -0.4166 0.8911
vn -0.0123 -0.1086 -0.9940
vn -0.6516 0.0630 -0.7559
vn -0.6362 0.2175 -0.7403
vn -0.3438 0.0983 -0.9339
vn -0.2620 0.1061 -0.9592
vn -0.4971 0.1479 -0.8550
vn -0.4906 -0.1574 -0.8570
vn -0.2911 -0.0381 -0.9559
vn -0.3624 0.5794 -0.7301
vn -0.1525 0.3018 -0.9411
vn -0.2065 0.2073 -0.9562
vn -0.1544 -0.0017 -0.9880
vn -0.2396 -0.4791 -0.8444
vn -0.2213 0.4570 -0.8615
vn -0.2096 0.6398 -0.7394
vn -0.1133 0.0677 -0.9913
vn -0.1462 0.0894 -0.9852
vn -0.0928 -0.2620 -0.9606
vn -0.1574 -0.4360 -0.8861
vn -0.0802 0.4850 -0.8708
vn -0.0821 0.0802 -0.9934
vn -0.1247 -0.0883 -0.9883
vn -0.1133 0.3337 -0.9359
vn -0.0627 -0.2041 -0.9769
vn -0.0817 0.6374 -0.7662
vn -0.0944 -0.1269 -0.9874
vn -0.0612 0.0922 -0.9939
vn -0.0595 -0.4778 -0.8764
vn -0.0704 0.7514 -0.6561
vn -0.0499 0.1254 -0.9909
vn -0.0326 -0.0705 -0.9970
vn -0.0590 -0.0313 -0.9978
vn -0.0597 0.7092 -0.7025
vn -0.0375 -0.2970 -0.9541
vn -0.0154 0.5754 -0.8177
vn 0.0008 0.4056 -0.9141
vn -0.0021 0.2681 -0.9634
vn 0.0203 0.0226 -0.9995
vn 0.0020 0.3500 -0.9367
vn 0.0121 -0.4281 -0.9037
vn 0.0357 0.0680 -0.9970
vn 0.0390 0.8736 -0.4850
vn 0.0608 -0.2338 -0.9704
vn 0.0726 -0.1025 -0.9921
vn 0.0335 -0.0471 -0.9983
vn 0.0556 0.7839 -0.6184
vn 0.0729 0.4528 -0.8886
vn 0.1379 0.3267 -0.9350
vn 0.0750 0.4456 -0.8921
vn 0.1074 -0.4241 -0.8992
vn 0.1257 0.0028 -0.9921
vn 0.0838 0.1228 -0.9889
vn 0.1317 -0.0098 -0.9912
vn 0.1148 0.1343 -0.9843
vn 0.0713 -0.2681 -0.9607
vn 0.1289 0.8234 -0.5526
vn 0.1086 0.6465 -0.7552
vn 0.1230 -0.1128 -0.9860
vn 0.2230 0.4820 -0.8473
vn 0.1096 0.4211 -0.9004
vn 0.2143 0.1860 -0.9589
vn 0.1586 0.1069 -0.9815
vn 0.1687 -0.0447 -0.9847
vn 0.1984 -0.2278 -0.9533
vn 0.3012 -0.0919 -0.9491
vn 0.2130 0.3755 -0.9020
vn 0.2559 0.8629 -0.4358
vn 0.3448 0.3701 -0.8626
vn 0.2615 0.3852 -0.8850
vn 0.3344 -0.3735 -0.8653
vn 0.3652 0.6650 -0.6515
vn 0.3824 0.0409 -0.9231
vn 0.3510 0.0915 -0.9319
vn 0.4559 -0.1688 -0.8739
vn 0.4913 0.1671 -0.8548
vn 0.5994 0.1780 -0.7804
vn 0.6151 0.0452 -0.7871
vn 0.5558 0.5893 -0.5863
vn 0.6398 0.2092 -0.7396
vn 0.5511 -0.2568 -0.7939
vn 0.6974 -0.1220 -0.7062
vn 0.7642 0.1406 -0.6295
vn 0.8111 0.0148 -0.5847
vn 0.8496 0.0835 -0.5208
vn 0.5994 0.1781 -0.7804
vn 0.8496 0.0835 -0.5207
vn -0.0178 -0.6272 -0.7787
vn 0.1978 -0.9466 -0.2546
vn 0.0805 -0.9636 -0.2548
vn 0.4497 -0.5287 -0.7199
vn -0.1280 -0.8169 -0.5623
vn 0.5511 -0.2569 -0.7939
vn 0.7247 -0.3158 -0.6125
vn 0.6398 0.2092 -0.7395
vn 0.5558 0.5894 -0.5863
vn 0.7991 0.5210 -0.3001
vn 0.8817 0.1557 -0.4453
vn 0.7247 -0.3158 -0.6124
vn 0.7642 0.1405 -0.6295
vn 0.8651 -0.0349 -0.5003
vn 0.6152 0.0452 -0.7871
vn 0.6398 0.2091 -0.7395
vn 0.8639 -0.2268 -0.4497
vn 0.9006 0.0543 -0.4312
vn 0.4564 -0.8850 -0.0919
vn 0.8998 -0.1092 -0.4225
vn 0.9345 0.2142 -0.2842
vn 0.9352 0.0355 -0.3523
vn 0.7804 -0.3292 0.5316
vn 0.9843 -0.1694 0.0501
vn -0.5256 0.8182 -0.2328
vn -0.2168 0.8947 -0.3905
vn -0.3625 0.5794 -0.7300
vn -0.4003 0.8689 -0.2910
vn -0.1111 0.9238 -0.3664
vn -0.1055 0.9267 -0.3608
vn -0.2151 0.6946 -0.6865
vn -0.0503 0.9109 -0.4095
vn -0.0574 0.9406 -0.3347
vn -0.0521 0.8887 -0.4555
vn -0.0033 0.9433 -0.3320
vn 0.0369 0.9286 -0.3692
vn 0.0481 0.9440 -0.3263
vn 0.1227 0.9199 -0.3724
vn 0.0981 0.9232 -0.3716
vn 0.2429 0.5889 -0.7709
vn 0.1075 0.9405 -0.3223
vn 0.2934 0.7341 -0.6124
vn 0.2917 0.9090 -0.2977
vn 0.2865 0.8935 -0.3457
vn 0.6098 0.7512 -0.2528
vn 0.5039 0.8489 -0.1596
vn 0.6311 0.7529 -0.1870
vn 0.3653 0.6650 -0.6514
vn 0.6122 0.7801 -0.1289
vn 0.2918 0.9090 -0.2977
vn 0.2866 0.8935 -0.3457
vn -0.3390 -0.8670 0.3653
vn 0.6607 -0.7045 -0.2591
vn -0.2295 -0.9551 -0.1872
vn -0.3185 -0.6274 0.7106
vn -0.4474 -0.4753 0.7576
vn -0.7158 -0.6522 0.2495
vn -0.1869 -0.8616 0.4719
vn -0.0731 -0.5531 0.8299
vn -0.7409 -0.0986 -0.6643
vn -0.1274 -0.9816 0.1421
vn -0.0035 -0.9373 0.3485
vn 0.0326 -0.7586 0.6507
vn 0.0071 -0.4892 0.8721
vn 0.1139 -0.9829 -0.1446
vn 0.1958 -0.9782 0.0690
vn 0.2115 -0.5962 0.7745
vn 0.2472 -0.8343 0.4928
vn 0.3092 -0.3695 0.8763
vn 0.9308 0.1479 0.3342
vn 0.6530 -0.0508 0.7557
vn 0.8177 -0.2517 0.5178
vn 0.8352 -0.3889 0.3889
vn 0.4666 -0.5687 0.6774
vn -0.2294 -0.5818 -0.7803
vn -0.5526 -0.4118 -0.7246
vn -0.3071 -0.6194 -0.7226
vn -0.0622 -0.6549 0.7532
vn -0.1112 -0.9735 -0.1999
vn -0.0460 -0.4686 -0.8822
vn -0.1274 -0.9816 0.1420
vn -0.0114 -0.6727 -0.7398
vn -0.0156 -0.8797 -0.4753
vn 0.1125 -0.4601 -0.8807
vn 0.2020 -0.9418 -0.2688
vn 0.1957 -0.9782 0.0689
vn 0.2318 -0.4378 -0.8687
vn 0.2408 -0.7412 -0.6266
vn 0.7980 -0.1025 -0.5938
vt 0.023727 0.649877
vt 0.009725 0.652411
vt 0.014612 0.628773
vt 0.026064 0.635642
vt 0.020463 0.664270
vt 0.009725 0.673834
vt 0.035987 0.659315
vt 0.021460 0.677652
vt 0.030529 0.677821
vt 0.036553 0.668714
vt 0.020602 0.688464
vt 0.024165 0.685661
vt 0.026492 0.980885
vt 0.033870 0.975505
vt 0.026492 0.972166
vt 0.082160 0.982897
vt 0.087525 0.976681
vt 0.082160 0.969484
vt 0.387440 0.599867
vt 0.391592 0.601879
vt 0.392688 0.608652
vt 0.395486 0.599946
vt 0.392165 0.594599
vt 0.385661 0.590879
vt 0.392637 0.590540
vt 0.395648 0.593496
vt 0.381796 0.581645
vt 0.384303 0.583318
vt 0.387939 0.587271
vt 0.412049 0.596563
vt 0.403333 0.588813
vt 0.408150 0.580119
vt 0.083501 0.925889
vt 0.088196 0.925889
vt 0.087827 0.917840
vt 0.420451 0.591245
vt 0.481563 0.601420
vt 0.494543 0.588644
vt 0.514640 0.596532
vt 0.453779 0.595617
vt 0.477046 0.578265
vt 0.393089 0.586858
vt 0.386830 0.585669
vt 0.391870 0.580326
vt 0.369215 0.567740
vt 0.386213 0.575952
vt 0.427232 0.577626
vt 0.570476 0.587739
vt 0.537297 0.598036
vt 0.551395 0.581091
vt 0.532776 0.582848
vt 0.511297 0.579533
vt 0.577551 0.571764
vt 0.589438 0.567740
vt 0.599933 0.573782
vt 0.991084 0.481923
vt 0.981542 0.497785
vt 0.975903 0.486006
vt 0.969952 0.493757
vt 0.980795 0.479255
vt 0.958956 0.501289
vt 0.960287 0.490987
vt 0.014326 0.566506
vt 0.004359 0.568410
vt 0.013830 0.561473
vt 0.931904 0.500928
vt 0.928908 0.509735
vt 0.924840 0.499712
vt 0.984177 0.439807
vt 0.969472 0.444128
vt 0.974199 0.435198
vt 0.946850 0.422295
vt 0.932829 0.428835
vt 0.934661 0.416211
vt 0.912118 0.445356
vt 0.934774 0.372466
vt 0.920391 0.376816
vt 0.925124 0.366901
vt 0.959123 0.372849
vt 0.982388 0.354205
vt 0.970787 0.378942
vt 0.984086 0.469296
vt 0.996403 0.456093
vt 0.987762 0.460770
vt 0.970052 0.509620
vt 0.973111 0.478013
vt 0.981701 0.453820
vt 0.992843 0.433898
vt 0.936464 0.517347
vt 0.907831 0.502758
vt 0.972854 0.425481
vt 0.933097 0.490775
vt 0.918163 0.497321
vt 0.916012 0.488403
vt 0.964516 0.416853
vt 0.981314 0.417562
vt 0.131145 0.362765
vt 0.109764 0.373819
vt 0.081519 0.348212
vt 0.920011 0.480985
vt 0.927394 0.482327
vt 0.065073 0.522578
vt 0.069417 0.529319
vt 0.057484 0.533047
vt 0.904193 0.477803
vt 0.961736 0.425261
vt 0.957010 0.409300
vt 0.008024 0.512299
vt 0.018389 0.521877
vt 0.015861 0.522767
vt 0.014359 0.509522
vt 0.896615 0.455037
vt 0.911870 0.463011
vt 0.909572 0.433463
vt 0.887198 0.336115
vt 0.895053 0.317169
vt 0.901014 0.332440
vt 0.910145 0.318428
vt 0.920810 0.309671
vt 0.413023 0.407950
vt 0.438754 0.374854
vt 0.428544 0.403209
vt 0.899249 0.346851
vt 0.905680 0.342609
vt 0.467137 0.361571
vt 0.448275 0.380126
vt 0.898981 0.366121
vt 0.908226 0.354857
vt 0.913021 0.365445
vt 0.920799 0.299554
vt 0.932260 0.303404
vt 0.950603 0.301626
vt 0.940729 0.314114
vt 0.924310 0.357859
vt 0.476865 0.369506
vt 0.496292 0.363626
vt 0.939177 0.381616
vt 0.943788 0.370042
vt 0.507000 0.377506
vt 0.965443 0.292948
vt 0.978275 0.314068
vt 0.515638 0.370054
vt 0.978964 0.346819
vt 0.969313 0.341479
vt 0.982415 0.337322
vt 0.995641 0.327823
vt 0.994364 0.347650
vt 0.987543 0.371489
vt 0.219195 0.469568
vt 0.202926 0.460444
vt 0.192124 0.474514
vt 0.965263 0.474676
vt 0.938159 0.487268
vt 0.080882 0.375406
vt 0.051704 0.520867
vt 0.065931 0.517939
vt 0.057243 0.520869
vt 0.134168 0.382210
vt 0.146040 0.395415
vt 0.152001 0.392801
vt 0.917783 0.339813
vt 0.915608 0.342517
vt 0.671925 0.634453
vt 0.677234 0.628773
vt 0.662307 0.628773
vt 0.944729 0.314763
vt 0.932556 0.392689
vt 0.939245 0.354344
vt 0.522803 0.390502
vt 0.906651 0.058197
vt 0.899880 0.038465
vt 0.918271 0.056476
vt 0.022053 0.555248
vt 0.055930 0.509390
vt 0.888869 0.466598
vt 0.917065 0.417130
vt 0.152649 0.386313
vt 0.156614 0.420722
vt 0.161152 0.412660
vt 0.417824 0.428796
vt 0.898047 0.302964
vt 0.931007 0.326661
vt 0.926490 0.334764
vt 0.916862 0.326232
vt 0.913122 0.388329
vt 0.930514 0.358752
vt 0.950987 0.391617
vt 0.988358 0.306257
vt 0.997733 0.487030
vt 0.223628 0.460429
vt 0.241784 0.474514
vt 0.937178 0.478504
vt 0.056047 0.527337
vt 0.228892 0.406023
vt 0.262927 0.417841
vt 0.239144 0.428977
vt 0.279421 0.405378
vt 0.256834 0.443673
vt 0.300483 0.414651
vt 0.297480 0.333409
vt 0.318622 0.331399
vt 0.320232 0.337555
vt 0.317803 0.421434
vt 0.340267 0.410551
vt 0.391821 0.411665
vt 0.399205 0.392315
vt 0.453801 0.344934
vt 0.942395 0.286980
vt 0.492788 0.331223
vt 0.188129 0.466360
vt 0.963431 0.518779
vt 0.047493 0.553362
vt 0.056307 0.565782
vt 0.041146 0.555178
vt 0.934054 0.482770
vt 0.161476 0.404601
vt 0.201799 0.436621
vt 0.189418 0.419212
vt 0.337997 0.400741
vt 0.353030 0.426762
vt 0.367229 0.413500
vt 0.404417 0.440939
vt 0.882466 0.354483
vt 0.668569 0.640174
vt 0.925937 0.341126
vt 0.684054 0.634333
vt 0.936808 0.341708
vt 0.947652 0.353978
vt 0.910834 0.022332
vt 0.879611 0.031205
vt 0.518200 0.399238
vt 0.054806 0.367918
vt 0.058793 0.385520
vt 0.139132 0.970392
vt 0.139839 0.978430
vt 0.133803 0.981556
vt 0.029272 0.554988
vt 0.032547 0.562744
vt 0.038980 0.540985
vt 0.049888 0.541967
vt 0.058010 0.547351
vt 0.019968 0.539930
vt 0.015013 0.533549
vt 0.024183 0.536940
vt 0.048887 0.532823
vt 0.891149 0.488046
vt 0.029764 0.516312
vt 0.030544 0.526644
vt 0.028101 0.514923
vt 0.169874 0.429606
vt 0.170201 0.415847
vt 0.313552 0.400101
vt 0.419258 0.375054
vt 0.918655 0.081010
vt 0.928309 0.080137
vt 0.023117 0.404283
vt 0.044294 0.405191
vt 0.024040 0.436554
vt 0.040741 0.428313
vt 0.022616 0.550698
vt 0.019416 0.546463
vt 0.043174 0.527897
vt 0.037393 0.523457
vt 0.186155 0.410310
vt 0.290964 0.343709
vt 0.920646 0.288033
vt 0.930632 0.348417
vt 0.921413 0.345343
vt 0.691818 0.630206
vt 0.945735 0.327292
vt 0.949963 0.321919
vt 0.952362 0.335016
vt 0.954827 0.352927
vt 0.960199 0.341724
vt 0.880060 0.000335
vt 0.924733 0.037415
vt 0.059671 0.553090
vt 0.163799 0.449711
vt 0.305739 0.441337
vt 0.284273 0.451464
vt 0.326476 0.450459
vt 0.372359 0.399548
vt 0.418263 0.450976
vt 0.935310 0.317482
vt 0.954355 0.326313
vt 0.958522 0.333524
vt 0.913415 0.084013
vt 0.037134 0.445605
vt 0.028070 0.509390
vt 0.175332 0.395949
vt 0.161589 0.367824
vt 0.163489 0.353512
vt 0.181640 0.350655
vt 0.198837 0.377022
vt 0.202056 0.335643
vt 0.202337 0.452584
vt 0.345076 0.441587
vt 0.363259 0.450976
vt 0.384176 0.447425
vt 0.964785 0.338434
vt 0.951921 0.367339
vt 0.958246 0.364622
vt 0.999665 0.498314
vt 0.992453 0.517928
vt 0.986919 0.509606
vt 0.897295 0.426599
vt 0.244876 0.364822
vt 0.241033 0.335195
vt 0.277295 0.388064
vt 0.372046 0.439034
vt 0.390291 0.438792
vt 0.408638 0.448480
vt 0.901122 0.066170
vt 0.027545 0.457076
vt 0.000335 0.971496
vt 0.004359 0.974683
vt 0.000335 0.982227
vt 0.238210 0.457076
vt 0.266536 0.334822
vt 0.315074 0.359017
vt 0.962289 0.326688
vt 0.959525 0.355820
vt 0.014519 0.453554
vt 0.341683 0.348006
vt 0.338980 0.384455
vt 0.690476 0.548400
vt 0.711460 0.549519
vt 0.706609 0.574153
vt 0.725352 0.575788
vt 0.358517 0.365736
vt 0.389336 0.924681
vt 0.388834 0.941985
vt 0.385219 0.940754
vt 0.384641 0.921484
vt 0.924177 0.100074
vt 0.002639 0.417182
vt 0.133803 0.968142
vt 0.346791 0.329235
vt 0.361937 0.390019
vt 0.392356 0.358077
vt 0.952887 0.359612
vt 0.883635 0.476413
vt 0.214482 0.326125
vt 0.200299 0.316979
vt 0.710514 0.541246
vt 0.885702 0.309191
vt 0.900390 0.295005
vt 0.003948 0.436808
vt 0.903969 0.417367
vt 0.140676 0.338319
vt 0.395488 0.326528
vt 0.425191 0.338785
vt 0.959047 0.345266
vt 0.980264 0.284974
vt 0.975078 0.276660
vt 0.995641 0.280907
vt 0.000335 0.450384
vt 0.905682 0.518779
vt 0.192750 0.329728
vt 0.961687 0.332431
vt 0.494193 0.379925
vt 0.025779 0.366736
vt 0.085494 0.380172
vt 0.066152 0.394054
vt 0.891182 0.499267
vt 0.696069 0.519450
vt 0.711302 0.533981
vt 0.725352 0.544272
vt 0.879611 0.324282
vt 0.050047 0.414131
vt 0.179594 0.328529
vt 0.421451 0.329834
vt 0.918363 0.106045
vt 0.942920 0.103282
vt 0.885836 0.447736
vt 0.948735 0.279159
vt 0.422491 0.326164
vt 0.389336 0.903085
vt 0.953271 0.042099
vt 0.426624 0.325741
vt 0.438175 0.329423
vt 0.457516 0.324524
vt 0.932357 0.109658
vt 0.008895 0.384804
vt 0.099652 0.337634
vt 0.433205 0.326113
vt 0.052454 0.345408
vt 0.900011 0.402750
vt 0.442217 0.322433
vt 0.959267 0.080440
vt 0.918753 0.002442
vt 0.952149 0.009107
vt 0.426834 0.317425
vt 0.187306 0.319035
vt 0.193836 0.315560
vt 0.010164 0.369474
vt 0.163208 0.317514
vt 0.183538 0.319225
vt 0.970435 0.100036
vt 0.021506 0.350736
vt 0.947267 0.108981
vt 0.976315 0.065138
vt 0.973866 0.024489
vt 0.973689 0.000335
vt 0.988934 0.049590
vt 0.816039 0.482812
vt 0.831951 0.482638
vt 0.826405 0.487963
vt 0.842960 0.479879
vt 0.849887 0.487520
vt 0.841001 0.489515
vt 0.868209 0.498564
vt 0.857006 0.501884
vt 0.856245 0.491426
vt 0.818907 0.491881
vt 0.856022 0.496002
vt 0.833673 0.494711
vt 0.864971 0.505807
vt 0.848813 0.499118
vt 0.861012 0.510060
vt 0.824016 0.504337
vt 0.846419 0.504668
vt 0.811597 0.496050
vt 0.808518 0.510060
vt 0.082830 0.601285
vt 0.069581 0.582164
vt 0.082626 0.580483
vt 0.073184 0.601666
vt 0.056951 0.605685
vt 0.075488 0.613430
vt 0.057747 0.616823
vt 0.050637 0.599408
vt 0.060312 0.630924
vt 0.050637 0.635480
vt 0.052218 0.627054
vt 0.070716 0.622057
vt 0.136647 0.403085
vt 0.138874 0.392019
vt 0.140449 0.409209
vt 0.128550 0.407230
vt 0.145205 0.420873
vt 0.137654 0.443937
vt 0.139160 0.431540
vt 0.510406 0.347753
vt 0.521413 0.347885
vt 0.515720 0.356419
vt 0.507378 0.363850
vt 0.134267 0.415832
vt 0.131228 0.441738
vt 0.136085 0.425460
vt 0.138607 0.425500
vt 0.131155 0.431070
vt 0.053991 0.924547
vt 0.056700 0.925634
vt 0.058685 0.927697
vt 0.053991 0.933937
vt 0.526815 0.354357
vt 0.128811 0.423928
vt 0.124648 0.449028
vt 0.122401 0.433342
vt 0.528169 0.363850
vt 0.122401 0.409293
vt 0.293085 0.830794
vt 0.324279 0.826626
vt 0.303957 0.835770
vt 0.312716 0.839328
vt 0.305019 0.873824
vt 0.314350 0.882831
vt 0.306168 0.882088
vt 0.291670 0.843202
vt 0.299898 0.875519
vt 0.298647 0.885878
vt 0.316077 0.890772
vt 0.324279 0.894854
vt 0.315339 0.897990
vt 0.306695 0.893751
vt 0.303625 0.849428
vt 0.314968 0.851868
vt 0.305979 0.856313
vt 0.318675 0.849605
vt 0.283126 0.856597
vt 0.291063 0.867422
vt 0.289135 0.877440
vt 0.306583 0.903085
vt 0.291913 0.891170
vt 0.281355 0.879448
vt 0.032736 0.738176
vt 0.041104 0.736698
vt 0.050637 0.738766
vt 0.015449 0.738766
vt 0.022633 0.735423
vt 0.013078 0.728908
vt 0.033636 0.731350
vt 0.049279 0.729313
vt 0.017824 0.726736
vt 0.040053 0.727332
vt 0.030381 0.725140
vt 0.016212 0.723719
vt 0.046707 0.719944
vt 0.024580 0.716751
vt 0.018878 0.710913
vt 0.022805 0.706529
vt 0.015886 0.705185
vt 0.015126 0.690476
vt 0.536903 0.491609
vt 0.527123 0.498611
vt 0.526157 0.483233
vt 0.532011 0.517891
vt 0.526157 0.526157
vt 0.540102 0.506085
vt 0.540960 0.519834
vt 0.551914 0.510925
vt 0.547351 0.500437
vt 0.554326 0.520903
vt 0.882115 0.061106
vt 0.891423 0.061530
vt 0.895002 0.070087
vt 0.897720 0.053158
vt 0.884704 0.052204
vt 0.894876 0.047656
vt 0.882485 0.041370
vt 0.868693 0.060023
vt 0.869358 0.047614
vt 0.862951 0.057039
vt 0.855466 0.070087
vt 0.869615 0.040577
vt 0.587123 0.477403
vt 0.575133 0.485245
vt 0.574367 0.477056
vt 0.603207 0.469374
vt 0.593374 0.466905
vt 0.274648 0.977532
vt 0.274648 0.962507
vt 0.280684 0.971487
vt 0.635788 0.175788
vt 0.627970 0.164051
vt 0.626761 0.176257
vt 0.640428 0.165408
vt 0.279537 0.959423
vt 0.583878 0.467168
vt 0.605298 0.460551
vt 0.570107 0.472232
vt 0.602334 0.454508
vt 0.569081 0.478791
vt 0.588997 0.455799
vt 0.584599 0.464066
vt 0.651005 0.180735
vt 0.639929 0.192068
vt 0.653588 0.196848
vt 0.572401 0.458718
vt 0.580488 0.449698
vt 0.653588 0.160630
vt 0.569081 0.451577
vt 0.457076 0.503444
vt 0.468187 0.492941
vt 0.470969 0.500033
vt 0.503821 0.485983
vt 0.496231 0.477197
vt 0.507837 0.479993
vt 0.493524 0.491836
vt 0.519862 0.479576
vt 0.512741 0.486788
vt 0.461135 0.518850
vt 0.464145 0.507558
vt 0.518924 0.494118
vt 0.487640 0.485069
vt 0.484614 0.494715
vt 0.476695 0.485366
vt 0.478048 0.497829
vt 0.466985 0.514316
vt 0.098256 0.982897
vt 0.089302 0.976861
vt 0.085513 0.982897
vt 0.466532 0.508177
vt 0.474644 0.508192
vt 0.497697 0.500168
vt 0.508489 0.493989
vt 0.508506 0.500827
vt 0.515477 0.503690
vt 0.524145 0.507530
vt 0.480304 0.512482
vt 0.471745 0.519417
vt 0.516476 0.509222
vt 0.511996 0.506317
vt 0.505481 0.509862
vt 0.494234 0.511392
vt 0.480191 0.520121
vt 0.512979 0.511730
vt 0.517955 0.510369
vt 0.513115 0.520121
vt 0.402821 0.554175
vt 0.398986 0.550302
vt 0.408786 0.550302
vt 0.395396 0.553686
vt 0.384969 0.558356
vt 0.380617 0.555137
vt 0.400363 0.559691
vt 0.818792 0.970973
vt 0.823944 0.962777
vt 0.823944 0.978435
vt 0.072770 0.985580
vt 0.058862 0.983568
vt 0.057344 0.985580
vt 0.821487 0.978760
vt 0.814005 0.980250
vt 0.821719 0.982227
vt 0.811871 0.973857
vt 0.382763 0.907054
vt 0.374924 0.904212
vt 0.387995 0.903085
vt 0.368033 0.906749
vt 0.360198 0.903085
vt 0.377913 0.910067
vt 0.359155 0.910801
vt 0.378712 0.919182
vt 0.922878 0.549962
vt 0.914477 0.541827
vt 0.921416 0.539023
vt 0.911054 0.550382
vt 0.921129 0.560516
vt 0.923206 0.567035
vt 0.916802 0.563696
vt 0.912088 0.572107
vt 0.916073 0.555099
vt 0.304829 0.929242
vt 0.312207 0.924286
vt 0.304829 0.917106
vt 0.911818 0.559591
vt 0.310847 0.912475
vt 0.903756 0.535547
vt 0.905097 0.566801
vt 0.903782 0.548568
vt 0.903756 0.581824
vt 0.675050 0.599813
vt 0.679125 0.589202
vt 0.683009 0.597723
vt 0.688464 0.609237
vt 0.680928 0.605654
vt 0.687278 0.615359
vt 0.675050 0.612486
vt 0.565837 0.907203
vt 0.570132 0.908136
vt 0.564386 0.898390
vt 0.413153 0.913810
vt 0.406103 0.921865
vt 0.412480 0.920222
vt 0.570463 0.913224
vt 0.417853 0.915905
vt 0.564386 0.914487
vt 0.417799 0.911804
vt 0.575117 0.914298
vt 0.422200 0.921865
vt 0.001677 0.628102
vt 0.014456 0.610065
vt 0.034635 0.602786
vt 0.096768 0.522942
vt 0.083812 0.548281
vt 0.087168 0.529776
vt 0.063659 0.576102
vt 0.075033 0.548971
vt 0.033028 0.588971
vt 0.094002 0.504244
vt 0.100939 0.502835
vt 0.090249 0.512954
vt 0.057795 0.566669
vt 0.095257 0.493460
vt 0.083508 0.500915
vt 0.086295 0.497628
vt 0.691233 0.911736
vt 0.680416 0.908422
vt 0.681972 0.919852
vt 0.066299 0.479486
vt 0.069553 0.491438
vt 0.685259 0.895037
vt 0.073334 0.493961
vt 0.694005 0.896565
vt 0.704338 0.907265
vt 0.696377 0.919111
vt 0.705231 0.895037
vt 0.054656 0.484477
vt 0.043381 0.489541
vt 0.053860 0.491378
vt 0.043755 0.498249
vt 0.034860 0.500681
vt 0.038510 0.508691
vt 0.029492 0.493845
vt 0.022472 0.498280
vt 0.024675 0.482883
vt 0.041455 0.477719
vt 0.018646 0.489908
vt 0.001677 0.487543
vt 0.020938 0.466465
vt 0.694702 0.628773
vt 0.701579 0.631139
vt 0.701387 0.635348
vt 0.688464 0.638833
vt 0.712076 0.634464
vt 0.715533 0.638833
vt 0.719316 0.631565
vt 0.530830 0.332844
vt 0.525696 0.310449
vt 0.543424 0.331971
vt 0.544936 0.357473
vt 0.535300 0.398708
vt 0.532038 0.389337
vt 0.540525 0.373754
vt 0.534954 0.303891
vt 0.536449 0.355101
vt 0.520414 0.282696
vt 0.525793 0.423498
vt 0.523811 0.404451
vt 0.532844 0.364831
vt 0.544936 0.458417
vt 0.521690 0.434518
vt 0.526446 0.382076
vt 0.512743 0.425746
vt 0.834004 0.927230
vt 0.818555 0.922278
vt 0.821992 0.927230
vt 0.809188 0.922198
vt 0.831772 0.919852
vt 0.493460 0.446839
vt 0.483903 0.448357
vt 0.488679 0.439638
vt 0.161619 0.977728
vt 0.168008 0.972972
vt 0.160630 0.982227
vt 0.504888 0.445976
vt 0.509760 0.448357
vt 0.496089 0.443428
vt 0.512072 0.440041
vt 0.160630 0.969484
vt 0.477108 0.927901
vt 0.466465 0.936620
vt 0.474208 0.935947
vt 0.482562 0.936620
vt 0.869487 0.914805
vt 0.880282 0.911133
vt 0.878121 0.919062
vt 0.865436 0.911133
vt 0.005778 0.980885
vt 0.013078 0.985580
vt 0.011776 0.984094
vt 0.859490 0.913052
vt 0.003018 0.985580
vt 0.121060 0.917170
vt 0.121060 0.924547
vt 0.124413 0.920765
vt 0.176727 0.921865
vt 0.178739 0.921865
vt 0.177403 0.917170
vt 0.871279 0.923206
vt 0.865341 0.917310
vt 0.991965 0.618743
vt 0.992725 0.633467
vt 0.986922 0.621116
vt 0.997653 0.626096
vt 0.997653 0.609323
vt 0.330392 0.730047
vt 0.337683 0.741656
vt 0.328303 0.743747
vt 0.328303 0.764252
vt 0.332913 0.756288
vt 0.334054 0.748873
vt 0.341046 0.754545
vt 0.788397 0.946138
vt 0.800856 0.943997
vt 0.800776 0.948293
vt 0.811871 0.946049
vt 0.790847 0.952046
vt 0.810308 0.952046
vt 0.688464 0.565057
vt 0.677733 0.572754
vt 0.688367 0.571520
vt 0.688464 0.582488
vt 0.682949 0.580053
vt 0.681754 0.590899
vt 0.687872 0.593897
vt 0.237089 0.984909
vt 0.237089 0.968142
vt 0.240816 0.979236
vt 0.598500 0.583166
vt 0.596475 0.589769
vt 0.588240 0.586009
vt 0.587129 0.591920
vt 0.243125 0.970214
vt 0.560934 0.607311
vt 0.557679 0.602353
vt 0.559421 0.595810
vt 0.603286 0.595558
vt 0.568547 0.602776
vt 0.569244 0.594260
vt 0.578780 0.600326
vt 0.579415 0.588284
vt 0.593033 0.598774
vt 0.601614 0.607311
vt 0.995641 0.598954
vt 0.995641 0.585178
vt 0.986922 0.594958
vt 0.990992 0.608637
vt 0.995365 0.610555
vt 0.988387 0.607305
vt 0.141180 0.918511
vt 0.141180 0.925218
vt 0.143863 0.921441
vt 0.987296 0.611335
vt 0.162643 0.919222
vt 0.159960 0.917840
vt 0.159960 0.922535
vt 0.851103 0.968283
vt 0.869506 0.974394
vt 0.855841 0.981792
vt 0.834809 0.975584
vt 0.827968 0.961435
vt 0.891404 0.977858
vt 0.914279 0.968234
vt 0.907851 0.980280
vt 0.876799 0.985580
vt 0.935278 0.961435
vt 0.378421 0.902415
vt 0.378990 0.896784
vt 0.388542 0.902415
vt 0.369489 0.898442
vt 0.364990 0.901671
vt 0.357814 0.898542
vt 0.361592 0.894029
vt 0.389336 0.894806
vt 0.382786 0.889001
vt 0.723746 0.194278
vt 0.720849 0.196177
vt 0.726514 0.183719
vt 0.730353 0.184896
vt 0.718988 0.172923
vt 0.729047 0.175661
vt 0.727608 0.171773
vt 0.711938 0.163984
vt 0.732912 0.171607
vt 0.732535 0.170369
vt 0.134474 0.917840
vt 0.134474 0.926559
vt 0.135815 0.920956
vt 0.734456 0.165106
vt 0.736315 0.169303
vt 0.735201 0.169602
vt 0.742119 0.163984
vt 0.797043 0.890248
vt 0.793092 0.902415
vt 0.793092 0.887731
vt 0.800191 0.901469
vt 0.798092 0.883635
vt 0.077465 0.920555
vt 0.082830 0.917840
vt 0.082830 0.925218
vt 0.805164 0.894080
vt 0.801409 0.886453
vt 0.684440 0.950989
vt 0.682933 0.941315
vt 0.679911 0.950207
vt 0.682486 0.959423
vt 0.675050 0.955280
vt 0.676109 0.945392
vt 0.675050 0.941575
vt 0.781103 0.889671
vt 0.792421 0.892219
vt 0.784442 0.896378
vt 0.772816 0.896378
vt 0.768276 0.893450
vt 0.448357 0.697972
vt 0.436148 0.707243
vt 0.435455 0.700636
vt 0.431507 0.704817
vt 0.946497 0.813060
vt 0.950944 0.803651
vt 0.954058 0.813883
vt 0.425049 0.701302
vt 0.444849 0.693159
vt 0.947140 0.801140
vt 0.414152 0.703660
vt 0.423809 0.693159
vt 0.932596 0.813883
vt 0.998323 0.797056
vt 0.993187 0.791668
vt 0.992758 0.786406
vt 0.989604 0.781137
vt 0.996344 0.801811
vt 0.998323 0.776325
vt 0.033882 0.983398
vt 0.037024 0.980597
vt 0.040823 0.984909
vt 0.031187 0.984909
vt 0.041247 0.978873
vt 0.906002 0.675040
vt 0.911804 0.672542
vt 0.907386 0.680836
vt 0.031995 0.981106
vt 0.253675 0.976861
vt 0.252515 0.972318
vt 0.258334 0.972035
vt 0.007673 0.979981
vt 0.004359 0.980215
vt 0.005770 0.974820
vt 0.011456 0.972837
vt 0.011737 0.980215
vt 0.263444 0.976861
vt 0.897593 0.687345
vt 0.262154 0.969484
vt 0.904299 0.688551
vt 0.893946 0.675743
vt 0.905036 0.710430
vt 0.907911 0.699706
vt 0.910384 0.708959
vt 0.268612 0.970525
vt 0.902031 0.671169
vt 0.911804 0.718645
vt 0.899264 0.713369
vt 0.898188 0.704470
vt 0.892284 0.667002
vt 0.887659 0.670516
vt 0.630105 0.844456
vt 0.626650 0.849430
vt 0.623417 0.845201
vt 0.611107 0.848265
vt 0.614773 0.844794
vt 0.632639 0.845610
vt 0.640174 0.849430
vt 0.604628 0.846898
vt 0.632672 0.842967
vt 0.630004 0.836016
vt 0.904964 0.258491
vt 0.909412 0.250256
vt 0.910463 0.265929
vt 0.903228 0.250409
vt 0.905576 0.239162
vt 0.910463 0.233417
vt 0.904637 0.233553
vt 0.901861 0.237132
vt 0.904819 0.229041
vt 0.895708 0.255383
vt 0.631568 0.624959
vt 0.630969 0.617234
vt 0.628773 0.626720
vt 0.642857 0.630114
vt 0.640705 0.617706
vt 0.628773 0.603957
vt 0.657612 0.873601
vt 0.656217 0.877621
vt 0.649736 0.878464
vt 0.641516 0.884977
vt 0.641516 0.873575
vt 0.098256 0.926559
vt 0.100939 0.923584
vt 0.098256 0.917170
vt 0.827968 0.930583
vt 0.837241 0.928782
vt 0.839806 0.926178
vt 0.168679 0.980885
vt 0.168679 0.970154
vt 0.171400 0.976468
vt 0.843259 0.916499
vt 0.846076 0.930583
vt 0.178068 0.970534
vt 0.321147 0.764252
vt 0.320482 0.751510
vt 0.327632 0.757919
vt 0.322351 0.746417
vt 0.314219 0.736979
vt 0.327632 0.735805
vt 0.315331 0.730047
vt 0.500640 0.075532
vt 0.495294 0.072099
vt 0.504695 0.072600
vt 0.498668 0.077637
vt 0.491923 0.075086
vt 0.492922 0.081020
vt 0.499616 0.081853
vt 0.491107 0.074508
vt 0.481818 0.078177
vt 0.494462 0.087064
vt 0.489382 0.087397
vt 0.478380 0.085576
vt 0.486097 0.092220
vt 0.466465 0.076719
vt 0.472875 0.072099
vt 0.699195 0.843875
vt 0.692792 0.834481
vt 0.696967 0.829582
vt 0.690198 0.828081
vt 0.699195 0.825956
vt 0.691253 0.844735
vt 0.688464 0.836058
vt 0.877759 0.905110
vt 0.866981 0.903130
vt 0.879687 0.901073
vt 0.856808 0.901073
vt 0.862362 0.908699
vt 0.873762 0.908754
vt 0.880282 0.910463
vt 0.993125 0.243952
vt 0.998994 0.257881
vt 0.988259 0.246163
vt 0.990384 0.235099
vt 0.989664 0.228559
vt 0.996307 0.232163
vt 0.994050 0.224838
vt 0.998994 0.229061
vt 0.982897 0.235217
vt 0.985180 0.222334
vt 0.887659 0.843787
vt 0.880060 0.848076
vt 0.877599 0.860832
vt 0.396709 0.559561
vt 0.408786 0.575788
vt 0.395348 0.566612
vt 0.397423 0.573925
vt 0.390047 0.575788
vt 0.389336 0.557679
vt 0.877599 0.837357
vt 0.425036 0.604843
vt 0.434401 0.595909
vt 0.435630 0.606153
vt 0.429886 0.613420
vt 0.421529 0.614688
vt 0.440035 0.601282
vt 0.441650 0.614688
vt 0.097586 0.917840
vt 0.092891 0.922282
vt 0.094687 0.924232
vt 0.097586 0.925218
vt 0.991819 0.765252
vt 0.992248 0.777666
vt 0.988784 0.770299
vt 0.988263 0.758723
vt 0.998323 0.771953
vt 0.998323 0.753521
vt 0.853454 0.528305
vt 0.859560 0.529781
vt 0.856341 0.538023
vt 0.862844 0.546948
vt 0.857996 0.524913
vt 0.862844 0.520791
vt 0.857986 0.521726
vt 0.308168 0.929449
vt 0.312207 0.935949
vt 0.312064 0.927901
vt 0.303918 0.931587
vt 0.296110 0.935949
vt 0.150570 0.925889
vt 0.151911 0.922631
vt 0.150570 0.918511
vt 0.303694 0.927947
vt 0.898453 0.840558
vt 0.891799 0.842236
vt 0.901858 0.837698
vt 0.908052 0.845140
vt 0.891283 0.845406
vt 0.911133 0.837358
vt 0.885647 0.837357
vt 0.094903 0.974412
vt 0.100268 0.982897
vt 0.100268 0.969484
vt 0.993349 0.571676
vt 0.990304 0.579691
vt 0.987965 0.570695
vt 0.986922 0.563045
vt 0.994970 0.564113
vt 0.994764 0.584162
vt 0.986922 0.589873
vt 0.316907 0.004496
vt 0.358578 0.004803
vt 0.342673 0.016822
vt 0.439274 0.003993
vt 0.420620 0.011147
vt 0.415768 0.002444
vt 0.394969 0.005655
vt 0.385696 0.016728
vt 0.443618 0.019030
vt 0.448222 0.007619
vt 0.289445 0.019965
vt 0.289579 0.000335
vt 0.254692 0.018121
vt 0.231470 0.017108
vt 0.235512 0.004676
vt 0.048742 0.004911
vt 0.062729 0.005120
vt 0.057227 0.019474
vt 0.071995 0.010864
vt 0.270505 0.011178
vt 0.040267 0.020504
vt 0.034040 0.009388
vt 0.205282 0.011433
vt 0.180562 0.015791
vt 0.195019 0.017415
vt 0.184792 0.025370
vt 0.069927 0.030802
vt 0.209974 0.026689
vt 0.583335 0.021282
vt 0.571885 0.015517
vt 0.582869 0.013857
vt 0.422476 0.028739
vt 0.559393 0.010694
vt 0.561120 0.038735
vt 0.235734 0.047589
vt 0.019564 0.027749
vt 0.323888 0.041572
vt 0.362910 0.038350
vt 0.022731 0.037490
vt 0.389886 0.030801
vt 0.583295 0.038766
vt 0.192673 0.037805
vt 0.603930 0.032891
vt 0.028735 0.046539
vt 0.337095 0.905851
vt 0.351425 0.906271
vt 0.342277 0.911895
vt 0.184398 0.039691
vt 0.369093 0.929615
vt 0.357337 0.916042
vt 0.370076 0.915819
vt 0.054595 0.038276
vt 0.446657 0.054464
vt 0.371308 0.075499
vt 0.413494 0.051986
vt 0.329103 0.917534
vt 0.328734 0.901121
vt 0.321013 0.899061
vt 0.317100 0.912199
vt 0.353733 0.928416
vt 0.066501 0.060554
vt 0.007453 0.052803
vt 0.266365 0.072735
vt 0.043341 0.061864
vt 0.604601 0.053303
vt 0.567547 0.065949
vt 0.190697 0.063203
vt 0.375402 0.946386
vt 0.077741 0.061052
vt 0.315833 0.922416
vt 0.337107 0.941016
vt 0.364234 0.949976
vt 0.357058 0.951806
vt 0.382571 0.938550
vt 0.311868 0.088136
vt 0.602358 0.075250
vt 0.553595 0.054335
vt 0.022879 0.065075
vt 0.008060 0.067404
vt 0.318539 0.935218
vt 0.327030 0.934520
vt 0.388239 0.965840
vt 0.392410 0.951044
vt 0.400738 0.970154
vt 0.424942 0.091456
vt 0.378823 0.957965
vt 0.338457 0.950792
vt 0.323752 0.943729
vt 0.350768 0.968713
vt 0.087629 0.074355
vt 0.312500 0.946310
vt 0.612790 0.072741
vt 0.207771 0.096926
vt 0.475194 0.097643
vt 0.072051 0.094403
vt 0.166840 0.071562
vt 0.135464 0.083539
vt 0.143812 0.067983
vt 0.176035 0.084903
vt 0.584103 0.093443
vt 0.112869 0.074465
vt 0.238633 0.111396
vt 0.099968 0.092608
vt 0.297584 0.970154
vt 0.521801 0.080221
vt 0.547429 0.102645
vt 0.293427 0.940303
vt 0.020494 0.100127
vt 0.045552 0.102147
vt 0.002156 0.080589
vt 0.004971 0.096932
vt 0.163997 0.117277
vt 0.613412 0.100318
vt 0.516686 0.108189
vt 0.132945 0.111517
vt 0.291450 0.123844
vt 0.000553 0.108196
vt 0.410428 0.122070
vt 0.605802 0.110055
vt 0.381001 0.118142
vt 0.342037 0.126888
vt 0.010097 0.121314
vt 0.080924 0.123710
vt 0.104706 0.130615
vt 0.449777 0.152300
vt 0.615676 0.126558
vt 0.498187 0.156186
vt 0.539748 0.161490
vt 0.038356 0.135942
vt 0.584094 0.140446
vt 0.002804 0.130816
vt 0.206613 0.133410
vt 0.181472 0.135041
vt 0.262249 0.142492
vt 0.610371 0.149494
vt 0.140018 0.155283
vt 0.376500 0.141210
vt 0.332293 0.141014
vt 0.013263 0.152525
vt 0.176900 0.144591
vt 0.618800 0.159492
vt 0.161397 0.157353
vt 0.227582 0.144733
vt 0.200565 0.144271
vt 0.397741 0.150318
vt 0.089976 0.177734
vt 0.296282 0.142176
vt 0.301290 0.153258
vt 0.354716 0.151040
vt 0.424607 0.176248
vt 0.384809 0.151743
vt 0.265998 0.153119
vt 0.373601 0.162022
vt 0.196001 0.147309
vt 0.217165 0.162014
vt 0.191447 0.157203
vt 0.332359 0.166202
vt 0.242634 0.159700
vt 0.285304 0.162461
vt 0.001137 0.162415
vt 0.390741 0.163441
vt 0.178791 0.151849
vt 0.179110 0.163939
vt 0.171387 0.151805
vt 0.169853 0.164201
vt 0.260493 0.171854
vt 0.578347 0.181195
vt 0.037572 0.203675
vt 0.613718 0.180837
vt 0.394866 0.176630
vt 0.172478 0.179342
vt 0.200829 0.170046
vt 0.012508 0.179713
vt 0.372620 0.175956
vt 0.235013 0.171297
vt 0.292146 0.176294
vt 0.330857 0.177405
vt 0.222017 0.180991
vt 0.283193 0.176116
vt 0.263182 0.183641
vt 0.320214 0.185603
vt 0.331202 0.177419
vt 0.512662 0.203264
vt 0.623407 0.184859
vt 0.370094 0.177385
vt 0.356968 0.192558
vt 0.303375 0.216344
vt 0.464198 0.198185
vt 0.000335 0.187491
vt 0.152175 0.206639
vt 0.375621 0.184760
vt 0.202965 0.214483
vt 0.334472 0.213750
vt 0.577875 0.219210
vt 0.005912 0.213567
vt 0.257384 0.219628
vt 0.616392 0.204888
vt 0.380484 0.215586
vt 0.489235 0.207904
vt 0.611165 0.203230
vt 0.436219 0.227315
vt 0.064753 0.235605
vt 0.406411 0.236411
vt 0.088535 0.209456
vt 0.120130 0.222921
vt 0.473444 0.230302
vt 0.542399 0.230116
vt 0.607370 0.231690
vt 0.092344 0.234789
vt 0.151719 0.235535
vt 0.350294 0.254082
vt 0.023433 0.251902
vt 0.189351 0.244402
vt 0.510942 0.238060
vt 0.573086 0.248177
vt 0.005896 0.248126
vt 0.384679 0.259221
vt 0.237856 0.256392
vt 0.327974 0.255709
vt 0.170345 0.245552
vt 0.611234 0.241713
vt 0.623074 0.213915
vt 0.489753 0.244745
vt 0.534398 0.245360
vt 0.146858 0.245622
vt 0.077564 0.259161
vt 0.103157 0.246799
vt 0.455234 0.250449
vt 0.552531 0.244756
vt 0.184890 0.252140
vt 0.596100 0.254025
vt 0.473214 0.247801
vt 0.290078 0.263403
vt 0.435226 0.260700
vt 0.563241 0.251144
vt 0.610436 0.255178
vt 0.558380 0.257853
vt 0.191416 0.271445
vt 0.200754 0.276405
vt 0.411586 0.279688
vt 0.447214 0.269932
vt 0.564885 0.264877
vt 0.554757 0.262286
vt 0.024098 0.281786
vt 0.327006 0.285279
vt 0.556354 0.270890
vt 0.548036 0.265225
vt 0.221147 0.284479
vt 0.602523 0.276456
vt 0.005877 0.265725
vt 0.053694 0.287462
vt 0.588659 0.277432
vt 0.561588 0.280215
vt 0.545499 0.273130
vt 0.074119 0.282053
vt 0.272982 0.288477
vt 0.014988 0.286992
vt 0.431925 0.287850
vt 0.567923 0.285391
vt 0.369826 0.287804
vt 0.391535 0.295332
vt 0.296967 0.290288
vt 0.194004 0.296943
vt 0.256275 0.295097
vt 0.039193 0.300321
vt 0.234095 0.299113
vt 0.563381 0.300773
vt 0.574152 0.302530
vt 0.448046 0.291306
vt 0.370281 0.304324
vt 0.588570 0.294768
vt 0.070620 0.299898
vt 0.203211 0.299969
vt 0.434569 0.301422
vt 0.279853 0.304143
vt 0.313272 0.300755
vt 0.028901 0.303389
vt 0.412126 0.302970
vt 0.338305 0.305430
vt 0.447069 0.303342
vt 0.061975 0.305421
vt 0.192526 0.305791
vt 0.209539 0.306699
vt 0.257711 0.302661
vt 0.190482 0.306754
vt 0.396836 0.309743
vt 0.068907 0.312566
vt 0.241897 0.308202
vt 0.260480 0.311789
vt 0.299641 0.311448
vt 0.442637 0.315246
vt 0.058342 0.316315
vt 0.039958 0.312277
vt 0.197379 0.315253
vt 0.418251 0.315243
vt 0.240603 0.316232
vt 0.264703 0.317823
vt 0.395440 0.318243
vt 0.449471 0.316074
vt 0.219099 0.318243
vt 0.288124 0.316507
vt 0.316597 0.317590
vt 0.347718 0.315238
vt 0.370724 0.317972
vt 0.721691 0.727995
vt 0.727518 0.724488
vt 0.719987 0.741449
vt 0.726587 0.720001
vt 0.728276 0.714627
vt 0.729376 0.714170
vt 0.163486 0.925889
vt 0.162643 0.926559
vt 0.164655 0.926559
vt 0.193494 0.916499
vt 0.193494 0.920523
vt 0.194165 0.917191
vt 0.727385 0.714866
vt 0.727194 0.714075
vt 0.726337 0.711619
vt 0.724221 0.712810
vt 0.724039 0.713783
vt 0.721504 0.711613
vt 0.722914 0.716887
vt 0.724058 0.710822
vt 0.723971 0.711471
vt 0.724290 0.709926
vt 0.723450 0.711029
vt 0.720095 0.712371
vt 0.719987 0.710625
vt 0.049296 0.980360
vt 0.055079 0.980146
vt 0.056003 0.981556
vt 0.055104 0.978385
vt 0.049296 0.971496
vt 0.763770 0.901295
vt 0.771630 0.907780
vt 0.761760 0.905186
vt 0.752180 0.907780
vt 0.752354 0.900060
vt 0.770560 0.897049
vt 0.845186 0.459088
vt 0.851442 0.474514
vt 0.837424 0.466443
vt 0.830651 0.474514
vt 0.648345 0.637492
vt 0.628773 0.637492
vt 0.644152 0.630785
vt 0.556338 0.569752
vt 0.528169 0.569752
vt 0.541925 0.579141
vt 0.629235 0.023813
vt 0.619383 0.030203
vt 0.627179 0.013078
vt 0.662307 0.631441
vt 0.625790 0.040192
vt 0.911981 0.600393
vt 0.907978 0.596922
vt 0.915057 0.578471
vt 0.909986 0.602370
vt 0.914089 0.595570
vt 0.922535 0.608609
vt 0.911875 0.608686
vt 0.907211 0.603570
vt 0.910858 0.602941
vt 0.165325 0.925218
vt 0.163984 0.923989
vt 0.164003 0.925218
vt 0.164867 0.923877
vt 0.909597 0.604355
vt 0.626221 0.045192
vt 0.627598 0.043134
vt 0.168679 0.923610
vt 0.168008 0.925889
vt 0.168008 0.923206
vt 0.630133 0.042106
vt 0.628158 0.046050
vt 0.622832 0.050562
vt 0.905510 0.606541
vt 0.628009 0.048665
vt 0.632126 0.049245
vt 0.624729 0.047847
vt 0.172703 0.921194
vt 0.172720 0.918369
vt 0.174438 0.917840
vt 0.626511 0.045843
vt 0.907992 0.606830
vt 0.625647 0.047570
vt 0.625341 0.048802
vt 0.173468 0.920551
vt 0.170691 0.925218
vt 0.170365 0.923206
vt 0.169349 0.925218
vt 0.171362 0.925218
vt 0.172703 0.924065
vt 0.171362 0.923206
vt 0.180751 0.925889
vt 0.181422 0.923752
vt 0.180751 0.922535
vt 0.175491 0.921194
vt 0.176056 0.920207
vt 0.627617 0.051337
vt 0.906838 0.607012
vt 0.906800 0.610544
vt 0.910198 0.615686
vt 0.619383 0.059665
vt 0.906731 0.612925
vt 0.627149 0.054145
vt 0.627733 0.051927
vt 0.628428 0.054127
vt 0.627691 0.060697
vt 0.905482 0.613185
vt 0.905776 0.612675
vt 0.906809 0.614322
vt 0.628800 0.055366
vt 0.904514 0.619167
vt 0.909038 0.631913
vt 0.896665 0.618671
vt 0.916962 0.642064
vt 0.908963 0.647368
vt 0.916360 0.654083
vt 0.893025 0.634243
vt 0.904664 0.657908
vt 0.922535 0.685111
vt 0.503261 0.001677
vt 0.480550 0.003742
vt 0.492325 0.006372
vt 0.506040 0.005752
vt 0.707586 0.302749
vt 0.705106 0.320433
vt 0.703446 0.314627
vt 0.712145 0.441517
vt 0.704677 0.438424
vt 0.709266 0.430782
vt 0.693253 0.459624
vt 0.533535 0.006372
vt 0.505286 0.949098
vt 0.511653 0.951375
vt 0.512072 0.942656
vt 0.701662 0.300797
vt 0.715328 0.472116
vt 0.695464 0.420400
vt 0.496647 0.942656
vt 0.702551 0.395934
vt 0.705684 0.419312
vt 0.702189 0.348217
vt 0.679429 0.366790
vt 0.717304 0.497361
vt 0.696947 0.316379
vt 0.703374 0.285598
vt 0.661982 0.393750
vt 0.139839 0.981556
vt 0.148558 0.981556
vt 0.143197 0.976146
vt 0.681914 0.323493
vt 0.147910 0.970825
vt 0.682607 0.286798
vt 0.693970 0.208617
vt 0.712949 0.213367
vt 0.713120 0.250142
vt 0.692962 0.251914
vt 0.713152 0.522457
vt 0.698898 0.513837
vt 0.682194 0.432396
vt 0.703775 0.521676
vt 0.694117 0.484355
vt 0.717304 0.181289
vt 0.676627 0.413701
vt 0.665130 0.226024
vt 0.694504 0.176516
vt 0.645487 0.403481
vt 0.665266 0.535136
vt 0.675471 0.551240
vt 0.675112 0.573105
vt 0.655786 0.540205
vt 0.665842 0.522602
vt 0.675636 0.528444
vt 0.656388 0.560688
vt 0.661997 0.310126
vt 0.672414 0.178458
vt 0.646158 0.516088
vt 0.705079 0.162007
vt 0.643325 0.524611
vt 0.655346 0.266746
vt 0.681215 0.151911
vt 0.636916 0.532614
vt 0.644533 0.351729
vt 0.669852 0.511767
vt 0.652873 0.511998
vt 0.679876 0.508202
vt 0.620278 0.498364
vt 0.665077 0.484167
vt 0.624469 0.480426
vt 0.645136 0.497194
vt 0.674929 0.462412
vt 0.661684 0.429412
vt 0.675035 0.431994
vt 0.672174 0.413226
vt 0.459107 0.671306
vt 0.454899 0.687793
vt 0.436284 0.681800
vt 0.626905 0.328279
vt 0.636754 0.469623
vt 0.615797 0.397200
vt 0.632707 0.247583
vt 0.632555 0.476634
vt 0.608248 0.455146
vt 0.623718 0.463474
vt 0.639374 0.439170
vt 0.610146 0.376577
vt 0.632515 0.302483
vt 0.460429 0.646587
vt 0.451120 0.650101
vt 0.619226 0.424730
vt 0.606640 0.413870
vt 0.630490 0.410158
vt 0.006985 0.961824
vt 0.030446 0.968934
vt 0.000335 0.970154
vt 0.641494 0.212862
vt 0.622203 0.449190
vt 0.612224 0.342475
vt 0.618316 0.270457
vt 0.059201 0.961048
vt 0.072770 0.970154
vt 0.619217 0.423062
vt 0.615833 0.312852
vt 0.031311 0.960094
vt 0.459730 0.635480
vt 0.436284 0.641643
vt 0.618464 0.245570
vt 0.506707 0.457747
vt 0.515183 0.447015
vt 0.531933 0.457747
vt 0.532864 0.448319
vt 0.680175 0.647552
vt 0.660295 0.640845
vt 0.692112 0.640845
vt 0.693830 0.647477
vt 0.434713 0.711063
vt 0.427266 0.719808
vt 0.429187 0.705231
vt 0.414152 0.713219
vt 0.418888 0.720252
vt 0.417609 0.725352
vt 0.418856 0.713843
vt 0.416176 0.707622
vt 0.436025 0.716216
vt 0.442321 0.706228
vt 0.431118 0.725352
vt 0.619432 0.102374
vt 0.617371 0.093763
vt 0.625980 0.092283
vt 0.630329 0.097624
vt 0.624492 0.106305
vt 0.621379 0.085417
vt 0.624251 0.077397
vt 0.632126 0.078609
vt 0.631115 0.063493
vt 0.625069 0.068666
vt 0.617371 0.060697
vt 0.985627 0.404117
vt 0.992287 0.408386
vt 0.981971 0.408786
vt 0.980793 0.396122
vt 0.986299 0.379276
vt 0.992287 0.381722
vt 0.984546 0.388906
vt 0.967471 0.398348
vt 0.981599 0.383456
vt 0.974238 0.383938
vt 0.741269 0.082830
vt 0.741722 0.098229
vt 0.739901 0.088981
vt 0.704131 0.119228
vt 0.698486 0.126209
vt 0.705256 0.133335
vt 0.705059 0.146792
vt 0.734061 0.101016
vt 0.732917 0.087448
vt 0.693403 0.137303
vt 0.716748 0.140032
vt 0.703466 0.115694
vt 0.688619 0.117065
vt 0.687793 0.128151
vt 0.698696 0.089063
vt 0.687793 0.088975
vt 0.690361 0.082830
vt 0.698619 0.103184
vt 0.741434 0.150411
vt 0.733803 0.147374
vt 0.723960 0.156126
vt 0.716613 0.147630
vt 0.709990 0.156606
vt 0.752990 0.138416
vt 0.741690 0.137350
vt 0.754192 0.115694
vt 0.733998 0.132221
vt 0.742463 0.125720
vt 0.709290 0.105173
vt 0.712115 0.120623
vt 0.735530 0.115102
vt 0.722141 0.113349
vt 0.726658 0.124418
vt 0.746814 0.112316
vt 0.734414 0.129779
vt 0.742831 0.120666
vt 0.066734 0.980215
vt 0.075453 0.980215
vt 0.070614 0.970825
vt 0.716633 0.782541
vt 0.715240 0.790409
vt 0.711268 0.773652
vt 0.716633 0.767606
vt 0.072770 0.925889
vt 0.077465 0.925889
vt 0.075553 0.917840
vt 0.149229 0.979100
vt 0.149229 0.968813
vt 0.153924 0.973436
vt 0.151894 0.983568
vt 0.983332 0.850592
vt 0.996377 0.863850
vt 0.976066 0.858553
vt 0.990264 0.867177
vt 0.999665 0.877816
vt 0.982871 0.823139
vt 0.972721 0.843878
vt 0.959076 0.826618
vt 0.987285 0.892085
vt 0.988688 0.898926
vt 0.992256 0.873311
vt 0.950365 0.865659
vt 0.975334 0.859345
vt 0.986900 0.865562
vt 0.965900 0.885907
vt 0.986210 0.879454
vt 0.934338 0.843897
vt 0.947383 0.817237
vt 0.949834 0.847040
vt 0.956273 0.879068
vt 0.957653 0.880082
vt 0.976796 0.891684
vt 0.919163 0.832709
vt 0.925180 0.863294
vt 0.969634 0.916881
vt 0.965419 0.910579
vt 0.966132 0.900518
vt 0.956927 0.919182
vt 0.946222 0.902400
vt 0.904376 0.856470
vt 0.923331 0.884225
vt 0.936916 0.913439
vt 0.934024 0.904485
vt 0.905528 0.871118
vt 0.908608 0.883902
vt 0.923744 0.911516
vt 0.912348 0.898993
vt 0.905965 0.919182
vt 0.897720 0.908898
vt 0.908451 0.203317
vt 0.902217 0.195755
vt 0.907539 0.193889
vt 0.906686 0.209284
vt 0.901676 0.183228
vt 0.908451 0.175060
vt 0.906965 0.186897
vt 0.902989 0.173977
vt 0.906865 0.170020
vt 0.897482 0.210262
vt 0.895037 0.199829
vt 0.974269 0.236013
vt 0.981556 0.231331
vt 0.976864 0.248140
vt 0.968827 0.246689
vt 0.973482 0.261905
vt 0.968957 0.232849
vt 0.967471 0.255579
vt 0.977427 0.201807
vt 0.969736 0.204073
vt 0.967471 0.177398
vt 0.052160 0.861564
vt 0.031187 0.891383
vt 0.040283 0.845286
vt 0.036152 0.822392
vt 0.059305 0.826711
vt 0.045871 0.790855
vt 0.050308 0.892742
vt 0.043988 0.921194
vt 0.056717 0.911320
vt 0.053690 0.755300
vt 0.071233 0.780181
vt 0.828207 0.617835
vt 0.848351 0.607311
vt 0.857052 0.620747
vt 0.841831 0.626801
vt 0.056880 0.900219
vt 0.060682 0.883860
vt 0.868380 0.618597
vt 0.868290 0.625551
vt 0.084300 0.746706
vt 0.073110 0.863997
vt 0.807888 0.633879
vt 0.792342 0.626499
vt 0.879220 0.631931
vt 0.072331 0.892926
vt 0.080938 0.826458
vt 0.861397 0.635612
vt 0.750511 0.634724
vt 0.772343 0.641765
vt 0.866529 0.641717
vt 0.072143 0.906280
vt 0.078742 0.898913
vt 0.746205 0.647440
vt 0.839167 0.658366
vt 0.719093 0.667203
vt 0.699879 0.642550
vt 0.100043 0.780443
vt 0.116282 0.814779
vt 0.863400 0.647304
vt 0.877178 0.646991
vt 0.088416 0.881029
vt 0.809272 0.664117
vt 0.698524 0.655049
vt 0.108247 0.853867
vt 0.092638 0.898840
vt 0.084864 0.906208
vt 0.777244 0.672642
vt 0.860861 0.674318
vt 0.096221 0.900757
vt 0.101930 0.888413
vt 0.750577 0.672361
vt 0.886619 0.660325
vt 0.878799 0.670634
vt 0.123774 0.752570
vt 0.117443 0.883930
vt 0.112195 0.897823
vt 0.735376 0.693250
vt 0.813743 0.688129
vt 0.138531 0.787838
vt 0.135096 0.889695
vt 0.769270 0.706134
vt 0.140974 0.851396
vt 0.806940 0.720702
vt 0.148647 0.880922
vt 0.876809 0.703233
vt 0.844705 0.707197
vt 0.181110 0.757521
vt 0.155464 0.737868
vt 0.164758 0.813093
vt 0.889298 0.699759
vt 0.142285 0.889215
vt 0.887622 0.713263
vt 0.159504 0.892659
vt 0.894321 0.725592
vt 0.167594 0.870618
vt 0.748160 0.738797
vt 0.775517 0.728053
vt 0.884590 0.715281
vt 0.829360 0.731537
vt 0.148714 0.893699
vt 0.160609 0.895497
vt 0.862948 0.738941
vt 0.178735 0.886436
vt 0.886474 0.727417
vt 0.193467 0.847686
vt 0.175224 0.897080
vt 0.785224 0.747603
vt 0.889995 0.749599
vt 0.203046 0.731864
vt 0.816042 0.753444
vt 0.191239 0.896770
vt 0.200631 0.901728
vt 0.192302 0.881419
vt 0.212900 0.776843
vt 0.898390 0.758668
vt 0.762265 0.768942
vt 0.210653 0.815522
vt 0.741351 0.774466
vt 0.721952 0.768850
vt 0.829010 0.778499
vt 0.206850 0.890789
vt 0.219158 0.878512
vt 0.788946 0.784849
vt 0.868560 0.775614
vt 0.237927 0.850883
vt 0.236586 0.752150
vt 0.892564 0.786336
vt 0.220017 0.901521
vt 0.225707 0.895646
vt 0.239915 0.722669
vt 0.717713 0.803874
vt 0.229281 0.905139
vt 0.751086 0.807562
vt 0.238707 0.801325
vt 0.812652 0.812359
vt 0.884101 0.803017
vt 0.259095 0.777446
vt 0.258046 0.901983
vt 0.240085 0.903407
vt 0.258742 0.827528
vt 0.841912 0.816171
vt 0.782803 0.815737
vt 0.258469 0.735108
vt 0.727516 0.824125
vt 0.242115 0.912749
vt 0.865754 0.819740
vt 0.698524 0.821680
vt 0.881443 0.819929
vt 0.260107 0.912900
vt 0.756489 0.827408
vt 0.256784 0.920309
vt 0.788493 0.825651
vt 0.269232 0.874269
vt 0.278857 0.779035
vt 0.282455 0.846421
vt 0.826328 0.831697
vt 0.855342 0.832623
vt 0.877854 0.832663
vt 0.890010 0.821998
vt 0.272262 0.921194
vt 0.279912 0.750026
vt 0.280385 0.812860
vt 0.271336 0.907658
vt 0.292086 0.763031
vt 0.288517 0.822116
vt 0.290610 0.789964
vt 0.185247 0.539288
vt 0.191813 0.547939
vt 0.181731 0.553655
vt 0.192153 0.532542
vt 0.178145 0.544297
vt 0.181260 0.524264
vt 0.171362 0.529135
vt 0.192153 0.511049
vt 0.172306 0.516389
vt 0.178736 0.507378
vt 0.004525 0.943461
vt 0.022475 0.945710
vt 0.000335 0.953155
vt 0.024335 0.959423
vt 0.037438 0.943785
vt 0.037641 0.957228
vt 0.028218 0.932983
vt 0.047209 0.958878
vt 0.039656 0.931925
vt 0.201888 0.925557
vt 0.192824 0.930854
vt 0.198586 0.911125
vt 0.207590 0.911718
vt 0.049807 0.938645
vt 0.053639 0.945848
vt 0.592558 0.835345
vt 0.584727 0.848759
vt 0.572435 0.843343
vt 0.220557 0.922447
vt 0.228393 0.955283
vt 0.268498 0.959939
vt 0.281978 0.938384
vt 0.288428 0.950260
vt 0.055332 0.959423
vt 0.300134 0.920399
vt 0.281316 0.919880
vt 0.291175 0.920291
vt 0.846607 0.507378
vt 0.854795 0.517446
vt 0.837837 0.518109
vt 0.268871 0.929424
vt 0.240883 0.958548
vt 0.255713 0.970154
vt 0.601274 0.848759
vt 0.259782 0.947559
vt 0.298082 0.907109
vt 0.241089 0.930606
vt 0.238200 0.946561
vt 0.229607 0.930208
vt 0.227076 0.915999
vt 0.226229 0.907109
vt 0.288042 0.907750
vt 0.829980 0.507378
vt 0.866802 0.567726
vt 0.873616 0.572002
vt 0.863514 0.573776
vt 0.880432 0.565367
vt 0.875532 0.549152
vt 0.864013 0.550742
vt 0.649757 0.937290
vt 0.643156 0.951730
vt 0.636731 0.946652
vt 0.866674 0.532864
vt 0.626286 0.953102
vt 0.627305 0.944270
vt 0.612138 0.943166
vt 0.879822 0.538390
vt 0.596331 0.938173
vt 0.586867 0.950320
vt 0.654259 0.942264
vt 0.888330 0.573776
vt 0.637382 0.965135
vt 0.646999 0.960549
vt 0.601414 0.950338
vt 0.583996 0.937290
vt 0.648945 0.973014
vt 0.622459 0.961276
vt 0.608504 0.954859
vt 0.595404 0.960854
vt 0.582298 0.962375
vt 0.608256 0.966732
vt 0.573105 0.950529
vt 0.630620 0.977574
vt 0.612072 0.983568
vt 0.582562 0.972273
vt 0.636504 0.983108
vt 0.249948 0.971582
vt 0.243796 0.981470
vt 0.243796 0.969484
vt 0.253186 0.982897
vt 0.689135 0.581617
vt 0.720368 0.581234
vt 0.692811 0.605711
vt 0.725471 0.603872
vt 0.766701 0.584711
vt 0.094031 0.970154
vt 0.086184 0.969152
vt 0.092765 0.959082
vt 0.743376 0.567610
vt 0.766738 0.568615
vt 0.751184 0.559231
vt 0.856045 0.448357
vt 0.860334 0.465052
vt 0.845593 0.449185
vt 0.764876 0.617371
vt 0.106073 0.966252
vt 0.763822 0.559567
vt 0.868408 0.448991
vt 0.120240 0.953674
vt 0.873920 0.464698
vt 0.132634 0.958187
vt 0.877723 0.487483
vt 0.785491 0.561728
vt 0.127502 0.965346
vt 0.793690 0.571027
vt 0.799012 0.607591
vt 0.802785 0.580673
vt 0.884493 0.484270
vt 0.147599 0.962421
vt 0.805955 0.564819
vt 0.146234 0.950598
vt 0.869824 0.495242
vt 0.149829 0.951955
vt 0.817822 0.575714
vt 0.152132 0.957111
vt 0.159288 0.951249
vt 0.152129 0.946163
vt 0.888184 0.505472
vt 0.879188 0.512648
vt 0.171623 0.959979
vt 0.829858 0.570002
vt 0.163279 0.943997
vt 0.823865 0.588290
vt 0.172641 0.950911
vt 0.847579 0.606179
vt 0.892954 0.528430
vt 0.891003 0.543393
vt 0.852837 0.585293
vt 0.881702 0.536878
vt 0.851348 0.574404
vt 0.191150 0.951523
vt 0.193628 0.961496
vt 0.898390 0.547965
vt 0.887310 0.558566
vt 0.860725 0.578227
vt 0.214120 0.965320
vt 0.202974 0.966292
vt 0.884848 0.599038
vt 0.894818 0.567091
vt 0.215451 0.955396
vt 0.871098 0.581948
vt 0.890187 0.570343
vt 0.881100 0.591560
vt 0.881780 0.582462
vt 0.224383 0.970154
vt 0.226863 0.963861
vt 0.892755 0.579480
vt 0.894721 0.587017
vt 0.227029 0.955822
vt 0.887119 0.581869
vt 0.886588 0.590405
vt 0.897775 0.617371
vt 0.190141 0.474514
vt 0.166200 0.472687
vt 0.172663 0.467337
vt 0.157773 0.462396
vt 0.153050 0.474514
vt 0.151724 0.465201
vt 0.167526 0.459650
vt 0.164058 0.451040
vt 0.146546 0.458936
vt 0.268188 0.485245
vt 0.258295 0.476534
vt 0.271174 0.477336
vt 0.242269 0.472572
vt 0.257828 0.469575
vt 0.256118 0.462843
vt 0.237760 0.463891
vt 0.277188 0.479429
vt 0.264286 0.460429
vt 0.280661 0.460429
vt 0.280684 0.468154
vt 0.845881 0.911650
vt 0.846076 0.892354
vt 0.840711 0.907007
vt 0.846076 0.919182
vt 0.647961 0.916499
vt 0.647082 0.916323
vt 0.650235 0.906439
vt 0.646571 0.914668
vt 0.644098 0.913883
vt 0.645837 0.915174
vt 0.049964 0.924597
vt 0.051296 0.924547
vt 0.050000 0.925879
vt 0.049296 0.928073
vt 0.052424 0.927902
vt 0.050581 0.929892
vt 0.173374 0.925218
vt 0.174715 0.924482
vt 0.173374 0.923206
vt 0.172032 0.917977
vt 0.171720 0.917170
vt 0.170020 0.917288
vt 0.170020 0.921865
vt 0.183434 0.924527
vt 0.182093 0.922535
vt 0.182093 0.925218
vt 0.639857 0.911709
vt 0.641149 0.913418
vt 0.052539 0.930080
vt 0.053320 0.930558
vt 0.166323 0.925968
vt 0.167337 0.926559
vt 0.167083 0.925889
vt 0.165325 0.926559
vt 0.051845 0.931027
vt 0.049670 0.931592
vt 0.051832 0.930219
vt 0.632797 0.906439
vt 0.051183 0.934608
vt 0.192824 0.917785
vt 0.190812 0.919852
vt 0.190812 0.917170
vt 0.192318 0.919724
vt 0.147887 0.918511
vt 0.147887 0.925218
vt 0.149899 0.923712
vt 0.049296 0.934062
vt 0.637914 0.913612
vt 0.131571 0.920520
vt 0.131409 0.921790
vt 0.129779 0.925218
vt 0.129779 0.919182
vt 0.133803 0.922168
vt 0.132707 0.919826
vt 0.168990 0.917170
vt 0.169349 0.919796
vt 0.168953 0.922535
vt 0.168008 0.921280
vt 0.168008 0.919568
vt 0.188129 0.918855
vt 0.188129 0.920039
vt 0.190030 0.920523
vt 0.190141 0.919591
vt 0.189647 0.917170
vt 0.184105 0.924547
vt 0.186609 0.924547
vt 0.186787 0.923534
vt 0.184826 0.923206
vt 0.159289 0.922590
vt 0.159121 0.919852
vt 0.158274 0.921829
vt 0.157577 0.923679
vt 0.156606 0.921828
vt 0.186244 0.925218
vt 0.184105 0.925889
vt 0.187458 0.925889
vt 0.156606 0.924011
vt 0.158227 0.925218
vt 0.186117 0.919418
vt 0.187458 0.918610
vt 0.186117 0.917170
vt 0.187098 0.921194
vt 0.818534 0.561033
vt 0.828012 0.539571
vt 0.840040 0.550463
vt 0.813509 0.546907
vt 0.792097 0.556022
vt 0.789504 0.539571
vt 0.768947 0.546701
vt 0.020174 0.862095
vt 0.000335 0.860982
vt 0.014235 0.853393
vt 0.015190 0.842206
vt 0.007445 0.828947
vt 0.020821 0.835312
vt 0.015788 0.824420
vt 0.010582 0.871563
vt 0.019627 0.809546
vt 0.010034 0.818625
vt 0.008222 0.789597
vt 0.016474 0.754278
vt 0.006280 0.753760
vt 0.000335 0.748156
vt 0.014097 0.768320
vt 0.022490 0.785433
vt 0.028675 0.848602
vt 0.006469 0.777340
vt 0.031818 0.825426
vt 0.032894 0.794784
vt 0.030039 0.774615
vt 0.033870 0.837038
vt 0.448056 0.028127
vt 0.459279 0.055071
vt 0.447386 0.040746
vt 0.460809 0.028003
vt 0.525811 0.049309
vt 0.542418 0.037305
vt 0.525628 0.061407
vt 0.484872 0.071429
vt 0.501772 0.054035
vt 0.507460 0.071217
vt 0.470683 0.049041
vt 0.469550 0.066422
vt 0.531857 0.030161
vt 0.519316 0.045286
vt 0.446345 0.017103
vt 0.546278 0.019963
vt 0.533012 0.017103
vt 0.462993 0.018956
vt 0.884072 0.436592
vt 0.848759 0.443662
vt 0.853822 0.423855
vt 0.870957 0.417929
vt 0.888330 0.419728
vt 0.880232 0.412676
vt 0.883623 0.402113
vt 0.861211 0.404307
vt 0.871580 0.396124
vt 0.854070 0.381990
vt 0.883129 0.378156
vt 0.865997 0.366246
vt 0.881115 0.354941
vt 0.851353 0.354950
vt 0.870714 0.338188
vt 0.848759 0.327795
vt 0.878796 0.325299
vt 0.872522 0.302435
vt 0.852081 0.286753
vt 0.869157 0.275847
vt 0.881568 0.284598
vt 0.887855 0.259409
vt 0.871015 0.251720
vt 0.884543 0.251316
vt 0.866801 0.248828
vt 0.848875 0.253769
vt 0.878873 0.246783
vt 0.862347 0.238277
vt 0.886525 0.239259
vt 0.878836 0.241313
vt 0.871560 0.231956
vt 0.879807 0.230877
vt 0.884387 0.232777
vt 0.879580 0.226358
vt 0.124413 0.923360
vt 0.125655 0.922591
vt 0.129108 0.924547
vt 0.126046 0.919553
vt 0.126847 0.919861
vt 0.129108 0.919182
vt 0.901351 0.151710
vt 0.900453 0.166810
vt 0.895037 0.147063
vt 0.909366 0.160336
vt 0.913816 0.140970
vt 0.901384 0.136486
vt 0.913816 0.171362
vt 0.108317 0.916499
vt 0.106832 0.917677
vt 0.105634 0.917630
vt 0.108044 0.920773
vt 0.107164 0.920047
vt 0.108189 0.923866
vt 0.108317 0.923238
vt 0.107200 0.923104
vt 0.106948 0.925218
vt 0.188799 0.926660
vt 0.188129 0.927230
vt 0.188129 0.926073
vt 0.188231 0.923877
vt 0.750168 0.958753
vt 0.740887 0.968142
vt 0.728706 0.958753
vt 0.836687 0.954728
vt 0.848422 0.964789
vt 0.856137 0.954728
vt 0.937966 0.536415
vt 0.939596 0.519450
vt 0.952143 0.527783
vt 0.957138 0.534159
vt 0.961193 0.519593
vt 0.929126 0.534277
vt 0.955151 0.555313
vt 0.930680 0.563458
vt 0.946892 0.561792
vt 0.944415 0.591058
vt 0.956954 0.590778
vt 0.929387 0.595681
vt 0.944552 0.612447
vt 0.955331 0.618662
vt 0.930761 0.645511
vt 0.947616 0.645577
vt 0.510206 0.975958
vt 0.480550 0.983568
vt 0.511508 0.983562
vt 0.939444 0.674734
vt 0.546927 0.979330
vt 0.542321 0.968142
vt 0.927690 0.675127
vt 0.928794 0.693944
vt 0.571482 0.975877
vt 0.948066 0.701267
vt 0.576459 0.983568
vt 0.938436 0.708585
vt 0.921194 0.707416
vt 0.961435 0.708585
vt 0.878940 0.027558
vt 0.870177 0.012050
vt 0.878772 0.005126
vt 0.866205 0.024045
vt 0.864171 0.002123
vt 0.831000 0.014729
vt 0.843156 0.004894
vt 0.840780 0.027188
vt 0.807784 0.002250
vt 0.807226 0.028330
vt 0.798380 0.014327
vt 0.779910 0.003303
vt 0.784975 0.028910
vt 0.777003 0.010180
vt 0.768283 0.020627
vt 0.753662 0.028165
vt 0.751992 0.006409
vt 0.748697 0.013419
vt 0.726282 0.019756
vt 0.716721 0.030709
vt 0.719763 0.008632
vt 0.704540 0.020698
vt 0.692547 0.011169
vt 0.692549 0.027223
vt 0.682202 0.000335
vt 0.695810 0.000335
vt 0.679745 0.023250
vt 0.683957 0.039906
vt 0.189470 0.927230
vt 0.190141 0.925899
vt 0.189470 0.923877
vt 0.184419 0.919511
vt 0.184105 0.917170
vt 0.185446 0.919172
vt 0.185335 0.921194
vt 0.184105 0.920484
vt 0.409194 0.567430
vt 0.421313 0.556977
vt 0.408786 0.553655
vt 0.423112 0.569752
vt 0.447217 0.559011
vt 0.452817 0.569695
vt 0.470537 0.563690
vt 0.485583 0.569562
vt 0.481224 0.555612
vt 0.491570 0.562361
vt 0.503885 0.555434
vt 0.526756 0.562606
vt 0.536213 0.568838
vt 0.535749 0.554380
vt 0.566082 0.565285
vt 0.573344 0.555574
vt 0.585153 0.565968
vt 0.597754 0.553655
vt 0.599262 0.567357
vt 0.470961 0.832663
vt 0.518962 0.810664
vt 0.512672 0.830247
vt 0.472269 0.818225
vt 0.503068 0.783952
vt 0.550438 0.831758
vt 0.586665 0.819835
vt 0.584966 0.832439
vt 0.616276 0.832663
vt 0.626471 0.821036
vt 0.658748 0.829195
vt 0.680780 0.799060
vt 0.683575 0.827350
vt 0.645117 0.784449
vt 0.614889 0.789366
vt 0.694124 0.812887
vt 0.455164 0.802796
vt 0.574803 0.775817
vt 0.591000 0.799086
vt 0.702976 0.785010
vt 0.541770 0.765664
vt 0.473046 0.751762
vt 0.443076 0.771512
vt 0.682678 0.764258
vt 0.713345 0.763614
vt 0.508871 0.735557
vt 0.567372 0.742038
vt 0.595183 0.742167
vt 0.617167 0.741281
vt 0.661186 0.746332
vt 0.671198 0.740646
vt 0.705437 0.730839
vt 0.645152 0.737850
vt 0.436955 0.717938
vt 0.534497 0.711450
vt 0.665259 0.738076
vt 0.717304 0.737966
vt 0.582582 0.711544
vt 0.684023 0.718295
vt 0.615092 0.712369
vt 0.663103 0.730288
vt 0.646328 0.704486
vt 0.486855 0.687731
vt 0.714175 0.710101
vt 0.463395 0.687208
vt 0.686958 0.695022
vt 0.661706 0.683149
vt 0.566315 0.675929
vt 0.696621 0.685284
vt 0.531232 0.668179
vt 0.616477 0.682310
vt 0.594059 0.669801
vt 0.706323 0.678193
vt 0.673563 0.661560
vt 0.632609 0.664611
vt 0.472511 0.648279
vt 0.614107 0.651949
vt 0.570819 0.643795
vt 0.696994 0.655325
vt 0.677113 0.648955
vt 0.505153 0.645574
vt 0.596530 0.644139
vt 0.645391 0.643428
vt 0.514984 0.630785
vt 0.492127 0.631673
vt 0.541326 0.634793
vt 0.623924 0.637182
vt 0.404939 0.873280
vt 0.405698 0.885226
vt 0.392689 0.880472
vt 0.415852 0.884949
vt 0.425825 0.892237
vt 0.418690 0.874902
vt 0.430788 0.872275
vt 0.426783 0.879871
vt 0.435174 0.883858
vt 0.438766 0.895381
vt 0.450318 0.889559
vt 0.460931 0.876706
vt 0.447885 0.862183
vt 0.457002 0.899010
vt 0.469911 0.856455
vt 0.480261 0.876271
vt 0.488292 0.884678
vt 0.459868 0.912475
vt 0.480291 0.901647
vt 0.490949 0.860789
vt 0.501148 0.899559
vt 0.491226 0.848900
vt 0.516145 0.873410
vt 0.517522 0.887349
vt 0.516272 0.862907
vt 0.523541 0.895734
vt 0.513295 0.846216
vt 0.542132 0.865838
vt 0.542122 0.889315
vt 0.540693 0.878338
vt 0.994787 0.131791
vt 0.999665 0.155439
vt 0.993032 0.160867
vt 0.545006 0.850735
vt 0.544976 0.838916
vt 0.562774 0.868542
vt 0.556961 0.859069
vt 0.575513 0.882363
vt 0.560090 0.893308
vt 0.999665 0.186518
vt 0.557143 0.843066
vt 0.560468 0.854228
vt 0.557417 0.833650
vt 0.565279 0.843138
vt 0.575014 0.857464
vt 0.577222 0.901418
vt 0.980438 0.187955
vt 0.967471 0.174901
vt 0.980998 0.179811
vt 0.991140 0.185723
vt 0.568627 0.833333
vt 0.602633 0.912475
vt 0.598194 0.871554
vt 0.997451 0.202213
vt 0.613457 0.891219
vt 0.609118 0.852060
vt 0.626783 0.906936
vt 0.622695 0.876839
vt 0.617734 0.860985
vt 0.634138 0.882876
vt 0.629573 0.856605
vt 0.556156 0.932527
vt 0.547619 0.920956
vt 0.560509 0.921676
vt 0.564320 0.931254
vt 0.566589 0.938632
vt 0.588631 0.924396
vt 0.584370 0.919027
vt 0.584489 0.932857
vt 0.611177 0.921062
vt 0.603684 0.914487
vt 0.606427 0.932741
vt 0.631055 0.914847
vt 0.628209 0.931162
vt 0.635797 0.920712
vt 0.653472 0.925136
vt 0.649986 0.934313
vt 0.652442 0.918424
vt 0.672845 0.929739
vt 0.680200 0.921566
vt 0.682647 0.938632
vt 0.691077 0.932480
vt 0.703890 0.924282
vt 0.696975 0.936995
vt 0.508060 0.934488
vt 0.522803 0.935873
vt 0.505752 0.936364
vt 0.517716 0.941315
vt 0.505118 0.938813
vt 0.494996 0.929913
vt 0.487928 0.941315
vt 0.050637 0.937381
vt 0.072127 0.927230
vt 0.080060 0.935784
vt 0.105677 0.927788
vt 0.107982 0.939043
vt 0.114187 0.933597
vt 0.116761 0.944572
vt 0.118965 0.949363
vt 0.126087 0.929326
vt 0.130122 0.945536
vt 0.921928 0.466218
vt 0.918511 0.463350
vt 0.919779 0.455734
vt 0.130660 0.948588
vt 0.933266 0.465283
vt 0.933266 0.475855
vt 0.922692 0.475004
vt 0.150892 0.928695
vt 0.135237 0.934280
vt 0.136370 0.939500
vt 0.156225 0.935622
vt 0.182393 0.935054
vt 0.174534 0.927230
vt 0.187336 0.927805
vt 0.194836 0.934617
vt 0.589416 0.008384
vt 0.582569 0.003689
vt 0.615359 0.006316
vt 0.574476 0.006150
vt 0.563045 0.008384
vt 0.373554 0.984909
vt 0.379529 0.974178
vt 0.381288 0.977594
vt 0.351792 0.976826
vt 0.340978 0.984753
vt 0.316562 0.978418
vt 0.310698 0.984740
vt 0.290061 0.983531
vt 0.287091 0.974178
vt 0.273307 0.980153
vt 0.089877 0.917840
vt 0.088867 0.925889
vt 0.092891 0.925889
vt 0.455682 0.834350
vt 0.481743 0.834375
vt 0.474927 0.842874
vt 0.449886 0.839740
vt 0.511402 0.834004
vt 0.453681 0.848759
vt 0.436955 0.834004
vt 0.532193 0.895000
vt 0.541610 0.894566
vt 0.535512 0.896987
vt 0.542494 0.896940
vt 0.534504 0.903854
vt 0.546376 0.891683
vt 0.550286 0.894927
vt 0.554653 0.900877
vt 0.557217 0.895475
vt 0.558025 0.902239
vt 0.561704 0.905097
vt 0.547192 0.905097
vt 0.124230 0.458417
vt 0.124371 0.466320
vt 0.121205 0.472901
vt 0.123628 0.479061
vt 0.117997 0.475329
vt 0.120259 0.488299
vt 0.125265 0.494591
vt 0.122771 0.508247
vt 0.126425 0.522042
vt 0.123597 0.535288
vt 0.125253 0.553065
vt 0.122693 0.556344
vt 0.126425 0.569081
vt 0.115023 0.553617
vt 0.131221 0.477903
vt 0.128121 0.458417
vt 0.126425 0.473816
vt 0.127180 0.489484
vt 0.133568 0.513848
vt 0.130961 0.510455
vt 0.132435 0.539082
vt 0.135144 0.546800
vt 0.132888 0.561387
vt 0.133711 0.569752
vt 0.126425 0.555699
vt 0.765283 0.628060
vt 0.755968 0.620461
vt 0.789068 0.622963
vt 0.739067 0.628102
vt 0.720442 0.621943
vt 0.708045 0.627852
vt 0.691592 0.618732
vt 0.684456 0.626166
vt 0.680377 0.618712
vt 0.662307 0.628102
vt 0.114300 0.389336
vt 0.111366 0.400796
vt 0.098256 0.405162
vt 0.106835 0.412406
vt 0.120389 0.407754
vt 0.111632 0.430748
vt 0.103109 0.515047
vt 0.110218 0.466588
vt 0.114798 0.492017
vt 0.115359 0.523693
vt 0.098256 0.453923
vt 0.101673 0.563415
vt 0.113670 0.562660
vt 0.110673 0.605734
vt 0.102255 0.602845
vt 0.101761 0.628102
vt 0.421781 0.975485
vt 0.409457 0.974338
vt 0.420123 0.960169
vt 0.422799 0.964582
vt 0.433978 0.969365
vt 0.444509 0.980885
vt 0.440057 0.955385
vt 0.434432 0.945335
vt 0.453997 0.943728
vt 0.459241 0.963542
vt 0.470074 0.954238
vt 0.471749 0.980885
vt 0.478922 0.962071
vt 0.481304 0.975748
vt 0.477087 0.947339
vt 0.067404 0.973640
vt 0.062039 0.982897
vt 0.062039 0.970825
vt 0.472436 0.938632
vt 0.485245 0.939681
vt 0.479828 0.959039
vt 0.561522 0.968813
vt 0.556707 0.959280
vt 0.577129 0.964858
vt 0.535218 0.965942
vt 0.516670 0.954715
vt 0.508146 0.965165
vt 0.502688 0.957102
vt 0.499674 0.967247
vt 0.489258 0.961790
vt 0.489687 0.968813
vt 0.480550 0.962602
vt 0.499137 0.950034
vt 0.486956 0.957927
vt 0.000335 0.935278
vt 0.010103 0.922059
vt 0.027926 0.931821
vt 0.000335 0.901729
vt 0.009180 0.907028
vt 0.021692 0.918999
vt 0.033845 0.919041
vt 0.005351 0.898935
vt 0.030999 0.913164
vt 0.021568 0.903023
vt 0.016286 0.890342
vt 0.039235 0.912980
vt 0.773334 0.934455
vt 0.816891 0.933023
vt 0.796262 0.940432
vt 0.838848 0.941709
vt 0.839967 0.931254
vt 0.816065 0.943811
vt 0.774507 0.951597
vt 0.827223 0.952910
vt 0.835800 0.949951
vt 0.855213 0.933596
vt 0.759477 0.948510
vt 0.746305 0.942338
vt 0.852498 0.951042
vt 0.860173 0.946931
vt 0.748453 0.952704
vt 0.744897 0.949394
vt 0.745197 0.950367
vt 0.740828 0.949129
vt 0.744221 0.956070
vt 0.740778 0.949995
vt 0.743075 0.948473
vt 0.742675 0.950415
vt 0.742019 0.948507
vt 0.860832 0.956070
vt 0.058236 0.439692
vt 0.043614 0.450342
vt 0.050270 0.430044
vt 0.080614 0.394067
vt 0.085691 0.407189
vt 0.070833 0.412181
vt 0.053693 0.453020
vt 0.032529 0.462174
vt 0.055859 0.465874
vt 0.070889 0.425505
vt 0.062695 0.453838
vt 0.085617 0.423366
vt 0.098256 0.392689
vt 0.063435 0.464446
vt 0.071268 0.442030
vt 0.094857 0.421523
vt 0.077528 0.459936
vt 0.074915 0.470927
vt 0.075618 0.477628
vt 0.061283 0.473912
vt 0.081427 0.449691
vt 0.088312 0.478538
vt 0.087446 0.464861
vt 0.089495 0.454281
vt 0.091536 0.474385
vt 0.095113 0.466537
vt 0.098256 0.476152
vt 0.503541 0.618042
vt 0.493964 0.612219
vt 0.508148 0.609993
vt 0.519157 0.611052
vt 0.514122 0.618042
vt 0.524816 0.617586
vt 0.513609 0.270547
vt 0.528398 0.269824
vt 0.506715 0.281299
vt 0.491056 0.276505
vt 0.487248 0.284578
vt 0.465221 0.288732
vt 0.469097 0.278897
vt 0.474052 0.287365
vt 0.449698 0.280989
vt 0.482223 0.269342
vt 0.548049 0.248491
vt 0.552985 0.257920
vt 0.543494 0.265948
vt 0.532853 0.255425
vt 0.500645 0.264127
vt 0.467627 0.266941
vt 0.519257 0.251732
vt 0.459953 0.270269
vt 0.453205 0.272955
vt 0.517077 0.255707
vt 0.475146 0.259815
vt 0.458620 0.259398
vt 0.461193 0.248491
vt 0.681087 0.965797
vt 0.665546 0.980329
vt 0.677964 0.984389
vt 0.664260 0.971190
vt 0.673175 0.955480
vt 0.659715 0.961072
vt 0.652918 0.984909
vt 0.998323 0.725909
vt 0.988897 0.729243
vt 0.987170 0.721999
vt 0.974849 0.732730
vt 0.996564 0.732730
vt 0.652918 0.954880
vt 0.668490 0.948692
vt 0.653168 0.964045
vt 0.286185 0.495689
vt 0.274403 0.483863
vt 0.291823 0.471151
vt 0.323758 0.467751
vt 0.395000 0.467134
vt 0.371164 0.454323
vt 0.396414 0.449807
vt 0.345754 0.467477
vt 0.366134 0.472372
vt 0.426530 0.453946
vt 0.546109 0.423527
vt 0.554336 0.387864
vt 0.580744 0.406297
vt 0.550165 0.435196
vt 0.414594 0.479074
vt 0.556471 0.444518
vt 0.573074 0.433149
vt 0.327326 0.501708
vt 0.453090 0.453908
vt 0.440135 0.464784
vt 0.475731 0.449698
vt 0.500512 0.456647
vt 0.472300 0.464959
vt 0.537762 0.436651
vt 0.249304 0.506993
vt 0.430453 0.469406
vt 0.542576 0.447015
vt 0.554001 0.362460
vt 0.574839 0.341038
vt 0.588739 0.362106
vt 0.536888 0.404280
vt 0.375960 0.499544
vt 0.266273 0.524998
vt 0.579902 0.438552
vt 0.295312 0.517221
vt 0.524928 0.465683
vt 0.552736 0.471563
vt 0.545738 0.478110
vt 0.544921 0.364386
vt 0.436040 0.481105
vt 0.428977 0.499772
vt 0.512469 0.473094
vt 0.597108 0.335607
vt 0.599828 0.379225
vt 0.247303 0.534160
vt 0.229765 0.522217
vt 0.355463 0.518676
vt 0.600318 0.356377
vt 0.598892 0.405472
vt 0.600052 0.422802
vt 0.556251 0.342553
vt 0.534990 0.482239
vt 0.417434 0.521147
vt 0.569946 0.321114
vt 0.582459 0.318774
vt 0.598157 0.320471
vt 0.568800 0.494347
vt 0.896765 0.851328
vt 0.898390 0.874993
vt 0.886080 0.873084
vt 0.600919 0.433012
vt 0.581973 0.491519
vt 0.557436 0.494274
vt 0.584730 0.443844
vt 0.441693 0.507280
vt 0.568419 0.507239
vt 0.583463 0.521521
vt 0.568968 0.519569
vt 0.591603 0.511615
vt 0.228091 0.537651
vt 0.594697 0.315698
vt 0.605131 0.504228
vt 0.561370 0.518416
vt 0.438902 0.523638
vt 0.600730 0.309418
vt 0.592364 0.307810
vt 0.601274 0.294098
vt 0.582667 0.310411
vt 0.306184 0.542897
vt 0.334429 0.539153
vt 0.753373 0.828638
vt 0.728991 0.842999
vt 0.724399 0.834805
vt 0.623407 0.513015
vt 0.607641 0.519589
vt 0.389175 0.524539
vt 0.712331 0.837281
vt 0.601274 0.440015
vt 0.364763 0.532981
vt 0.445668 0.522989
vt 0.218353 0.549762
vt 0.213674 0.532181
vt 0.241196 0.548067
vt 0.205567 0.543520
vt 0.270811 0.545456
vt 0.227497 0.559520
vt 0.698035 0.846183
vt 0.682696 0.857944
vt 0.684393 0.850796
vt 0.398238 0.544511
vt 0.748711 0.854716
vt 0.463922 0.527209
vt 0.698272 0.860702
vt 0.878636 0.884561
vt 0.462029 0.538278
vt 0.722463 0.858473
vt 0.287896 0.553937
vt 0.256425 0.573480
vt 0.533019 0.537705
vt 0.521700 0.528307
vt 0.547017 0.527527
vt 0.499212 0.524522
vt 0.493589 0.537719
vt 0.438049 0.550015
vt 0.779187 0.839510
vt 0.210932 0.968813
vt 0.217621 0.972247
vt 0.210932 0.984239
vt 0.673764 0.854771
vt 0.676258 0.863994
vt 0.851472 0.845702
vt 0.865323 0.835607
vt 0.866965 0.861285
vt 0.558469 0.528060
vt 0.558656 0.536044
vt 0.217639 0.980600
vt 0.470154 0.549968
vt 0.342837 0.549834
vt 0.226340 0.589475
vt 0.783130 0.857661
vt 0.800850 0.842540
vt 0.328899 0.552850
vt 0.838949 0.860194
vt 0.813510 0.865123
vt 0.828523 0.842682
vt 0.887195 0.893019
vt 0.320325 0.566314
vt 0.689416 0.874895
vt 0.292180 0.574842
vt 0.547288 0.553186
vt 0.355773 0.551197
vt 0.875703 0.898390
vt 0.373772 0.550789
vt 0.254663 0.605072
vt 0.720499 0.874542
vt 0.677279 0.874086
vt 0.616823 0.033041
vt 0.613913 0.019735
vt 0.618712 0.013749
vt 0.618712 0.060027
vt 0.605969 0.040292
vt 0.361251 0.555670
vt 0.353072 0.554788
vt 0.852879 0.883181
vt 0.762302 0.879577
vt 0.567556 0.546550
vt 0.337025 0.557636
vt 0.462499 0.554605
vt 0.744090 0.880180
vt 0.709862 0.889353
vt 0.512503 0.552189
vt 0.333665 0.594612
vt 0.349719 0.582250
vt 0.482891 0.552344
vt 0.353433 0.607517
vt 0.370587 0.602684
vt 0.349448 0.557824
vt 0.279382 0.592739
vt 0.666233 0.876685
vt 0.342625 0.555600
vt 0.473357 0.622109
vt 0.507375 0.618772
vt 0.493597 0.629609
vt 0.546644 0.004223
vt 0.543423 0.000335
vt 0.529510 0.002625
vt 0.439369 0.629522
vt 0.424438 0.617447
vt 0.379904 0.620120
vt 0.823825 0.879691
vt 0.683358 0.891169
vt 0.581215 0.621734
vt 0.574155 0.628373
vt 0.552649 0.619255
vt 0.530912 0.620074
vt 0.524985 0.628533
vt 0.407895 0.629436
vt 0.310158 0.586733
vt 0.646881 0.886341
vt 0.779353 0.880537
vt 0.578471 0.001031
vt 0.558155 0.008384
vt 0.465255 0.631987
vt 0.384023 0.632797
vt 0.741424 0.898390
vt 0.730097 0.896777
vt 0.541899 0.008384
vt 0.614232 0.621625
vt 0.602967 0.630050
vt 0.360831 0.628792
vt 0.621582 0.629625
vt 0.551359 0.632797
vt 0.282159 0.603665
vt 0.805319 0.879174
vt 0.754519 0.893112
vt 0.343280 0.613778
vt 0.325444 0.603565
vt 0.306442 0.599980
vt 0.965070 0.664710
vt 0.974729 0.666034
vt 0.973061 0.677062
vt 0.982439 0.658206
vt 0.963085 0.662008
vt 0.963648 0.660414
vt 0.962106 0.658437
vt 0.962861 0.660925
vt 0.962890 0.659487
vt 0.964551 0.656457
vt 0.962736 0.655893
vt 0.962700 0.653988
vt 0.963291 0.656213
vt 0.974295 0.644790
vt 0.982986 0.638129
vt 0.986922 0.627473
vt 0.978411 0.626631
vt 0.973714 0.629410
vt 0.969458 0.619130
vt 0.962106 0.606640
vt 0.982749 0.617432
vt 0.267941 0.966461
vt 0.273977 0.976861
vt 0.273977 0.959423
vt 0.998323 0.752395
vt 0.986251 0.754192
vt 0.992795 0.745858
vt 0.997177 0.736731
vt 0.986928 0.744709
vt 0.992826 0.733326
vt 0.986251 0.732059
vt 0.034541 0.980885
vt 0.041247 0.974152
vt 0.034541 0.971496
vt 0.910650 0.826721
vt 0.905583 0.825285
vt 0.908701 0.830095
vt 0.911133 0.836687
vt 0.906437 0.831998
vt 0.705231 0.802908
vt 0.710107 0.806421
vt 0.710023 0.807176
vt 0.711203 0.804632
vt 0.710871 0.806548
vt 0.710953 0.798238
vt 0.898830 0.833926
vt 0.712470 0.802862
vt 0.899098 0.830604
vt 0.054997 0.917840
vt 0.053914 0.919575
vt 0.053320 0.919128
vt 0.714412 0.803757
vt 0.055434 0.918629
vt 0.712560 0.801891
vt 0.889001 0.836687
vt 0.713534 0.802940
vt 0.713726 0.800137
vt 0.054325 0.921579
vt 0.054777 0.920018
vt 0.055943 0.918136
vt 0.060027 0.918482
vt 0.705231 0.789738
vt 0.055375 0.920663
vt 0.175386 0.923206
vt 0.175386 0.925889
vt 0.176056 0.924165
vt 0.054786 0.918322
vt 0.057456 0.920572
vt 0.057356 0.922555
vt 0.058964 0.921310
vt 0.898592 0.827517
vt 0.894974 0.829757
vt 0.896936 0.829926
vt 0.895703 0.831668
vt 0.057590 0.924547
vt 0.060027 0.923032
vt 0.058238 0.923292
vt 0.058081 0.923101
vt 0.715395 0.793708
vt 0.714797 0.796307
vt 0.473184 0.473418
vt 0.479512 0.473892
vt 0.479879 0.471831
vt 0.058681 0.924506
vt 0.716633 0.795823
vt 0.894818 0.832528
vt 0.190812 0.926559
vt 0.191844 0.925984
vt 0.192522 0.924547
vt 0.715492 0.797515
vt 0.192824 0.926559
vt 0.475809 0.481771
vt 0.892456 0.828869
vt 0.890570 0.828662
vt 0.716228 0.791871
vt 0.458780 0.483744
vt 0.451849 0.490102
vt 0.463299 0.494851
vt 0.450967 0.496647
vt 0.449522 0.484169
vt 0.436284 0.471831
vt 0.440823 0.485421
vt 0.182093 0.921467
vt 0.180751 0.917170
vt 0.180751 0.921865
vt 0.000000 0.000000
vt 0.179410 0.922535
vt 0.180080 0.917294
vt 0.179410 0.917170
vt 0.732059 0.568410
vt 0.733625 0.547462
vt 0.740676 0.557881
vt 0.742894 0.538321
vt 0.751194 0.550201
vt 0.735240 0.521567
vt 0.744696 0.519891
vt 0.740264 0.512533
vt 0.218310 0.982897
vt 0.227700 0.982389
vt 0.218310 0.970154
vt 0.753376 0.510748
vt 0.754432 0.516144
vt 0.760632 0.505542
vt 0.768134 0.515890
vt 0.812676 0.521658
vt 0.833592 0.538761
vt 0.817378 0.530888
vt 0.795258 0.519015
vt 0.781676 0.514467
vt 0.732059 0.514228
vt 0.740650 0.504396
vt 0.733998 0.503353
vt 0.788981 0.506017
vt 0.779485 0.503680
vt 0.853445 0.555023
vt 0.841085 0.531178
vt 0.817653 0.515372
vt 0.862173 0.548782
vt 0.023317 0.977962
vt 0.022468 0.977625
vt 0.022468 0.970825
vt 0.023844 0.977225
vt 0.025822 0.976539
vt 0.024468 0.982897
vt 0.167337 0.923877
vt 0.167089 0.925218
vt 0.166585 0.924150
vt 0.165996 0.925218
vt 0.161301 0.925889
vt 0.161301 0.927230
vt 0.161972 0.926828
vt 0.193494 0.923877
vt 0.190812 0.923877
vt 0.192168 0.923342
vt 0.191599 0.922535
vt 0.118082 0.917247
vt 0.118889 0.918096
vt 0.119541 0.919975
vt 0.118967 0.917170
vt 0.117706 0.917700
vt 0.118976 0.922602
vt 0.117706 0.925218
vt 0.120389 0.923184
vt 0.118464 0.925012
vt 0.108987 0.976750
vt 0.100939 0.980215
vt 0.100939 0.969484
vt 0.853418 0.919374
vt 0.853413 0.918510
vt 0.855198 0.917132
vt 0.852631 0.920829
vt 0.852132 0.920716
vt 0.854134 0.920548
vt 0.853492 0.920031
vt 0.853184 0.920301
vt 0.854319 0.923558
vt 0.851442 0.924982
vt 0.853253 0.922917
vt 0.852126 0.922640
vt 0.864098 0.915964
vt 0.862934 0.929406
vt 0.856698 0.915158
vt 0.860189 0.937699
vt 0.933745 0.915158
vt 0.921045 0.929772
vt 0.912870 0.922343
vt 0.898590 0.923974
vt 0.905450 0.941697
vt 0.939303 0.927480
vt 0.885920 0.929245
vt 0.872393 0.945069
vt 0.876837 0.922611
vt 0.890648 0.941070
vt 0.937200 0.942403
vt 0.918895 0.949394
vt 0.864249 0.953736
vt 0.881332 0.959111
vt 0.897120 0.959271
vt 0.865008 0.967472
vt 0.857177 0.962570
vt 0.924872 0.961024
vt 0.909374 0.964241
vt 0.886316 0.969016
vt 0.897137 0.972166
vt 0.631567 0.541437
vt 0.630751 0.547760
vt 0.642186 0.546210
vt 0.508741 0.437177
vt 0.496977 0.442321
vt 0.502678 0.432595
vt 0.493898 0.427204
vt 0.974867 0.555234
vt 0.981327 0.566429
vt 0.986922 0.554607
vt 0.501210 0.413889
vt 0.524816 0.913816
vt 0.537303 0.913816
vt 0.534923 0.905097
vt 0.969386 0.569711
vt 0.977205 0.544936
vt 0.485808 0.414098
vt 0.480804 0.400475
vt 0.457665 0.386653
vt 0.478791 0.386730
vt 0.464845 0.405295
vt 0.444935 0.394655
vt 0.438748 0.408116
vt 0.430184 0.405903
vt 0.423541 0.426714
vt 0.975833 0.586548
vt 0.478331 0.419474
vt 0.444410 0.414488
vt 0.561704 0.912810
vt 0.543299 0.907359
vt 0.491056 0.394346
vt 0.393212 0.904203
vt 0.391348 0.895037
vt 0.405111 0.896429
vt 0.427904 0.423893
vt 0.964532 0.582794
vt 0.391756 0.922930
vt 0.400909 0.923168
vt 0.391348 0.937961
vt 0.454982 0.422556
vt 0.969401 0.603027
vt 0.981945 0.604706
vt 0.512072 0.425170
vt 0.986922 0.618712
vt 0.462325 0.428153
vt 0.450557 0.434147
vt 0.502223 0.401904
vt 0.964118 0.562061
vt 0.445183 0.429801
vt 0.434843 0.429176
vt 0.400990 0.913216
vt 0.615335 0.544979
vt 0.404320 0.902396
vt 0.445795 0.442321
vt 0.428143 0.437992
vt 0.425686 0.432205
vt 0.611263 0.538580
vt 0.624691 0.531083
vt 0.968409 0.547439
vt 0.416330 0.897940
vt 0.417518 0.904884
vt 0.427310 0.922942
vt 0.428479 0.912401
vt 0.433146 0.922951
vt 0.429064 0.906340
vt 0.601617 0.534196
vt 0.437626 0.917909
vt 0.599359 0.550712
vt 0.586409 0.541652
vt 0.583935 0.552314
vt 0.572435 0.544849
vt 0.584104 0.530852
vt 0.573840 0.530852
vt 0.167337 0.920810
vt 0.165325 0.917170
vt 0.165325 0.921865
vt 0.193494 0.921661
vt 0.190812 0.920523
vt 0.190812 0.921865
vt 0.129608 0.270492
vt 0.147649 0.264763
vt 0.149264 0.274471
vt 0.112396 0.266773
vt 0.109684 0.260166
vt 0.125032 0.265928
vt 0.098044 0.266230
vt 0.093532 0.272999
vt 0.096438 0.259222
vt 0.137577 0.280113
vt 0.171652 0.259222
vt 0.177138 0.264763
vt 0.168435 0.270867
vt 0.184775 0.262288
vt 0.182334 0.272988
vt 0.080818 0.261404
vt 0.122077 0.278191
vt 0.102801 0.278992
vt 0.172361 0.280033
vt 0.126749 0.298878
vt 0.162057 0.298644
vt 0.157842 0.287391
vt 0.081905 0.275188
vt 0.108374 0.290296
vt 0.108477 0.276395
vt 0.143887 0.310248
vt 0.148125 0.293516
vt 0.095446 0.293123
vt 0.157687 0.268265
vt 0.109633 0.307704
vt 0.128201 0.314889
vt 0.156367 0.310021
vt 0.158145 0.279039
vt 0.177657 0.288786
vt 0.105112 0.267254
vt 0.098679 0.266881
vt 0.496734 0.041961
vt 0.494309 0.051308
vt 0.487284 0.049066
vt 0.483034 0.042916
vt 0.495631 0.030870
vt 0.480365 0.026021
vt 0.488336 0.018569
vt 0.479879 0.017773
vt 0.499433 0.022792
vt 0.512342 0.017773
vt 0.521872 0.031973
vt 0.515580 0.029941
vt 0.524816 0.020470
vt 0.711997 0.085648
vt 0.705231 0.083308
vt 0.706365 0.071344
vt 0.715247 0.075339
vt 0.724011 0.082101
vt 0.721866 0.094903
vt 0.723446 0.074513
vt 0.714642 0.059829
vt 0.709330 0.053320
vt 0.705231 0.059861
vt 0.102308 0.919485
vt 0.101661 0.918785
vt 0.102701 0.918552
vt 0.177144 0.923206
vt 0.176727 0.925218
vt 0.178068 0.925218
vt 0.103281 0.922165
vt 0.102243 0.921798
vt 0.101610 0.919649
vt 0.104097 0.919528
vt 0.103886 0.917840
vt 0.105634 0.919970
vt 0.101610 0.925218
vt 0.105354 0.924130
vt 0.948906 0.453072
vt 0.935949 0.462329
vt 0.942913 0.449385
vt 0.950783 0.480835
vt 0.941625 0.491281
vt 0.940057 0.476288
vt 0.947103 0.467668
vt 0.958982 0.459015
vt 0.953742 0.442321
vt 0.960094 0.474273
vt 0.960094 0.444664
vt 0.487701 0.311411
vt 0.500233 0.311641
vt 0.501341 0.323737
vt 0.487033 0.319472
vt 0.496528 0.300678
vt 0.475230 0.314406
vt 0.482745 0.326291
vt 0.474598 0.323176
vt 0.479065 0.302908
vt 0.465452 0.300110
vt 0.456405 0.304288
vt 0.456935 0.292757
vt 0.469572 0.292757
vt 0.487403 0.294125
vt 0.495773 0.292991
vt 0.164655 0.917170
vt 0.163830 0.919866
vt 0.163313 0.918548
vt 0.164655 0.920020
vt 0.164447 0.922535
vt 0.931077 0.813054
vt 0.922172 0.801469
vt 0.941315 0.800469
vt 0.914979 0.813430
vt 0.910840 0.800469
vt 0.904511 0.809144
vt 0.925916 0.808870
vt 0.907430 0.823273
vt 0.900402 0.819441
vt 0.923015 0.820560
vt 0.071188 0.919914
vt 0.070832 0.917170
vt 0.072152 0.918660
vt 0.070087 0.918669
vt 0.071936 0.920463
vt 0.072256 0.919623
vt 0.073441 0.920690
vt 0.070087 0.926559
vt 0.179913 0.924234
vt 0.178739 0.923206
vt 0.178739 0.925218
vt 0.180080 0.923355
vt 0.185446 0.981556
vt 0.194836 0.974633
vt 0.185446 0.970154
vt 0.033092 0.330741
vt 0.034541 0.346412
vt 0.030419 0.339618
vt 0.019766 0.326007
vt 0.021607 0.334687
vt 0.012006 0.331974
vt 0.009054 0.313400
vt 0.030141 0.321183
vt 0.019421 0.305841
vt 0.011821 0.303469
vt 0.028017 0.307182
vt 0.011020 0.290074
vt 0.034541 0.310910
vt 0.116006 0.058899
vt 0.096396 0.050504
vt 0.097183 0.061356
vt 0.155840 0.054423
vt 0.136365 0.058846
vt 0.147892 0.062039
vt 0.151707 0.041107
vt 0.130388 0.037537
vt 0.115008 0.039140
vt 0.168561 0.052112
vt 0.167186 0.029854
vt 0.092740 0.035096
vt 0.142913 0.019966
vt 0.101659 0.021095
vt 0.119112 0.019722
vt 0.162394 0.017137
vt 0.084172 0.015370
vt 0.173374 0.020289
vt 0.094203 0.009054
vt 0.153490 0.011344
vt 0.167010 0.009054
vt 0.125476 0.010386
vt 0.110137 0.011345
vt 0.048625 0.980885
vt 0.042072 0.980093
vt 0.043674 0.978753
vt 0.041918 0.971496
vt 0.041918 0.980082
vt 0.047499 0.977624
vt 0.182763 0.921865
vt 0.183434 0.919804
vt 0.182763 0.917170
vt 0.793251 0.490765
vt 0.784448 0.489923
vt 0.792757 0.484574
vt 0.805835 0.494130
vt 0.773229 0.489917
vt 0.780138 0.490212
vt 0.774124 0.495826
vt 0.785174 0.495866
vt 0.757545 0.497285
vt 0.767257 0.490584
vt 0.778765 0.502012
vt 0.796478 0.499741
vt 0.805805 0.502012
vt 0.786641 0.925411
vt 0.762339 0.933685
vt 0.752011 0.924033
vt 0.740324 0.938632
vt 0.832551 0.905941
vt 0.816012 0.918577
vt 0.808360 0.908659
vt 0.835152 0.912002
vt 0.724986 0.934296
vt 0.840469 0.899959
vt 0.783101 0.909462
vt 0.821842 0.894870
vt 0.893004 0.826626
vt 0.889001 0.812037
vt 0.897909 0.813202
vt 0.843394 0.891394
vt 0.731089 0.920342
vt 0.899061 0.826406
vt 0.719365 0.922262
vt 0.714738 0.931241
vt 0.757623 0.911372
vt 0.712617 0.924931
vt 0.704576 0.923191
vt 0.709118 0.935207
vt 0.899061 0.803152
vt 0.707533 0.911584
vt 0.703219 0.912494
vt 0.716232 0.916534
vt 0.705376 0.938632
vt 0.724213 0.913328
vt 0.724626 0.921115
vt 0.711070 0.900235
vt 0.719747 0.898719
vt 0.728832 0.895142
vt 0.721206 0.889001
vt 0.537930 0.289018
vt 0.542650 0.299722
vt 0.536217 0.302467
vt 0.549395 0.295232
vt 0.549757 0.310865
vt 0.536217 0.281971
vt 0.556338 0.298258
vt 0.551230 0.282727
vt 0.537931 0.272636
vt 0.227855 0.486254
vt 0.215322 0.475855
vt 0.225270 0.477101
vt 0.236419 0.479510
vt 0.234961 0.489283
vt 0.205022 0.497104
vt 0.201118 0.495750
vt 0.212243 0.492063
vt 0.231957 0.502766
vt 0.225122 0.493671
vt 0.215295 0.496517
vt 0.223728 0.502790
vt 0.207826 0.502459
vt 0.201565 0.499553
vt 0.113682 0.919379
vt 0.117036 0.924547
vt 0.117036 0.917170
vt 0.108987 0.923877
vt 0.113682 0.923877
vt 0.112027 0.917840
vt 0.212167 0.502377
vt 0.214078 0.510493
vt 0.207683 0.506717
vt 0.207964 0.512600
vt 0.222970 0.512550
vt 0.202672 0.513846
vt 0.228464 0.516184
vt 0.236419 0.510269
vt 0.211408 0.516168
vt 0.206882 0.517537
vt 0.218755 0.516482
vt 0.198117 0.524145
vt 0.196848 0.518640
vt 0.061368 0.978598
vt 0.056673 0.970825
vt 0.056673 0.982897
vt 0.664105 0.625118
vt 0.655267 0.628102
vt 0.657774 0.621536
vt 0.669685 0.612140
vt 0.666552 0.619221
vt 0.665836 0.617045
vt 0.613930 0.616556
vt 0.621993 0.610383
vt 0.625004 0.626688
vt 0.612656 0.601507
vt 0.660702 0.602401
vt 0.609086 0.609846
vt 0.619106 0.590155
vt 0.659340 0.581478
vt 0.653086 0.588930
vt 0.638185 0.583626
vt 0.654345 0.611409
vt 0.610269 0.615792
vt 0.649853 0.597351
vt 0.669143 0.595800
vt 0.648076 0.627389
vt 0.644542 0.564962
vt 0.631073 0.568924
vt 0.600604 0.611576
vt 0.139824 0.593323
vt 0.152453 0.595658
vt 0.143222 0.603705
vt 0.168927 0.557748
vt 0.179379 0.553036
vt 0.183486 0.560477
vt 0.618769 0.572822
vt 0.130865 0.599833
vt 0.116556 0.606897
vt 0.125606 0.594021
vt 0.607663 0.587720
vt 0.134377 0.596902
vt 0.179197 0.479482
vt 0.180356 0.487306
vt 0.162112 0.487826
vt 0.477603 0.604628
vt 0.489940 0.614688
vt 0.461771 0.614688
vt 0.158168 0.599946
vt 0.177163 0.607557
vt 0.111762 0.651711
vt 0.105713 0.638820
vt 0.121996 0.655319
vt 0.144203 0.626173
vt 0.606452 0.576696
vt 0.254243 0.628279
vt 0.249231 0.615914
vt 0.274833 0.620742
vt 0.233639 0.603390
vt 0.210930 0.622996
vt 0.194905 0.593816
vt 0.189383 0.642959
vt 0.212263 0.670434
vt 0.168405 0.668643
vt 0.506036 0.576500
vt 0.522336 0.570423
vt 0.520147 0.579141
vt 0.169262 0.624261
vt 0.141988 0.668907
vt 0.140579 0.689614
vt 0.225687 0.486365
vt 0.211939 0.488532
vt 0.207041 0.479562
vt 0.148115 0.497446
vt 0.143192 0.493463
vt 0.161729 0.650114
vt 0.164475 0.493607
vt 0.134618 0.593226
vt 0.093274 0.640665
vt 0.081017 0.629665
vt 0.194457 0.480892
vt 0.196071 0.476526
vt 0.379959 0.728629
vt 0.388370 0.741449
vt 0.357505 0.730634
vt 0.260039 0.680222
vt 0.234243 0.664535
vt 0.521454 0.577100
vt 0.625002 0.561381
vt 0.387541 0.671380
vt 0.406888 0.679809
vt 0.399129 0.694384
vt 0.374502 0.711635
vt 0.398205 0.726206
vt 0.366428 0.692073
vt 0.359701 0.666435
vt 0.350039 0.722465
vt 0.338517 0.685885
vt 0.317968 0.720821
vt 0.343920 0.711568
vt 0.316945 0.685127
vt 0.314743 0.663984
vt 0.293912 0.680528
vt 0.277481 0.610824
vt 0.306518 0.615516
vt 0.271808 0.662264
vt 0.285795 0.716663
vt 0.256034 0.703268
vt 0.282347 0.696482
vt 0.249460 0.716133
vt 0.223688 0.710751
vt 0.199086 0.687927
vt 0.191954 0.707294
vt 0.202479 0.716178
vt 0.175874 0.705082
vt 0.646881 0.889671
vt 0.646881 0.905091
vt 0.637250 0.891233
vt 0.311709 0.708656
vt 0.281567 0.723506
vt 0.534876 0.575957
vt 0.534601 0.579141
vt 0.208203 0.560291
vt 0.203702 0.568399
vt 0.202742 0.561527
vt 0.070997 0.637516
vt 0.632490 0.559021
vt 0.374345 0.637053
vt 0.343356 0.639810
vt 0.333455 0.728295
vt 0.313794 0.630491
vt 0.265323 0.612912
vt 0.202459 0.556887
vt 0.208980 0.551498
vt 0.083361 0.710716
vt 0.075877 0.716653
vt 0.071710 0.694684
vt 0.401239 0.736280
vt 0.340505 0.621878
vt 0.165259 0.675622
vt 0.635480 0.905768
vt 0.086482 0.690874
vt 0.066675 0.714187
vt 0.061413 0.707263
vt 0.435154 0.643931
vt 0.418683 0.656756
vt 0.413655 0.631902
vt 0.410523 0.708285
vt 0.406265 0.731031
vt 0.400209 0.642979
vt 0.387424 0.700932
vt 0.227272 0.718883
vt 0.154773 0.717530
vt 0.157499 0.693648
vt 0.179369 0.717862
vt 0.125195 0.674301
vt 0.212931 0.569417
vt 0.079271 0.684167
vt 0.059184 0.696692
vt 0.155352 0.542240
vt 0.158506 0.534613
vt 0.165066 0.538511
vt 0.406089 0.702585
vt 0.419392 0.677784
vt 0.335673 0.696401
vt 0.309986 0.727697
vt 0.250259 0.723211
vt 0.227137 0.686129
vt 0.190784 0.673346
vt 0.148197 0.714998
vt 0.087619 0.695269
vt 0.850310 0.910463
vt 0.851398 0.903742
vt 0.860832 0.909009
vt 0.166997 0.568754
vt 0.057570 0.717628
vt 0.074317 0.678225
vt 0.070253 0.683291
vt 0.063575 0.687852
vt 0.050151 0.707931
vt 0.610238 0.569824
vt 0.617037 0.562902
vt 0.087646 0.703188
vt 0.846747 0.903566
vt 0.063988 0.675730
vt 0.194684 0.487799
vt 0.154052 0.507043
vt 0.113169 0.662421
vt 0.094461 0.708594
vt 0.082430 0.727220
vt 0.062760 0.668623
vt 0.358943 0.695109
vt 0.277933 0.684797
vt 0.223460 0.677668
vt 0.103189 0.681720
vt 0.070016 0.725990
vt 0.052984 0.686838
vt 0.174969 0.499844
vt 0.429500 0.660060
vt 0.415498 0.687760
vt 0.309551 0.688765
vt 0.249206 0.683475
vt 0.131589 0.698221
vt 0.548290 0.948692
vt 0.524716 0.938781
vt 0.541355 0.938632
vt 0.176251 0.570494
vt 0.090140 0.679693
vt 0.086450 0.647780
vt 0.129226 0.734236
vt 0.126023 0.721914
vt 0.139354 0.712457
vt 0.206449 0.575191
vt 0.098918 0.657487
vt 0.090655 0.672277
vt 0.050147 0.681000
vt 0.152993 0.519426
vt 0.143474 0.521720
vt 0.196877 0.576534
vt 0.530821 0.948692
vt 0.068854 0.651439
vt 0.146362 0.562787
vt 0.156016 0.555702
vt 0.160821 0.576202
vt 0.143364 0.548539
vt 0.055413 0.644252
vt 0.442991 0.658042
vt 0.115535 0.678460
vt 0.122171 0.704424
vt 0.118781 0.692815
vt 0.119893 0.741449
vt 0.215705 0.580055
vt 0.196932 0.586519
vt 0.187961 0.577287
vt 0.512743 0.947485
vt 0.178564 0.581187
vt 0.108030 0.668686
vt 0.088211 0.656058
vt 0.079159 0.655422
vt 0.849619 0.892354
vt 0.860832 0.894429
vt 0.054863 0.664112
vt 0.058117 0.655269
vt 0.151802 0.535383
vt 0.041654 0.682335
vt 0.042244 0.663298
vt 0.600604 0.574193
vt 0.044742 0.673888
vt 0.037738 0.689876
vt 0.031187 0.692141
vt 0.040454 0.699663
vt 0.225687 0.567483
vt 0.164488 0.560171
vt 0.175024 0.550047
vt 0.072956 0.661089
vt 0.035989 0.709689
vt 0.942597 0.119558
vt 0.953387 0.121693
vt 0.941422 0.124413
vt 0.929128 0.120786
vt 0.927803 0.114823
vt 0.913146 0.124413
vt 0.918190 0.113011
vt 0.477867 0.571733
vt 0.488188 0.570423
vt 0.487849 0.576448
vt 0.499281 0.573233
vt 0.503795 0.576459
vt 0.509390 0.570423
vt 0.968460 0.114974
vt 0.988263 0.097585
vt 0.979687 0.111048
vt 0.978548 0.118157
vt 0.969884 0.134382
vt 0.978605 0.131702
vt 0.984452 0.124915
vt 0.967471 0.146476
vt 0.976389 0.150675
vt 0.972186 0.164159
vt 0.985076 0.137406
vt 0.987116 0.156339
vt 0.981503 0.165263
vt 0.984189 0.180080
vt 0.988263 0.172825
vt 0.236419 0.972169
vt 0.228370 0.969484
vt 0.228370 0.983568
vt 0.647082 0.870221
vt 0.657256 0.860930
vt 0.657256 0.868876
vt 0.669701 0.864699
vt 0.648811 0.859865
vt 0.641773 0.865921
vt 0.667950 0.853442
vt 0.642263 0.861852
vt 0.683099 0.897097
vt 0.679017 0.897486
vt 0.677104 0.900607
vt 0.640845 0.860840
vt 0.671737 0.895037
vt 0.642838 0.858045
vt 0.651538 0.851998
vt 0.641643 0.847137
vt 0.669117 0.908451
vt 0.664471 0.902869
vt 0.659207 0.845086
vt 0.664316 0.839762
vt 0.674380 0.838451
vt 0.651905 0.843261
vt 0.657957 0.896458
vt 0.640845 0.837200
vt 0.663485 0.832663
vt 0.654051 0.837305
vt 0.655041 0.906349
vt 0.647552 0.895037
vt 0.779254 0.956210
vt 0.794371 0.959014
vt 0.789051 0.952046
vt 0.768653 0.954486
vt 0.774021 0.964915
vt 0.789646 0.973548
vt 0.798607 0.970010
vt 0.780562 0.975798
vt 0.767406 0.973849
vt 0.799703 0.977428
vt 0.809188 0.974758
vt 0.777763 0.983632
vt 0.195506 0.982227
vt 0.204896 0.979589
vt 0.201150 0.973864
vt 0.786654 0.983424
vt 0.195506 0.970154
vt 0.798879 0.985580
vt 0.766935 0.985580
vt 0.471831 0.930172
vt 0.460691 0.932271
vt 0.457076 0.927230
vt 0.457076 0.936620
vt 0.999665 0.948193
vt 0.994249 0.954940
vt 0.990183 0.935161
vt 0.978883 0.966379
vt 0.985379 0.967573
vt 0.969339 0.982370
vt 0.986271 0.948301
vt 0.970954 0.934292
vt 0.955762 0.938793
vt 0.967266 0.928032
vt 0.984574 0.925092
vt 0.982477 0.932049
vt 0.962670 0.970337
vt 0.945429 0.933476
vt 0.938413 0.945872
vt 0.948023 0.951192
vt 0.984738 0.955587
vt 0.959329 0.920282
vt 0.977037 0.938969
vt 0.972905 0.918511
vt 0.947931 0.926116
vt 0.984173 0.977440
vt 0.993531 0.968803
vt 0.999397 0.961272
vt 0.502146 0.319655
vt 0.510658 0.326674
vt 0.502012 0.333938
vt 0.992435 0.974573
vt 0.515812 0.321941
vt 0.388067 0.849752
vt 0.368470 0.849236
vt 0.397444 0.842214
vt 0.510279 0.312464
vt 0.969663 0.962700
vt 0.957794 0.962004
vt 0.422333 0.756748
vt 0.426751 0.750715
vt 0.436226 0.761696
vt 0.412091 0.741663
vt 0.415985 0.738095
vt 0.341178 0.846077
vt 0.351435 0.848248
vt 0.359259 0.853874
vt 0.957455 0.985580
vt 0.438916 0.816279
vt 0.420248 0.834003
vt 0.427096 0.818475
vt 0.442442 0.799399
vt 0.932596 0.955245
vt 0.940578 0.968104
vt 0.515543 0.334609
vt 0.503853 0.341700
vt 0.334667 0.850898
vt 0.513978 0.343064
vt 0.337926 0.892240
vt 0.322267 0.879219
vt 0.333542 0.880432
vt 0.947929 0.977215
vt 0.436716 0.776037
vt 0.398925 0.852820
vt 0.356991 0.888373
vt 0.354164 0.901073
vt 0.368579 0.842497
vt 0.408842 0.829824
vt 0.430585 0.794060
vt 0.329139 0.860976
vt 0.442991 0.792693
vt 0.351073 0.863025
vt 0.385947 0.877901
vt 0.518171 0.313626
vt 0.423931 0.772913
vt 0.384015 0.860798
vt 0.344600 0.853351
vt 0.329458 0.849786
vt 0.932596 0.978203
vt 0.387579 0.804875
vt 0.377529 0.791117
vt 0.392802 0.796791
vt 0.383354 0.805216
vt 0.385606 0.835702
vt 0.941114 0.984311
vt 0.925073 0.446769
vt 0.929641 0.462063
vt 0.921194 0.453744
vt 0.396283 0.787506
vt 0.370910 0.803820
vt 0.361068 0.801418
vt 0.376489 0.808059
vt 0.366511 0.792798
vt 0.365361 0.787104
vt 0.367757 0.782672
vt 0.924069 0.465124
vt 0.376840 0.779760
vt 0.368009 0.776478
vt 0.380436 0.776854
vt 0.393060 0.782218
vt 0.389558 0.779214
vt 0.400482 0.789748
vt 0.384270 0.775128
vt 0.381118 0.768113
vt 0.378889 0.769000
vt 0.395240 0.747846
vt 0.389764 0.814556
vt 0.356325 0.791103
vt 0.355527 0.786601
vt 0.393347 0.804185
vt 0.404443 0.795866
vt 0.407366 0.783577
vt 0.374674 0.768532
vt 0.639224 0.869796
vt 0.637301 0.868209
vt 0.637573 0.877692
vt 0.410559 0.856821
vt 0.425419 0.843330
vt 0.357837 0.808184
vt 0.386550 0.810982
vt 0.635480 0.879357
vt 0.397078 0.773941
vt 0.394455 0.769325
vt 0.374540 0.742646
vt 0.353688 0.758006
vt 0.347802 0.750599
vt 0.410944 0.757864
vt 0.402177 0.809648
vt 0.358157 0.773141
vt 0.337673 0.823374
vt 0.355344 0.826996
vt 0.349921 0.835317
vt 0.516645 0.307443
vt 0.515382 0.299040
vt 0.522639 0.303163
vt 0.347983 0.811971
vt 0.524816 0.316502
vt 0.368933 0.814993
vt 0.333396 0.780562
vt 0.322267 0.786913
vt 0.330733 0.767610
vt 0.416573 0.810155
vt 0.522706 0.335519
vt 0.339906 0.809694
vt 0.323910 0.803419
vt 0.351834 0.816984
vt 0.371424 0.822976
vt 0.391049 0.824586
vt 0.522294 0.326997
vt 0.416286 0.784684
vt 0.640845 0.887347
vt 0.360775 0.822364
vt 0.514092 0.292757
vt 0.335301 0.797436
vt 0.396933 0.821800
vt 0.406193 0.820108
vt 0.346628 0.770018
vt 0.341564 0.780247
vt 0.520492 0.347082
vt 0.921194 0.440870
vt 0.930583 0.439638
vt 0.421916 0.791261
vt 0.354729 0.764265
vt 0.635480 0.890342
vt 0.415699 0.776536
vt 0.407515 0.768933
vt 0.400148 0.764477
vt 0.378953 0.754977
vt 0.378088 0.828687
vt 0.502012 0.309328
vt 0.341141 0.788309
vt 0.416556 0.796991
vt 0.368085 0.759614
vt 0.392735 0.757763
vt 0.385528 0.759797
vt 0.519013 0.913816
vt 0.513850 0.902188
vt 0.527498 0.909195
vt 0.493293 0.905108
vt 0.513534 0.901744
vt 0.503042 0.905923
vt 0.511593 0.907074
vt 0.506349 0.913816
vt 0.512768 0.913759
vt 0.494783 0.912625
vt 0.069417 0.917840
vt 0.069417 0.925889
vt 0.064722 0.922554
vt 0.012408 0.981556
vt 0.017103 0.976460
vt 0.012408 0.971496
vt 0.446345 0.916499
vt 0.451989 0.903363
vt 0.453722 0.913487
vt 0.446345 0.899061
vt 0.756875 0.490345
vt 0.746719 0.492829
vt 0.756388 0.502012
vt 0.725386 0.481354
vt 0.722292 0.491849
vt 0.732369 0.488948
vt 0.747119 0.482703
vt 0.733142 0.481271
vt 0.738746 0.478450
vt 0.414754 0.870892
vt 0.414273 0.864856
vt 0.424212 0.869644
vt 0.176056 0.981556
vt 0.184775 0.981556
vt 0.179509 0.970154
vt 0.744199 0.471831
vt 0.726999 0.472668
vt 0.750937 0.476127
vt 0.721328 0.471831
vt 0.736840 0.472754
vt 0.405433 0.870892
vt 0.805494 0.964300
vt 0.806657 0.970154
vt 0.800469 0.968428
vt 0.801808 0.959467
vt 0.808255 0.958039
vt 0.800469 0.950034
vt 0.811871 0.967491
vt 0.732827 0.043234
vt 0.730025 0.033870
vt 0.745569 0.038037
vt 0.757838 0.042022
vt 0.764923 0.033870
vt 0.454378 0.608769
vt 0.463897 0.607627
vt 0.459738 0.614688
vt 0.741267 0.045607
vt 0.752262 0.045805
vt 0.455086 0.601945
vt 0.734906 0.049156
vt 0.745623 0.050187
vt 0.759468 0.048449
vt 0.447465 0.610870
vt 0.728320 0.048417
vt 0.441650 0.602025
vt 0.467136 0.601945
vt 0.724011 0.054661
vt 0.445456 0.909821
vt 0.442488 0.906341
vt 0.445674 0.903756
vt 0.444476 0.913019
vt 0.433602 0.903756
vt 0.442385 0.916499
vt 0.964789 0.543595
vt 0.972632 0.539370
vt 0.974135 0.541598
vt 0.975242 0.538544
vt 0.974955 0.530514
vt 0.979147 0.537979
vt 0.979389 0.522609
vt 0.989205 0.533581
vt 0.991616 0.543595
vt 0.970371 0.519450
vt 0.923759 0.396196
vt 0.932198 0.394523
vt 0.927345 0.401869
vt 0.934608 0.414152
vt 0.925968 0.412219
vt 0.917747 0.403115
vt 0.918577 0.414152
vt 0.912572 0.394031
vt 0.905097 0.400209
vt 0.302817 0.785356
vt 0.302950 0.769176
vt 0.310914 0.772338
vt 0.308632 0.792413
vt 0.308299 0.803030
vt 0.305022 0.806431
vt 0.021797 0.978939
vt 0.017773 0.971496
vt 0.017773 0.982227
vt 0.310777 0.785152
vt 0.314217 0.802055
vt 0.312328 0.809854
vt 0.631455 0.856087
vt 0.634816 0.862611
vt 0.637493 0.857456
vt 0.314256 0.777365
vt 0.640845 0.850771
vt 0.640845 0.868209
vt 0.316869 0.785121
vt 0.435528 0.902967
vt 0.445674 0.903085
vt 0.439408 0.897049
vt 0.317047 0.793812
vt 0.318145 0.775705
vt 0.310873 0.761157
vt 0.318913 0.769366
vt 0.426224 0.903085
vt 0.318886 0.807871
vt 0.313285 0.813096
vt 0.318733 0.758060
vt 0.314966 0.748826
vt 0.318913 0.821261
vt 0.768392 0.518109
vt 0.774966 0.523633
vt 0.783730 0.519656
vt 0.761569 0.521105
vt 0.766238 0.527682
vt 0.780689 0.527472
vt 0.774696 0.531436
vt 0.793350 0.526520
vt 0.779946 0.535961
vt 0.730175 0.826626
vt 0.721786 0.833333
vt 0.719316 0.826626
vt 0.730405 0.830732
vt 0.741449 0.829037
vt 0.793763 0.536217
vt 0.763629 0.536217
vt 0.091906 0.323217
vt 0.095426 0.332218
vt 0.080498 0.335010
vt 0.101216 0.333143
vt 0.105786 0.328640
vt 0.110497 0.335010
vt 0.079277 0.322135
vt 0.124137 0.330985
vt 0.114050 0.324311
vt 0.082799 0.308853
vt 0.089797 0.312099
vt 0.074782 0.311197
vt 0.119497 0.313118
vt 0.159712 0.969484
vt 0.159960 0.982227
vt 0.153253 0.982227
vt 0.130449 0.322555
vt 0.095804 0.310485
vt 0.538794 0.613535
vt 0.546948 0.617771
vt 0.543529 0.608716
vt 0.532288 0.609860
vt 0.533434 0.604010
vt 0.534563 0.618042
vt 0.526518 0.618042
vt 0.523474 0.602616
vt 0.995663 0.015882
vt 0.988248 0.010786
vt 0.996982 0.000335
vt 0.986764 0.023948
vt 0.996982 0.032806
vt 0.990855 0.661060
vt 0.998994 0.661603
vt 0.992957 0.672440
vt 0.983683 0.004085
vt 0.998994 0.683498
vt 0.989279 0.679003
vt 0.983573 0.015671
vt 0.990081 0.651576
vt 0.785313 0.905178
vt 0.777233 0.907109
vt 0.775939 0.897049
vt 0.772300 0.901651
vt 0.980215 0.668448
vt 0.988862 0.686149
vt 0.997582 0.697183
vt 0.109658 0.968142
vt 0.109658 0.981556
vt 0.115023 0.973641
vt 0.976190 0.019145
vt 0.792421 0.897049
vt 0.978489 0.028182
vt 0.983277 0.035211
vt 0.984430 0.679645
vt 0.711754 0.051562
vt 0.721815 0.046118
vt 0.723559 0.057344
vt 0.698460 0.054078
vt 0.687793 0.057344
vt 0.693240 0.047985
vt 0.706118 0.044444
vt 0.716857 0.042664
vt 0.698336 0.041442
vt 0.713908 0.037218
vt 0.706980 0.038487
vt 0.717314 0.036202
vt 0.689835 0.037229
vt 0.724011 0.034404
vt 0.702139 0.034912
vt 0.704965 0.043428
vt 0.205567 0.973556
vt 0.210262 0.975314
vt 0.205567 0.984909
vt 0.712263 0.031858
vt 0.208231 0.984894
vt 0.206463 0.968142
vt 0.719879 0.951933
vt 0.709341 0.954114
vt 0.713338 0.946009
vt 0.700697 0.946967
vt 0.700233 0.958071
vt 0.691985 0.960429
vt 0.689778 0.950553
vt 0.723318 0.965122
vt 0.700417 0.975670
vt 0.692591 0.978956
vt 0.685781 0.968530
vt 0.711734 0.983568
vt 0.717161 0.975772
vt 0.736021 0.968819
vt 0.728767 0.983568
vt 0.729571 0.974892
vt 0.737425 0.982199
vt 0.624815 0.120448
vt 0.617371 0.125328
vt 0.618773 0.109499
vt 0.621429 0.139293
vt 0.625549 0.127296
vt 0.626684 0.133499
vt 0.627365 0.139281
vt 0.627012 0.144678
vt 0.630832 0.122923
vt 0.627004 0.106864
vt 0.630755 0.109770
vt 0.631811 0.135245
vt 0.627367 0.127269
vt 0.631252 0.115858
vt 0.632797 0.101610
vt 0.632797 0.127765
vt 0.630004 0.145875
vt 0.685288 0.516003
vt 0.691818 0.510711
vt 0.691818 0.523474
vt 0.682009 0.521979
vt 0.679745 0.515837
vt 0.140510 0.922893
vt 0.136486 0.924547
vt 0.136486 0.919182
vt 0.682608 0.512338
vt 0.152582 0.919852
vt 0.152582 0.924547
vt 0.155936 0.921585
vt 0.681532 0.508849
vt 0.159289 0.924849
vt 0.163313 0.925218
vt 0.163313 0.921865
vt 0.689042 0.499329
vt 0.434519 0.863514
vt 0.424271 0.863452
vt 0.428161 0.859102
vt 0.434114 0.851593
vt 0.443662 0.847606
vt 0.440079 0.855167
vt 0.437873 0.845339
vt 0.422871 0.855146
vt 0.427778 0.853393
vt 0.443662 0.839370
vt 0.423106 0.848863
vt 0.431771 0.842804
vt 0.906130 0.098256
vt 0.905440 0.109641
vt 0.898842 0.099266
vt 0.901365 0.113538
vt 0.905378 0.124244
vt 0.898390 0.120534
vt 0.907804 0.121747
vt 0.910997 0.110133
vt 0.911622 0.100247
vt 0.910009 0.119462
vt 0.908942 0.129769
vt 0.911359 0.128531
vt 0.913814 0.113976
vt 0.912381 0.120939
vt 0.122401 0.968813
vt 0.119899 0.979488
vt 0.115694 0.980885
vt 0.913816 0.106650
vt 0.115694 0.970267
vt 0.907516 0.136768
vt 0.913816 0.139168
vt 0.446071 0.930778
vt 0.428321 0.934481
vt 0.440497 0.927021
vt 0.501788 0.916605
vt 0.516299 0.928318
vt 0.488955 0.923854
vt 0.470297 0.925235
vt 0.459913 0.922840
vt 0.475624 0.913146
vt 0.429264 0.926746
vt 0.410127 0.938632
vt 0.449957 0.918316
vt 0.563045 0.938632
vt 0.538458 0.935198
vt 0.542387 0.927196
vt 0.522215 0.920006
vt 0.729417 0.747415
vt 0.733400 0.753068
vt 0.724109 0.755521
vt 0.727888 0.734737
vt 0.733324 0.736284
vt 0.730517 0.737876
vt 0.733400 0.731388
vt 0.724963 0.747114
vt 0.719084 0.745167
vt 0.716633 0.756204
vt 0.510397 0.012369
vt 0.519674 0.012290
vt 0.501259 0.015761
vt 0.503559 0.009374
vt 0.482562 0.007042
vt 0.519353 0.007042
vt 0.531522 0.010633
vt 0.894584 0.898810
vt 0.893422 0.892354
vt 0.904427 0.898303
vt 0.887759 0.901073
vt 0.880952 0.898660
vt 0.901620 0.901073
vt 0.310057 0.744571
vt 0.308191 0.755004
vt 0.304986 0.748499
vt 0.291026 0.752975
vt 0.293741 0.752638
vt 0.290744 0.759191
vt 0.292252 0.750644
vt 0.291167 0.746039
vt 0.300138 0.759557
vt 0.295130 0.749286
vt 0.298091 0.744146
vt 0.682200 0.464978
vt 0.682233 0.474765
vt 0.676392 0.467427
vt 0.290744 0.738368
vt 0.681847 0.455458
vt 0.688464 0.464186
vt 0.687973 0.455248
vt 0.682685 0.454393
vt 0.313548 0.734742
vt 0.688464 0.478538
vt 0.588550 0.611013
vt 0.582168 0.618042
vt 0.579582 0.611488
vt 0.584729 0.609175
vt 0.597198 0.606845
vt 0.597921 0.611864
vt 0.586190 0.603957
vt 0.573105 0.603957
vt 0.562630 0.618042
vt 0.547619 0.618042
vt 0.561168 0.610498
vt 0.552983 0.607981
vt 0.576459 0.614559
vt 0.576076 0.610384
vt 0.983161 0.681326
vt 0.976861 0.691163
vt 0.976861 0.677062
vt 0.984239 0.691342
vt 0.978939 0.701472
vt 0.983067 0.703890
vt 0.683269 0.836462
vt 0.689135 0.842859
vt 0.677062 0.844735
vt 0.677062 0.829309
vt 0.817433 0.968151
vt 0.811871 0.972166
vt 0.814265 0.963484
vt 0.123072 0.981556
vt 0.129108 0.972135
vt 0.123072 0.968813
vt 0.819920 0.961822
vt 0.811871 0.950575
vt 0.818504 0.948692
vt 0.076123 0.982227
vt 0.076123 0.969484
vt 0.081489 0.978376
vt 0.080577 0.971761
vt 0.449750 0.817999
vt 0.442094 0.820336
vt 0.443536 0.809859
vt 0.459085 0.814452
vt 0.453395 0.821806
vt 0.448323 0.827968
vt 0.459759 0.823862
vt 0.431590 0.827968
vt 0.144534 0.921633
vt 0.144534 0.918511
vt 0.146173 0.919837
vt 0.146885 0.924547
vt 0.147217 0.920244
vt 0.958088 0.685867
vt 0.964559 0.686174
vt 0.964641 0.691147
vt 0.948021 0.691147
vt 0.949179 0.682521
vt 0.956376 0.680457
vt 0.963618 0.679074
vt 0.970154 0.687945
vt 0.462447 0.440254
vt 0.475230 0.442372
vt 0.466710 0.448357
vt 0.473545 0.439177
vt 0.483233 0.438993
vt 0.483233 0.446996
vt 0.461100 0.433602
vt 0.475260 0.434703
vt 0.313838 0.458027
vt 0.304909 0.460843
vt 0.302590 0.456647
vt 0.306883 0.465795
vt 0.292757 0.465795
vt 0.299077 0.454393
vt 0.318243 0.462639
vt 0.890527 0.910818
vt 0.891013 0.916999
vt 0.884863 0.909790
vt 0.886166 0.902527
vt 0.880952 0.901073
vt 0.880952 0.923206
vt 0.733049 0.941749
vt 0.741449 0.941315
vt 0.735603 0.949150
vt 0.728706 0.945584
vt 0.735488 0.952873
vt 0.741449 0.958082
vt 0.635480 0.214808
vt 0.633138 0.211721
vt 0.626761 0.230382
vt 0.628994 0.206894
vt 0.626761 0.177398
vt 0.060698 0.917170
vt 0.060698 0.925889
vt 0.064722 0.920152
vt 0.895708 0.531766
vt 0.897985 0.526027
vt 0.909455 0.529086
vt 0.913581 0.522803
vt 0.919182 0.534205
vt 0.905933 0.534205
vt 0.407060 0.603625
vt 0.399905 0.604748
vt 0.399396 0.598592
vt 0.399396 0.611335
vt 0.424883 0.602093
vt 0.417812 0.610252
vt 0.416593 0.599831
vt 0.844491 0.562728
vt 0.853454 0.558391
vt 0.851734 0.567740
vt 0.841770 0.557679
vt 0.833786 0.567740
vt 0.828638 0.558956
vt 0.758355 0.964829
vt 0.760985 0.958753
vt 0.763582 0.970154
vt 0.745698 0.966145
vt 0.748631 0.968566
vt 0.744131 0.970154
vt 0.687123 0.563402
vt 0.679074 0.567740
vt 0.683805 0.556548
vt 0.679074 0.544431
vt 0.686671 0.544510
vt 0.686681 0.536217
vt 0.658293 0.912500
vt 0.663747 0.907109
vt 0.667002 0.910441
vt 0.649564 0.916499
vt 0.651640 0.908803
vt 0.664319 0.916499
vt 0.718609 0.834675
vt 0.711914 0.830028
vt 0.711735 0.832784
vt 0.718645 0.825956
vt 0.698524 0.830118
vt 0.700417 0.834675
vt 0.707479 0.827086
vt 0.407041 0.955161
vt 0.406588 0.943539
vt 0.413481 0.950031
vt 0.408852 0.962777
vt 0.402739 0.961494
vt 0.400738 0.951244
vt 0.400738 0.932596
vt 0.756905 0.968813
vt 0.755432 0.979544
vt 0.752403 0.968813
vt 0.744131 0.977265
vt 0.764252 0.977905
vt 0.970154 0.679449
vt 0.969299 0.675008
vt 0.960670 0.676635
vt 0.958701 0.671697
vt 0.951270 0.680416
vt 0.944668 0.671697
vt 0.356795 0.570830
vt 0.367221 0.569919
vt 0.361268 0.565057
vt 0.358898 0.575060
vt 0.375252 0.577800
vt 0.351107 0.577800
vt 0.685777 0.949610
vt 0.684440 0.939973
vt 0.689806 0.944834
vt 0.637557 0.603487
vt 0.628773 0.602140
vt 0.630784 0.596579
vt 0.647941 0.596579
vt 0.647010 0.606285
vt 0.639159 0.608512
vt 0.648893 0.615359
vt 0.684440 0.961435
vt 0.365191 0.560362
vt 0.369559 0.566712
vt 0.372047 0.562809
vt 0.383151 0.572435
vt 0.390007 0.560362
vt 0.383105 0.564893
vt 0.378391 0.560421
vt 0.846747 0.889883
vt 0.839697 0.890342
vt 0.836252 0.886745
vt 0.828068 0.883635
vt 0.823273 0.890342
vt 0.812766 0.888184
vt 0.822347 0.889921
vt 0.817756 0.893696
vt 0.814348 0.883635
vt 0.806934 0.890520
vt 0.803152 0.885571
vt 0.823273 0.883635
vt 0.821877 0.885969
vt 0.048625 0.933266
vt 0.048625 0.925218
vt 0.042589 0.926687
vt 0.129779 0.967471
vt 0.132958 0.975893
vt 0.130985 0.977443
vt 0.412953 0.931254
vt 0.405433 0.922535
vt 0.417569 0.922535
vt 0.420015 0.927996
vt 0.133132 0.980486
vt 0.129779 0.982897
vt 0.422871 0.924465
vt 0.496391 0.603173
vt 0.493964 0.605941
vt 0.506665 0.609323
vt 0.510704 0.604660
vt 0.520791 0.609323
vt 0.514933 0.598592
vt 0.740546 0.907034
vt 0.727364 0.907780
vt 0.731186 0.902415
vt 0.742050 0.903058
vt 0.751509 0.907780
vt 0.915572 0.197551
vt 0.921952 0.221963
vt 0.909792 0.217500
vt 0.913595 0.239599
vt 0.925491 0.243452
vt 0.912604 0.260803
vt 0.927604 0.264745
vt 0.909792 0.277062
vt 0.912110 0.289403
vt 0.938650 0.211334
vt 0.940697 0.230195
vt 0.941724 0.249153
vt 0.947663 0.266654
vt 0.956262 0.225868
vt 0.957879 0.256282
vt 0.961020 0.203362
vt 0.954110 0.187825
vt 0.964789 0.268654
vt 0.915091 0.172315
vt 0.929931 0.182028
vt 0.913571 0.150037
vt 0.930794 0.166089
vt 0.920347 0.134403
vt 0.937655 0.147858
vt 0.929088 0.124413
vt 0.940298 0.125555
vt 0.955200 0.126712
vt 0.956494 0.158282
vt 0.963772 0.171020
vt 0.672025 0.122087
vt 0.678454 0.105255
vt 0.684440 0.126076
vt 0.679439 0.141863
vt 0.671432 0.155314
vt 0.662149 0.143348
vt 0.676469 0.089151
vt 0.653451 0.100508
vt 0.655590 0.130171
vt 0.657544 0.075160
vt 0.674435 0.071208
vt 0.650687 0.115139
vt 0.642060 0.157166
vt 0.638885 0.139706
vt 0.635569 0.091057
vt 0.635245 0.068607
vt 0.636269 0.107251
vt 0.634399 0.121785
vt 0.630931 0.149378
vt 0.623407 0.158618
vt 0.666916 0.050089
vt 0.672142 0.030566
vt 0.683313 0.047169
vt 0.657062 0.022023
vt 0.679124 0.012380
vt 0.670332 0.000705
vt 0.658090 0.009717
vt 0.649540 0.038276
vt 0.644528 0.058892
vt 0.644090 0.010981
vt 0.635084 0.020477
vt 0.630393 0.005398
vt 0.635910 0.005368
vt 0.633938 0.047995
vt 0.633283 0.000735
vt 0.632355 0.000335
vt 0.629223 0.002035
vt 0.623407 0.006589
vt 0.626623 0.001988
vt 0.630093 0.000667
vt 0.626021 0.001842
vt 0.789262 0.245761
vt 0.815171 0.248006
vt 0.806226 0.262750
vt 0.783462 0.269697
vt 0.759789 0.256302
vt 0.745742 0.241784
vt 0.730285 0.258639
vt 0.737630 0.281420
vt 0.832017 0.265946
vt 0.769083 0.280298
vt 0.815169 0.287571
vt 0.796928 0.285037
vt 0.715975 0.276539
vt 0.758099 0.291557
vt 0.840150 0.298361
vt 0.780024 0.303763
vt 0.746435 0.297408
vt 0.805946 0.302189
vt 0.716964 0.300256
vt 0.768202 0.309765
vt 0.795980 0.309885
vt 0.729090 0.310241
vt 0.830250 0.327787
vt 0.804400 0.317636
vt 0.757060 0.323887
vt 0.811447 0.335941
vt 0.747472 0.331595
vt 0.714621 0.327402
vt 0.845823 0.334045
vt 0.788074 0.340634
vt 0.729435 0.334475
vt 0.774131 0.333688
vt 0.766911 0.334178
vt 0.804241 0.348546
vt 0.756938 0.350268
vt 0.835662 0.363481
vt 0.822378 0.353594
vt 0.743890 0.365081
vt 0.767455 0.353613
vt 0.716126 0.354233
vt 0.778955 0.370524
vt 0.760974 0.368205
vt 0.810252 0.373952
vt 0.725756 0.373457
vt 0.802438 0.371430
vt 0.845022 0.374183
vt 0.766500 0.386196
vt 0.825275 0.387653
vt 0.754041 0.383539
vt 0.715263 0.394336
vt 0.777444 0.401426
vt 0.796338 0.387851
vt 0.742529 0.406822
vt 0.787205 0.402792
vt 0.802357 0.401034
vt 0.845940 0.406755
vt 0.757807 0.410432
vt 0.807170 0.410488
vt 0.833451 0.427940
vt 0.767539 0.422665
vt 0.810867 0.428197
vt 0.778506 0.429564
vt 0.795765 0.431541
vt 0.723494 0.425862
vt 0.742874 0.438197
vt 0.754965 0.434271
vt 0.846747 0.443293
vt 0.822747 0.447353
vt 0.764561 0.440995
vt 0.714621 0.443727
vt 0.834699 0.456017
vt 0.804019 0.451784
vt 0.779586 0.452072
vt 0.734213 0.455069
vt 0.752755 0.455799
vt 0.766375 0.463150
vt 0.796861 0.472326
vt 0.829569 0.468314
vt 0.816865 0.468345
vt 0.716181 0.466817
vt 0.736614 0.467827
vt 0.750950 0.469686
vt 0.782943 0.481886
vt 0.760551 0.482562
vt 0.971479 0.708528
vt 0.958127 0.712224
vt 0.977480 0.699866
vt 0.968623 0.717099
vt 0.981765 0.712255
vt 0.993628 0.715261
vt 0.970821 0.727286
vt 0.951785 0.726295
vt 0.934696 0.719955
vt 0.993141 0.809458
vt 0.993628 0.820063
vt 0.977677 0.821932
vt 0.975512 0.806137
vt 0.963925 0.817895
vt 0.977027 0.744015
vt 0.979025 0.756241
vt 0.958931 0.749013
vt 0.985138 0.793699
vt 0.966201 0.766255
vt 0.971736 0.784363
vt 0.934760 0.729842
vt 0.954669 0.793053
vt 0.936842 0.765266
vt 0.916483 0.724493
vt 0.917971 0.743845
vt 0.903677 0.725823
vt 0.909510 0.739580
vt 0.902947 0.738180
vt 0.918448 0.790734
vt 0.916351 0.762010
vt 0.910486 0.760600
vt 0.904496 0.780957
vt 0.889001 0.801450
vt 0.800678 0.245808
vt 0.804304 0.225320
vt 0.825562 0.239518
vt 0.758811 0.225546
vt 0.784274 0.200556
vt 0.734192 0.207350
vt 0.717974 0.226116
vt 0.831756 0.207142
vt 0.817097 0.199374
vt 0.725671 0.203016
vt 0.741826 0.185531
vt 0.736592 0.178976
vt 0.772825 0.166782
vt 0.837787 0.171918
vt 0.824641 0.178319
vt 0.751712 0.162254
vt 0.826550 0.157619
vt 0.758819 0.132080
vt 0.793190 0.127396
vt 0.842723 0.132785
vt 0.826427 0.126983
vt 0.838650 0.100995
vt 0.767346 0.083181
vt 0.806323 0.101361
vt 0.751600 0.099585
vt 0.813957 0.080569
vt 0.744899 0.073262
vt 0.796504 0.063534
vt 0.831368 0.065817
vt 0.762384 0.062489
vt 0.739270 0.064083
vt 0.741498 0.058563
vt 0.717974 0.061082
vt 0.804045 0.045918
vt 0.777500 0.051001
vt 0.837828 0.050878
vt 0.824181 0.043966
vt 0.811098 0.033870
vt 0.837495 0.038437
vt 0.840667 0.225456
vt 0.833844 0.229366
vt 0.829309 0.225657
vt 0.847500 0.234043
vt 0.853202 0.223851
vt 0.843768 0.193115
vt 0.852097 0.189639
vt 0.849119 0.214813
vt 0.845091 0.172596
vt 0.852196 0.178018
vt 0.860270 0.200497
vt 0.855766 0.226293
vt 0.855840 0.156413
vt 0.845702 0.152034
vt 0.867546 0.168293
vt 0.865936 0.183783
vt 0.869559 0.213451
vt 0.871840 0.221299
vt 0.878318 0.156578
vt 0.882938 0.197051
vt 0.881648 0.222766
vt 0.882717 0.178349
vt 0.886335 0.210081
vt 0.890526 0.245808
vt 0.886675 0.231050
vt 0.897720 0.242905
vt 0.893690 0.225048
vt 0.894804 0.208967
vt 0.892119 0.186126
vt 0.891828 0.169760
vt 0.892107 0.149755
vt 0.844948 0.071726
vt 0.836819 0.075459
vt 0.845335 0.065392
vt 0.857208 0.078284
vt 0.844874 0.079523
vt 0.842781 0.111687
vt 0.849301 0.093952
vt 0.855264 0.105906
vt 0.857781 0.073127
vt 0.848287 0.122687
vt 0.855719 0.141663
vt 0.843402 0.135108
vt 0.863469 0.093016
vt 0.867835 0.111259
vt 0.864805 0.125576
vt 0.874873 0.083011
vt 0.875534 0.076789
vt 0.879002 0.136437
vt 0.883042 0.094804
vt 0.883231 0.114570
vt 0.886475 0.073909
vt 0.892166 0.104138
vt 0.897720 0.086643
vt 0.891491 0.127792
s 1
usemtl material_0
f 1/1/1 2/2/2 3/3/3
f 1/1/1 3/3/3 4/4/4
f 1/1/1 5/5/5 2/2/2
f 6/6/6 2/2/2 5/5/5
f 1/1/1 4/4/4 7/7/7
f 5/5/5 1/1/1 7/7/7
f 5/5/5 8/8/8 6/6/6
f 9/9/9 8/8/8 10/10/10
f 8/8/8 5/5/5 10/10/10
f 6/6/6 8/8/8 11/11/11
f 8/8/8 12/12/12 11/11/11
f 13/13/13 14/14/14 15/15/15
f 16/16/16 17/17/17 18/18/18
f 19/19/2 20/20/19 21/21/20
f 20/20/19 22/22/21 21/21/20
f 20/20/19 19/19/2 23/23/22
f 19/19/2 24/24/23 23/23/22
f 23/23/22 22/22/21 20/20/19
f 23/23/22 24/24/23 25/25/24
f 22/22/21 23/23/22 26/26/25
f 24/24/23 27/27/26 28/28/27
f 24/24/23 29/29/28 25/25/24
f 29/29/28 24/24/23 28/28/27
f 26/26/25 23/23/22 25/25/24
f 30/30/29 31/31/30 32/32/31
f 33/33/27 34/34/32 35/35/14
f 36/36/33 30/30/29 32/32/31
f 37/37/34 38/38/35 39/39/36
f 37/37/34 40/40/37 41/41/38
f 42/42/15 43/43/39 44/44/40
f 44/44/40 43/43/39 28/28/27
f 45/45/41 46/46/42 27/27/26
f 31/31/30 42/42/15 44/44/40
f 28/28/27 27/27/26 46/46/42
f 47/47/43 36/36/33 32/32/31
f 40/40/37 36/36/33 47/47/43
f 28/28/27 46/46/42 44/44/40
f 38/38/35 37/37/34 41/41/38
f 41/41/38 40/40/37 47/47/43
f 48/48/44 49/49/45 50/50/46
f 32/32/31 44/44/40 46/46/42
f 32/32/31 31/31/30 44/44/40
f 51/51/47 49/49/45 39/39/36
f 50/50/46 49/49/45 51/51/47
f 52/52/48 39/39/36 38/38/35
f 41/41/38 52/52/48 38/38/35
f 39/39/36 52/52/48 51/51/47
f 53/53/49 48/48/44 50/50/46
f 54/54/50 48/48/44 53/53/49
f 55/55/51 48/48/44 54/54/50
f 56/56/52 57/57/53 58/58/54
f 58/58/54 57/57/53 59/59/55
f 56/56/52 58/58/54 60/60/56
f 57/57/53 61/61/57 59/59/55
f 59/59/55 61/61/57 62/62/58
f 63/63/59 64/64/57 65/65/60
f 66/66/61 67/67/62 68/68/63
f 69/69/64 70/70/65 71/71/66
f 72/72/67 73/73/68 74/74/69
f 74/74/69 73/73/68 75/75/70
f 76/76/71 77/77/72 78/78/73
f 79/79/74 80/80/75 81/81/76
f 82/82/77 83/83/78 56/56/52
f 83/83/78 82/82/77 84/84/79
f 60/60/56 82/82/77 56/56/52
f 61/61/57 57/57/53 85/85/80
f 58/58/54 86/86/81 60/60/56
f 84/84/79 87/87/82 83/83/78
f 69/69/64 88/88/83 83/83/78
f 69/69/64 83/83/78 87/87/82
f 61/61/57 89/89/84 67/67/62
f 67/67/62 89/89/84 90/90/85
f 90/90/85 68/68/63 67/67/62
f 88/88/83 69/69/64 91/91/86
f 68/68/63 92/92/87 66/66/61
f 68/68/63 90/90/85 93/93/88
f 94/94/89 93/93/88 90/90/85
f 95/95/90 96/96/91 91/91/86
f 97/97/92 98/98/93 99/99/94
f 94/94/89 100/100/95 101/101/96
f 102/102/97 103/103/98 104/104/99
f 105/105/100 100/100/95 94/94/89
f 94/94/89 90/90/85 105/105/100
f 72/72/67 95/95/90 91/91/86
f 72/72/67 91/91/86 106/106/101
f 72/72/67 107/107/102 95/95/90
f 108/108/103 109/109/104 110/110/105
f 111/111/106 109/109/104 108/108/103
f 112/112/107 113/113/106 105/105/100
f 113/113/106 112/112/107 75/75/70
f 114/114/108 75/75/70 112/112/107
f 74/74/69 75/75/70 114/114/108
f 115/115/109 116/116/110 117/117/111
f 118/118/112 117/117/111 116/116/110
f 116/116/110 119/119/113 118/118/112
f 120/120/114 121/121/115 122/122/116
f 123/123/117 115/115/109 117/117/111
f 117/117/111 124/124/118 123/123/117
f 125/125/119 126/126/120 121/121/115
f 127/127/121 123/123/117 128/128/122
f 129/129/123 127/127/121 128/128/122
f 130/130/124 131/131/125 119/119/113
f 132/132/126 131/131/125 130/130/124
f 133/133/127 131/131/125 132/132/126
f 129/129/123 134/134/128 77/77/72
f 78/78/73 77/77/72 134/134/128
f 135/135/129 125/125/119 136/136/130
f 137/137/131 76/76/71 138/138/132
f 139/139/133 135/135/129 136/136/130
f 132/132/126 140/140/134 141/141/135
f 79/79/74 137/137/131 138/138/132
f 81/81/76 137/137/131 79/79/74
f 139/139/133 136/136/130 142/142/136
f 143/143/137 144/144/138 145/145/139
f 143/143/137 145/145/139 80/80/75
f 145/145/139 141/141/135 146/146/140
f 147/147/141 80/80/75 145/145/139
f 80/80/75 148/148/142 81/81/76
f 145/145/139 146/146/140 147/147/141
f 148/148/142 80/80/75 147/147/141
f 149/149/143 150/150/144 151/151/52
f 152/152/145 86/86/81 58/58/54
f 91/91/86 96/96/91 88/88/83
f 71/71/66 91/91/86 69/69/64
f 92/92/87 153/153/146 66/66/61
f 99/99/94 98/98/93 154/154/147
f 155/155/148 156/156/149 157/157/150
f 158/158/151 98/98/93 97/97/92
f 159/159/152 158/158/151 160/160/153
f 126/126/120 122/122/116 121/121/115
f 119/119/113 116/116/110 130/130/124
f 161/161/154 162/162/155 124/124/156
f 77/77/72 127/127/121 129/129/123
f 163/163/157 164/164/158 165/165/159
f 135/135/129 126/126/120 125/125/119
f 132/132/126 166/166/160 133/133/127
f 77/77/72 76/76/71 137/137/131
f 137/137/131 167/167/161 77/77/72
f 168/168/162 138/138/132 76/76/71
f 139/139/133 142/142/136 169/169/163
f 170/170/164 171/171/165 172/172/166
f 85/85/80 89/89/84 61/61/57
f 65/65/60 173/173/167 63/63/59
f 156/156/149 155/155/148 174/174/168
f 74/74/69 107/107/102 72/72/67
f 112/112/107 105/105/100 175/175/169
f 74/74/69 114/114/108 176/176/170
f 160/160/153 158/158/151 177/177/171
f 178/178/172 159/159/152 179/179/173
f 159/159/152 160/160/153 179/179/173
f 122/122/116 180/180/174 120/120/114
f 181/181/175 130/130/124 116/116/110
f 127/127/121 115/115/109 123/123/117
f 182/182/176 183/183/177 184/184/178
f 77/77/72 185/185/179 127/127/121
f 78/78/73 134/134/128 186/186/180
f 167/167/161 137/137/131 187/187/181
f 140/140/134 188/188/182 141/141/135
f 56/56/52 189/189/183 57/57/53
f 149/149/143 190/190/184 150/150/144
f 191/191/185 190/190/184 149/149/143
f 192/192/186 101/101/96 100/100/95
f 104/104/99 193/193/187 102/102/97
f 107/107/102 96/96/91 95/95/90
f 158/158/151 97/97/92 177/177/171
f 194/194/188 195/195/189 196/196/190
f 194/194/188 197/197/191 195/195/189
f 198/198/192 195/195/189 199/199/193
f 200/200/194 201/201/195 202/202/196
f 203/203/197 199/199/193 204/204/198
f 205/205/199 206/206/200 120/120/114
f 207/207/201 125/125/119 121/121/115
f 132/132/126 130/130/124 208/208/202
f 209/209/203 136/136/130 125/125/119
f 81/81/76 187/187/181 137/137/131
f 150/150/144 210/210/204 151/151/52
f 89/89/84 85/85/80 211/211/205
f 212/212/206 213/213/207 214/214/208
f 215/215/209 153/153/146 92/92/87
f 179/179/173 160/160/153 216/216/210
f 194/194/188 217/217/211 218/218/212
f 217/217/211 194/194/188 196/196/190
f 219/219/213 204/204/198 199/199/193
f 203/203/197 204/204/198 220/220/214
f 220/220/214 204/204/198 221/221/215
f 222/222/216 205/205/199 120/120/114
f 222/222/216 120/120/114 180/180/174
f 223/223/217 115/115/109 127/127/121
f 163/163/157 165/165/159 224/224/218
f 225/225/219 162/162/155 161/161/154
f 164/164/158 163/163/157 226/226/220
f 168/168/162 134/134/221 227/227/222
f 228/228/223 138/138/132 168/168/162
f 229/229/224 171/171/165 230/230/225
f 169/169/163 231/231/226 139/139/133
f 232/232/227 154/154/147 233/233/228
f 234/234/229 235/235/230 236/236/231
f 237/237/232 214/214/208 238/238/145
f 237/237/232 239/239/233 214/214/208
f 240/240/234 241/241/235 212/212/206
f 239/239/233 104/104/99 240/240/234
f 242/242/236 243/243/237 244/244/186
f 245/245/238 104/104/99 239/239/233
f 246/246/239 105/105/100 90/90/85
f 247/247/240 248/248/241 249/249/242
f 178/178/172 179/179/173 250/250/243
f 250/250/243 179/179/173 251/251/244
f 218/218/212 250/250/243 251/251/244
f 197/197/191 199/199/193 195/195/189
f 219/219/213 199/199/193 252/252/245
f 121/121/115 120/120/114 253/253/246
f 183/183/177 225/225/219 161/161/154
f 132/132/126 208/208/202 140/140/134
f 188/188/182 146/146/140 141/141/135
f 172/172/166 254/254/247 170/170/164
f 254/254/247 172/172/166 255/255/248
f 256/256/249 257/257/250 258/258/251
f 258/258/251 257/257/250 259/259/252
f 260/260/253 173/173/167 65/65/60
f 173/173/167 260/260/253 237/237/232
f 244/244/186 261/261/146 242/242/236
f 155/155/148 157/157/150 262/262/254
f 263/263/255 248/248/241 247/247/240
f 250/250/243 218/218/212 217/217/211
f 264/264/256 194/194/188 218/218/212
f 200/200/194 202/202/196 265/265/257
f 130/130/124 266/266/258 208/208/202
f 267/267/259 268/268/260 225/225/219
f 225/225/219 183/183/177 227/227/222
f 227/227/222 183/183/177 182/182/176
f 226/226/220 269/269/261 164/164/158
f 270/270/261 133/133/127 271/271/262
f 272/272/263 273/273/264 228/228/223
f 274/274/265 273/273/264 272/272/263
f 275/275/266 229/229/224 230/230/225
f 276/276/267 172/172/166 171/171/165
f 239/239/233 212/212/206 214/214/208
f 260/260/253 239/239/233 237/237/232
f 212/212/206 241/241/235 277/277/268
f 261/261/146 244/244/186 260/260/253
f 239/239/233 240/240/234 212/212/206
f 193/193/187 104/104/99 245/245/238
f 262/262/254 245/245/238 239/239/233
f 263/263/255 262/262/254 248/248/241
f 177/177/171 216/216/210 160/160/153
f 178/178/172 250/250/243 278/278/269
f 251/251/244 264/264/256 218/218/212
f 196/196/190 195/195/189 198/198/192
f 198/198/192 279/279/270 280/280/271
f 281/281/272 280/280/271 279/279/270
f 221/221/215 204/204/198 282/282/273
f 205/205/199 221/221/215 282/282/273
f 222/222/216 180/180/174 283/283/274
f 227/227/222 267/267/259 225/225/219
f 270/270/261 182/182/176 284/284/275
f 167/167/161 185/185/179 77/77/72
f 271/271/262 133/133/127 166/166/160
f 285/285/276 270/270/261 271/271/262
f 274/274/265 272/272/263 286/286/277
f 171/171/165 229/229/224 276/276/267
f 254/254/247 287/287/278 170/170/164
f 233/233/228 257/257/250 256/256/249
f 288/288/279 258/258/251 259/259/252
f 244/244/186 239/239/233 260/260/253
f 248/248/241 244/244/186 109/109/104
f 263/263/255 155/155/148 262/262/254
f 289/289/280 247/247/240 249/249/242
f 290/290/281 177/177/171 291/291/282
f 291/291/282 292/292/283 293/293/284
f 290/290/281 291/291/282 294/294/285
f 291/291/282 293/293/284 294/294/285
f 293/293/284 295/295/286 294/294/285
f 296/296/287 217/217/211 198/198/192
f 279/279/270 198/198/192 199/199/193
f 279/279/270 199/199/193 203/203/197
f 297/297/288 203/203/197 220/220/214
f 281/281/272 297/297/288 298/298/289
f 299/299/290 298/298/289 297/297/288
f 121/121/115 253/253/246 207/207/201
f 270/270/261 227/227/222 182/182/176
f 228/228/223 168/168/162 272/272/263
f 300/300/291 274/274/265 286/286/277
f 79/79/292 301/301/293 302/302/294
f 303/303/295 304/304/250 305/305/296
f 248/248/241 262/262/254 239/239/233
f 114/114/108 112/112/107 306/306/297
f 291/291/282 177/177/171 97/97/92
f 216/216/210 177/177/171 290/290/281
f 97/97/92 292/292/283 291/291/282
f 217/217/211 296/296/287 278/278/269
f 295/295/286 307/307/298 294/294/285
f 308/308/299 307/307/298 295/295/286
f 194/194/188 294/294/285 307/307/298
f 307/307/298 265/265/257 309/309/300
f 299/299/290 297/297/288 310/310/301
f 311/311/302 222/222/216 299/299/290
f 299/299/290 222/222/216 312/312/303
f 222/222/216 283/283/274 312/312/303
f 266/266/258 130/130/124 181/181/175
f 209/209/203 125/125/119 207/207/201
f 272/272/263 168/168/162 227/227/222
f 272/272/263 270/270/261 285/285/276
f 313/313/304 170/170/164 287/287/278
f 258/258/251 288/288/279 314/314/305
f 315/315/306 316/316/236 317/317/87
f 248/248/241 239/239/233 244/244/186
f 110/110/105 109/109/104 244/244/186
f 251/251/244 179/179/173 216/216/210
f 198/198/192 318/318/307 296/296/287
f 307/307/298 308/308/299 319/319/308
f 194/194/188 307/307/298 309/309/300
f 309/309/300 265/265/257 320/320/309
f 297/297/288 279/279/270 203/203/197
f 272/272/263 227/227/222 270/270/261
f 321/321/310 272/272/263 285/285/276
f 273/273/264 322/322/311 302/302/294
f 258/258/251 314/314/305 323/323/312
f 216/216/210 290/290/281 251/251/244
f 265/265/257 307/307/298 319/319/308
f 319/319/308 200/200/194 265/265/257
f 309/309/300 320/320/309 252/252/245
f 320/320/309 324/324/313 325/325/314
f 326/326/315 327/327/316 328/328/313
f 328/328/313 327/327/316 329/329/317
f 325/325/314 324/324/313 330/330/318
f 310/310/301 221/221/215 205/205/199
f 331/331/319 332/332/320 333/333/321
f 334/334/322 331/331/319 333/333/321
f 255/255/248 335/335/323 254/254/247
f 336/336/324 256/256/249 258/258/251
f 85/85/80 57/57/53 305/305/296
f 337/337/325 234/234/229 236/236/231
f 217/217/211 278/278/269 250/250/243
f 264/264/256 251/251/244 290/290/281
f 264/264/256 290/290/281 294/294/285
f 194/194/188 264/264/256 294/294/285
f 196/196/190 198/198/192 217/217/211
f 194/194/188 309/309/300 197/197/191
f 252/252/245 199/199/193 197/197/191
f 252/252/245 197/197/191 309/309/300
f 297/297/288 281/281/272 279/279/270
f 252/252/245 320/320/309 325/325/314
f 202/202/196 201/201/195 338/338/326
f 282/282/273 204/204/198 219/219/213
f 325/325/314 330/330/318 339/339/327
f 330/330/318 324/324/313 340/340/328
f 220/220/214 221/221/215 310/310/301
f 205/205/199 222/222/216 311/311/302
f 341/341/329 273/273/264 302/302/294
f 287/287/278 254/254/247 335/335/323
f 211/211/205 85/85/80 305/305/296
f 232/232/227 99/99/94 154/154/147
f 342/342/330 175/175/169 246/246/239
f 343/343/331 295/295/286 344/344/332
f 327/327/316 326/326/315 345/345/333
f 252/252/245 325/325/314 219/219/213
f 339/339/327 219/219/213 325/325/314
f 340/340/328 324/324/313 338/338/317
f 310/310/301 297/297/288 220/220/214
f 339/339/327 330/330/318 340/340/328
f 339/339/327 340/340/328 206/206/200
f 181/181/175 346/346/334 347/347/335
f 228/228/223 273/273/264 341/341/329
f 341/341/329 302/302/294 301/301/293
f 323/323/312 348/348/336 258/258/251
f 57/57/53 189/189/183 305/305/296
f 175/175/169 105/105/100 246/246/239
f 349/349/337 176/176/170 114/114/108
f 293/293/284 292/292/283 350/350/338
f 282/282/273 219/219/213 339/339/327
f 351/351/339 340/340/328 338/338/317
f 310/310/301 205/205/199 311/311/302
f 311/311/302 299/299/290 310/310/301
f 206/206/200 253/253/246 120/120/114
f 340/340/328 352/352/340 253/253/246
f 353/353/341 322/322/311 273/273/264
f 354/354/342 355/355/343 356/356/344
f 336/336/324 258/258/251 348/348/336
f 323/323/312 357/357/345 348/348/336
f 90/90/85 89/89/84 358/358/346
f 306/306/297 349/349/337 114/114/108
f 293/293/284 359/359/9 295/295/286
f 339/339/327 206/206/200 282/282/273
f 253/253/246 352/352/340 207/207/201
f 266/266/258 181/181/175 347/347/335
f 321/321/310 360/360/347 272/272/263
f 361/361/348 139/139/133 231/231/226
f 233/233/228 256/256/249 362/362/349
f 305/305/296 189/189/183 303/303/295
f 363/363/350 364/364/351 233/233/228
f 365/365/352 342/342/330 246/246/239
f 350/350/338 292/292/283 97/97/92
f 295/295/286 343/343/331 308/308/299
f 345/345/333 366/366/257 367/367/353
f 345/345/333 326/326/315 366/366/257
f 368/368/354 345/345/333 367/367/353
f 206/206/200 205/205/199 282/282/273
f 253/253/246 206/206/200 340/340/328
f 369/369/355 116/116/110 115/115/109
f 233/233/228 370/370/296 257/257/250
f 364/364/351 370/370/296 233/233/228
f 358/358/346 89/89/84 211/211/205
f 293/293/284 371/371/356 359/359/9
f 351/351/339 352/352/340 340/340/328
f 352/352/340 351/351/339 372/372/320
f 287/287/278 335/335/323 373/373/357
f 255/255/248 374/374/358 335/335/323
f 233/233/228 362/362/349 232/232/227
f 375/375/359 112/112/107 175/175/169
f 376/376/360 354/354/342 208/208/202
f 372/372/320 351/351/339 377/377/361
f 181/181/175 116/116/110 369/369/355
f 378/378/362 331/331/319 334/334/322
f 354/354/342 376/376/360 355/355/343
f 255/255/248 172/172/166 379/379/363
f 181/181/175 369/369/355 346/346/334
f 352/352/340 372/372/320 380/380/364
f 207/207/201 352/352/340 381/381/319
f 207/207/201 381/381/319 382/382/362
f 350/350/338 371/371/356 293/293/284
f 376/376/360 208/208/202 266/266/258
f 335/335/323 383/383/365 373/373/357
f 362/362/349 256/256/249 384/384/366
f 365/365/352 90/90/85 358/358/346
f 365/365/352 246/246/239 90/90/85
f 385/385/367 97/97/92 99/99/94
f 97/97/92 385/385/367 350/350/338
f 381/381/319 352/352/340 386/386/368
f 374/374/358 383/383/365 335/335/323
f 276/276/267 379/379/363 172/172/166
f 232/232/227 387/387/369 99/99/94
f 349/349/337 306/306/297 388/388/370
f 386/386/368 352/352/340 380/380/364
f 389/389/371 381/381/319 386/386/368
f 207/207/201 382/382/362 209/209/203
f 379/379/363 390/390/372 255/255/248
f 229/229/224 275/275/266 391/391/373
f 276/276/267 229/229/224 392/392/374
f 392/392/374 379/379/363 276/276/267
f 375/375/359 306/306/297 112/112/107
f 386/386/368 393/393/375 389/389/371
f 374/374/358 255/255/248 390/390/372
f 371/371/356 394/394/376 359/359/9
f 391/391/373 392/392/374 229/229/224
f 362/362/349 387/387/369 232/232/227
f 395/395/16 359/359/9 394/394/376
f 384/384/366 396/396/377 362/362/349
f 350/350/338 397/397/378 371/371/356
f 398/398/379 394/394/376 371/371/356
f 399/399/380 374/374/358 390/390/372
f 362/362/349 400/400/381 387/387/369
f 399/399/380 401/401/382 374/374/358
f 362/362/349 396/396/377 400/400/381
f 371/371/356 397/397/378 398/398/379
f 390/390/372 379/379/363 402/402/383
f 379/379/363 392/392/374 403/403/384
f 392/392/374 404/404/385 403/403/384
f 379/379/363 403/403/384 405/405/386
f 402/402/383 379/379/363 405/405/386
f 399/399/380 390/390/372 402/402/383
f 406/406/67 407/407/101 408/408/387
f 409/409/86 410/410/388 411/411/389
f 409/409/86 411/411/389 407/407/98
f 412/412/64 413/413/390 414/414/391
f 406/406/67 408/408/387 415/415/392
f 414/414/391 413/413/390 416/416/393
f 417/417/394 407/407/98 411/411/389
f 413/413/390 412/412/64 418/418/395
f 419/419/396 411/411/389 410/410/388
f 413/413/390 418/418/395 420/420/397
f 410/410/388 416/416/393 419/419/396
f 419/419/396 416/416/393 413/413/390
f 415/415/392 408/408/387 421/421/398
f 413/413/390 420/420/397 422/422/399
f 421/421/398 408/408/387 417/417/394
f 419/419/396 413/413/390 422/422/399
f 423/423/400 415/415/392 421/421/398
f 422/422/399 411/411/389 419/419/396
f 422/422/399 417/417/394 411/411/389
f 417/417/394 422/422/399 421/421/398
f 423/423/400 421/421/398 424/424/401
f 425/425/21 426/426/402 427/427/403
f 425/425/21 428/428/404 426/426/402
f 429/429/405 426/426/402 428/428/404
f 430/430/25 428/428/404 425/425/21
f 429/429/405 428/428/404 431/431/406
f 432/432/331 426/426/402 429/429/405
f 428/428/404 430/430/25 431/431/406
f 433/433/28 434/434/27 435/435/16
f 435/435/16 436/436/24 433/433/28
f 431/431/406 436/436/24 435/435/16
f 431/431/406 430/430/25 436/436/24
f 437/437/407 438/438/126 439/439/408
f 440/440/409 437/437/407 439/439/408
f 439/439/408 438/438/126 441/441/135
f 441/441/135 442/442/410 443/443/411
f 444/444/126 445/445/407 446/446/412
f 446/446/412 447/447/413 444/444/126
f 448/448/414 439/439/408 441/441/135
f 442/442/410 449/449/415 443/443/411
f 450/450/416 451/451/417 443/443/411
f 452/452/418 450/450/416 443/443/411
f 448/448/414 441/441/135 450/450/416
f 453/453/419 454/454/420 455/455/421
f 456/456/418 453/453/419 455/455/421
f 449/449/415 452/452/418 443/443/411
f 446/446/412 445/445/407 457/457/422
f 448/448/414 450/450/416 458/458/423
f 452/452/418 449/449/415 459/459/424
f 452/452/418 459/459/424 460/460/425
f 461/461/426 446/446/412 457/457/422
f 448/448/414 458/458/423 462/462/427
f 460/460/425 458/458/423 452/452/418
f 458/458/423 460/460/425 462/462/427
f 463/463/75 464/464/74 465/465/428
f 464/464/74 466/466/429 465/465/428
f 467/467/127 468/468/430 469/469/431
f 470/470/432 463/463/75 465/465/428
f 471/471/433 467/467/127 469/469/431
f 471/471/433 469/469/431 472/472/434
f 470/470/432 465/465/428 466/466/429
f 473/473/435 474/474/436 475/475/437
f 476/476/438 469/469/431 473/473/435
f 472/472/434 469/469/431 476/476/438
f 473/473/435 475/475/437 476/476/438
f 477/477/439 478/478/440 479/479/441
f 480/480/442 477/477/439 466/466/429
f 470/470/432 477/477/439 481/481/425
f 470/470/432 466/466/429 477/477/439
f 477/477/439 479/479/441 481/481/425
f 481/481/425 482/482/443 483/483/444
f 481/481/425 479/479/441 482/482/443
f 476/476/438 475/475/437 484/484/445
f 472/472/434 476/476/438 485/485/446
f 483/483/444 472/472/434 485/485/446
f 486/486/427 483/483/444 485/485/446
f 486/486/427 481/481/425 483/483/444
f 485/485/446 476/476/438 484/484/445
f 487/487/447 488/488/448 489/489/449
f 490/490/450 491/491/451 487/487/452
f 491/491/451 490/490/450 492/492/453
f 493/493/454 487/487/452 491/491/451
f 494/494/455 489/489/449 488/488/448
f 492/492/453 495/495/456 491/491/451
f 496/496/457 494/494/455 488/488/448
f 493/493/454 491/491/451 497/497/458
f 497/497/458 491/491/451 498/498/459
f 496/496/457 499/499/460 494/494/455
f 496/496/457 488/488/448 493/493/454
f 497/497/458 496/496/457 493/493/454
f 497/497/458 499/499/460 496/496/457
f 499/499/460 497/497/458 500/500/461
f 498/498/459 500/500/461 497/497/458
f 500/500/461 498/498/459 501/501/462
f 501/501/462 502/502/463 500/500/461
f 502/502/463 501/501/462 503/503/464
f 504/504/465 502/502/463 503/503/464
f 505/505/400 506/506/466 507/507/467
f 508/508/468 509/509/450 506/506/466
f 506/506/466 510/510/469 508/508/468
f 510/510/469 506/506/466 505/505/400
f 508/508/468 510/510/469 511/511/459
f 510/510/469 512/512/470 511/511/459
f 510/510/469 505/505/400 513/513/401
f 511/511/459 512/512/470 514/514/462
f 515/515/471 516/516/472 517/517/473
f 518/518/462 516/516/472 519/519/474
f 519/519/474 516/516/472 515/515/471
f 520/520/475 518/518/462 519/519/474
f 521/521/465 520/520/475 519/519/474
f 519/519/474 515/515/471 522/522/476
f 519/519/474 522/522/476 523/523/477
f 523/523/477 522/522/476 524/524/478
f 525/525/479 524/524/478 522/522/476
f 521/521/465 519/519/474 523/523/477
f 521/521/465 523/523/477 526/526/480
f 527/527/481 528/528/113 529/529/482
f 530/530/483 527/527/481 531/531/484
f 532/532/485 533/533/486 534/534/482
f 535/535/487 536/536/113 537/537/125
f 535/535/487 538/538/218 536/536/113
f 539/539/488 534/534/482 533/533/486
f 540/540/489 531/531/484 527/527/481
f 531/531/484 541/541/490 530/530/483
f 529/529/482 542/542/491 527/527/481
f 543/543/492 541/541/490 531/531/484
f 542/542/491 540/540/489 527/527/481
f 544/544/493 542/542/491 529/529/482
f 545/545/494 531/531/484 546/546/495
f 545/545/494 543/543/492 531/531/484
f 547/547/446 535/535/487 548/548/496
f 547/547/446 538/538/218 535/535/487
f 549/549/427 547/547/446 548/548/496
f 550/550/445 540/540/489 542/542/491
f 550/550/445 551/551/497 540/540/489
f 552/552/498 538/538/218 547/547/446
f 553/553/499 551/551/497 550/550/445
f 554/554/500 555/555/501 556/556/502
f 557/557/503 558/558/123 559/559/122
f 560/560/504 558/558/123 557/557/503
f 561/561/117 562/562/505 559/559/122
f 563/563/506 554/554/507 564/564/508
f 561/561/117 565/565/509 562/562/505
f 566/566/73 567/567/510 568/568/71
f 569/569/511 568/568/71 567/567/510
f 570/570/512 563/563/506 564/564/508
f 571/571/513 572/572/514 573/573/501
f 554/554/500 556/556/502 574/574/293
f 560/560/504 567/567/510 566/566/73
f 574/574/293 556/556/502 575/575/515
f 576/576/516 560/560/504 557/557/503
f 577/577/517 562/562/505 565/565/509
f 575/575/515 556/556/502 569/569/511
f 576/576/516 557/557/503 577/577/517
f 578/578/518 565/565/509 579/579/519
f 578/578/518 577/577/517 565/565/509
f 575/575/515 569/569/511 567/567/510
f 570/570/512 574/574/293 575/575/515
f 580/580/520 579/579/519 565/565/509
f 578/578/518 576/576/516 577/577/517
f 576/576/516 567/567/510 560/560/504
f 581/581/521 567/567/510 576/576/516
f 563/563/506 570/570/512 582/582/522
f 580/580/520 583/583/523 579/579/519
f 581/581/521 575/575/515 567/567/510
f 584/584/524 576/576/516 578/578/518
f 575/575/515 582/582/522 570/570/512
f 582/582/522 575/575/515 581/581/521
f 585/585/525 576/576/516 584/584/524
f 581/581/521 576/576/516 586/586/526
f 587/587/527 581/581/521 586/586/526
f 576/576/516 585/585/525 586/586/526
f 581/581/521 587/587/527 582/582/522
f 585/585/525 584/584/524 588/588/528
f 589/589/529 588/588/528 584/584/524
f 590/590/530 588/588/528 589/589/529
f 591/591/531 592/592/532 593/593/533
f 594/594/534 592/592/532 591/591/531
f 595/595/535 592/592/532 594/594/534
f 596/596/536 592/592/532 595/595/535
f 597/597/537 594/594/534 591/591/531
f 598/598/395 599/599/64 600/600/82
f 601/601/538 602/602/539 603/603/532
f 604/604/540 598/598/395 600/600/82
f 605/605/541 604/604/540 606/606/542
f 605/605/541 598/598/395 604/604/540
f 605/605/541 607/607/397 598/598/395
f 608/608/543 609/609/544 610/610/545
f 609/609/544 611/611/546 612/612/253
f 608/608/543 613/613/547 609/609/544
f 613/613/547 611/611/546 609/609/544
f 612/612/253 611/611/546 614/614/548
f 608/608/543 615/615/549 613/613/547
f 616/616/550 617/617/543 618/618/57
f 619/619/551 617/617/543 616/616/550
f 620/620/552 621/621/553 622/622/554
f 623/623/555 622/622/554 621/621/553
f 616/616/550 624/624/556 619/619/551
f 625/625/552 626/626/557 627/627/558
f 620/620/552 622/622/554 628/628/559
f 626/626/557 629/629/560 627/627/558
f 619/619/551 630/630/561 617/617/543
f 628/628/559 619/619/551 624/624/556
f 631/631/562 628/628/559 622/622/554
f 630/630/561 619/619/551 632/632/563
f 631/631/562 622/622/554 623/623/555
f 631/631/562 619/619/551 628/628/559
f 633/633/460 631/631/562 623/623/555
f 631/631/562 632/632/563 619/619/551
f 634/634/555 635/635/88 636/636/564
f 637/637/237 638/638/565 636/636/564
f 638/638/565 637/637/237 639/639/566
f 634/634/555 636/636/564 638/638/565
f 640/640/567 634/634/555 638/638/565
f 641/641/568 642/642/569 643/643/570
f 644/644/154 645/645/571 646/646/572
f 647/647/572 642/642/569 641/641/568
f 644/644/154 646/646/572 648/648/573
f 649/649/509 647/647/572 641/641/568
f 650/650/574 644/644/154 648/648/573
f 649/649/509 651/651/155 647/647/572
f 648/648/573 646/646/572 652/652/575
f 653/653/133 654/654/343 655/655/576
f 656/656/577 657/657/116 658/658/578
f 657/657/116 659/659/120 660/660/579
f 660/660/579 658/658/578 657/657/116
f 659/659/120 655/655/576 661/661/360
f 656/656/577 662/662/580 663/663/274
f 664/664/581 656/656/577 658/658/578
f 661/661/360 665/665/258 659/659/120
f 665/665/258 660/660/579 659/659/120
f 656/656/577 664/664/581 662/662/580
f 661/661/360 655/655/576 654/654/343
f 662/662/580 666/666/582 663/663/274
f 664/664/581 667/667/583 662/662/580
f 667/667/583 668/668/584 662/662/580
f 668/668/584 666/666/582 662/662/580
f 669/669/585 670/670/586 671/671/587
f 666/666/582 668/668/584 672/672/588
f 668/668/584 673/673/589 672/672/588
f 669/669/585 674/674/590 670/670/586
f 675/675/591 668/668/584 667/667/583
f 676/676/592 674/674/590 669/669/585
f 677/677/593 676/676/592 669/669/585
f 678/678/594 669/669/585 671/671/587
f 678/678/594 677/677/593 669/669/585
f 677/677/593 679/679/595 676/676/592
f 680/680/596 672/672/588 673/673/589
f 681/681/597 682/682/598 683/683/593
f 684/684/599 683/683/593 685/685/594
f 684/684/599 681/681/597 683/683/593
f 681/681/597 680/680/596 682/682/598
f 686/686/600 681/681/597 684/684/599
f 686/686/600 684/684/599 687/687/601
f 688/688/602 689/689/603 681/681/597
f 688/688/602 681/681/597 686/686/600
f 672/672/588 680/680/596 689/689/603
f 689/689/603 680/680/596 681/681/597
f 687/687/601 690/690/604 686/686/600
f 686/686/600 690/690/604 688/688/602
f 691/691/605 688/688/602 690/690/604
f 692/692/606 672/672/588 689/689/603
f 693/693/411 694/694/607 695/695/608
f 696/696/135 693/693/411 695/695/608
f 697/697/609 695/695/608 694/694/607
f 697/697/609 698/698/277 695/695/608
f 699/699/610 698/698/277 697/697/609
f 700/700/611 701/701/350 702/702/93
f 700/700/611 702/702/93 703/703/151
f 704/704/172 705/705/612 706/706/613
f 701/701/350 707/707/614 702/702/93
f 703/703/151 706/706/613 708/708/615
f 701/701/350 709/709/616 707/707/614
f 703/703/151 708/708/615 700/700/611
f 710/710/269 711/711/617 704/704/172
f 704/704/172 711/711/617 705/705/612
f 708/708/615 706/706/613 712/712/618
f 713/713/287 714/714/619 710/710/269
f 706/706/613 705/705/612 715/715/620
f 712/712/618 706/706/613 715/715/620
f 711/711/617 710/710/269 716/716/621
f 715/715/620 705/705/612 711/711/617
f 710/710/269 714/714/619 716/716/621
f 717/717/106 718/718/622 719/719/623
f 718/718/622 720/720/624 719/719/623
f 721/721/454 718/718/622 717/717/106
f 722/722/625 723/723/67 724/724/392
f 725/725/626 726/726/627 727/727/148
f 728/728/628 729/729/629 722/722/625
f 728/728/628 722/722/625 730/730/630
f 728/728/628 731/731/631 729/729/629
f 730/730/630 722/722/625 724/724/392
f 726/726/627 725/725/626 732/732/632
f 733/733/509 734/734/633 735/735/156
f 736/736/155 733/733/509 735/735/156
f 737/737/634 738/738/635 739/739/636
f 738/738/635 737/737/634 740/740/637
f 741/741/638 742/742/639 743/743/640
f 744/744/641 740/740/637 737/737/634
f 741/741/638 745/745/642 742/742/639
f 746/746/643 747/747/644 748/748/645
f 749/749/646 750/750/634 751/751/645
f 737/737/634 739/739/636 752/752/647
f 753/753/648 737/737/634 752/752/647
f 754/754/649 755/755/650 756/756/651
f 755/755/650 754/754/649 757/757/487
f 758/758/496 757/757/487 754/754/649
f 759/759/123 760/760/652 761/761/221
f 762/762/653 761/761/221 763/763/259
f 764/764/654 763/763/259 761/761/221
f 764/764/654 761/761/221 760/760/652
f 763/763/259 764/764/654 765/765/655
f 766/766/656 767/767/138 768/768/657
f 768/768/657 767/767/138 769/769/658
f 770/770/659 766/766/656 768/768/657
f 768/768/657 769/769/658 771/771/660
f 772/772/75 773/773/424 774/774/137
f 775/775/138 774/774/137 776/776/661
f 774/774/137 773/773/424 776/776/661
f 775/775/138 777/777/662 778/778/663
f 776/776/661 777/777/662 775/775/138
f 779/779/664 780/780/665 781/781/666
f 782/782/667 783/783/668 784/784/54
f 785/785/669 784/784/54 783/783/668
f 786/786/670 781/781/666 780/780/665
f 787/787/537 788/788/531 789/789/79
f 783/783/668 790/790/561 785/785/669
f 791/791/671 789/789/79 792/792/77
f 793/793/672 794/794/673 785/785/669
f 789/789/79 791/791/671 787/787/537
f 795/795/674 785/785/669 790/790/561
f 795/795/674 793/793/672 785/785/669
f 793/793/672 792/792/77 794/794/673
f 793/793/672 791/791/671 792/792/77
f 795/795/674 790/790/561 796/796/675
f 797/797/99 798/798/101 799/799/676
f 800/800/677 801/801/234 797/797/99
f 802/802/678 800/800/677 797/797/99
f 802/802/678 797/797/99 799/799/676
f 803/803/679 804/804/680 805/805/677
f 806/806/681 801/801/234 800/800/677
f 807/807/682 808/808/683 809/809/677
f 810/810/684 811/811/685 812/812/686
f 813/813/357 810/810/684 812/812/686
f 814/814/142 810/810/684 813/813/357
f 815/815/687 816/816/688 817/817/348
f 811/811/685 815/815/687 818/818/226
f 811/811/685 818/818/226 812/812/686
f 817/817/348 816/816/688 819/819/689
f 818/818/226 815/815/687 817/817/348
f 820/820/59 821/821/690 822/822/691
f 823/823/692 820/820/59 824/824/693
f 824/824/693 825/825/232 826/826/325
f 821/821/690 820/820/59 823/823/692
f 826/826/325 823/823/692 824/824/693
f 821/821/690 827/827/694 822/822/691
f 828/828/561 827/827/694 821/821/690
f 829/829/542 830/830/540 831/831/538
f 832/832/695 829/829/542 831/831/538
f 831/831/538 833/833/268 834/834/696
f 834/834/696 833/833/268 835/835/697
f 831/831/538 834/834/696 832/832/695
f 835/835/697 833/833/268 836/836/66
f 837/837/698 834/834/696 838/838/682
f 834/834/696 835/835/697 838/838/682
f 839/839/683 840/840/699 841/841/700
f 838/838/682 835/835/697 842/842/679
f 838/838/682 843/843/677 837/837/698
f 844/844/683 838/838/682 842/842/679
f 844/844/683 842/842/679 845/845/701
f 846/846/644 847/847/702 848/848/260
f 846/846/644 849/849/703 847/847/702
f 850/850/704 846/846/644 848/848/260
f 851/851/705 852/852/706 853/853/707
f 854/854/517 849/849/703 846/846/644
f 855/855/708 854/854/517 846/846/644
f 856/856/709 857/857/276 858/858/710
f 856/856/709 858/858/710 859/859/711
f 859/859/711 858/858/710 860/860/712
f 860/860/712 858/858/710 861/861/713
f 858/858/710 857/857/276 862/862/714
f 863/863/715 864/864/716 865/865/230
f 866/866/536 863/863/715 865/865/230
f 863/863/715 866/866/536 867/867/717
f 868/868/718 869/869/719 870/870/720
f 871/871/253 870/870/720 869/869/719
f 872/872/560 873/873/306 874/874/558
f 870/870/720 871/871/253 875/875/721
f 876/876/557 868/868/718 870/870/720
f 873/873/306 872/872/560 877/877/722
f 875/875/721 878/878/723 879/879/724
f 870/870/720 875/875/721 879/879/724
f 877/877/722 872/872/560 880/880/725
f 881/881/726 882/882/242 883/883/727
f 884/884/728 883/883/727 882/882/242
f 885/885/729 882/882/242 881/881/726
f 886/886/730 883/883/727 884/884/728
f 887/887/731 888/888/732 889/889/733
f 887/887/731 889/889/733 890/890/734
f 888/888/732 891/891/648 889/889/733
f 892/892/735 893/893/736 894/894/737
f 890/890/734 895/895/738 887/887/731
f 896/896/739 897/897/740 898/898/741
f 899/899/742 900/900/641 901/901/735
f 899/899/742 902/902/708 903/903/643
f 901/901/735 902/902/708 899/899/742
f 904/904/743 896/896/739 898/898/741
f 894/894/737 905/905/744 892/892/735
f 904/904/743 898/898/741 906/906/745
f 905/905/744 894/894/737 907/907/746
f 905/905/744 908/908/525 892/892/735
f 909/909/440 910/910/747 911/911/748
f 906/906/745 912/912/749 904/904/743
f 908/908/525 913/913/708 892/892/735
f 914/914/750 915/915/751 909/909/440
f 916/916/527 910/910/747 909/909/440
f 910/910/747 905/905/744 907/907/746
f 915/915/751 916/916/527 909/909/440
f 908/908/525 917/917/752 913/913/708
f 916/916/527 905/905/744 910/910/747
f 918/918/753 917/917/752 908/908/525
f 919/919/754 920/920/755 921/921/756
f 920/920/755 922/922/757 923/923/758
f 924/924/759 920/920/755 919/919/754
f 925/925/760 920/920/755 924/924/759
f 921/921/756 920/920/755 923/923/758
f 923/923/758 922/922/757 926/926/263
f 925/925/760 924/924/759 927/927/761
f 919/919/754 921/921/756 928/928/762
f 919/919/754 928/928/762 927/927/416
f 929/929/763 930/930/764 931/931/449
f 932/932/565 933/933/765 930/930/764
f 933/933/765 934/934/766 930/930/764
f 933/933/765 935/935/767 934/934/766
f 929/929/763 932/932/565 930/930/764
f 933/933/765 936/936/768 935/935/767
f 937/937/722 934/934/766 935/935/767
f 932/932/565 929/929/763 938/938/769
f 939/939/770 940/940/255 941/941/240
f 942/942/771 940/940/255 939/939/770
f 943/943/772 940/940/255 942/942/771
f 943/943/772 944/944/773 940/940/255
f 945/945/774 946/946/775 947/947/628
f 948/948/255 947/947/628 946/946/775
f 948/948/255 949/949/776 947/947/628
f 950/950/770 951/951/777 952/952/778
f 953/953/727 954/954/779 955/955/456
f 956/956/242 957/957/453 958/958/778
f 959/959/780 955/955/456 960/960/459
f 960/960/459 955/955/456 954/954/779
f 961/961/781 958/958/778 957/957/453
f 962/962/782 963/963/105 964/964/454
f 964/964/454 963/963/105 965/965/622
f 965/965/622 963/963/105 966/966/766
f 965/965/622 966/966/766 967/967/783
f 968/968/784 967/967/783 966/966/766
f 969/969/731 970/970/177 971/971/785
f 970/970/177 969/969/731 972/972/786
f 973/973/787 970/970/177 972/972/786
f 973/973/787 972/972/786 974/974/788
f 974/974/788 972/972/786 975/975/643
f 976/976/436 974/974/788 977/977/789
f 974/974/788 975/975/643 978/978/575
f 979/979/790 974/974/788 978/978/575
f 977/977/789 974/974/788 979/979/790
f 979/979/790 980/980/791 977/977/789
f 980/980/791 979/979/790 981/981/528
f 982/982/792 983/983/793 977/977/789
f 982/982/792 977/977/789 980/980/791
f 984/984/162 985/985/794 986/986/221
f 987/987/652 988/988/73 985/985/794
f 989/989/746 990/990/795 985/985/794
f 984/984/162 989/989/746 985/985/794
f 985/985/794 990/990/795 987/987/652
f 991/991/787 992/992/796 993/993/797
f 994/994/798 992/992/796 995/995/484
f 996/996/799 992/992/796 991/991/787
f 996/996/799 995/995/484 992/992/796
f 996/996/799 991/991/787 997/997/800
f 998/998/160 999/999/801 1000/1000/649
f 1000/1000/649 1001/1001/802 998/998/160
f 1002/1002/803 1003/1003/804 1001/1001/802
f 1004/1004/805 1005/1005/806 1002/1002/803
f 1001/1001/802 1000/1000/649 1006/1006/807
f 1002/1002/803 1001/1001/802 1006/1006/807
f 1004/1004/805 1002/1002/803 1007/1007/444
f 1002/1002/803 1006/1006/807 1007/1007/444
f 1008/1008/808 1009/1009/809 1010/1010/501
f 1011/1011/810 1012/1012/811 1013/1013/513
f 1012/1012/811 1014/1014/812 1013/1013/513
f 1015/1015/813 1013/1013/513 1014/1014/812
f 1013/1013/513 1016/1016/814 1011/1011/810
f 1008/1008/808 1017/1017/655 1009/1009/809
f 1018/1018/815 1019/1019/816 1020/1020/422
f 1021/1021/310 1022/1022/804 1018/1018/815
f 1021/1021/310 1018/1018/815 1020/1020/422
f 1019/1019/816 1023/1023/817 1020/1020/422
f 1024/1024/818 1020/1020/422 1023/1023/817
f 1025/1025/411 1026/1026/417 1027/1027/819
f 1028/1028/820 1025/1025/411 1027/1027/819
f 1029/1029/821 1030/1030/822 1031/1031/823
f 1029/1029/821 1031/1031/823 1032/1032/824
f 1033/1033/825 1030/1030/822 1029/1029/821
f 1034/1034/826 1029/1029/821 1032/1032/824
f 1035/1035/827 1036/1036/697 1037/1037/391
f 1037/1037/391 1036/1036/697 1038/1038/828
f 1036/1036/697 1035/1035/827 1039/1039/698
f 1039/1039/698 1040/1040/829 1036/1036/697
f 1041/1041/830 1039/1039/698 1035/1035/827
f 1042/1042/831 1043/1043/832 1044/1044/833
f 1045/1045/834 1043/1043/832 1042/1042/831
f 1046/1046/835 1043/1043/832 1045/1045/834
f 1047/1047/722 1048/1048/834 1049/1049/836
f 1046/1046/835 1045/1045/834 1050/1050/784
f 1051/1051/837 1052/1052/838 1053/1053/607
f 1054/1054/839 1051/1051/837 1053/1053/607
f 1051/1051/837 1055/1055/840 1052/1052/838
f 1056/1056/418 1054/1054/839 1053/1053/607
f 1055/1055/840 1057/1057/660 1052/1052/838
f 1058/1058/662 1059/1059/841 1060/1060/658
f 1061/1061/678 1062/1062/187 1063/1063/842
f 1061/1061/678 1063/1063/842 1064/1064/254
f 1065/1065/776 1061/1061/678 1064/1064/254
f 1062/1062/187 1061/1061/678 1066/1066/843
f 1067/1067/97 1062/1062/187 1066/1066/843
f 1068/1068/271 1069/1069/844 1070/1070/845
f 1071/1071/303 1072/1072/846 1073/1073/847
f 1074/1074/289 1075/1075/848 1069/1069/844
f 1072/1072/846 1074/1074/289 1073/1073/847
f 1072/1072/846 1071/1071/303 1076/1076/849
f 1076/1076/849 1071/1071/303 1077/1077/850
f 1078/1078/851 1079/1079/852 1068/1068/271
f 1069/1069/844 1075/1075/848 1070/1070/845
f 1080/1080/853 1081/1081/854 1082/1082/855
f 1070/1070/845 1078/1078/851 1068/1068/271
f 1083/1083/856 1084/1084/305 1085/1085/857
f 1086/1086/858 1085/1085/857 1084/1084/305
f 1087/1087/307 1080/1080/853 1082/1082/855
f 1074/1074/289 1072/1072/846 1075/1075/848
f 1078/1078/851 1087/1087/307 1079/1079/852
f 1083/1083/856 1088/1088/859 1089/1089/860
f 1081/1081/854 1090/1090/861 1082/1082/855
f 1083/1083/856 1085/1085/857 1088/1088/859
f 1091/1091/337 1092/1092/621 1093/1093/862
f 1085/1085/857 1086/1086/858 1094/1094/863
f 1095/1095/864 1092/1092/621 1090/1090/861
f 1095/1095/864 1090/1090/861 1081/1081/854
f 1096/1096/865 1097/1097/365 1098/1098/358
f 1078/1078/851 1080/1080/853 1087/1087/307
f 1099/1099/866 1075/1075/848 1072/1072/846
f 1076/1076/849 1099/1099/866 1072/1072/846
f 1100/1100/357 1097/1097/365 1101/1101/867
f 1080/1080/853 1102/1102/868 1081/1081/854
f 1103/1103/869 1089/1089/860 1088/1088/859
f 1078/1078/851 1070/1070/845 1104/1104/870
f 1070/1070/845 1075/1075/848 1105/1105/871
f 1103/1103/869 1088/1088/859 1106/1106/872
f 1080/1080/853 1078/1078/851 1102/1102/868
f 1075/1075/848 1099/1099/866 1107/1107/873
f 1108/1108/874 1097/1097/365 1096/1096/865
f 1095/1095/864 1081/1081/854 1102/1102/868
f 1070/1070/845 1105/1105/871 1104/1104/870
f 1109/1109/875 1093/1093/862 1092/1092/621
f 1101/1101/867 1097/1097/365 1108/1108/874
f 1109/1109/875 1092/1092/621 1095/1095/864
f 1075/1075/848 1107/1107/873 1105/1105/871
f 1108/1108/874 1096/1096/865 1110/1110/876
f 1111/1111/877 1088/1088/859 1085/1085/857
f 1112/1112/878 1113/1113/879 1114/1114/880
f 1115/1115/881 1093/1093/862 1109/1109/875
f 1116/1116/882 1117/1117/883 1118/1118/884
f 1085/1085/857 1094/1094/863 1119/1119/885
f 1117/1117/883 1114/1114/880 1113/1113/879
f 1099/1099/866 1076/1076/849 1120/1120/588
f 1111/1111/877 1106/1106/872 1088/1088/859
f 1111/1111/877 1085/1085/857 1119/1119/885
f 1105/1105/871 1107/1107/873 1121/1121/886
f 1122/1122/887 1107/1107/873 1099/1099/866
f 1123/1123/888 1124/1124/792 1112/1112/878
f 1114/1114/880 1123/1123/888 1112/1112/878
f 1125/1125/889 1124/1124/792 1126/1126/594
f 1127/1127/890 1114/1114/880 1117/1117/883
f 1119/1119/885 1094/1094/863 1128/1128/891
f 1126/1126/594 1124/1124/792 1123/1123/888
f 1116/1116/882 1127/1127/890 1117/1117/883
f 1106/1106/872 1129/1129/892 1103/1103/869
f 1102/1102/868 1078/1078/851 1130/1130/893
f 1111/1111/877 1119/1119/885 1131/1131/894
f 1108/1108/874 1110/1110/876 1132/1132/895
f 1121/1121/886 1107/1107/873 1122/1122/887
f 1127/1127/890 1123/1123/888 1114/1114/880
f 1078/1078/851 1104/1104/870 1130/1130/893
f 1122/1122/887 1099/1099/866 1120/1120/588
f 1101/1101/867 1108/1108/874 1133/1133/896
f 1109/1109/875 1095/1095/864 1134/1134/897
f 1127/1127/890 1116/1116/882 1135/1135/898
f 1128/1128/891 1094/1094/863 1136/1136/899
f 1123/1123/888 1137/1137/900 1126/1126/594
f 1119/1119/885 1128/1128/891 1131/1131/894
f 1127/1127/890 1138/1138/901 1123/1123/888
f 1139/1139/902 1140/1140/903 1127/1127/890
f 1116/1116/882 1141/1141/904 1135/1135/898
f 1130/1130/893 1104/1104/870 1142/1142/905
f 1132/1132/895 1143/1143/906 1108/1108/874
f 1133/1133/896 1144/1144/907 1101/1101/867
f 1111/1111/877 1131/1131/894 1145/1145/908
f 1104/1104/870 1105/1105/871 1121/1121/886
f 1140/1140/903 1138/1138/901 1127/1127/890
f 1139/1139/902 1127/1127/890 1135/1135/898
f 1146/1146/909 1106/1106/872 1111/1111/877
f 1147/1147/910 1137/1137/900 1123/1123/888
f 1138/1138/901 1148/1148/911 1123/1123/888
f 1148/1148/911 1147/1147/910 1123/1123/888
f 1146/1146/909 1129/1129/892 1106/1106/872
f 1145/1145/908 1146/1146/909 1111/1111/877
f 1149/1149/912 1150/1150/907 1151/1151/913
f 1133/1133/896 1108/1108/874 1143/1143/906
f 1122/1122/887 1120/1120/588 1152/1152/914
f 1135/1135/898 1150/1150/907 1153/1153/915
f 1153/1153/915 1139/1139/902 1135/1135/898
f 1149/1149/912 1153/1153/915 1150/1150/907
f 1134/1134/897 1095/1095/864 1102/1102/868
f 1153/1153/915 1140/1140/903 1139/1139/902
f 1154/1154/605 1138/1138/901 1140/1140/903
f 1121/1121/886 1122/1122/887 1152/1152/914
f 1148/1148/911 1155/1155/604 1147/1147/910
f 1155/1155/604 1148/1148/911 1138/1138/901
f 1154/1154/605 1155/1155/604 1138/1138/901
f 1149/1149/912 1140/1140/903 1153/1153/915
f 1140/1140/903 1156/1156/916 1154/1154/605
f 1157/1157/917 1128/1128/891 1136/1136/899
f 1154/1154/605 1156/1156/916 1158/1158/918
f 1143/1143/906 1132/1132/895 1159/1159/919
f 1149/1149/912 1156/1156/916 1140/1140/903
f 1134/1134/897 1102/1102/868 1160/1160/920
f 1120/1120/588 1161/1161/606 1152/1152/914
f 1162/1162/921 1131/1131/894 1128/1128/891
f 1163/1163/922 1164/1164/923 1165/1165/924
f 1156/1156/916 1149/1149/912 1151/1151/913
f 1163/1163/922 1134/1134/897 1166/1166/925
f 1104/1104/870 1121/1121/886 1142/1142/905
f 1133/1133/896 1143/1143/906 1167/1167/926
f 1128/1128/891 1157/1157/917 1162/1162/921
f 1164/1164/923 1168/1168/927 1165/1165/924
f 1134/1134/897 1160/1160/920 1166/1166/925
f 1102/1102/868 1130/1130/893 1169/1169/928
f 1170/1170/929 1157/1157/917 1168/1168/927
f 1163/1163/922 1166/1166/925 1164/1164/923
f 1160/1160/920 1102/1102/868 1169/1169/928
f 1171/1171/930 1158/1158/918 1156/1156/916
f 1172/1172/931 1133/1133/896 1173/1173/932
f 1171/1171/930 1174/1174/933 1158/1158/918
f 1145/1145/908 1131/1131/894 1175/1175/934
f 1131/1131/894 1162/1162/921 1176/1176/935
f 1162/1162/921 1157/1157/917 1170/1170/929
f 1170/1170/929 1168/1168/927 1164/1164/923
f 1175/1175/934 1131/1131/894 1176/1176/935
f 1177/1177/936 1146/1146/909 1178/1178/937
f 1146/1146/909 1145/1145/908 1178/1178/937
f 1179/1179/938 1164/1164/923 1166/1166/925
f 1173/1173/932 1133/1133/896 1167/1167/926
f 1145/1145/908 1175/1175/934 1178/1178/937
f 1159/1159/919 1180/1180/939 1143/1143/906
f 1161/1161/606 1172/1172/931 1181/1181/940
f 1182/1182/941 1164/1164/923 1179/1179/938
f 1130/1130/893 1142/1142/905 1183/1183/942
f 1184/1184/943 1177/1177/936 1178/1178/937
f 1166/1166/925 1160/1160/920 1179/1179/938
f 1121/1121/886 1152/1152/914 1185/1185/944
f 1180/1180/939 1186/1186/945 1143/1143/906
f 1170/1170/929 1164/1164/923 1182/1182/941
f 1186/1186/945 1167/1167/926 1143/1143/906
f 1187/1187/946 1121/1121/886 1185/1185/944
f 1173/1173/932 1181/1181/940 1172/1172/931
f 1142/1142/905 1121/1121/886 1188/1188/947
f 1178/1178/937 1175/1175/934 1189/1189/948
f 1190/1190/949 1162/1162/921 1170/1170/929
f 1121/1121/886 1187/1187/946 1188/1188/947
f 1170/1170/929 1182/1182/941 1191/1191/950
f 1152/1152/914 1161/1161/606 1192/1192/951
f 1193/1193/952 1186/1186/945 1180/1180/939
f 1190/1190/949 1176/1176/935 1162/1162/921
f 1184/1184/943 1178/1178/937 1189/1189/948
f 1161/1161/606 1181/1181/940 1194/1194/953
f 1170/1170/929 1191/1191/950 1190/1190/949
f 1181/1181/940 1173/1173/932 1195/1195/954
f 1152/1152/914 1192/1192/951 1185/1185/944
f 1196/1196/955 1175/1175/934 1176/1176/935
f 1169/1169/928 1130/1130/893 1183/1183/942
f 1167/1167/926 1186/1186/945 1197/1197/956
f 1189/1189/948 1175/1175/934 1196/1196/955
f 1189/1189/948 1198/1198/957 1184/1184/943
f 1176/1176/935 1190/1190/949 1196/1196/955
f 1160/1160/920 1169/1169/928 1199/1199/958
f 1173/1173/932 1167/1167/926 1195/1195/954
f 1195/1195/954 1167/1167/926 1197/1197/956
f 1179/1179/938 1160/1160/920 1200/1200/959
f 1183/1183/942 1142/1142/905 1188/1188/947
f 1169/1169/928 1183/1183/942 1201/1201/960
f 1202/1202/961 1186/1186/945 1193/1193/952
f 1182/1182/941 1179/1179/938 1203/1203/962
f 1160/1160/920 1199/1199/958 1200/1200/959
f 1188/1188/947 1187/1187/946 1204/1204/963
f 1183/1183/942 1188/1188/947 1205/1205/964
f 1195/1195/954 1194/1194/953 1181/1181/940
f 1206/1206/965 1189/1189/948 1196/1196/955
f 1197/1197/956 1186/1186/945 1202/1202/961
f 1192/1192/951 1161/1161/606 1194/1194/953
f 1198/1198/957 1189/1189/948 1206/1206/965
f 1179/1179/938 1200/1200/959 1207/1207/966
f 1191/1191/950 1182/1182/941 1203/1203/962
f 1205/1205/964 1188/1188/947 1204/1204/963
f 1202/1202/961 1193/1193/952 1208/1208/967
f 1179/1179/938 1209/1209/968 1203/1203/962
f 1179/1179/938 1207/1207/966 1209/1209/968
f 1199/1199/958 1210/1210/969 1211/1211/970
f 1199/1199/958 1169/1169/928 1210/1210/969
f 1204/1204/963 1187/1187/946 1212/1212/971
f 1187/1187/946 1185/1185/944 1212/1212/971
f 1190/1190/949 1191/1191/950 1213/1213/972
f 1211/1211/970 1207/1207/966 1200/1200/959
f 1200/1200/959 1199/1199/958 1211/1211/970
f 1210/1210/969 1169/1169/928 1201/1201/960
f 1214/1214/973 1201/1201/960 1183/1183/942
f 1196/1196/955 1190/1190/949 1213/1213/972
f 1214/1214/973 1183/1183/942 1205/1205/964
f 1205/1205/964 1215/1215/974 1214/1214/973
f 1204/1204/963 1216/1216/975 1205/1205/964
f 1212/1212/971 1185/1185/944 1217/1217/976
f 1218/1218/977 1216/1216/975 1204/1204/963
f 1204/1204/963 1212/1212/971 1218/1218/977
f 1214/1214/973 1219/1219/978 1201/1201/960
f 1218/1218/977 1220/1220/979 1216/1216/975
f 1221/1221/980 1222/1222/981 1223/1223/982
f 1222/1222/981 1221/1221/980 1210/1210/969
f 1219/1219/978 1210/1210/969 1201/1201/960
f 1214/1214/973 1215/1215/974 1219/1219/978
f 1216/1216/975 1215/1215/974 1205/1205/964
f 1224/1224/983 1215/1215/974 1216/1216/975
f 1224/1224/983 1216/1216/975 1220/1220/979
f 1225/1225/984 1210/1210/969 1219/1219/978
f 1226/1226/985 1219/1219/978 1215/1215/974
f 1215/1215/974 1224/1224/983 1226/1226/985
f 1192/1192/951 1217/1217/976 1185/1185/944
f 1227/1227/986 1198/1198/957 1206/1206/965
f 1210/1210/969 1225/1225/984 1222/1222/981
f 1228/1228/987 1218/1218/977 1212/1212/971
f 1221/1221/980 1223/1223/982 1229/1229/988
f 1230/1230/989 1231/1231/990 1229/1229/988
f 1230/1230/989 1229/1229/988 1223/1223/982
f 1191/1191/950 1203/1203/962 1213/1213/972
f 1218/1218/977 1228/1228/987 1220/1220/979
f 1232/1232/991 1231/1231/990 1230/1230/989
f 1225/1225/984 1219/1219/978 1233/1233/992
f 1197/1197/956 1234/1234/993 1195/1195/954
f 1196/1196/955 1213/1213/972 1235/1235/994
f 1232/1232/991 1209/1209/995 1231/1231/990
f 1219/1219/978 1226/1226/985 1233/1233/992
f 1234/1234/993 1197/1197/956 1202/1202/961
f 1236/1236/996 1202/1202/961 1208/1208/967
f 1228/1228/987 1212/1212/971 1237/1237/997
f 1238/1238/998 1203/1203/962 1209/1209/968
f 1239/1239/999 1230/1230/989 1223/1223/982
f 1212/1212/971 1217/1217/976 1237/1237/997
f 1206/1206/965 1196/1196/955 1240/1240/1000
f 1241/1241/1001 1220/1220/979 1228/1228/987
f 1223/1223/982 1222/1222/981 1239/1239/999
f 1227/1227/986 1206/1206/965 1240/1240/1000
f 1242/1242/1002 1222/1222/981 1225/1225/984
f 1242/1242/1002 1225/1225/984 1233/1233/992
f 1243/1243/1003 1233/1233/992 1226/1226/985
f 1226/1226/985 1224/1224/983 1243/1243/1003
f 1222/1222/981 1242/1242/1002 1239/1239/999
f 1244/1244/1004 1243/1243/1003 1224/1224/983
f 1228/1228/987 1237/1237/997 1241/1241/1001
f 1235/1235/994 1240/1240/1000 1196/1196/955
f 1224/1224/983 1220/1220/979 1241/1241/1001
f 1234/1234/993 1202/1202/961 1236/1236/996
f 1245/1245/1005 1246/1246/1006 1247/1247/1007
f 1244/1244/1004 1224/1224/983 1241/1241/1001
f 1248/1248/1008 1246/1246/1006 1249/1249/1009
f 1194/1194/953 1195/1195/954 1250/1250/1010
f 1251/1251/1011 1236/1236/996 1208/1208/967
f 1252/1252/1012 1253/1253/1013 1249/1249/1009
f 1254/1254/1014 1247/1247/1007 1246/1246/1006
f 1194/1194/953 1255/1255/1015 1192/1192/951
f 1256/1256/1016 1227/1227/986 1240/1240/1000
f 1203/1203/962 1238/1238/998 1257/1257/1017
f 1258/1258/1018 1253/1253/1013 1252/1252/1012
f 1252/1252/1012 1237/1237/997 1258/1258/1018
f 1248/1248/1008 1254/1254/1014 1246/1246/1006
f 1238/1238/998 1245/1245/1005 1259/1259/1019
f 1248/1248/1008 1249/1249/1009 1260/1260/1020
f 1234/1234/993 1236/1236/996 1261/1261/1021
f 1249/1249/1009 1253/1253/1013 1260/1260/1020
f 1203/1203/962 1257/1257/1017 1213/1213/972
f 1240/1240/1000 1262/1262/1022 1256/1256/1016
f 1247/1247/1007 1254/1254/1014 1263/1263/1023
f 1217/1217/976 1192/1192/951 1255/1255/1015
f 1245/1245/1005 1247/1247/1007 1263/1263/1023
f 1251/1251/1011 1264/1264/1024 1236/1236/996
f 1265/1265/1025 1258/1258/1018 1237/1237/997
f 1255/1255/1015 1194/1194/953 1266/1266/1026
f 1240/1240/1000 1235/1235/994 1262/1262/1022
f 1194/1194/953 1250/1250/1010 1266/1266/1026
f 1264/1264/1024 1267/1267/1027 1236/1236/996
f 1261/1261/1021 1236/1236/996 1267/1267/1027
f 1253/1253/1013 1258/1258/1018 1265/1265/1025
f 1254/1254/1014 1248/1248/1008 1260/1260/1020
f 1238/1238/998 1259/1259/1019 1257/1257/1017
f 1245/1245/1005 1263/1263/1023 1259/1259/1019
f 1268/1268/1028 1217/1217/976 1255/1255/1015
f 1235/1235/994 1213/1213/972 1269/1269/1029
f 1237/1237/997 1217/1217/976 1270/1270/1030
f 1217/1217/976 1268/1268/1028 1270/1270/1030
f 1271/1271/1031 1213/1213/972 1272/1272/1032
f 1213/1213/972 1257/1257/1017 1272/1272/1032
f 1237/1237/997 1270/1270/1030 1265/1265/1025
f 1269/1269/1029 1213/1213/972 1271/1271/1031
f 1195/1195/954 1234/1234/993 1261/1261/1021
f 1255/1255/1015 1266/1266/1026 1273/1273/1033
f 1253/1253/1013 1265/1265/1025 1260/1260/1020
f 1250/1250/1010 1195/1195/954 1274/1274/1034
f 1268/1268/1028 1255/1255/1015 1273/1273/1033
f 1264/1264/1024 1275/1275/1035 1267/1267/1027
f 1261/1261/1021 1274/1274/1034 1195/1195/954
f 1276/1276/1036 1271/1271/1031 1272/1272/1032
f 1275/1275/1035 1261/1261/1021 1267/1267/1027
f 1277/1277/1037 1272/1272/1032 1257/1257/1017
f 1271/1271/1031 1276/1276/1036 1269/1269/1029
f 1266/1266/1026 1250/1250/1010 1273/1273/1033
f 1278/1278/1038 1260/1260/1020 1265/1265/1025
f 1262/1262/1022 1235/1235/994 1279/1279/1039
f 1257/1257/1017 1259/1259/1019 1280/1280/1040
f 1273/1273/1033 1250/1250/1010 1281/1281/1041
f 1250/1250/1010 1274/1274/1034 1281/1281/1041
f 1261/1261/1021 1282/1282/1042 1274/1274/1034
f 1283/1283/1043 1262/1262/1022 1279/1279/1039
f 1284/1284/1044 1265/1265/1025 1270/1270/1030
f 1259/1259/1019 1263/1263/1023 1285/1285/1045
f 1257/1257/1017 1280/1280/1040 1277/1277/1037
f 1254/1254/1014 1260/1260/1020 1286/1286/1046
f 1277/1277/1037 1280/1280/1040 1287/1287/1047
f 1288/1288/1048 1275/1275/1035 1289/1289/1049
f 1290/1290/1050 1273/1273/1033 1281/1281/1041
f 1260/1260/1020 1278/1278/1038 1286/1286/1046
f 1281/1281/1041 1274/1274/1034 1291/1291/1051
f 1235/1235/994 1269/1269/1029 1279/1279/1039
f 1272/1272/1032 1277/1277/1037 1292/1292/1052
f 1276/1276/1036 1293/1293/1053 1269/1269/1029
f 1276/1276/1036 1272/1272/1032 1294/1294/1054
f 1292/1292/1052 1294/1294/1054 1272/1272/1032
f 1278/1278/1038 1265/1265/1025 1284/1284/1044
f 1268/1268/1028 1273/1273/1033 1295/1295/1055
f 1296/1296/1056 1291/1291/1051 1274/1274/1034
f 1296/1296/1056 1274/1274/1034 1282/1282/1042
f 1287/1287/1047 1280/1280/1040 1297/1297/1057
f 1261/1261/1021 1298/1298/1058 1282/1282/1042
f 1293/1293/1053 1276/1276/1036 1294/1294/1054
f 1299/1299/1059 1273/1273/1033 1290/1290/1050
f 1287/1287/1047 1292/1292/1052 1277/1277/1037
f 1259/1259/1019 1285/1285/1045 1280/1280/1040
f 1275/1275/1035 1298/1298/1058 1261/1261/1021
f 1263/1263/1023 1254/1254/1014 1300/1300/1060
f 1300/1300/1060 1254/1254/1014 1286/1286/1046
f 1270/1270/1030 1268/1268/1028 1301/1301/1061
f 1268/1268/1028 1295/1295/1055 1301/1301/1061
f 1275/1275/1035 1288/1288/1048 1298/1298/1058
f 1263/1263/1023 1300/1300/1060 1285/1285/1045
f 1282/1282/1042 1302/1302/1062 1296/1296/1056
f 1298/1298/1058 1288/1288/1048 1303/1303/1063
f 1304/1304/1064 1296/1296/1056 1302/1302/1062
f 1297/1297/1057 1280/1280/1040 1305/1305/1065
f 1305/1305/1065 1280/1280/1040 1306/1306/1066
f 1280/1280/1040 1285/1285/1045 1306/1306/1066
f 1270/1270/1030 1301/1301/1061 1307/1307/1067
f 1308/1308/1068 1301/1301/1061 1295/1295/1055
f 1304/1304/1064 1302/1302/1062 1309/1309/1069
f 1302/1302/1062 1282/1282/1042 1309/1309/1069
f 1310/1310/1070 1304/1304/1064 1309/1309/1069
f 1311/1311/1071 1283/1283/1043 1279/1279/1039
f 1286/1286/1046 1312/1312/1072 1300/1300/1060
f 1313/1313/1073 1314/1314/1074 1310/1310/1070
f 1306/1306/1066 1285/1285/1045 1315/1315/1075
f 1284/1284/1044 1270/1270/1030 1307/1307/1067
f 1313/1313/1073 1310/1310/1070 1309/1309/1069
f 1298/1298/1058 1303/1303/1063 1316/1316/1076
f 1311/1311/1071 1317/1317/1077 1283/1283/1043
f 1318/1318/1078 1269/1269/1029 1293/1293/1053
f 1279/1279/1039 1269/1269/1029 1318/1318/1078
f 1309/1309/1069 1282/1282/1042 1319/1319/1079
f 1298/1298/1058 1316/1316/1076 1319/1319/1079
f 1319/1319/1079 1282/1282/1042 1298/1298/1058
f 1313/1313/1073 1309/1309/1069 1320/1320/1080
f 1313/1313/1073 1321/1321/1081 1314/1314/1074
f 1322/1322/1082 1318/1318/1078 1293/1293/1053
f 1286/1286/1046 1278/1278/1038 1312/1312/1072
f 1285/1285/1045 1300/1300/1060 1323/1323/1083
f 1317/1317/1077 1311/1311/1071 1324/1324/1084
f 1301/1301/1061 1308/1308/1068 1325/1325/1085
f 1309/1309/1069 1319/1319/1079 1326/1326/1086
f 1309/1309/1069 1326/1326/1086 1320/1320/1080
f 1279/1279/1039 1318/1318/1078 1311/1311/1071
f 1307/1307/1067 1301/1301/1061 1325/1325/1085
f 1284/1284/1044 1327/1327/1087 1278/1278/1038
f 1284/1284/1044 1307/1307/1067 1328/1328/1088
f 1327/1327/1087 1284/1284/1044 1328/1328/1088
f 1300/1300/1060 1329/1329/1089 1323/1323/1083
f 1312/1312/1072 1278/1278/1038 1327/1327/1087
f 1300/1300/1060 1312/1312/1072 1329/1329/1089
f 1330/1330/1090 1305/1305/1065 1306/1306/1066
f 1285/1285/1045 1323/1323/1083 1331/1331/1091
f 1332/1332/1092 1311/1311/1071 1318/1318/1078
f 1285/1285/1045 1331/1331/1091 1333/1333/1093
f 1334/1334/1094 1320/1320/1080 1326/1326/1086
f 1319/1319/1079 1335/1335/1095 1326/1326/1086
f 1308/1308/1068 1336/1336/1096 1325/1325/1085
f 1327/1327/1087 1328/1328/1088 1337/1337/1097
f 1316/1316/1076 1338/1338/1098 1319/1319/1079
f 1339/1339/1099 1318/1318/1078 1322/1322/1082
f 1315/1315/1075 1285/1285/1045 1333/1333/1093
f 1306/1306/1066 1315/1315/1075 1340/1340/1100
f 1307/1307/1067 1325/1325/1085 1341/1341/1101
f 1323/1323/1083 1329/1329/1089 1342/1342/1102
f 1329/1329/1089 1312/1312/1072 1343/1343/1103
f 1325/1325/1085 1336/1336/1096 1341/1341/1101
f 1324/1324/1084 1311/1311/1071 1344/1344/1104
f 1338/1338/1098 1335/1335/1095 1319/1319/1079
f 1345/1345/1105 1307/1307/1067 1341/1341/1101
f 1312/1312/1072 1327/1327/1087 1346/1346/1106
f 1307/1307/1067 1345/1345/1105 1328/1328/1088
f 1336/1336/1096 1347/1347/1107 1341/1341/1101
f 1332/1332/1092 1344/1344/1104 1311/1311/1071
f 1329/1329/1089 1343/1343/1103 1342/1342/1102
f 1327/1327/1087 1337/1337/1097 1346/1346/1106
f 1335/1335/1095 1334/1334/1094 1326/1326/1086
f 1340/1340/1100 1315/1315/1075 1333/1333/1093
f 1342/1342/1102 1331/1331/1091 1323/1323/1083
f 1340/1340/1100 1330/1330/1090 1306/1306/1066
f 1318/1318/1078 1339/1339/1099 1348/1348/1108
f 1349/1349/1109 1340/1340/1100 1350/1350/1110
f 1333/1333/1093 1350/1350/1110 1340/1340/1100
f 1331/1331/1091 1351/1351/1111 1333/1333/1093
f 1342/1342/1102 1351/1351/1111 1331/1331/1091
f 1312/1312/1072 1346/1346/1106 1343/1343/1103
f 1340/1340/1100 1352/1352/1112 1330/1330/1090
f 1345/1345/1105 1353/1353/1113 1328/1328/1088
f 1354/1354/1114 1348/1348/1108 1339/1339/1099
f 1355/1355/1115 1333/1333/1093 1351/1351/1111
f 1356/1356/1116 1355/1355/1115 1351/1351/1111
f 1342/1342/1102 1343/1343/1103 1357/1357/1117
f 1353/1353/1113 1337/1337/1097 1328/1328/1088
f 1342/1342/1102 1356/1356/1116 1351/1351/1111
f 1355/1355/1115 1350/1350/1110 1333/1333/1093
f 1348/1348/1108 1332/1332/1092 1318/1318/1078
f 1358/1358/1118 1341/1341/1101 1347/1347/1107
f 1332/1332/1092 1348/1348/1108 1359/1359/1119
f 1343/1343/1103 1346/1346/1106 1357/1357/1117
f 1344/1344/1104 1332/1332/1092 1360/1360/1120
f 1361/1361/1121 1349/1349/1109 1350/1350/1110
f 1362/1362/1122 1345/1345/1105 1341/1341/1101
f 1359/1359/1119 1360/1360/1120 1332/1332/1092
f 1363/1363/1123 1350/1350/1110 1355/1355/1115
f 1353/1353/1113 1345/1345/1105 1362/1362/1122
f 1362/1362/1122 1341/1341/1101 1358/1358/1118
f 1356/1356/1116 1342/1342/1102 1364/1364/1124
f 1365/1365/1125 1337/1337/1097 1353/1353/1113
f 1347/1347/1107 1366/1366/1126 1358/1358/1118
f 1348/1348/1108 1354/1354/1114 1359/1359/1119
f 1367/1367/1127 1361/1361/1121 1350/1350/1110
f 1368/1368/1128 1342/1342/1102 1357/1357/1117
f 1363/1363/1123 1355/1355/1115 1356/1356/1116
f 1364/1364/1124 1342/1342/1102 1368/1368/1128
f 1369/1369/1129 1357/1357/1117 1346/1346/1106
f 1370/1370/1130 1369/1369/1129 1346/1346/1106
f 1346/1346/1106 1337/1337/1097 1370/1370/1130
f 1337/1337/1097 1371/1371/1131 1370/1370/1130
f 1364/1364/1124 1363/1363/1123 1356/1356/1116
f 1369/1369/1129 1368/1368/1128 1357/1357/1117
f 1371/1371/1131 1337/1337/1097 1365/1365/1125
f 1365/1365/1125 1353/1353/1113 1362/1362/1122
f 1372/1372/1132 1373/1373/1133 1374/1374/584
f 1375/1375/1134 1373/1373/1133 1372/1372/1132
f 1376/1376/1135 1377/1377/1136 1375/1375/1134
f 1377/1377/1136 1373/1373/1133 1375/1375/1134
f 1378/1378/1137 1379/1379/1138 1380/1380/1139
f 1381/1381/1140 1382/1382/1141 1383/1383/1142
f 1384/1384/1143 1376/1376/1135 1375/1375/1134
f 1377/1377/1136 1376/1376/1135 1385/1385/1144
f 1386/1386/1145 1377/1377/1136 1385/1385/1144
f 1387/1387/1146 1385/1385/1144 1388/1388/1147
f 1387/1387/1146 1386/1386/1145 1385/1385/1144
f 1389/1389/1148 1387/1387/1146 1390/1390/1149
f 1391/1391/1150 1386/1386/1145 1387/1387/1146
f 1391/1391/1150 1387/1387/1146 1392/1392/1151
f 1393/1393/1152 1386/1386/1145 1391/1391/1150
f 1394/1394/1153 1392/1392/1151 1387/1387/1146
f 1394/1394/1153 1387/1387/1146 1389/1389/1148
f 1393/1393/1152 1391/1391/1150 1389/1389/1154
f 1389/1389/1148 1390/1390/1149 1395/1395/1155
f 1393/1393/1152 1389/1389/1154 1396/1396/1156
f 1397/1397/598 1398/1398/1154 1399/1399/1157
f 1398/1398/1154 1397/1397/598 1400/1400/1158
f 1401/1401/596 1400/1400/1158 1397/1397/598
f 1402/1402/1159 1403/1403/415 1404/1404/1160
f 1404/1404/1160 1405/1405/1161 1402/1402/1159
f 1405/1405/1161 1406/1406/662 1402/1402/1159
f 1403/1403/415 1402/1402/1159 1407/1407/424
f 1408/1408/305 1409/1409/1162 1410/1410/1163
f 1411/1411/1164 1410/1410/1163 1409/1409/1162
f 1412/1412/1164 1413/1413/1165 1414/1414/1166
f 1415/1415/1167 1416/1416/1168 1417/1417/1162
f 1418/1418/1169 1419/1419/1170 1420/1420/858
f 1421/1421/1171 1412/1412/1164 1414/1414/1166
f 1422/1422/1172 1419/1419/1170 1418/1418/1169
f 1423/1423/1173 1424/1424/1174 1425/1425/1164
f 1423/1423/1173 1426/1426/1175 1424/1424/1174
f 1427/1427/1176 1428/1428/1177 1429/1429/1178
f 1424/1424/1174 1426/1426/1175 1430/1430/1179
f 1423/1423/1173 1431/1431/1180 1426/1426/1175
f 1432/1432/1181 1433/1433/1180 1434/1434/1182
f 1433/1433/1180 1432/1432/1181 1435/1435/1175
f 1436/1436/1183 1430/1430/1179 1426/1426/1175
f 1437/1437/1184 1422/1422/1172 1438/1438/1185
f 1439/1439/1186 1440/1440/1187 1441/1441/1188
f 1442/1442/1189 1437/1437/1184 1438/1438/1185
f 1437/1437/1184 1442/1442/1189 1443/1443/1190
f 1437/1437/1184 1444/1444/1191 1422/1422/1172
f 1444/1444/1191 1419/1419/1170 1422/1422/1172
f 1430/1430/1179 1436/1436/1183 1445/1445/1192
f 1446/1446/1193 1443/1443/1190 1442/1442/1189
f 1446/1446/1193 1442/1442/1189 1447/1447/1178
f 1448/1448/1194 1444/1444/1191 1437/1437/1184
f 1449/1449/1194 1450/1450/1195 1451/1451/1196
f 1452/1452/1188 1448/1448/1194 1437/1437/1184
f 1445/1445/1192 1436/1436/1183 1453/1453/1197
f 1454/1454/1198 1455/1455/1199 1448/1448/1194
f 1456/1456/1200 1449/1449/1194 1451/1451/1196
f 1436/1436/1183 1429/1429/1178 1453/1453/1197
f 1457/1457/1201 1458/1458/1202 1459/1459/1203
f 1460/1460/1204 1461/1461/1201 1462/1462/1192
f 1463/1463/1205 1464/1464/1197 1465/1465/1201
f 1466/1466/1206 1456/1456/1200 1451/1451/1196
f 1466/1466/1206 1451/1451/1196 1467/1467/1193
f 1468/1468/1207 1446/1446/1193 1447/1447/1178
f 1469/1469/1208 1453/1453/1197 1470/1470/1209
f 1453/1453/1197 1429/1429/1178 1470/1470/1209
f 1455/1455/1199 1444/1444/1191 1448/1448/1194
f 1428/1428/1177 1471/1471/1210 1429/1429/1178
f 1445/1445/1192 1469/1469/1208 1470/1470/1209
f 1468/1468/1207 1455/1455/1199 1446/1446/1193
f 1444/1444/1191 1472/1472/1211 1419/1419/1170
f 1468/1468/1207 1444/1444/1191 1455/1455/1199
f 1429/1429/1178 1473/1473/1212 1470/1470/1209
f 1474/1474/1213 1444/1444/1191 1468/1468/1207
f 1474/1474/1213 1475/1475/1214 1476/1476/1215
f 1477/1477/1216 1444/1444/1191 1474/1474/1213
f 1478/1478/1217 1479/1479/1218 1473/1473/1212
f 1473/1473/1212 1471/1471/1210 1478/1478/1217
f 1473/1473/1212 1429/1429/1178 1471/1471/1210
f 1476/1476/1215 1477/1477/1216 1474/1474/1213
f 1471/1471/1210 1480/1480/1219 1478/1478/1217
f 1481/1481/1220 1477/1477/1216 1476/1476/1215
f 1480/1480/1219 1471/1471/1210 1482/1482/1216
f 1477/1477/1216 1472/1472/1211 1444/1444/1191
f 1483/1483/1221 1482/1482/1216 1471/1471/1210
f 1483/1483/1221 1484/1484/1222 1482/1482/1216
f 1485/1485/1223 1486/1486/1224 1483/1483/1221
f 1487/1487/1225 1486/1486/1224 1485/1485/1223
f 1488/1488/1226 1483/1483/1221 1486/1486/1224
f 1487/1487/1225 1489/1489/927 1486/1486/1224
f 1488/1488/1226 1484/1484/1222 1483/1483/1221
f 1490/1490/1227 1489/1489/927 1487/1487/1225
f 1489/1489/927 1488/1488/1226 1486/1486/1224
f 1491/1491/1228 1492/1492/1229 1493/1493/1230
f 1494/1494/1231 1491/1491/1228 1493/1493/1230
f 1495/1495/322 1496/1496/321 1497/1497/1232
f 1498/1498/1233 1499/1499/1234 1500/1500/353
f 1499/1499/1234 1498/1498/1233 1501/1501/1235
f 1494/1494/1231 1502/1502/1236 1491/1491/1228
f 1503/1503/1231 1504/1504/196 1505/1505/1237
f 1506/1506/1238 1495/1495/322 1497/1497/1232
f 1498/1498/1233 1507/1507/1239 1501/1501/1235
f 1508/1508/1240 1500/1500/353 1499/1499/1234
f 1503/1503/1231 1505/1505/1237 1509/1509/1240
f 1510/1510/1241 1511/1511/1242 1508/1508/1240
f 1512/1512/1243 1510/1510/1241 1513/1513/1244
f 1514/1514/1245 1501/1501/1235 1507/1507/1239
f 1512/1512/1243 1515/1515/375 1496/1496/1246
f 1516/1516/1247 1495/1495/322 1506/1506/1238
f 1510/1510/1241 1517/1517/1248 1513/1513/1244
f 1518/1518/321 1519/1519/375 1520/1520/364
f 1521/1521/1249 1515/1515/375 1512/1512/1243
f 1520/1520/364 1519/1519/375 1522/1522/368
f 1515/1515/375 1523/1523/1250 1506/1506/1238
f 1516/1516/1247 1506/1506/1238 1523/1523/1250
f 1524/1524/1251 1525/1525/373 1526/1526/266
f 1527/1527/1252 1526/1526/266 1516/1516/1247
f 1514/1514/1245 1528/1528/331 1529/1529/33
f 1530/1530/1253 1508/1508/1240 1499/1499/1234
f 1508/1508/1240 1517/1517/1248 1510/1510/1241
f 1516/1516/1247 1523/1523/1250 1527/1527/1252
f 1528/1528/331 1531/1531/1254 1529/1529/33
f 1532/1532/37 1501/1501/1235 1514/1514/1245
f 1530/1530/1253 1499/1499/1234 1501/1501/1235
f 1521/1521/1249 1512/1512/1243 1513/1513/1244
f 1524/1524/1251 1526/1526/266 1527/1527/1252
f 1533/1533/1255 1525/1525/373 1524/1524/1251
f 1532/1532/37 1514/1514/1245 1529/1529/33
f 1534/1534/1256 1508/1508/1240 1530/1530/1253
f 1515/1515/375 1521/1521/1249 1523/1523/1250
f 1517/1517/1248 1508/1508/1240 1534/1534/1256
f 1527/1527/1252 1535/1535/1257 1524/1524/1251
f 1536/1536/1258 1533/1533/1255 1524/1524/1251
f 1537/1537/1259 1517/1517/1248 1534/1534/1256
f 1538/1538/1260 1539/1539/1261 1540/1540/41
f 1540/1540/41 1541/1541/1262 1538/1538/1260
f 1538/1538/1260 1542/1542/1263 1543/1543/1264
f 1540/1540/41 1544/1544/1265 1541/1541/1262
f 1545/1545/1266 1523/1523/1250 1521/1521/1249
f 1535/1535/1257 1527/1527/1252 1523/1523/1250
f 1543/1543/1264 1539/1539/1261 1538/1538/1260
f 1546/1546/1267 1536/1536/1258 1524/1524/1251
f 1547/1547/1268 1542/1542/1263 1538/1538/1260
f 1521/1521/1249 1513/1513/1244 1545/1545/1266
f 1536/1536/1258 1548/1548/385 1533/1533/1255
f 1547/1547/1268 1538/1538/1260 1541/1541/1262
f 1541/1541/1262 1549/1549/1269 1547/1547/1268
f 1535/1535/1257 1523/1523/1250 1550/1550/1270
f 1551/1551/1271 1536/1536/1258 1546/1546/1267
f 1541/1541/1262 1552/1552/1272 1549/1549/1269
f 1513/1513/1244 1553/1553/1273 1545/1545/1266
f 1554/1554/1274 1543/1543/1264 1542/1542/1263
f 1542/1542/1263 1547/1547/1268 1555/1555/1275
f 1513/1513/1244 1517/1517/1248 1553/1553/1273
f 1548/1548/385 1536/1536/1258 1551/1551/1271
f 1544/1544/1265 1552/1552/1272 1541/1541/1262
f 1554/1554/1274 1556/1556/1276 1543/1543/1264
f 1557/1557/1277 1547/1547/1268 1549/1549/1269
f 1550/1550/1270 1523/1523/1250 1545/1545/1266
f 1558/1558/1278 1556/1556/1276 1554/1554/1274
f 1547/1547/1268 1557/1557/1277 1559/1559/1279
f 1559/1559/1279 1560/1560/1280 1547/1547/1268
f 1555/1555/1275 1554/1554/1274 1542/1542/1263
f 1555/1555/1275 1547/1547/1268 1560/1560/1280
f 1561/1561/38 1556/1556/1276 1558/1558/1278
f 1562/1562/1281 1563/1563/1282 1561/1561/38
f 1564/1564/47 1563/1563/1282 1562/1562/1281
f 1524/1524/1251 1535/1535/1257 1546/1546/1267
f 1549/1549/1269 1552/1552/1272 1557/1557/1277
f 1560/1560/1280 1554/1554/1274 1555/1555/1275
f 1565/1565/46 1566/1566/47 1567/1567/1283
f 1558/1558/1278 1554/1554/1274 1560/1560/1280
f 1562/1562/1281 1561/1561/38 1558/1558/1278
f 1553/1553/1273 1568/1568/1284 1545/1545/1266
f 1569/1569/1285 1558/1558/1278 1560/1560/1280
f 1537/1537/1259 1570/1570/51 1517/1517/1248
f 1535/1535/1257 1550/1550/1270 1571/1571/1286
f 1572/1572/1287 1560/1560/1280 1559/1559/1279
f 1559/1559/1279 1573/1573/1288 1574/1574/1289
f 1562/1562/1281 1558/1558/1278 1575/1575/1290
f 1517/1517/1248 1570/1570/51 1576/1576/1291
f 1517/1517/1248 1576/1576/1291 1553/1553/1273
f 1545/1545/1266 1568/1568/1284 1577/1577/1292
f 1545/1545/1266 1577/1577/1292 1550/1550/1270
f 1572/1572/1287 1569/1569/1285 1560/1560/1280
f 1575/1575/1290 1558/1558/1278 1569/1569/1285
f 1578/1578/1293 1565/1565/46 1579/1579/1294
f 1574/1574/1289 1573/1573/1288 1580/1580/1295
f 1579/1579/1294 1565/1565/46 1567/1567/1283
f 1574/1574/1289 1572/1572/1287 1559/1559/1279
f 1580/1580/1295 1573/1573/1288 1581/1581/1296
f 1577/1577/1292 1571/1571/1286 1550/1550/1270
f 1559/1559/1279 1557/1557/1277 1573/1573/1288
f 1582/1582/1294 1562/1562/1281 1575/1575/1290
f 1570/1570/51 1580/1580/1295 1581/1581/1296
f 1583/1583/1297 1584/1584/1298 1585/1585/1299
f 1535/1535/1257 1586/1586/1300 1546/1546/1267
f 1587/1587/1301 1569/1569/1285 1572/1572/1287
f 1587/1587/1301 1572/1572/1287 1574/1574/1289
f 1553/1553/1273 1576/1576/1291 1588/1588/1302
f 1575/1575/1290 1569/1569/1285 1587/1587/1301
f 1577/1577/1292 1589/1589/1303 1571/1571/1286
f 1590/1590/1304 1591/1591/1305 1584/1584/1298
f 1568/1568/1284 1553/1553/1273 1588/1588/1302
f 1582/1582/1294 1575/1575/1290 1592/1592/1306
f 1568/1568/1284 1593/1593/1307 1577/1577/1292
f 1592/1592/1306 1575/1575/1290 1587/1587/1301
f 1594/1594/1306 1590/1590/1304 1584/1584/1298
f 1583/1583/1297 1594/1594/1306 1584/1584/1298
f 1535/1535/1257 1571/1571/1286 1586/1586/1300
f 1595/1595/1308 1579/1579/1294 1596/1596/1306
f 1578/1578/1293 1579/1579/1294 1595/1595/1308
f 1577/1577/1292 1593/1593/1307 1589/1589/1303
f 1576/1576/1291 1570/1570/51 1581/1581/1296
f 1588/1588/1302 1593/1593/1307 1568/1568/1284
f 1571/1571/1286 1589/1589/1303 1597/1597/1309
f 1598/1598/1286 1599/1599/1310 1600/1600/1311
f 1601/1601/1312 1600/1600/1311 1599/1599/1310
f 1602/1602/353 1603/1603/1313 1604/1604/1314
f 1605/1605/1315 1602/1602/353 1604/1604/1314
f 1606/1606/495 1607/1607/176 1608/1608/1316
f 1609/1609/1317 1610/1610/488 1611/1611/1318
f 1610/1610/488 1612/1612/1319 1607/1607/176
f 1610/1610/488 1609/1609/1317 1613/1613/1320
f 1611/1611/1318 1610/1610/488 1607/1607/176
f 1607/1607/176 1606/1606/495 1614/1614/1321
f 1615/1615/1322 1614/1614/1321 1606/1606/495
f 1611/1611/1318 1607/1607/176 1616/1616/435
f 1616/1616/435 1607/1607/176 1614/1614/1321
f 1617/1617/1323 1618/1618/1324 1619/1619/1325
f 1619/1619/1325 1620/1620/1326 1621/1621/537
f 1622/1622/699 1619/1619/1325 1618/1618/1324
f 1619/1619/1325 1622/1622/699 1623/1623/681
f 1624/1624/1327 1619/1619/1325 1623/1623/681
f 1625/1625/1328 1626/1626/631 1627/1627/1329
f 1624/1624/1327 1623/1623/681 1626/1626/631
f 1625/1625/1328 1624/1624/1327 1626/1626/631
f 1619/1619/1325 1624/1624/1327 1620/1620/1326
f 1628/1628/495 1629/1629/178 1630/1630/1330
f 1630/1630/1330 1631/1631/1331 1628/1628/495
f 1632/1632/518 1633/1633/1332 1634/1634/523
f 1635/1635/1333 1631/1631/1331 1630/1630/1330
f 1631/1631/1331 1636/1636/1334 1634/1634/523
f 1634/1634/523 1636/1636/1334 1632/1632/518
f 1637/1637/1335 1636/1636/1334 1631/1631/1331
f 1637/1637/1335 1631/1631/1331 1635/1635/1333
f 1638/1638/96 1639/1639/1336 1640/1640/1337
f 1641/1641/1338 1642/1642/1339 1643/1643/715
f 1642/1642/1339 1644/1644/1340 1643/1643/715
f 1640/1640/1337 1645/1645/772 1646/1646/1341
f 1639/1639/1336 1645/1645/772 1640/1640/1337
f 1644/1644/1340 1642/1642/1339 1647/1647/672
f 1648/1648/1342 1643/1643/715 1644/1644/1340
f 1649/1649/1325 1650/1650/537 1642/1642/1339
f 1642/1642/1339 1650/1650/537 1651/1651/1343
f 1652/1652/1344 1653/1653/397 1654/1654/537
f 1647/1647/672 1642/1642/1339 1651/1651/1343
f 1652/1652/1344 1655/1655/399 1653/1653/397
f 1656/1656/1345 1657/1657/1346 1658/1658/1347
f 1659/1659/1348 1660/1660/1349 1658/1658/1347
f 1661/1661/1350 1662/1662/1351 1656/1656/1345
f 1662/1662/1351 1661/1661/1350 1663/1663/461
f 1659/1659/1348 1648/1648/1342 1644/1644/1340
f 1657/1657/1346 1656/1656/1345 1662/1662/1351
f 1662/1662/1351 1664/1664/722 1648/1648/1342
f 1665/1665/1336 1664/1664/722 1662/1662/1351
f 1655/1655/399 1652/1652/1344 1666/1666/1352
f 1662/1662/1351 1648/1648/1342 1657/1657/1346
f 1655/1655/399 1666/1666/1352 1667/1667/398
f 1668/1668/1353 1669/1669/1354 1645/1645/772
f 1639/1639/1336 1668/1668/1353 1645/1645/772
f 1663/1663/461 1665/1665/1336 1662/1662/1351
f 1659/1659/1348 1658/1658/1347 1657/1657/1346
f 1657/1657/1346 1648/1648/1342 1659/1659/1348
f 1667/1667/398 1666/1666/1352 1669/1669/1354
f 1669/1669/1354 1670/1670/1355 1667/1667/398
f 1669/1669/1354 1668/1668/1353 1670/1670/1355
f 1668/1668/1353 1639/1639/1336 1671/1671/1356
f 1672/1672/469 1670/1670/1355 1668/1668/1353
f 1668/1668/1353 1673/1673/470 1672/1672/469
f 1674/1674/1357 1675/1675/508 1676/1676/311
f 1677/1677/1358 1678/1678/320 1679/1679/319
f 1677/1677/1358 1679/1679/319 1680/1680/1359
f 1681/1681/1360 1682/1682/741 1683/1683/1361
f 1684/1684/1362 1685/1685/1363 1686/1686/1364
f 1687/1687/1365 1684/1684/1362 1686/1686/1364
f 1688/1688/1366 1689/1689/1367 1690/1690/1368
f 1690/1690/1368 1689/1689/1367 1691/1691/1369
f 1689/1689/1367 1692/1692/860 1691/1691/1369
f 1693/1693/1370 1688/1688/1366 1694/1694/1371
f 1695/1695/1372 1693/1693/1370 1694/1694/1371
f 1694/1694/1371 1688/1688/1366 1690/1690/1368
f 1696/1696/1373 1692/1692/860 1697/1697/1374
f 1698/1698/1375 1692/1692/860 1696/1696/1373
f 1694/1694/1371 1699/1699/1376 1695/1695/1372
f 1700/1700/1377 1701/1701/1378 1702/1702/1379
f 1701/1701/1378 1698/1698/1375 1703/1703/1380
f 1703/1703/1380 1698/1698/1375 1696/1696/1373
f 1690/1690/1368 1699/1699/1376 1694/1694/1371
f 1701/1701/1378 1703/1703/1380 1702/1702/1379
f 1695/1695/1372 1704/1704/1381 1705/1705/1382
f 1695/1695/1372 1699/1699/1376 1706/1706/1383
f 1695/1695/1372 1706/1706/1383 1704/1704/1381
f 1699/1699/1376 1690/1690/1368 1707/1707/1384
f 1702/1702/1379 1708/1708/1385 1700/1700/1377
f 1703/1703/1380 1696/1696/1373 1709/1709/1386
f 1705/1705/1382 1704/1704/1381 1710/1710/1387
f 1702/1702/1379 1703/1703/1380 1709/1709/1386
f 1706/1706/1383 1711/1711/1388 1704/1704/1381
f 1712/1712/892 1713/1713/1389 1697/1697/1374
f 1697/1697/1374 1713/1713/1389 1696/1696/1373
f 1696/1696/1373 1713/1713/1389 1709/1709/1386
f 1702/1702/1379 1709/1709/1386 1714/1714/1390
f 1699/1699/1376 1711/1711/1388 1706/1706/1383
f 1713/1713/1389 1714/1714/1390 1709/1709/1386
f 1711/1711/1388 1710/1710/1387 1704/1704/1381
f 1713/1713/1389 1712/1712/892 1715/1715/1391
f 1716/1716/1392 1714/1714/1390 1713/1713/1389
f 1716/1716/1392 1702/1702/1379 1714/1714/1390
f 1717/1717/1393 1710/1710/1387 1711/1711/1388
f 1718/1718/1394 1711/1711/1388 1699/1699/1376
f 1716/1716/1392 1713/1713/1389 1715/1715/1391
f 1716/1716/1392 1708/1708/1385 1702/1702/1379
f 1719/1719/1395 1716/1716/1392 1715/1715/1391
f 1707/1707/1384 1720/1720/1396 1699/1699/1376
f 1718/1718/1394 1699/1699/1376 1720/1720/1396
f 1711/1711/1388 1721/1721/1397 1717/1717/1393
f 1718/1718/1394 1721/1721/1397 1711/1711/1388
f 1716/1716/1392 1720/1720/1396 1707/1707/1384
f 1716/1716/1392 1719/1719/1395 1720/1720/1396
f 1721/1721/1397 1718/1718/1394 1722/1722/1398
f 1720/1720/1396 1723/1723/1399 1718/1718/1394
f 1718/1718/1394 1724/1724/1400 1722/1722/1398
f 1718/1718/1394 1723/1723/1399 1724/1724/1400
f 1720/1720/1396 1719/1719/1395 1723/1723/1399
f 1723/1723/1399 1725/1725/1401 1724/1724/1400
f 1724/1724/1400 1725/1725/1401 1726/1726/1402
f 1727/1727/758 1728/1728/1403 1729/1729/660
f 1728/1728/1403 1727/1727/758 1730/1730/310
f 1731/1731/441 1732/1732/1404 1733/1733/662
f 1729/1729/660 1728/1728/1403 1733/1733/662
f 1731/1731/441 1734/1734/1405 1732/1732/1404
f 1732/1732/1404 1734/1734/1405 1735/1735/1406
f 1728/1728/1403 1731/1731/441 1733/1733/662
f 1728/1728/1403 1730/1730/310 1736/1736/1407
f 1737/1737/1408 1728/1728/1403 1736/1736/1407
f 1737/1737/1408 1731/1731/441 1728/1728/1403
f 1738/1738/1409 1739/1739/1410 1740/1740/1411
f 1738/1738/1409 1740/1740/1411 1741/1741/1412
f 1741/1741/1412 1740/1740/1411 1742/1742/860
f 1743/1743/1413 1738/1738/1409 1741/1741/1412
f 1741/1741/1412 1742/1742/860 1744/1744/1375
f 1743/1743/1413 1739/1739/1410 1738/1738/1409
f 1743/1743/1413 1745/1745/1384 1739/1739/1410
f 1746/1746/1385 1745/1745/1384 1743/1743/1413
f 1745/1745/1384 1746/1746/1385 1747/1747/1414
f 1748/1748/1415 1749/1749/1416 1750/1750/1417
f 1751/1751/1418 1752/1752/1419 1750/1750/1417
f 1752/1752/1419 1751/1751/1418 1753/1753/369
f 1752/1752/1419 1748/1748/1415 1750/1750/1417
f 1754/1754/1420 1749/1749/1416 1748/1748/1415
f 1755/1755/378 1749/1749/1416 1754/1754/1420
f 1756/1756/1421 1755/1755/378 1754/1754/1420
f 1757/1757/1422 1758/1758/1423 1753/1753/369
f 1759/1759/1424 1760/1760/378 1761/1761/1425
f 1758/1758/1423 1752/1752/1419 1753/1753/369
f 1759/1759/1424 1761/1761/1425 1762/1762/1426
f 1763/1763/1427 1756/1756/1421 1754/1754/1420
f 1764/1764/1428 1754/1754/1420 1748/1748/1415
f 1761/1761/1425 1765/1765/1427 1766/1766/1429
f 1757/1757/1422 1767/1767/1430 1758/1758/1423
f 1768/1768/1431 1748/1748/1415 1752/1752/1419
f 1769/1769/1432 1759/1759/1424 1762/1762/1426
f 1770/1770/1272 1759/1759/1424 1769/1769/1432
f 1768/1768/1431 1764/1764/1428 1748/1748/1415
f 1754/1754/1420 1764/1764/1428 1763/1763/1427
f 1771/1771/1433 1766/1766/1429 1765/1765/1427
f 1763/1763/1427 1764/1764/1428 1772/1772/1434
f 1752/1752/1419 1758/1758/1423 1773/1773/1435
f 1762/1762/1426 1761/1761/1425 1774/1774/1436
f 1775/1775/1437 1770/1770/1272 1776/1776/1438
f 1766/1766/1429 1777/1777/1439 1761/1761/1425
f 1752/1752/1419 1773/1773/1435 1768/1768/1431
f 1778/1778/1440 1756/1756/1421 1779/1779/1441
f 1780/1780/1442 1775/1775/1437 1776/1776/1438
f 1776/1776/1438 1770/1770/1272 1769/1769/1432
f 1762/1762/1426 1781/1781/1443 1769/1769/1432
f 1764/1764/1428 1768/1768/1431 1772/1772/1434
f 1775/1775/1437 1782/1782/1444 1783/1783/1445
f 1758/1758/1423 1784/1784/1446 1785/1785/1447
f 1758/1758/1423 1785/1785/1447 1773/1773/1435
f 1762/1762/1426 1774/1774/1436 1786/1786/1448
f 1771/1771/1433 1787/1787/1449 1766/1766/1429
f 1780/1780/1442 1782/1782/1444 1775/1775/1437
f 1768/1768/1431 1788/1788/1450 1772/1772/1434
f 1777/1777/1439 1766/1766/1429 1787/1787/1449
f 1776/1776/1438 1769/1769/1432 1789/1789/1451
f 1782/1782/1444 1790/1790/1452 1783/1783/1445
f 1786/1786/1448 1781/1781/1443 1762/1762/1426
f 1767/1767/1430 1784/1784/1446 1758/1758/1423
f 1773/1773/1435 1791/1791/1453 1768/1768/1431
f 1778/1778/1440 1779/1779/1441 1792/1792/1454
f 1793/1793/1455 1778/1778/1440 1792/1792/1454
f 1780/1780/1442 1776/1776/1438 1794/1794/1456
f 1769/1769/1432 1781/1781/1443 1789/1789/1451
f 1795/1795/1457 1781/1781/1443 1786/1786/1448
f 1788/1788/1450 1768/1768/1431 1791/1791/1453
f 1789/1789/1451 1794/1794/1456 1776/1776/1438
f 1796/1796/1458 1793/1793/1455 1792/1792/1454
f 1772/1772/1434 1788/1788/1450 1797/1797/1459
f 1780/1780/1442 1794/1794/1456 1798/1798/1460
f 1782/1782/1444 1780/1780/1442 1798/1798/1460
f 1795/1795/1457 1786/1786/1448 1777/1777/1439
f 1799/1799/1461 1787/1787/1449 1771/1771/1433
f 1800/1800/1462 1777/1777/1439 1787/1787/1449
f 1800/1800/1462 1795/1795/1457 1777/1777/1439
f 1787/1787/1449 1799/1799/1461 1800/1800/1462
f 1801/1801/1463 1784/1784/1446 1767/1767/1430
f 1773/1773/1435 1785/1785/1447 1791/1791/1453
f 1791/1791/1453 1797/1797/1459 1788/1788/1450
f 1796/1796/1458 1792/1792/1454 1802/1802/1464
f 1802/1802/1464 1792/1792/1454 1797/1797/1459
f 1802/1802/1464 1803/1803/1462 1796/1796/1458
f 1804/1804/1465 1782/1782/1444 1798/1798/1460
f 1791/1791/1453 1802/1802/1464 1797/1797/1459
f 1789/1789/1451 1781/1781/1443 1805/1805/1466
f 1794/1794/1456 1789/1789/1451 1805/1805/1466
f 1805/1805/1466 1781/1781/1443 1795/1795/1457
f 1784/1784/1446 1806/1806/1467 1785/1785/1447
f 1802/1802/1464 1807/1807/1468 1803/1803/1462
f 1806/1806/1467 1784/1784/1446 1801/1801/1463
f 1798/1798/1460 1794/1794/1456 1808/1808/1469
f 1794/1794/1456 1805/1805/1466 1808/1808/1469
f 1804/1804/1465 1798/1798/1460 1808/1808/1469
f 1809/1809/1470 1791/1791/1453 1785/1785/1447
f 1809/1809/1470 1802/1802/1464 1791/1791/1453
f 1810/1810/1471 1808/1808/1469 1805/1805/1466
f 1802/1802/1464 1811/1811/1472 1807/1807/1468
f 1809/1809/1470 1811/1811/1472 1802/1802/1464
f 1795/1795/1457 1800/1800/1462 1812/1812/1473
f 1795/1795/1457 1813/1813/1474 1805/1805/1466
f 1814/1814/1475 1806/1806/1467 1801/1801/1463
f 1795/1795/1457 1812/1812/1473 1813/1813/1474
f 1815/1815/1476 1814/1814/1475 1801/1801/1463
f 1785/1785/1447 1816/1816/1477 1809/1809/1470
f 1812/1812/1473 1800/1800/1462 1817/1817/1478
f 1811/1811/1472 1818/1818/1479 1807/1807/1468
f 1816/1816/1477 1785/1785/1447 1806/1806/1467
f 1813/1813/1474 1810/1810/1471 1805/1805/1466
f 1812/1812/1473 1817/1817/1478 1819/1819/1480
f 1806/1806/1467 1814/1814/1475 1816/1816/1477
f 1820/1820/1481 1807/1807/1468 1818/1818/1479
f 1817/1817/1478 1821/1821/1482 1819/1819/1480
f 1822/1822/1483 1811/1811/1472 1809/1809/1470
f 1808/1808/1469 1823/1823/1484 1804/1804/1465
f 1824/1824/1485 1808/1808/1469 1810/1810/1471
f 1812/1812/1473 1819/1819/1480 1825/1825/1486
f 1816/1816/1477 1822/1822/1483 1809/1809/1470
f 1813/1813/1474 1826/1826/1487 1810/1810/1471
f 1827/1827/1488 1820/1820/1481 1828/1828/1489
f 1823/1823/1484 1808/1808/1469 1824/1824/1485
f 1813/1813/1474 1812/1812/1473 1829/1829/1490
f 1811/1811/1472 1822/1822/1483 1830/1830/1491
f 1812/1812/1473 1825/1825/1486 1831/1831/1492
f 1831/1831/1492 1819/1819/1480 1821/1821/1482
f 1816/1816/1477 1832/1832/1493 1822/1822/1483
f 1813/1813/1474 1829/1829/1490 1826/1826/1487
f 1831/1831/1492 1829/1829/1490 1812/1812/1473
f 1820/1820/1481 1833/1833/1494 1828/1828/1489
f 1824/1824/1485 1810/1810/1471 1834/1834/1495
f 1835/1835/1496 1829/1829/1490 1831/1831/1492
f 1823/1823/1484 1824/1824/1485 1834/1834/1495
f 1815/1815/1476 1836/1836/1497 1814/1814/1475
f 1826/1826/1487 1837/1837/1498 1810/1810/1471
f 1834/1834/1495 1810/1810/1471 1837/1837/1498
f 1833/1833/1494 1820/1820/1481 1838/1838/1499
f 1838/1838/1499 1839/1839/1500 1833/1833/1494
f 1821/1821/1482 1835/1835/1496 1831/1831/1492
f 1840/1840/1501 1830/1830/1491 1822/1822/1483
f 1829/1829/1490 1837/1837/1498 1826/1826/1487
f 1816/1816/1477 1814/1814/1475 1841/1841/1502
f 1832/1832/1493 1840/1840/1501 1822/1822/1483
f 1835/1835/1496 1821/1821/1482 1842/1842/1503
f 1834/1834/1495 1843/1843/1504 1823/1823/1484
f 1816/1816/1477 1844/1844/1505 1832/1832/1493
f 1843/1843/1504 1845/1845/1506 1823/1823/1484
f 1841/1841/1502 1844/1844/1505 1816/1816/1477
f 1846/1846/1507 1823/1823/1484 1845/1845/1506
f 1847/1847/1508 1837/1837/1498 1829/1829/1490
f 1840/1840/1501 1848/1848/1509 1830/1830/1491
f 1840/1840/1501 1849/1849/1510 1848/1848/1509
f 1837/1837/1498 1850/1850/1511 1834/1834/1495
f 1814/1814/1475 1836/1836/1497 1841/1841/1502
f 1832/1832/1493 1849/1849/1510 1840/1840/1501
f 1851/1851/1512 1847/1847/1508 1829/1829/1490
f 1843/1843/1504 1834/1834/1495 1850/1850/1511
f 1851/1851/1512 1829/1829/1490 1835/1835/1496
f 1837/1837/1498 1847/1847/1508 1850/1850/1511
f 1844/1844/1505 1852/1852/1513 1832/1832/1493
f 1836/1836/1497 1853/1853/1514 1841/1841/1502
f 1854/1854/1515 1835/1835/1496 1842/1842/1503
f 1851/1851/1512 1835/1835/1496 1854/1854/1515
f 1839/1839/1500 1838/1838/1499 1855/1855/1516
f 1849/1849/1510 1856/1856/1517 1848/1848/1509
f 1832/1832/1493 1852/1852/1513 1849/1849/1510
f 1857/1857/1518 1853/1853/1514 1836/1836/1497
f 1845/1845/1506 1858/1858/1519 1846/1846/1507
f 1859/1859/1520 1839/1839/1500 1855/1855/1516
f 1845/1845/1506 1843/1843/1504 1860/1860/1521
f 1860/1860/1521 1843/1843/1504 1850/1850/1511
f 1858/1858/1519 1845/1845/1506 1860/1860/1521
f 1844/1844/1505 1841/1841/1502 1861/1861/1522
f 1844/1844/1505 1861/1861/1522 1852/1852/1513
f 1847/1847/1508 1862/1862/1523 1850/1850/1511
f 1851/1851/1512 1854/1854/1515 1863/1863/1524
f 1841/1841/1502 1853/1853/1514 1861/1861/1522
f 1864/1864/1525 1861/1861/1522 1853/1853/1514
f 1849/1849/1510 1865/1865/1526 1856/1856/1517
f 1859/1859/1520 1855/1855/1516 1866/1866/1527
f 1867/1867/1528 1852/1852/1513 1861/1861/1522
f 1847/1847/1508 1868/1868/1529 1862/1862/1523
f 1860/1860/1521 1850/1850/1511 1869/1869/1530
f 1851/1851/1512 1868/1868/1529 1847/1847/1508
f 1863/1863/1524 1868/1868/1529 1851/1851/1512
f 1870/1870/1531 1853/1853/1514 1857/1857/1518
f 1869/1869/1530 1850/1850/1511 1862/1862/1523
f 1858/1858/1519 1860/1860/1521 1871/1871/1532
f 1865/1865/1526 1849/1849/1510 1852/1852/1513
f 1872/1872/1524 1859/1859/1520 1866/1866/1527
f 1865/1865/1526 1866/1866/1527 1856/1856/1517
f 1868/1868/1529 1863/1863/1524 1873/1873/1533
f 1871/1871/1532 1874/1874/1534 1858/1858/1519
f 1870/1870/1531 1864/1864/1525 1853/1853/1514
f 1873/1873/1533 1863/1863/1524 1875/1875/1535
f 1872/1872/1524 1866/1866/1527 1876/1876/1536
f 1877/1877/1537 1871/1871/1532 1860/1860/1521
f 1864/1864/1525 1867/1867/1528 1861/1861/1522
f 1878/1878/1538 1872/1872/1524 1876/1876/1536
f 1860/1860/1521 1869/1869/1530 1879/1879/1539
f 1876/1876/1536 1866/1866/1527 1865/1865/1526
f 1879/1879/1539 1877/1877/1537 1860/1860/1521
f 1879/1879/1539 1869/1869/1530 1862/1862/1523
f 1865/1865/1526 1852/1852/1513 1880/1880/1540
f 1864/1864/1525 1870/1870/1531 1881/1881/1541
f 1880/1880/1540 1867/1867/1528 1882/1882/1542
f 1852/1852/1513 1867/1867/1528 1880/1880/1540
f 1862/1862/1523 1868/1868/1529 1883/1883/1543
f 1879/1879/1539 1862/1862/1523 1883/1883/1543
f 1884/1884/1544 1868/1868/1529 1873/1873/1533
f 1883/1883/1543 1868/1868/1529 1884/1884/1544
f 1885/1885/1545 1875/1875/1535 1886/1886/1536
f 1887/1887/1546 1876/1876/1536 1865/1865/1526
f 1885/1885/1545 1873/1873/1533 1875/1875/1535
f 1881/1881/1541 1870/1870/1531 1888/1888/1547
f 1864/1864/1525 1889/1889/1548 1867/1867/1528
f 1880/1880/1540 1890/1890/1549 1865/1865/1526
f 1887/1887/1546 1865/1865/1526 1890/1890/1549
f 1873/1873/1533 1885/1885/1545 1884/1884/1544
f 1889/1889/1548 1864/1864/1525 1881/1881/1541
f 1867/1867/1528 1889/1889/1548 1882/1882/1542
f 1891/1891/1550 1881/1881/1541 1888/1888/1547
f 1892/1892/1551 1882/1882/1542 1889/1889/1548
f 1889/1889/1548 1881/1881/1541 1893/1893/1552
f 1881/1881/1541 1891/1891/1550 1893/1893/1552
f 1893/1893/1552 1892/1892/1551 1889/1889/1548
f 1894/1894/1553 1895/1895/1554 1896/1896/1555
f 1894/1894/1553 1897/1897/1556 1895/1895/1554
f 1898/1898/1557 1894/1894/1553 1896/1896/1555
f 1899/1899/1558 1897/1897/1556 1894/1894/1553
f 1898/1898/1557 1899/1899/1558 1894/1894/1553
f 1900/1900/465 1899/1899/1558 1898/1898/1557
f 1899/1899/1558 1901/1901/1559 1897/1897/1556
f 1900/1900/465 1902/1902/480 1899/1899/1558
f 1903/1903/1560 1901/1901/1559 1899/1899/1558
f 1904/1904/1561 1905/1905/1562 1906/1906/1563
f 1905/1905/1562 1907/1907/1564 1906/1906/1563
f 1905/1905/1562 1908/1908/1565 1909/1909/1566
f 1910/1910/1567 1908/1908/1565 1905/1905/1562
f 1908/1908/1565 1911/1911/1568 1909/1909/1566
f 1905/1905/1562 1909/1909/1566 1907/1907/1564
f 1912/1912/1569 1908/1908/1565 1910/1910/1567
f 1913/1913/1570 1914/1914/875 1915/1915/1571
f 1915/1915/1571 1916/1916/1572 1913/1913/1570
f 1917/1917/1573 1908/1908/1565 1912/1912/1569
f 1918/1918/1574 1911/1911/1568 1908/1908/1565
f 1919/1919/1575 1920/1920/1576 1921/1921/1556
f 1922/1922/1577 1923/1923/1578 1913/1913/1570
f 1924/1924/1579 1925/1925/1580 1926/1926/1581
f 1918/1918/1574 1927/1927/1582 1911/1911/1568
f 1925/1925/1580 1928/1928/1583 1926/1926/1581
f 1929/1929/1584 1930/1930/1582 1925/1925/1580
f 1931/1931/1585 1932/1932/1586 1933/1933/1587
f 1934/1934/1588 1929/1929/1584 1925/1925/1580
f 1935/1935/1589 1924/1924/1579 1936/1936/1590
f 1920/1920/1576 1919/1919/1575 1937/1937/1591
f 1935/1935/1589 1923/1923/1578 1922/1922/1577
f 1928/1928/1583 1925/1925/1580 1930/1930/1582
f 1917/1917/1573 1918/1918/1574 1908/1908/1565
f 1935/1935/1589 1938/1938/1592 1924/1924/1579
f 1916/1916/1572 1922/1922/1577 1913/1913/1570
f 1939/1939/1593 1928/1928/1583 1930/1930/1582
f 1938/1938/1592 1925/1925/1580 1924/1924/1579
f 1925/1925/1580 1938/1938/1592 1934/1934/1588
f 1934/1934/1588 1938/1938/1592 1940/1940/1559
f 1935/1935/1589 1922/1922/1577 1941/1941/1591
f 1935/1935/1589 1941/1941/1591 1938/1938/1592
f 1941/1941/1591 1940/1940/1559 1938/1938/1592
f 1942/1942/478 1941/1941/1591 1922/1922/1577
f 1943/1943/1594 1942/1942/478 1922/1922/1577
f 1916/1916/1572 1944/1944/480 1922/1922/1577
f 1944/1944/480 1943/1943/1594 1922/1922/1577
f 1939/1939/1593 1930/1930/1582 1945/1945/1595
f 1931/1931/1585 1933/1933/1587 1946/1946/1596
f 1947/1947/1597 1948/1948/1598 1949/1949/528
f 1948/1948/1598 1947/1947/1597 1950/1950/1599
f 1951/1951/879 1950/1950/1599 1947/1947/1597
f 1952/1952/1600 1951/1951/879 1947/1947/1597
f 1953/1953/1601 1954/1954/1602 1955/1955/1603
f 1951/1951/879 1952/1952/1600 1956/1956/1604
f 1957/1957/1605 1958/1958/530 1955/1955/1603
f 1957/1957/1605 1959/1959/1600 1958/1958/530
f 1960/1960/1606 1951/1951/879 1956/1956/1604
f 1961/1961/1607 1959/1959/1600 1962/1962/1608
f 1963/1963/1609 1954/1954/1602 1953/1953/1601
f 1950/1950/1599 1964/1964/499 1948/1948/1598
f 1965/1965/1610 1954/1954/1602 1966/1966/1611
f 1962/1962/1608 1959/1959/1600 1967/1967/1612
f 1957/1957/1605 1954/1954/1602 1965/1965/1610
f 1957/1957/1605 1955/1955/1603 1954/1954/1602
f 1957/1957/1605 1967/1967/1612 1959/1959/1600
f 1968/1968/882 1961/1961/1607 1962/1962/1608
f 1966/1966/1611 1969/1969/595 1965/1965/1610
f 1957/1957/1605 1965/1965/1610 1970/1970/1613
f 1971/1971/1614 1957/1957/1605 1970/1970/1613
f 1967/1967/1612 1957/1957/1605 1971/1971/1614
f 1962/1962/1608 1967/1967/1612 1972/1972/1615
f 1973/1973/1616 1962/1962/1608 1972/1972/1615
f 1971/1971/1614 1970/1970/1613 1974/1974/1617
f 1967/1967/1612 1971/1971/1614 1972/1972/1615
f 1968/1968/882 1962/1962/1608 1975/1975/1618
f 1975/1975/1618 1962/1962/1608 1973/1973/1616
f 1970/1970/1613 1965/1965/1610 1976/1976/1619
f 1971/1971/1614 1974/1974/1617 1972/1972/1615
f 1977/1977/1620 1974/1974/1617 1970/1970/1613
f 1970/1970/1613 1976/1976/1619 1977/1977/1620
f 1973/1973/1616 1972/1972/1615 1978/1978/1621
f 1972/1972/1615 1974/1974/1617 1978/1978/1621
f 1965/1965/1610 1969/1969/595 1976/1976/1619
f 1979/1979/1622 1977/1977/1620 1976/1976/1619
f 1978/1978/1621 1974/1974/1617 1977/1977/1620
f 1975/1975/1618 1973/1973/1616 1978/1978/1621
f 1980/1980/497 1981/1981/587 1982/1982/1609
f 1983/1983/499 1981/1981/587 1980/1980/497
f 1984/1984/1623 1985/1985/1387 1986/1986/1624
f 1986/1986/1624 1985/1985/1387 1987/1987/1430
f 1985/1985/1387 1988/1988/1625 1987/1987/1430
f 1989/1989/1626 1990/1990/1627 1991/1991/1628
f 1988/1988/1625 1985/1985/1387 1992/1992/1393
f 1993/1993/1629 1992/1992/1393 1994/1994/1630
f 1993/1993/1629 1988/1988/1625 1992/1992/1393
f 1995/1995/1631 1996/1996/1632 1997/1997/1633
f 1998/1998/1634 1987/1987/1430 1988/1988/1625
f 1991/1991/1628 1999/1999/1635 1989/1989/1626
f 1994/1994/1630 2000/2000/1636 1993/1993/1629
f 2001/2001/1637 1996/1996/1632 1995/1995/1631
f 2002/2002/1638 1999/1999/1635 1991/1991/1628
f 2001/2001/1637 2003/2003/1639 1996/1996/1632
f 2004/2004/1640 1999/1999/1635 2002/2002/1638
f 2003/2003/1639 2005/2005/1641 1996/1996/1632
f 2000/2000/1636 2006/2006/1642 1993/1993/1629
f 1999/1999/1635 2004/2004/1640 2007/2007/1643
f 1988/1988/1625 1993/1993/1629 2008/2008/1644
f 1988/1988/1625 2009/2009/1645 1998/1998/1634
f 2006/2006/1642 2008/2008/1644 1993/1993/1629
f 2008/2008/1644 2010/2010/1646 1988/1988/1625
f 2003/2003/1639 2011/2011/1647 2005/2005/1641
f 2012/2012/1648 2007/2007/1643 2004/2004/1640
f 2008/2008/1644 2006/2006/1642 2013/2013/1648
f 2004/2004/1640 2002/2002/1638 2014/2014/1649
f 2015/2015/1650 1996/1996/1632 2005/2005/1641
f 2009/2009/1645 1988/1988/1625 2010/2010/1646
f 2014/2014/1649 2016/2016/1651 2004/2004/1640
f 2016/2016/1651 2012/2012/1648 2004/2004/1640
f 2010/2010/1646 2008/2008/1644 2017/2017/1652
f 2008/2008/1644 2013/2013/1648 2017/2017/1652
f 2018/2018/1653 2012/2012/1648 2016/2016/1651
f 2019/2019/1654 2016/2016/1651 2020/2020/1655
f 2018/2018/1653 2016/2016/1651 2019/2019/1654
f 2011/2011/1647 2021/2021/1656 2005/2005/1641
f 2005/2005/1641 2022/2022/1657 2015/2015/1650
f 2023/2023/1658 2012/2012/1648 2018/2018/1653
f 2017/2017/1652 2013/2013/1648 2024/2024/1659
f 2023/2023/1658 2018/2018/1653 2019/2019/1654
f 2020/2020/1655 2025/2025/1657 2019/2019/1654
f 2022/2022/1657 2005/2005/1641 2021/2021/1656
f 2010/2010/1646 2026/2026/1660 2009/2009/1645
f 2017/2017/1652 2026/2026/1660 2010/2010/1646
f 2023/2023/1658 2019/2019/1654 2027/2027/1661
f 2009/2009/1645 2026/2026/1660 2028/2028/1662
f 2022/2022/1657 2021/2021/1656 2029/2029/1663
f 2029/2029/1663 2030/2030/1664 2022/2022/1657
f 2031/2031/1665 2017/2017/1652 2024/2024/1659
f 2017/2017/1652 2031/2031/1665 2026/2026/1660
f 2032/2032/1666 2022/2022/1657 2030/2030/1664
f 2028/2028/1662 2026/2026/1660 2031/2031/1665
f 2024/2024/1659 2033/2033/1667 2031/2031/1665
f 2034/2034/1668 2023/2023/1658 2027/2027/1661
f 2034/2034/1668 2035/2035/1667 2023/2023/1658
f 2029/2029/1663 2036/2036/1669 2030/2030/1664
f 2037/2037/1670 2032/2032/1666 2030/2030/1664
f 2038/2038/1671 2031/2031/1665 2033/2033/1667
f 2039/2039/1672 2040/2040/1671 2035/2035/1667
f 2028/2028/1662 2031/2031/1665 2041/2041/1673
f 2030/2030/1664 2036/2036/1669 2042/2042/1674
f 2043/2043/1675 2035/2035/1667 2034/2034/1668
f 2043/2043/1675 2039/2039/1672 2035/2035/1667
f 2031/2031/1665 2038/2038/1671 2044/2044/1676
f 2042/2042/1674 2037/2037/1670 2030/2030/1664
f 2042/2042/1674 2045/2045/1677 2037/2037/1670
f 2044/2044/1676 2046/2046/1678 2031/2031/1665
f 2041/2041/1673 2031/2031/1665 2046/2046/1678
f 2046/2046/1678 2044/2044/1676 2047/2047/1679
f 2048/2048/1680 2039/2039/1672 2049/2049/1681
f 2043/2043/1675 2049/2049/1681 2039/2039/1672
f 2042/2042/1674 2050/2050/1682 2045/2045/1677
f 2042/2042/1674 2051/2051/1683 2050/2050/1682
f 2049/2049/1681 2043/2043/1675 2052/2052/1684
f 2047/2047/1679 2053/2053/1681 2054/2054/1685
f 2053/2053/1681 2050/2050/1682 2054/2054/1685
f 2047/2047/1679 2054/2054/1685 2046/2046/1678
f 2051/2051/1683 2054/2054/1685 2050/2050/1682
f 2041/2041/1673 2054/2054/1685 2051/2051/1683
f 2041/2041/1673 2046/2046/1678 2054/2054/1685
f 2055/2055/1686 2041/2041/1673 2051/2051/1683
f 2056/2056/1687 2057/2057/1688 2058/2058/1689
f 2059/2059/1690 2057/2057/1688 2060/2060/1691
f 2059/2059/1690 2060/2060/1691 2061/2061/1692
f 2058/2058/1689 2057/2057/1688 2059/2059/1690
f 2062/2062/1693 2058/2058/1689 2059/2059/1690
f 2063/2063/1694 2062/2062/1693 2059/2059/1690
f 2059/2059/1690 2061/2061/1692 2064/2064/1695
f 2065/2065/1567 2066/2066/1562 2067/2067/1696
f 2066/2066/1562 2068/2068/1697 2069/2069/1698
f 2070/2070/1689 2069/2069/1698 2068/2068/1697
f 2068/2068/1697 2071/2071/1563 2070/2070/1689
f 2067/2067/1696 2072/2072/1569 2065/2065/1567
f 2066/2066/1562 2069/2069/1698 2067/2067/1696
f 2069/2069/1698 2070/2070/1689 2073/2073/1699
f 2073/2073/1699 2067/2067/1696 2069/2069/1698
f 2073/2073/1699 2074/2074/1595 2067/2067/1696
f 2075/2075/1573 2072/2072/1569 2067/2067/1696
f 2067/2067/1696 2074/2074/1595 2075/2075/1573
f 2076/2076/1700 2077/2077/1169 2078/2078/1176
f 2078/2078/1176 2079/2079/1701 2076/2076/1700
f 2080/2080/1702 2081/2081/1139 2082/2082/1703
f 2082/2082/1703 2081/2081/1139 2083/2083/1704
f 2084/2084/1705 2082/2082/1703 2083/2083/1704
f 2083/2083/1704 2085/2085/1706 2084/2084/1705
f 2086/2086/1135 2087/2087/1707 2088/2088/1708
f 2088/2088/1708 2087/2087/1707 2089/2089/1705
f 2089/2089/1705 2087/2087/1707 2090/2090/1141
f 2089/2089/1705 2090/2090/1141 2091/2091/1709
f 2092/2092/1710 2093/2093/1711 2094/2094/1712
f 2095/2095/1146 2096/2096/1709 2097/2097/1713
f 2095/2095/1146 2097/2097/1713 2098/2098/1149
f 2099/2099/1146 2100/2100/1705 2101/2101/1714
f 2082/2082/1703 2084/2084/1705 2102/2102/1715
f 2103/2103/1716 2102/2102/1715 2084/2084/1705
f 2091/2091/1709 2090/2090/1141 2104/2104/1717
f 2090/2090/1141 2105/2105/1152 2104/2104/1717
f 2106/2106/1718 2107/2107/1717 2108/2108/1719
f 2107/2107/1717 2106/2106/1718 2109/2109/1720
f 2091/2091/1709 2110/2110/1721 2111/2111/1713
f 2104/2104/1717 2105/2105/1152 2110/2110/1721
f 2110/2110/1721 2091/2091/1709 2112/2112/1151
f 2082/2082/1703 2102/2102/1715 2113/2113/1722
f 2110/2110/1721 2114/2114/1156 2111/2111/1713
f 2110/2110/1721 2105/2105/1152 2114/2114/1156
f 2115/2115/1723 2116/2116/1715 2117/2117/1724
f 2116/2116/1715 2115/2115/1723 2118/2118/1725
f 2119/2119/598 2120/2120/1726 2121/2121/1155
f 2122/2122/1725 2111/2111/1713 2114/2114/1156
f 2113/2113/1722 2102/2102/1715 2123/2123/1156
f 2124/2124/1727 2125/2125/1185 2126/2126/1728
f 2124/2124/1727 2126/2126/1728 2127/2127/1188
f 2128/2128/1729 2125/2125/1185 2124/2124/1727
f 2129/2129/1182 2128/2128/1729 2124/2124/1727
f 2130/2130/1173 2131/2131/1730 2132/2132/1731
f 2132/2132/1731 2133/2133/1732 2130/2130/1173
f 2133/2133/1732 2134/2134/1733 2130/2130/1173
f 2135/2135/1196 2136/2136/1734 2137/2137/1175
f 2135/2135/1196 2137/2137/1175 2138/2138/1187
f 2139/2139/1184 2135/2135/1196 2138/2138/1187
f 2140/2140/1735 2141/2141/1736 2142/2142/1737
f 2140/2140/1735 2142/2142/1737 2143/2143/1738
f 2144/2144/1739 2145/2145/1740 2146/2146/1196
f 2147/2147/1741 2146/2146/1196 2148/2148/1742
f 2149/2149/1743 2150/2150/1188 2151/2151/1744
f 2147/2147/1741 2152/2152/1198 2153/2153/1206
f 2152/2152/1198 2147/2147/1741 2148/2148/1742
f 2154/2154/1204 2155/2155/1197 2156/2156/1205
f 2155/2155/1197 2154/2154/1204 2157/2157/1192
f 2144/2144/1739 2146/2146/1196 2147/2147/1741
f 2158/2158/897 2159/2159/1745 2160/2160/875
f 2161/2161/1746 2159/2159/1745 2158/2158/897
f 2158/2158/897 2162/2162/1747 2161/2161/1746
f 2163/2163/1748 2162/2162/1747 2164/2164/1749
f 2161/2161/1746 2162/2162/1747 2163/2163/1748
f 2165/2165/1750 2166/2166/1176 2167/2167/1751
f 2168/2168/1574 2169/2169/1693 2170/2170/1752
f 2171/2171/1585 2170/2170/1752 2169/2169/1693
f 2172/2172/1753 2166/2166/1176 2165/2165/1750
f 2173/2173/1596 2174/2174/1754 2175/2175/1559
f 2176/2176/1746 2177/2177/1755 2178/2178/1756
f 2177/2177/1755 2176/2176/1746 2179/2179/480
f 2180/2180/1560 2173/2173/1596 2175/2175/1559
f 2181/2181/1757 2165/2165/1750 2167/2167/1751
f 2179/2179/480 2180/2180/1560 2182/2182/1558
f 2181/2181/1757 2167/2167/1751 2168/2168/1574
f 2170/2170/1752 2181/2181/1757 2168/2168/1574
f 2183/2183/1758 2170/2170/1752 2171/2171/1585
f 2184/2184/1227 2173/2173/1596 2180/2180/1560
f 2171/2171/1585 2173/2173/1596 2183/2183/1758
f 2185/2185/1759 2180/2180/1560 2179/2179/480
f 2176/2176/1746 2185/2185/1759 2179/2179/480
f 2186/2186/1760 2170/2170/1752 2183/2183/1758
f 2186/2186/1760 2181/2181/1757 2170/2170/1752
f 2184/2184/1227 2180/2180/1560 2185/2185/1759
f 2184/2184/1227 2183/2183/1758 2173/2173/1596
f 2187/2187/1761 2188/2188/1762 2189/2189/1763
f 2188/2188/1762 2187/2187/1761 2190/2190/904
f 2191/2191/1622 2192/2192/1764 2193/2193/1765
f 2194/2194/1766 2195/2195/1767 2196/2196/1768
f 2188/2188/1762 2197/2197/1621 2198/2198/1769
f 2191/2191/1622 2193/2193/1765 2196/2196/1768
f 2197/2197/1621 2194/2194/1766 2198/2198/1769
f 2199/2199/595 2192/2192/1764 2191/2191/1622
f 2199/2199/595 2191/2191/1622 2200/2200/1619
f 2195/2195/1767 2191/2191/1622 2196/2196/1768
f 2195/2195/1767 2194/2194/1766 2197/2197/1621
f 2188/2188/1762 2190/2190/904 2197/2197/1621
f 2187/2187/1761 2201/2201/1770 2190/2190/904
f 2199/2199/595 2202/2202/1771 2192/2192/1764
f 2203/2203/1772 2202/2202/1771 2199/2199/595
f 2201/2201/1770 2204/2204/898 2190/2190/904
f 2205/2205/380 2206/2206/1773 2207/2207/1774
f 2208/2208/1775 2209/2209/895 2205/2205/380
f 2207/2207/1774 2208/2208/1775 2205/2205/380
f 2208/2208/1775 2210/2210/1776 2209/2209/895
f 2210/2210/1776 2211/2211/1777 2209/2209/895
f 2208/2208/1775 2207/2207/1774 2212/2212/1778
f 2212/2212/1778 2210/2210/1776 2208/2208/1775
f 2212/2212/1778 2213/2213/1779 2210/2210/1776
f 2213/2213/1779 2211/2211/1777 2210/2210/1776
f 2212/2212/1778 2214/2214/1780 2213/2213/1779
f 2213/2213/1779 2215/2215/939 2211/2211/1777
f 2213/2213/1779 2216/2216/1781 2215/2215/939
f 2214/2214/1780 2216/2216/1781 2213/2213/1779
f 2216/2216/1781 2217/2217/1782 2215/2215/939
f 2218/2218/1783 2216/2216/1781 2214/2214/1780
f 2219/2219/1784 2217/2217/1782 2216/2216/1781
f 2218/2218/1783 2219/2219/1784 2216/2216/1781
f 2220/2220/1785 2219/2219/1784 2218/2218/1783
f 2221/2221/967 2217/2217/1782 2219/2219/1784
f 2220/2220/1785 2222/2222/1786 2219/2219/1784
f 2222/2222/1786 2221/2221/967 2219/2219/1784
f 2220/2220/1785 2223/2223/1787 2222/2222/1786
f 2224/2224/1049 2225/2225/1024 2222/2222/1786
f 2222/2222/1786 2223/2223/1787 2224/2224/1049
f 2224/2224/1049 2226/2226/1788 2225/2225/1024
f 2227/2227/1789 2228/2228/1790 2224/2224/1049
f 2229/2229/1791 2223/2223/1787 2230/2230/1792
f 2223/2223/1787 2229/2229/1791 2224/2224/1049
f 2229/2229/1791 2227/2227/1789 2224/2224/1049
f 2228/2228/1790 2227/2227/1789 2231/2231/1793
f 2229/2229/1791 2231/2231/1793 2227/2227/1789
f 2230/2230/1792 2232/2232/1794 2229/2229/1791
f 2233/2233/1795 2228/2228/1790 2231/2231/1793
f 2232/2232/1794 2234/2234/1796 2229/2229/1791
f 2234/2234/1796 2232/2232/1794 2235/2235/1797
f 2236/2236/1798 2237/2237/1799 2234/2234/1796
f 2236/2236/1798 2234/2234/1796 2235/2235/1797
f 2238/2238/1800 2237/2237/1799 2236/2236/1798
f 2238/2238/1800 2236/2236/1798 2235/2235/1797
f 2239/2239/1801 2240/2240/1802 2241/2241/1178
f 2240/2240/1802 2242/2242/1201 2243/2243/1803
f 2241/2241/1178 2240/2240/1802 2243/2243/1803
f 2244/2244/1804 2241/2241/1178 2243/2243/1803
f 2245/2245/1805 2246/2246/1806 2247/2247/1807
f 2248/2248/1808 2246/2246/1806 2245/2245/1805
f 2248/2248/1808 2245/2245/1805 2249/2249/1809
f 2245/2245/1805 2247/2247/1807 2250/2250/1810
f 2245/2245/1805 2250/2250/1810 2249/2249/1809
f 2246/2246/1806 2248/2248/1808 2251/2251/1811
f 2252/2252/1192 2253/2253/1206 2254/2254/1193
f 2255/2255/1812 2253/2253/1206 2252/2252/1192
f 2256/2256/1813 2253/2253/1206 2255/2255/1812
f 2256/2256/1813 2255/2255/1812 2257/2257/1814
f 2255/2255/1812 2258/2258/1218 2257/2257/1814
f 2259/2259/1213 2256/2256/1813 2257/2257/1814
f 2259/2259/1213 2257/2257/1814 2260/2260/1815
f 2261/2261/1150 2262/2262/1816 2263/2263/1817
f 2261/2261/1150 2263/2263/1817 2264/2264/1818
f 2265/2265/1819 2266/2266/1820 2267/2267/1821
f 2268/2268/1822 2269/2269/1810 2270/2270/1807
f 2271/2271/1823 2272/2272/1807 2273/2273/1824
f 2274/2274/1825 2273/2273/1824 2275/2275/1826
f 2276/2276/1827 2272/2272/1807 2271/2271/1823
f 2277/2277/1828 2273/2273/1824 2274/2274/1825
f 2271/2271/1823 2278/2278/1829 2276/2276/1827
f 2271/2271/1823 2273/2273/1824 2279/2279/1830
f 2279/2279/1830 2273/2273/1824 2277/2277/1828
f 2278/2278/1829 2271/2271/1823 2279/2279/1830
f 2279/2279/1830 2280/2280/1831 2278/2278/1829
f 2279/2279/1830 2277/2277/1828 2281/2281/1832
f 2280/2280/1831 2282/2282/1833 2278/2278/1829
f 2280/2280/1831 2279/2279/1830 2281/2281/1832
f 2282/2282/1833 2280/2280/1831 2283/2283/1834
f 2281/2281/1832 2283/2283/1834 2280/2280/1831
f 2283/2283/1834 2281/2281/1832 2284/2284/1835
f 2282/2282/1833 2283/2283/1834 2285/2285/1836
f 2286/2286/1837 2283/2283/1834 2284/2284/1835
f 2285/2285/1836 2283/2283/1834 2286/2286/1837
f 2287/2287/1837 2288/2288/1835 2289/2289/1838
f 2290/2290/1839 2285/2285/1836 2286/2286/1837
f 2287/2287/1837 2289/2289/1838 2291/2291/1840
f 2292/2292/1841 2287/2287/1837 2291/2291/1840
f 2293/2293/1842 2285/2285/1836 2290/2290/1839
f 2294/2294/1843 2293/2293/1842 2290/2290/1839
f 2295/2295/1844 2292/2292/1841 2291/2291/1840
f 2294/2294/1843 2290/2290/1839 2296/2296/1845
f 2297/2297/1846 2295/2295/1844 2291/2291/1840
f 2294/2294/1843 2296/2296/1845 2298/2298/1847
f 2299/2299/1848 2294/2294/1843 2298/2298/1847
f 2296/2296/1845 2300/2300/1849 2298/2298/1847
f 2301/2301/1850 2302/2302/1851 2303/2303/1808
f 2304/2304/1852 2302/2302/1851 2301/2301/1850
f 2302/2302/1851 2305/2305/1853 2303/2303/1808
f 2302/2302/1851 2304/2304/1852 2306/2306/1854
f 2307/2307/1855 2305/2305/1853 2302/2302/1851
f 2306/2306/1854 2304/2304/1852 2308/2308/1856
f 2306/2306/1854 2307/2307/1855 2302/2302/1851
f 2306/2306/1854 2309/2309/1857 2307/2307/1855
f 2306/2306/1854 2308/2308/1856 2310/2310/1858
f 2311/2311/1859 2309/2309/1857 2306/2306/1854
f 2311/2311/1859 2306/2306/1854 2310/2310/1858
f 2312/2312/1860 2309/2309/1857 2311/2311/1859
f 2311/2311/1859 2310/2310/1858 2313/2313/1861
f 2312/2312/1860 2311/2311/1859 2314/2314/1862
f 2315/2315/1863 2311/2311/1859 2313/2313/1861
f 2314/2314/1862 2311/2311/1859 2315/2315/1863
f 2315/2315/1863 2313/2313/1861 2316/2316/1864
f 2312/2312/1860 2314/2314/1862 2317/2317/1838
f 2314/2314/1862 2315/2315/1863 2317/2317/1838
f 2317/2317/1838 2315/2315/1863 2318/2318/1865
f 2316/2316/1864 2318/2318/1865 2315/2315/1863
f 2318/2318/1865 2316/2316/1864 2319/2319/1866
f 2317/2317/1838 2318/2318/1865 2319/2319/1866
f 2316/2316/1864 2320/2320/1867 2319/2319/1866
f 2317/2317/1838 2319/2319/1866 2321/2321/1868
f 2319/2319/1866 2320/2320/1867 2322/2322/1869
f 2322/2322/1869 2321/2321/1868 2319/2319/1866
f 2323/2323/1870 2321/2321/1868 2322/2322/1869
f 2322/2322/1869 2320/2320/1867 2324/2324/1871
f 2324/2324/1871 2323/2323/1870 2322/2322/1869
f 2325/2325/1872 2326/2326/1845 2323/2323/1870
f 2327/2327/1873 2325/2325/1872 2324/2324/1871
f 2324/2324/1871 2325/2325/1872 2323/2323/1870
f 2324/2324/1871 2328/2328/1874 2327/2327/1873
f 2329/2329/1715 2330/2330/1875 2331/2331/1876
f 2332/2332/1218 2333/2333/1812 2334/2334/1877
f 2335/2335/1219 2336/2336/1215 2332/2332/1218
f 2335/2335/1219 2332/2332/1218 2334/2334/1877
f 2337/2337/1810 2338/2338/1878 2339/2339/1809
f 2340/2340/1879 2338/2338/1878 2337/2337/1810
f 2341/2341/1856 2338/2338/1878 2340/2340/1879
f 2342/2342/1829 2341/2341/1856 2340/2340/1879
f 2341/2341/1856 2342/2342/1829 2343/2343/1880
f 2343/2343/1880 2342/2342/1829 2344/2344/1833
f 2345/2345/1881 2341/2341/1856 2343/2343/1880
f 2345/2345/1881 2343/2343/1880 2346/2346/1882
f 2344/2344/1833 2346/2346/1882 2343/2343/1880
f 2347/2347/1861 2345/2345/1881 2346/2346/1882
f 2347/2347/1861 2346/2346/1882 2348/2348/1883
f 2346/2346/1882 2344/2344/1833 2348/2348/1883
f 2349/2349/1884 2348/2348/1883 2344/2344/1833
f 2350/2350/1885 2347/2347/1861 2348/2348/1883
f 2351/2351/1842 2348/2348/1883 2349/2349/1884
f 2348/2348/1883 2351/2351/1842 2350/2350/1885
f 2350/2350/1885 2351/2351/1842 2352/2352/1886
f 2353/2353/1843 2352/2352/1886 2351/2351/1842
f 2353/2353/1843 2354/2354/1871 2352/2352/1886
f 2355/2355/1848 2354/2354/1871 2353/2353/1843
f 2356/2356/1887 2357/2357/1888 2358/2358/1889
f 2357/2357/1888 2356/2356/1887 2359/2359/1452
f 2357/2357/1888 2359/2359/1452 2360/2360/1890
f 2358/2358/1889 2357/2357/1888 2361/2361/1891
f 2362/2362/1892 2363/2363/1893 2361/2361/1891
f 2364/2364/1894 2363/2363/1893 2362/2362/1892
f 2365/2365/1895 2366/2366/1896 2364/2364/1894
f 2365/2365/1895 2364/2364/1894 2362/2362/1892
f 2367/2367/1897 2368/2368/1309 2366/2366/1896
f 2357/2357/1888 2362/2362/1892 2361/2361/1891
f 2366/2366/1896 2369/2369/1898 2367/2367/1897
f 2366/2366/1896 2365/2365/1895 2369/2369/1898
f 2362/2362/1892 2370/2370/1899 2365/2365/1895
f 2368/2368/1309 2367/2367/1897 2371/2371/1312
f 2359/2359/1452 2372/2372/1900 2360/2360/1890
f 2370/2370/1899 2369/2369/1898 2365/2365/1895
f 2373/2373/1901 2362/2362/1892 2357/2357/1888
f 2362/2362/1892 2374/2374/1902 2370/2370/1899
f 2373/2373/1901 2374/2374/1902 2362/2362/1892
f 2367/2367/1897 2375/2375/1903 2371/2371/1312
f 2357/2357/1888 2376/2376/1904 2373/2373/1901
f 2360/2360/1890 2372/2372/1900 2377/2377/1905
f 2372/2372/1900 2378/2378/1906 2377/2377/1905
f 2379/2379/1907 2367/2367/1897 2369/2369/1898
f 2360/2360/1890 2376/2376/1904 2357/2357/1888
f 2374/2374/1902 2373/2373/1901 2370/2370/1899
f 2379/2379/1907 2375/2375/1903 2367/2367/1897
f 2379/2379/1907 2380/2380/1908 2375/2375/1903
f 2377/2377/1905 2381/2381/1909 2360/2360/1890
f 2381/2381/1909 2376/2376/1904 2360/2360/1890
f 2373/2373/1901 2376/2376/1904 2382/2382/1910
f 2383/2383/1911 2370/2370/1899 2373/2373/1901
f 2370/2370/1899 2384/2384/1912 2369/2369/1898
f 2385/2385/1913 2379/2379/1907 2369/2369/1898
f 2370/2370/1899 2383/2383/1911 2384/2384/1912
f 2379/2379/1907 2385/2385/1913 2386/2386/1914
f 2379/2379/1907 2387/2387/1915 2380/2380/1908
f 2373/2373/1901 2382/2382/1910 2383/2383/1911
f 2384/2384/1912 2388/2388/1916 2369/2369/1898
f 2377/2377/1905 2378/2378/1906 2389/2389/1917
f 2376/2376/1904 2381/2381/1909 2390/2390/1918
f 2390/2390/1918 2382/2382/1910 2376/2376/1904
f 2388/2388/1916 2385/2385/1913 2369/2369/1898
f 2391/2391/1919 2386/2386/1914 2385/2385/1913
f 2387/2387/1915 2392/2392/1920 2380/2380/1908
f 2385/2385/1913 2388/2388/1916 2391/2391/1919
f 2382/2382/1910 2393/2393/1921 2383/2383/1911
f 2386/2386/1914 2394/2394/1922 2379/2379/1907
f 2394/2394/1922 2387/2387/1915 2379/2379/1907
f 2384/2384/1912 2395/2395/1923 2388/2388/1916
f 2396/2396/1924 2391/2391/1919 2388/2388/1916
f 2393/2393/1921 2382/2382/1910 2390/2390/1918
f 2391/2391/1919 2396/2396/1924 2386/2386/1914
f 2386/2386/1914 2396/2396/1924 2394/2394/1922
f 2397/2397/1925 2396/2396/1924 2388/2388/1916
f 2377/2377/1905 2398/2398/1926 2381/2381/1909
f 2392/2392/1920 2387/2387/1915 2399/2399/1927
f 2397/2397/1925 2388/2388/1916 2395/2395/1923
f 2384/2384/1912 2383/2383/1911 2395/2395/1923
f 2397/2397/1925 2394/2394/1922 2396/2396/1924
f 2389/2389/1917 2400/2400/1928 2377/2377/1905
f 2383/2383/1911 2393/2393/1921 2395/2395/1923
f 2398/2398/1926 2377/2377/1905 2400/2400/1928
f 2390/2390/1918 2381/2381/1909 2398/2398/1926
f 2394/2394/1922 2401/2401/1929 2387/2387/1915
f 2397/2397/1925 2402/2402/1930 2394/2394/1922
f 2390/2390/1918 2403/2403/1931 2393/2393/1921
f 2387/2387/1915 2401/2401/1929 2404/2404/1932
f 2399/2399/1927 2387/2387/1915 2404/2404/1932
f 2405/2405/1933 2403/2403/1931 2390/2390/1918
f 2406/2406/1934 2395/2395/1923 2393/2393/1921
f 2398/2398/1926 2405/2405/1933 2390/2390/1918
f 2402/2402/1930 2401/2401/1929 2394/2394/1922
f 2406/2406/1934 2397/2397/1925 2395/2395/1923
f 2393/2393/1921 2403/2403/1931 2407/2407/1935
f 2399/2399/1927 2404/2404/1932 2408/2408/1936
f 2393/2393/1921 2407/2407/1935 2406/2406/1934
f 2401/2401/1929 2409/2409/1937 2404/2404/1932
f 2402/2402/1930 2409/2409/1937 2401/2401/1929
f 2406/2406/1934 2410/2410/1938 2397/2397/1925
f 2411/2411/1519 2398/2398/1926 2400/2400/1928
f 2410/2410/1938 2402/2402/1930 2397/2397/1925
f 2412/2412/1939 2406/2406/1934 2407/2407/1935
f 2413/2413/1940 2407/2407/1935 2403/2403/1931
f 2410/2410/1938 2406/2406/1934 2412/2412/1939
f 2414/2414/1941 2408/2408/1936 2404/2404/1932
f 2404/2404/1932 2409/2409/1937 2415/2415/1942
f 2398/2398/1926 2416/2416/1943 2405/2405/1933
f 2403/2403/1931 2405/2405/1933 2413/2413/1940
f 2417/2417/1944 2407/2407/1935 2413/2413/1940
f 2411/2411/1519 2416/2416/1943 2398/2398/1926
f 2409/2409/1937 2402/2402/1930 2410/2410/1938
f 2414/2414/1941 2404/2404/1932 2415/2415/1942
f 2412/2412/1939 2407/2407/1935 2417/2417/1944
f 2410/2410/1938 2412/2412/1939 2418/2418/1945
f 2418/2418/1945 2409/2409/1937 2410/2410/1938
f 2416/2416/1943 2419/2419/1946 2405/2405/1933
f 2415/2415/1942 2409/2409/1937 2418/2418/1945
f 2411/2411/1519 2420/2420/1947 2416/2416/1943
f 2419/2419/1946 2421/2421/1948 2405/2405/1933
f 2421/2421/1948 2413/2413/1940 2405/2405/1933
f 2422/2422/1949 2418/2418/1945 2412/2412/1939
f 2417/2417/1944 2422/2422/1949 2412/2412/1939
f 2416/2416/1943 2420/2420/1947 2419/2419/1946
f 2423/2423/1950 2424/2424/1951 2425/2425/1952
f 2426/2426/1953 2424/2424/1951 2423/2423/1950
f 2424/2424/1951 2426/2426/1953 2427/2427/1395
f 2428/2428/1954 2426/2426/1953 2423/2423/1950
f 2429/2429/1955 2430/2430/1956 2428/2428/1954
f 2428/2428/1954 2430/2430/1956 2426/2426/1953
f 2429/2429/1955 2431/2431/1957 2430/2430/1956
f 2427/2427/1395 2426/2426/1953 2430/2430/1956
f 2431/2431/1957 2427/2427/1395 2430/2430/1956
f 2432/2432/1958 2427/2427/1395 2431/2431/1957
f 2432/2432/1958 2431/2431/1957 2433/2433/1959
f 2433/2433/1959 2431/2431/1957 2434/2434/1960
f 2429/2429/1955 2435/2435/1961 2431/2431/1957
f 2432/2432/1958 2433/2433/1959 2436/2436/1962
f 2435/2435/1961 2434/2434/1960 2431/2431/1957
f 2437/2437/1963 2434/2434/1960 2435/2435/1961
f 2433/2433/1959 2434/2434/1960 2438/2438/1964
f 2436/2436/1962 2433/2433/1959 2439/2439/1965
f 2440/2440/1402 2436/2436/1962 2441/2441/1966
f 2439/2439/1965 2433/2433/1959 2438/2438/1964
f 2439/2439/1965 2441/2441/1966 2436/2436/1962
f 2442/2442/1967 2438/2438/1964 2434/2434/1960
f 2442/2442/1967 2434/2434/1960 2437/2437/1963
f 2439/2439/1965 2443/2443/1968 2441/2441/1966
f 2442/2442/1967 2437/2437/1963 2444/2444/1969
f 2438/2438/1964 2445/2445/1970 2439/2439/1965
f 2446/2446/1971 2443/2443/1968 2439/2439/1965
f 2447/2447/1972 2438/2438/1964 2442/2442/1967
f 2445/2445/1970 2438/2438/1964 2447/2447/1972
f 2448/2448/1973 2443/2443/1968 2446/2446/1971
f 2439/2439/1965 2445/2445/1970 2446/2446/1971
f 2449/2449/1974 2442/2442/1967 2444/2444/1969
f 2449/2449/1974 2447/2447/1972 2442/2442/1967
f 2445/2445/1970 2447/2447/1972 2450/2450/1975
f 2448/2448/1973 2446/2446/1971 2451/2451/1669
f 2446/2446/1971 2452/2452/1976 2451/2451/1669
f 2452/2452/1976 2446/2446/1971 2445/2445/1970
f 2453/2453/1977 2454/2454/1978 2455/2455/1979
f 2449/2449/1974 2456/2456/1980 2447/2447/1972
f 2445/2445/1970 2450/2450/1975 2452/2452/1976
f 2450/2450/1975 2447/2447/1972 2456/2456/1980
f 2456/2456/1980 2449/2449/1974 2457/2457/1981
f 2450/2450/1975 2458/2458/1982 2452/2452/1976
f 2452/2452/1976 2458/2458/1982 2451/2451/1669
f 2459/2459/1983 2450/2450/1975 2456/2456/1980
f 2459/2459/1983 2458/2458/1982 2450/2450/1975
f 2451/2451/1669 2460/2460/1984 2461/2461/1674
f 2451/2451/1669 2458/2458/1982 2460/2460/1984
f 2455/2455/1979 2454/2454/1978 2462/2462/1043
f 2463/2463/1985 2464/2464/1986 2459/2459/1983
f 2463/2463/1985 2459/2459/1983 2456/2456/1980
f 2456/2456/1980 2457/2457/1981 2465/2465/1987
f 2464/2464/1986 2463/2463/1985 2466/2466/1988
f 2463/2463/1985 2456/2456/1980 2465/2465/1987
f 2464/2464/1986 2467/2467/1989 2459/2459/1983
f 2468/2468/1990 2461/2461/1674 2460/2460/1984
f 2467/2467/1989 2458/2458/1982 2459/2459/1983
f 2469/2469/1991 2470/2470/1992 2471/2471/1993
f 2462/2462/1043 2472/2472/1994 2455/2455/1979
f 2471/2471/1993 2472/2472/1994 2469/2469/1991
f 2463/2463/1985 2473/2473/1995 2466/2466/1988
f 2463/2463/1985 2465/2465/1987 2473/2473/1995
f 2467/2467/1989 2460/2460/1984 2458/2458/1982
f 2468/2468/1990 2460/2460/1984 2474/2474/1686
f 2467/2467/1989 2475/2475/1996 2460/2460/1984
f 2469/2469/1991 2472/2472/1994 2476/2476/1997
f 2477/2477/1998 2474/2474/1686 2460/2460/1984
f 2472/2472/1994 2462/2462/1043 2476/2476/1997
f 2475/2475/1996 2477/2477/1998 2460/2460/1984
f 2467/2467/1989 2478/2478/1999 2475/2475/1996
f 2474/2474/1686 2477/2477/1998 2479/2479/2000
f 2477/2477/1998 2475/2475/1996 2480/2480/2001
f 2480/2480/2001 2475/2475/1996 2481/2481/2002
f 2477/2477/1998 2482/2482/2003 2479/2479/2000
f 2482/2482/2003 2480/2480/2001 2481/2481/2002
f 2482/2482/2003 2477/2477/1998 2480/2480/2001
f 2481/2481/2002 2483/2483/2004 2482/2482/2003
f 2484/2484/2005 2485/2485/2006 2486/2486/2007
f 2487/2487/2008 2484/2484/2005 2486/2486/2007
f 2488/2488/1955 2484/2484/2005 2487/2487/2008
f 2486/2486/2007 2489/2489/2009 2487/2487/2008
f 2490/2490/2010 2489/2489/2009 2486/2486/2007
f 2487/2487/2008 2491/2491/2011 2488/2488/1955
f 2491/2491/2011 2487/2487/2008 2489/2489/2009
f 2489/2489/2009 2490/2490/2010 2492/2492/2012
f 2492/2492/2012 2490/2490/2010 2493/2493/2013
f 2491/2491/2011 2489/2489/2009 2494/2494/2014
f 2489/2489/2009 2492/2492/2012 2494/2494/2014
f 2492/2492/2012 2493/2493/2013 2495/2495/2015
f 2496/2496/1969 2494/2494/2014 2492/2492/2012
f 2492/2492/2012 2495/2495/2015 2497/2497/2016
f 2496/2496/1969 2492/2492/2012 2497/2497/2016
f 2498/2498/2017 2496/2496/1969 2497/2497/2016
f 2499/2499/2018 2496/2496/1969 2498/2498/2017
f 2495/2495/2015 2500/2500/2019 2497/2497/2016
f 2498/2498/2017 2497/2497/2016 2500/2500/2019
f 2501/2501/2020 2499/2499/2018 2498/2498/2017
f 2500/2500/2019 2502/2502/2021 2498/2498/2017
f 2501/2501/2020 2503/2503/2022 2499/2499/2018
f 2498/2498/2017 2502/2502/2021 2501/2501/2020
f 2503/2503/2022 2501/2501/2020 2504/2504/2023
f 2505/2505/1994 2501/2501/2020 2502/2502/2021
f 2505/2505/1994 2504/2504/2023 2501/2501/2020
f 2506/2506/2024 2503/2503/2022 2504/2504/2023
f 2506/2506/2024 2504/2504/2023 2505/2505/1994
f 2507/2507/1454 2508/2508/2025 2509/2509/2026
f 2508/2508/2025 2510/2510/1455 2509/2509/2026
f 2509/2509/2026 2510/2510/1455 2511/2511/2027
f 2509/2509/2026 2512/2512/1459 2507/2507/1454
f 2513/2513/2028 2512/2512/1459 2509/2509/2026
f 2511/2511/2027 2513/2513/2028 2509/2509/2026
f 2514/2514/1628 2515/2515/2029 2516/2516/2030
f 2516/2516/2030 2515/2515/2029 2517/2517/2031
f 2518/2518/2032 2516/2516/2030 2517/2517/2031
f 2518/2518/2032 2519/2519/1655 2520/2520/2033
f 2519/2519/1655 2518/2518/2032 2517/2517/2031
f 2518/2518/2032 2520/2520/2033 2521/2521/2034
f 2522/2522/1657 2519/2519/1655 2517/2517/2031
f 2523/2523/2035 2521/2521/2034 2520/2520/2033
f 2524/2524/2036 2525/2525/2037 2526/2526/2038
f 2521/2521/2034 2523/2523/2035 2527/2527/2039
f 2528/2528/1654 2529/2529/2040 2524/2524/2036
f 2529/2529/2040 2530/2530/2041 2524/2524/2036
f 2522/2522/2040 2531/2531/2042 2532/2532/2043
f 2530/2530/2041 2525/2525/2037 2524/2524/2036
f 2523/2523/2035 2533/2533/1661 2527/2527/2039
f 2533/2533/1661 2523/2523/2035 2532/2532/2043
f 2534/2534/1668 2533/2533/1661 2532/2532/2043
f 2532/2532/2043 2531/2531/2042 2534/2534/1668
f 2534/2534/1668 2531/2531/2042 2535/2535/2044
f 2535/2535/2044 2531/2531/2042 2536/2536/2045
f 2537/2537/1677 2535/2535/2044 2536/2536/2045
f 2538/2538/2046 2535/2535/2044 2537/2537/1677
f 2539/2539/1468 2540/2540/2047 2541/2541/2048
f 2542/2542/1488 2540/2540/2047 2539/2539/1468
f 2543/2543/2049 2542/2542/1488 2539/2539/1468
f 2544/2544/2050 2545/2545/1478 2546/2546/2051
f 2544/2544/2050 2547/2547/2052 2545/2545/1478
f 2548/2548/2053 2547/2547/2052 2544/2544/2050
f 2549/2549/1503 2547/2547/2052 2548/2548/2053
f 2549/2549/1503 2548/2548/2053 2550/2550/2054
f 2551/2551/2055 2549/2549/1503 2550/2550/2054
f 2552/2552/2056 2549/2549/1503 2551/2551/2055
f 2553/2553/2057 2552/2552/2056 2551/2551/2055
f 2554/2554/2058 2555/2555/2059 2556/2556/2060
f 2557/2557/966 2558/2558/970 2559/2559/980
f 2559/2559/980 2560/2560/990 2557/2557/966
f 2561/2561/969 2559/2559/980 2558/2558/970
f 2559/2559/980 2562/2562/2061 2560/2560/990
f 2563/2563/2062 2557/2557/966 2560/2560/990
f 2564/2564/2063 2565/2565/2064 2566/2566/2065
f 2566/2566/2065 2567/2567/2033 2568/2568/2066
f 2565/2565/2064 2564/2564/2063 2569/2569/2067
f 2566/2566/2065 2565/2565/2064 2567/2567/2033
f 2565/2565/2064 2569/2569/2067 2570/2570/2068
f 2570/2570/2068 2567/2567/2033 2565/2565/2064
f 2567/2567/2033 2570/2570/2068 2571/2571/2069
f 2569/2569/2067 2572/2572/2070 2570/2570/2068
f 2572/2572/2070 2573/2573/2036 2570/2570/2068
f 2573/2573/2036 2572/2572/2070 2574/2574/2071
f 2573/2573/2036 2574/2574/2071 2575/2575/1654
f 2576/2576/2051 2577/2577/1488 2578/2578/1480
f 2579/2579/2072 2578/2578/1480 2577/2577/1488
f 2580/2580/2073 2578/2578/1480 2579/2579/2072
f 2579/2579/2072 2581/2581/1492 2580/2580/2073
f 2582/2582/1494 2581/2581/1492 2579/2579/2072
f 2581/2581/1492 2582/2582/1494 2583/2583/2074
f 2584/2584/2075 2583/2583/2074 2582/2582/1494
f 2583/2583/2074 2584/2584/2075 2585/2585/2076
f 2585/2585/2076 2584/2584/2075 2586/2586/2077
f 2585/2585/2076 2586/2586/2077 2587/2587/2078
f 2588/2588/1524 2589/2589/1515 2587/2587/2078
f 2588/2588/1524 2587/2587/2078 2586/2586/2077
f 2590/2590/2079 2591/2591/2051 2592/2592/1480
f 2592/2592/1480 2593/2593/2080 2590/2590/2079
f 2593/2593/2080 2594/2594/2081 2590/2590/2079
f 2594/2594/2081 2593/2593/2080 2595/2595/2074
f 2595/2595/2074 2596/2596/2082 2594/2594/2081
f 2597/2597/1516 2594/2594/2081 2596/2596/2082
f 2597/2597/1516 2596/2596/2082 2598/2598/2083
f 2597/2597/1516 2598/2598/2083 2599/2599/2084
f 2598/2598/2083 2600/2600/2085 2599/2599/2084
f 2601/2601/2086 2602/2602/2087 2603/2603/1908
f 2602/2602/2087 2601/2601/2086 2604/2604/2088
f 2605/2605/2089 2602/2602/2087 2604/2604/2088
f 2604/2604/2088 2606/2606/2090 2605/2605/2089
f 2607/2607/2091 2605/2605/2089 2606/2606/2090
f 2608/2608/2092 2607/2607/2091 2606/2606/2090
f 2608/2608/2092 2609/2609/2093 2607/2607/2091
f 2610/2610/1942 2609/2609/2093 2608/2608/2092
f 2611/2611/968 2612/2612/2094 2613/2613/998
f 2614/2614/2095 2612/2612/2094 2615/2615/989
f 2616/2616/2096 2614/2614/2095 2615/2615/989
f 2614/2614/2095 2613/2613/998 2612/2612/2094
f 2617/2617/2097 2618/2618/1002 2619/2619/992
f 2617/2617/2097 2619/2619/992 2620/2620/2098
f 2621/2621/2099 2618/2618/1002 2617/2617/2097
f 2622/2622/1009 2617/2617/2097 2620/2620/2098
f 2622/2622/1009 2620/2620/2098 2623/2623/1004
f 2614/2614/2095 2616/2616/2096 2621/2621/2099
f 2618/2618/1002 2621/2621/2099 2616/2616/2096
f 2622/2622/1009 2623/2623/1004 2624/2624/1001
f 2622/2622/1009 2624/2624/1001 2625/2625/2100
f 2614/2614/2095 2621/2621/2099 2613/2613/998
f 2625/2625/2100 2624/2624/1001 2626/2626/2101
f 2627/2627/2102 2628/2628/1992 2629/2629/2103
f 2629/2629/2103 2630/2630/2104 2627/2627/2102
f 2627/2627/2102 2630/2630/2104 2631/2631/2105
f 2632/2632/2106 2627/2627/2102 2631/2631/2105
f 2633/2633/2107 2631/2631/2105 2630/2630/2104
f 2630/2630/2104 2629/2629/2103 2633/2633/2107
f 2633/2633/2107 2629/2629/2103 2634/2634/1077
f 2634/2634/1077 2635/2635/2108 2633/2633/2107
f 2631/2631/2105 2633/2633/2107 2636/2636/2109
f 2631/2631/2105 2636/2636/2109 2632/2632/2106
f 2635/2635/2108 2637/2637/2110 2633/2633/2107
f 2637/2637/2110 2636/2636/2109 2633/2633/2107
f 2632/2632/2106 2636/2636/2109 2638/2638/2111
f 2638/2638/2111 2636/2636/2109 2639/2639/2112
f 2640/2640/2113 2638/2638/2111 2639/2639/2112
f 2639/2639/2112 2636/2636/2109 2637/2637/2110
f 2635/2635/2108 2641/2641/2114 2637/2637/2110
f 2639/2639/2112 2637/2637/2110 2641/2641/2114
f 2642/2642/2115 2643/2643/2114 2644/2644/2116
f 2641/2641/2114 2635/2635/2108 2645/2645/2117
f 2646/2646/1120 2641/2641/2114 2645/2645/2117
f 2646/2646/1120 2647/2647/2118 2641/2641/2114
f 2648/2648/2119 2649/2649/1989 2650/2650/1986
f 2648/2648/2119 2651/2651/2120 2649/2649/1989
f 2652/2652/2121 2649/2649/1989 2651/2651/2120
f 2652/2652/2121 2651/2651/2120 2653/2653/2122
f 2653/2653/2122 2654/2654/2123 2652/2652/2121
f 2654/2654/2123 2653/2653/2122 2655/2655/2113
f 2654/2654/2123 2655/2655/2113 2656/2656/2124
f 2657/2657/2112 2658/2658/2125 2656/2656/2124
f 2655/2655/2113 2657/2657/2112 2656/2656/2124
f 2659/2659/2126 2652/2652/2121 2654/2654/2123
f 2656/2656/2124 2660/2660/2127 2654/2654/2123
f 2659/2659/2126 2654/2654/2123 2660/2660/2127
f 2661/2661/2128 2662/2662/2129 2663/2663/2130
f 2664/2664/2131 2665/2665/2132 2662/2662/2129
f 2666/2666/2133 2663/2663/2130 2662/2662/2129
f 2665/2665/2132 2666/2666/2133 2662/2662/2129
f 2666/2666/2133 2667/2667/2134 2663/2663/2130
f 2668/2668/2135 2665/2665/2132 2664/2664/2131
f 2669/2669/2136 2667/2667/2134 2666/2666/2133
f 2665/2665/2132 2670/2670/2137 2666/2666/2133
f 2668/2668/2135 2671/2671/2138 2665/2665/2132
f 2671/2671/2138 2670/2670/2137 2665/2665/2132
f 2670/2670/2137 2669/2669/2136 2666/2666/2133
f 2667/2667/2134 2669/2669/2136 2672/2672/2139
f 2673/2673/1054 2674/2674/1052 2675/2675/2140
f 2676/2676/2141 2674/2674/1052 2677/2677/1047
f 2678/2678/2142 2675/2675/2140 2674/2674/1052
f 2675/2675/2140 2679/2679/2143 2673/2673/1054
f 2678/2678/2142 2674/2674/1052 2676/2676/2141
f 2680/2680/2144 2678/2678/2142 2676/2676/2141
f 2681/2681/2145 2680/2680/2144 2676/2676/2141
f 2682/2682/2146 2676/2676/2141 2677/2677/1047
f 2683/2683/2147 2673/2673/1054 2679/2679/2143
f 2683/2683/2147 2684/2684/2148 2673/2673/1054
f 2685/2685/2149 2681/2681/2145 2676/2676/2141
f 2686/2686/2150 2676/2676/2141 2682/2682/2146
f 2686/2686/2150 2685/2685/2149 2676/2676/2141
f 2683/2683/2147 2687/2687/2151 2684/2684/2148
f 2688/2688/2152 2684/2684/2148 2687/2687/2151
f 2689/2689/2153 2688/2688/2152 2687/2687/2151
f 2690/2690/2154 2691/2691/2155 2692/2692/2156
f 2688/2688/2152 2689/2689/2153 2693/2693/2157
f 2694/2694/2158 2691/2691/2155 2690/2690/2154
f 2694/2694/2158 2693/2693/2157 2689/2689/2153
f 2689/2689/2153 2691/2691/2155 2694/2694/2158
f 2694/2694/2158 2695/2695/2159 2693/2693/2157
f 2696/2696/2160 2685/2685/2149 2686/2686/2150
f 2697/2697/2161 2698/2698/1050 2699/2699/2162
f 2700/2700/2163 2701/2701/2164 2702/2702/2165
f 2697/2697/2161 2703/2703/2166 2698/2698/1050
f 2703/2703/2166 2704/2704/2167 2698/2698/1050
f 2702/2702/2165 2697/2697/2161 2699/2699/2162
f 2703/2703/2166 2705/2705/2168 2704/2704/2167
f 2697/2697/2161 2702/2702/2165 2706/2706/2169
f 2701/2701/2164 2706/2706/2169 2702/2702/2165
f 2707/2707/2170 2705/2705/2168 2703/2703/2166
f 2707/2707/2170 2703/2703/2166 2697/2697/2161
f 2708/2708/2171 2706/2706/2169 2701/2701/2164
f 2709/2709/2172 2701/2701/2164 2700/2700/2163
f 2705/2705/2168 2707/2707/2170 2710/2710/2173
f 2711/2711/2174 2707/2707/2170 2697/2697/2161
f 2712/2712/2175 2708/2708/2171 2701/2701/2164
f 2713/2713/2176 2710/2710/2173 2707/2707/2170
f 2714/2714/2177 2715/2715/2178 2716/2716/2179
f 2714/2714/2177 2710/2710/2173 2713/2713/2176
f 2717/2717/2180 2707/2707/2170 2711/2711/2174
f 2717/2717/2180 2713/2713/2176 2707/2707/2170
f 2718/2718/2181 2715/2715/2178 2714/2714/2177
f 2714/2714/2177 2713/2713/2176 2719/2719/2182
f 2720/2720/2183 2719/2719/2182 2713/2713/2176
f 2720/2720/2183 2713/2713/2176 2717/2717/2180
f 2718/2718/2181 2714/2714/2177 2721/2721/2184
f 2721/2721/2184 2714/2714/2177 2719/2719/2182
f 2721/2721/2184 2719/2719/2182 2722/2722/2185
f 2723/2723/2186 2721/2721/2184 2722/2722/2185
f 2724/2724/2187 2725/2725/2188 2726/2726/2189
f 2724/2724/2187 2726/2726/2189 2727/2727/1799
f 2728/2728/1063 2724/2724/2187 2727/2727/1799
f 2728/2728/1063 2727/2727/1799 2729/2729/2190
f 2730/2730/2191 2731/2731/2143 2732/2732/2192
f 2733/2733/2193 2732/2732/2192 2734/2734/2142
f 2733/2733/2193 2730/2730/2191 2732/2732/2192
f 2735/2735/2194 2736/2736/2195 2737/2737/2196
f 2737/2737/2196 2733/2733/2193 2734/2734/2142
f 2738/2738/2197 2736/2736/2195 2735/2735/2194
f 2736/2736/2195 2733/2733/2193 2737/2737/2196
f 2739/2739/2198 2733/2733/2193 2736/2736/2195
f 2740/2740/2199 2741/2741/2200 2742/2742/2147
f 2743/2743/2201 2742/2742/2147 2731/2731/2143
f 2744/2744/2202 2730/2730/2191 2733/2733/2193
f 2745/2745/2203 2739/2739/2198 2736/2736/2195
f 2743/2743/2201 2740/2740/2199 2742/2742/2147
f 2746/2746/2204 2731/2731/2143 2730/2730/2191
f 2739/2739/2198 2744/2744/2202 2733/2733/2193
f 2747/2747/2205 2736/2736/2195 2738/2738/2197
f 2748/2748/2206 2747/2747/2205 2738/2738/2197
f 2746/2746/2204 2743/2743/2201 2731/2731/2143
f 2744/2744/2202 2749/2749/2207 2730/2730/2191
f 2747/2747/2205 2745/2745/2203 2736/2736/2195
f 2750/2750/2208 2739/2739/2198 2745/2745/2203
f 2751/2751/2209 2745/2745/2203 2747/2747/2205
f 2752/2752/2210 2745/2745/2203 2751/2751/2209
f 2753/2753/2211 2754/2754/2212 2755/2755/2213
f 2753/2753/2211 2756/2756/2214 2754/2754/2212
f 2757/2757/2215 2756/2756/2214 2753/2753/2211
f 2758/2758/2216 2756/2756/2214 2757/2757/2215
f 2756/2756/2214 2759/2759/2180 2754/2754/2212
f 2760/2760/2216 2761/2761/2217 2762/2762/2214
f 2763/2763/2218 2762/2762/2214 2761/2761/2217
f 2764/2764/2219 2761/2761/2217 2760/2760/2216
f 2765/2765/2220 2758/2758/2216 2757/2757/2215
f 2765/2765/2220 2757/2757/2215 2766/2766/2221
f 2765/2765/2220 2767/2767/2222 2758/2758/2216
f 2768/2768/2223 2769/2769/2224 2770/2770/2225
f 2771/2771/2226 2768/2768/2223 2770/2770/2225
f 2772/2772/2227 2773/2773/2228 2774/2774/1940
f 2775/2775/2229 2773/2773/2228 2776/2776/2230
f 2777/2777/2231 2772/2772/2227 2774/2774/1940
f 2778/2778/2232 2779/2779/2233 2780/2780/2234
f 2772/2772/2227 2776/2776/2230 2773/2773/2228
f 2778/2778/2232 2780/2780/2234 2781/2781/2235
f 2782/2782/2236 2772/2772/2227 2777/2777/2231
f 2783/2783/2237 2781/2781/2235 2784/2784/2238
f 2768/2768/2223 2771/2771/2226 2785/2785/2239
f 2781/2781/2235 2780/2780/2234 2784/2784/2238
f 2777/2777/2231 2786/2786/2240 2787/2787/2241
f 2775/2775/2229 2785/2785/2239 2771/2771/2226
f 2788/2788/2242 2789/2789/1532 2790/2790/2243
f 2781/2781/2235 2791/2791/2241 2778/2778/2232
f 2785/2785/2239 2775/2775/2229 2776/2776/2230
f 2792/2792/2244 2769/2769/2224 2768/2768/2223
f 2788/2788/2242 2790/2790/2243 2786/2786/2240
f 2787/2787/2241 2793/2793/2245 2777/2777/2231
f 2791/2791/2241 2781/2781/2235 2794/2794/2246
f 2795/2795/2247 2796/2796/2248 2779/2779/2233
f 2779/2779/2233 2797/2797/2249 2780/2780/2234
f 2783/2783/2237 2794/2794/2246 2781/2781/2235
f 2798/2798/2243 2779/2779/2233 2778/2778/2232
f 2791/2791/2241 2798/2798/2243 2778/2778/2232
f 2786/2786/2240 2790/2790/2243 2787/2787/2241
f 2779/2779/2233 2796/2796/2248 2797/2797/2249
f 2793/2793/2245 2782/2782/2236 2777/2777/2231
f 2799/2799/2250 2776/2776/2230 2772/2772/2227
f 2799/2799/2250 2785/2785/2239 2776/2776/2230
f 2792/2792/2244 2768/2768/2223 2800/2800/2251
f 2783/2783/2237 2784/2784/2238 2801/2801/2252
f 2802/2802/2253 2768/2768/2223 2785/2785/2239
f 2803/2803/1537 2804/2804/1539 2805/2805/2254
f 2779/2779/2233 2806/2806/2255 2795/2795/2247
f 2807/2807/2237 2808/2808/2256 2793/2793/2245
f 2808/2808/2256 2782/2782/2236 2793/2793/2245
f 2789/2789/1532 2803/2803/1537 2809/2809/2255
f 2798/2798/2243 2806/2806/2255 2779/2779/2233
f 2789/2789/1532 2809/2809/2255 2790/2790/2243
f 2796/2796/2248 2810/2810/2257 2797/2797/2249
f 2811/2811/2258 2780/2780/2234 2797/2797/2249
f 2792/2792/2244 2812/2812/2259 2813/2813/2260
f 2782/2782/2236 2799/2799/2250 2772/2772/2227
f 2800/2800/2251 2812/2812/2259 2792/2792/2244
f 2799/2799/2250 2814/2814/2261 2785/2785/2239
f 2800/2800/2251 2768/2768/2223 2802/2802/2253
f 2811/2811/2258 2797/2797/2249 2815/2815/2262
f 2780/2780/2234 2816/2816/2263 2817/2817/2264
f 2818/2818/2265 2796/2796/2248 2795/2795/2247
f 2805/2805/2254 2819/2819/2265 2803/2803/1537
f 2797/2797/2249 2810/2810/2257 2815/2815/2262
f 2795/2795/2247 2806/2806/2255 2818/2818/2265
f 2819/2819/2265 2809/2809/2255 2803/2803/1537
f 2820/2820/2266 2799/2799/2250 2782/2782/2236
f 2784/2784/2238 2780/2780/2234 2817/2817/2264
f 2782/2782/2236 2808/2808/2256 2820/2820/2266
f 2821/2821/2267 2822/2822/2268 2796/2796/2248
f 2796/2796/2248 2822/2822/2268 2823/2823/2269
f 2796/2796/2248 2823/2823/2269 2810/2810/2257
f 2804/2804/1539 2824/2824/2270 2805/2805/2254
f 2816/2816/2263 2780/2780/2234 2811/2811/2258
f 2825/2825/2271 2826/2826/2121 2827/2827/2272
f 2828/2828/2273 2784/2784/2238 2817/2817/2264
f 2829/2829/1543 2824/2824/2270 2804/2804/1539
f 2818/2818/2265 2821/2821/2267 2796/2796/2248
f 2819/2819/2265 2805/2805/2254 2830/2830/2267
f 2783/2783/2237 2801/2801/2252 2831/2831/2274
f 2830/2830/2267 2805/2805/2254 2824/2824/2270
f 2807/2807/2237 2832/2832/2274 2808/2808/2256
f 2833/2833/2275 2834/2834/2276 2835/2835/2277
f 2828/2828/2273 2801/2801/2252 2784/2784/2238
f 2836/2836/2278 2824/2824/2270 2829/2829/1543
f 2833/2833/2275 2836/2836/2278 2834/2834/2276
f 2812/2812/2259 2837/2837/2279 2813/2813/2260
f 2824/2824/2270 2833/2833/2275 2830/2830/2267
f 2838/2838/2280 2823/2823/2269 2822/2822/2268
f 2836/2836/2278 2829/2829/1543 2839/2839/2281
f 2840/2840/2280 2833/2833/2275 2835/2835/2277
f 2841/2841/2282 2808/2808/2256 2832/2832/2274
f 2842/2842/2283 2843/2843/2277 2844/2844/2276
f 2822/2822/2268 2821/2821/2267 2845/2845/2284
f 2802/2802/2253 2846/2846/2285 2800/2800/2251
f 2847/2847/2286 2802/2802/2253 2785/2785/2239
f 2848/2848/1540 2849/2849/2287 2850/2850/2288
f 2839/2839/2281 2851/2851/1545 2852/2852/2289
f 2836/2836/2278 2833/2833/2275 2824/2824/2270
f 2853/2853/2290 2814/2814/2261 2799/2799/2250
f 2785/2785/2239 2814/2814/2261 2847/2847/2286
f 2850/2850/2288 2849/2849/2287 2854/2854/1546
f 2801/2801/2252 2855/2855/2291 2831/2831/2274
f 2853/2853/2290 2799/2799/2250 2820/2820/2266
f 2856/2856/2292 2814/2814/2261 2853/2853/2290
f 2839/2839/2281 2852/2852/2289 2836/2836/2278
f 2822/2822/2268 2845/2845/2284 2838/2838/2280
f 2841/2841/2282 2832/2832/2274 2857/2857/2291
f 2808/2808/2256 2841/2841/2282 2820/2820/2266
f 2856/2856/2292 2847/2847/2286 2814/2814/2261
f 2858/2858/2293 2859/2859/2294 2837/2837/2279
f 2858/2858/2293 2837/2837/2279 2860/2860/2295
f 2838/2838/2280 2843/2843/2277 2842/2842/2283
f 2847/2847/2286 2846/2846/2285 2802/2802/2253
f 2812/2812/2259 2860/2860/2295 2837/2837/2279
f 2861/2861/2296 2859/2859/2294 2858/2858/2293
f 2836/2836/2278 2852/2852/2289 2834/2834/2276
f 2801/2801/2252 2828/2828/2273 2855/2855/2291
f 2862/2862/2297 2812/2812/2259 2800/2800/2251
f 2862/2862/2297 2860/2860/2295 2812/2812/2259
f 2860/2860/2295 2863/2863/2298 2858/2858/2293
f 2864/2864/2289 2865/2865/2299 2866/2866/2300
f 2842/2842/2283 2823/2823/2269 2838/2838/2280
f 2856/2856/2292 2853/2853/2290 2867/2867/2301
f 2846/2846/2285 2862/2862/2297 2800/2800/2251
f 2849/2849/2287 2864/2864/2289 2854/2854/1546
f 2867/2867/2301 2853/2853/2290 2820/2820/2266
f 2848/2848/1540 2868/2868/2302 2849/2849/2287
f 2869/2869/2303 2841/2841/2282 2857/2857/2291
f 2849/2849/2287 2870/2870/2304 2864/2864/2289
f 2871/2871/2305 2827/2827/2272 2826/2826/2121
f 2864/2864/2289 2870/2870/2304 2865/2865/2299
f 2872/2872/2306 2841/2841/2282 2869/2869/2303
f 2873/2873/2307 2870/2870/2304 2849/2849/2287
f 2846/2846/2285 2874/2874/2308 2862/2862/2297
f 2862/2862/2297 2875/2875/2309 2860/2860/2295
f 2876/2876/2310 2877/2877/2311 2878/2878/2312
f 2879/2879/2313 2877/2877/2311 2880/2880/2314
f 2880/2880/2314 2869/2869/2303 2879/2879/2313
f 2872/2872/2306 2881/2881/2315 2841/2841/2282
f 2881/2881/2315 2820/2820/2266 2841/2841/2282
f 2882/2882/2316 2868/2868/2302 2848/2848/1540
f 2883/2883/2300 2884/2884/2317 2885/2885/2318
f 2886/2886/2319 2865/2865/2299 2887/2887/2320
f 2876/2876/2310 2880/2880/2314 2877/2877/2311
f 2872/2872/2306 2869/2869/2303 2880/2880/2314
f 2875/2875/2309 2863/2863/2298 2860/2860/2295
f 2888/2888/1550 2889/2889/2000 2890/2890/2321
f 2891/2891/2322 2892/2892/2323 2878/2878/2312
f 2875/2875/2309 2862/2862/2297 2874/2874/2308
f 2892/2892/2323 2876/2876/2310 2878/2878/2312
f 2884/2884/2317 2893/2893/2324 2885/2885/2318
f 2872/2872/2306 2880/2880/2314 2894/2894/2325
f 2847/2847/2286 2856/2856/2292 2895/2895/2326
f 2875/2875/2309 2896/2896/2327 2863/2863/2298
f 2897/2897/2328 2882/2882/2316 2898/2898/2329
f 2849/2849/2287 2868/2868/2302 2873/2873/2307
f 2899/2899/2330 2846/2846/2285 2847/2847/2286
f 2888/2888/1550 2890/2890/2321 2900/2900/2331
f 2901/2901/2332 2898/2898/2329 2902/2902/2333
f 2903/2903/2334 2871/2871/2305 2826/2826/2121
f 2902/2902/2333 2888/2888/1550 2900/2900/2331
f 2898/2898/2329 2901/2901/2332 2897/2897/2328
f 2868/2868/2302 2882/2882/2316 2897/2897/2328
f 2895/2895/2326 2899/2899/2330 2847/2847/2286
f 2904/2904/2335 2874/2874/2308 2846/2846/2285
f 2900/2900/2331 2901/2901/2332 2902/2902/2333
f 2865/2865/2299 2870/2870/2304 2905/2905/2336
f 2904/2904/2335 2846/2846/2285 2899/2899/2330
f 2906/2906/2337 2875/2875/2309 2874/2874/2308
f 2876/2876/2310 2892/2892/2323 2907/2907/2338
f 2895/2895/2326 2856/2856/2292 2908/2908/2339
f 2903/2903/2334 2909/2909/2340 2871/2871/2305
f 2906/2906/2337 2874/2874/2308 2904/2904/2335
f 2867/2867/2301 2820/2820/2266 2881/2881/2315
f 2910/2910/2341 2908/2908/2339 2856/2856/2292
f 2911/2911/2342 2896/2896/2327 2875/2875/2309
f 2873/2873/2307 2912/2912/2343 2870/2870/2304
f 2887/2887/2320 2865/2865/2299 2913/2913/2344
f 2910/2910/2341 2856/2856/2292 2867/2867/2301
f 2914/2914/2345 2915/2915/2346 2916/2916/2347
f 2873/2873/2307 2868/2868/2302 2912/2912/2343
f 2917/2917/2348 2918/2918/2349 2914/2914/2345
f 2908/2908/2350 2919/2919/2351 2920/2920/2352
f 2890/2890/2321 2871/2871/2305 2921/2921/2353
f 2922/2922/2354 2868/2868/2302 2897/2897/2328
f 2912/2912/2343 2905/2905/2336 2870/2870/2304
f 2905/2905/2336 2913/2913/2344 2865/2865/2299
f 2923/2923/2355 2907/2907/2338 2892/2892/2323
f 2894/2894/2325 2881/2881/2315 2872/2872/2306
f 2899/2899/2330 2895/2895/2326 2924/2924/2356
f 2921/2921/2353 2900/2900/2331 2890/2890/2321
f 2925/2925/2357 2881/2881/2315 2894/2894/2325
f 2918/2918/2349 2915/2915/2346 2914/2914/2345
f 2926/2926/2358 2868/2868/2302 2922/2922/2354
f 2905/2905/2336 2912/2912/2343 2927/2927/2359
f 2880/2880/2314 2876/2876/2310 2928/2928/2360
f 2929/2929/2361 2904/2904/2335 2930/2930/2362
f 2876/2876/2310 2907/2907/2338 2928/2928/2360
f 2880/2880/2314 2931/2931/2363 2894/2894/2325
f 2932/2932/2364 2930/2930/2362 2933/2933/2365
f 2920/2920/2352 2919/2919/2351 2934/2934/2366
f 2906/2906/2337 2935/2935/2367 2875/2875/2309
f 2871/2871/2305 2909/2909/2340 2921/2921/2353
f 2868/2868/2302 2926/2926/2358 2912/2912/2343
f 2905/2905/2336 2936/2936/2368 2913/2913/2344
f 2928/2928/2360 2931/2931/2363 2880/2880/2314
f 2895/2895/2326 2937/2937/2369 2924/2924/2356
f 2938/2938/2370 2939/2939/2371 2940/2940/2372
f 2941/2941/2373 2942/2942/2374 2943/2943/2375
f 2944/2944/2376 2945/2945/2377 2938/2938/2370
f 2933/2933/2365 2946/2946/2378 2932/2932/2364
f 2934/2934/2366 2937/2937/2369 2920/2920/2352
f 2937/2937/2369 2934/2934/2366 2924/2924/2356
f 2947/2947/2379 2900/2900/2331 2921/2921/2353
f 2901/2901/2332 2900/2900/2331 2947/2947/2379
f 2948/2948/2380 2936/2936/2368 2905/2905/2336
f 2949/2949/2381 2950/2950/2382 2951/2951/2383
f 2952/2952/2384 2951/2951/2383 2953/2953/2385
f 2946/2946/2378 2945/2945/2377 2954/2954/2386
f 2906/2906/2337 2904/2904/2335 2955/2955/2387
f 2948/2948/2380 2905/2905/2336 2927/2927/2359
f 2955/2955/2387 2904/2904/2335 2929/2929/2361
f 2948/2948/2380 2956/2956/2388 2936/2936/2368
f 2939/2939/2371 2952/2952/2384 2953/2953/2385
f 2875/2875/2309 2935/2935/2367 2911/2911/2342
f 2901/2901/2332 2957/2957/2389 2897/2897/2328
f 2906/2906/2337 2955/2955/2387 2935/2935/2367
f 2958/2958/2315 2941/2941/2373 2959/2959/2390
f 2960/2960/2391 2944/2944/2376 2938/2938/2370
f 2961/2961/2392 2946/2946/2378 2954/2954/2386
f 2929/2929/2361 2930/2930/2362 2932/2932/2364
f 2962/2962/2393 2963/2963/2394 2926/2926/2358
f 2941/2941/2373 2943/2943/2375 2964/2964/2395
f 2949/2949/2381 2965/2965/2396 2966/2966/2397
f 2945/2945/2377 2944/2944/2376 2954/2954/2386
f 2946/2946/2378 2967/2967/2398 2932/2932/2364
f 2965/2965/2396 2968/2968/2399 2966/2966/2397
f 2950/2950/2382 2949/2949/2381 2966/2966/2397
f 2951/2951/2383 2950/2950/2382 2969/2969/2400
f 2953/2953/2385 2940/2940/2372 2939/2939/2371
f 2959/2959/2390 2941/2941/2373 2964/2964/2395
f 2953/2953/2385 2951/2951/2383 2969/2969/2400
f 2960/2960/2391 2938/2938/2370 2940/2940/2372
f 2911/2911/2342 2935/2935/2367 2970/2970/2401
f 2901/2901/2332 2947/2947/2379 2971/2971/2402
f 2971/2971/2402 2957/2957/2389 2901/2901/2332
f 2897/2897/2328 2957/2957/2389 2922/2922/2354
f 2957/2957/2389 2972/2972/2403 2922/2922/2354
f 2972/2972/2403 2962/2962/2393 2922/2922/2354
f 2922/2922/2354 2962/2962/2393 2926/2926/2358
f 2946/2946/2378 2961/2961/2392 2967/2967/2398
f 2967/2967/2398 2973/2973/2404 2932/2932/2364
f 2973/2973/2404 2974/2974/2405 2929/2929/2361
f 2975/2975/2406 2929/2929/2361 2974/2974/2405
f 2935/2935/2367 2955/2955/2387 2970/2970/2401
f 2973/2973/2404 2929/2929/2361 2932/2932/2364
f 2975/2975/2406 2955/2955/2387 2929/2929/2361
f 2975/2975/2406 2970/2970/2401 2955/2955/2387
f 2976/2976/2134 2977/2977/2407 2978/2978/2408
f 2977/2977/2407 2979/2979/2409 2978/2978/2408
f 2976/2976/2134 2980/2980/2410 2981/2981/2411
f 2980/2980/2410 2982/2982/2412 2981/2981/2411
f 2983/2983/2413 2982/2982/2412 2984/2984/2414
f 2976/2976/2134 2981/2981/2411 2985/2985/2415
f 2981/2981/2411 2984/2984/2414 2985/2985/2415
f 2985/2985/2415 2984/2984/2414 2982/2982/2412
f 2976/2976/2134 2985/2985/2415 2977/2977/2407
f 2986/2986/2416 2985/2985/2415 2982/2982/2412
f 2987/2987/2417 2988/2988/2418 2982/2982/2412
f 2988/2988/2418 2987/2987/2417 2985/2985/2415
f 2987/2987/2417 2989/2989/2419 2985/2985/2415
f 2985/2985/2415 2989/2989/2419 2977/2977/2407
f 2989/2989/2419 2979/2979/2409 2977/2977/2407
f 2979/2979/2409 2989/2989/2419 2990/2990/1096
f 2990/2990/1096 2989/2989/2419 2991/2991/2420
f 2992/2992/2421 2991/2991/2420 2989/2989/2419
f 2992/2992/2421 2989/2989/2419 2993/2993/2422
f 2994/2994/2423 2992/2992/2421 2993/2993/2422
f 2995/2995/2424 2992/2992/2421 2994/2994/2423
f 2996/2996/2425 2991/2991/2420 2992/2992/2421
f 2996/2996/2425 2992/2992/2421 2995/2995/2424
f 2997/2997/1074 2998/2998/2426 2999/2999/2172
f 3000/3000/2164 3001/3001/2427 3002/3002/2428
f 3003/3003/2221 3000/3000/2164 3002/3002/2428
f 3004/3004/1081 3002/3002/2428 3001/3001/2427
f 3005/3005/2429 3002/3002/2428 3006/3006/2430
f 3006/3006/2430 3002/3002/2428 3004/3004/1081
f 3007/3007/1074 3008/3008/1064 3009/3009/1070
f 3010/3010/2151 3011/3011/2431 3012/3012/2432
f 3013/3013/2433 3012/3012/2432 3014/3014/2157
f 3014/3014/2157 3012/3012/2432 3011/3011/2431
f 3015/3015/2155 3016/3016/2434 3017/3017/2435
f 3016/3016/2434 3015/3015/2155 3018/3018/2436
f 3016/3016/2434 3018/3018/2436 3019/3019/2159
f 3015/3015/2155 3020/3020/2437 3018/3018/2436
f 3014/3014/2157 3021/3021/2438 3013/3013/2433
f 3018/3018/2436 3020/3020/2437 3022/3022/2439
f 3023/3023/2440 3021/3021/2438 3014/3014/2157
f 3024/3024/2441 3025/3025/2442 3026/3026/2443
f 3018/3018/2436 3022/3022/2439 3027/3027/2443
f 3024/3024/2441 3028/3028/2444 3025/3025/2442
f 3020/3020/2437 3029/3029/2445 3022/3022/2439
f 3021/3021/2438 3030/3030/1082 3013/3013/2433
f 3031/3031/2446 3022/3022/2439 3029/3029/2445
f 3031/3031/2446 3029/3029/2445 3032/3032/2440
f 3033/3033/2438 3026/3026/2443 3025/3025/2442
f 3025/3025/2442 3028/3028/2444 3034/3034/2447
f 3028/3028/2444 3035/3035/2448 3036/3036/2449
f 3015/3015/2155 3037/3037/2450 3020/3020/2437
f 3025/3025/2442 3038/3038/2451 3033/3033/2438
f 3028/3028/2444 3038/3038/2451 3034/3034/2447
f 3028/3028/2444 3036/3036/2449 3038/3038/2451
f 3039/3039/2452 3040/3040/2443 3041/3041/2453
f 3038/3038/2451 3025/3025/2442 3042/3042/2454
f 3036/3036/2449 3043/3043/2455 3038/3038/2451
f 3033/3033/2438 3038/3038/2451 3044/3044/2456
f 3038/3038/2451 3043/3043/2455 3045/3045/2457
f 3046/3046/2449 3047/3047/2458 3048/3048/2457
f 3046/3046/2449 3048/3048/2457 3023/3023/2440
f 3023/3023/2440 3049/3049/2459 3021/3021/2438
f 3033/3033/2438 3044/3044/2456 3050/3050/2460
f 3038/3038/2451 3051/3051/2458 3044/3044/2456
f 3038/3038/2451 3045/3045/2457 3051/3051/2458
f 3044/3044/2456 3043/3043/2461 3052/3052/2462
f 3048/3048/2457 3049/3049/2459 3023/3023/2440
f 3044/3044/2456 3051/3051/2458 3053/3053/2463
f 3052/3052/2462 3050/3050/2460 3044/3044/2456
f 3053/3053/2463 3051/3051/2458 3050/3050/2464
f 3020/3020/2437 3054/3054/2465 3055/3055/2458
f 3056/3056/2466 3057/3057/2467 3058/3058/2457
f 3050/3050/2464 3051/3051/2458 3059/3059/2468
f 3060/3060/2469 3055/3055/2458 3054/3054/2465
f 3030/3030/1082 3021/3021/2438 3061/3061/2470
f 3062/3062/2469 3063/3063/2471 3064/3064/2459
f 3065/3065/2472 3055/3055/2458 3060/3060/2469
f 3063/3063/2471 3062/3062/2469 3066/3066/2470
f 3020/3020/2437 3037/3037/2450 3054/3054/2465
f 3056/3056/2466 3067/3067/1082 3057/3057/2467
f 3061/3061/2470 3068/3068/2473 3069/3069/2474
f 3069/3069/2474 3030/3030/1082 3061/3061/2470
f 3037/3037/2450 3070/3070/2475 3054/3054/2465
f 3071/3071/2476 3067/3067/1082 3056/3056/2466
f 3071/3071/2476 3072/3072/2477 3067/3067/1082
f 3072/3072/2477 3073/3073/1099 3067/3067/1082
f 3073/3073/1099 3072/3072/2477 3074/3074/1114
f 3075/3075/2478 3072/3072/2477 3071/3071/2476
f 3076/3076/2479 3077/3077/2480 3072/3072/2477
f 3074/3074/1114 3072/3072/2477 3077/3077/2480
f 3078/3078/2481 3079/3079/2200 3080/3080/2482
f 3081/3081/2483 3082/3081/2481 3083/3081/2484
f 3084/3082/2485 3085/3083/2481 3086/3084/2486
f 3087/3085/1057 3088/3086/2487 3089/3087/2488
f 3090/3088/2489 3089/3087/2488 3088/3086/2487
f 3091/3089/2490 3089/3087/2488 3090/3088/2489
f 3090/3088/2489 3088/3086/2487 3092/3090/1090
f 3093/3091/2491 3090/3088/2489 3092/3090/1090
f 3094/3092/1112 3093/3091/2491 3092/3090/1090
f 3095/3093/2492 3096/3094/2493 3097/3095/2494
f 3098/3096/2495 3099/3097/2496 3093/3091/2491
f 3098/3096/2495 3093/3091/2491 3094/3092/1112
f 3100/3098/2497 3101/3099/2498 3098/3096/2495
f 3102/3100/2499 3103/3101/2500 3104/3102/2501
f 3102/3100/2499 3104/3102/2501 3105/3103/2502
f 3106/3104/2503 3101/3099/2498 3100/3098/2497
f 3107/3105/1109 3108/3106/2504 3094/3092/1112
f 3107/3105/1109 3109/3107/1121 3108/3106/2504
f 3100/3098/2497 3098/3096/2495 3094/3092/1112
f 3110/3108/2505 3102/3100/2499 3106/3104/2503
f 3094/3092/1112 3108/3106/2504 3100/3098/2497
f 3110/3108/2505 3106/3104/2503 3111/3109/2506
f 3112/3110/2507 3103/3101/2500 3113/3111/2508
f 3114/3112/2509 3102/3100/2499 3110/3108/2505
f 3111/3109/2506 3106/3104/2503 3100/3098/2497
f 3113/3111/2508 3103/3101/2500 3102/3100/2499
f 3115/3113/2510 3112/3110/2507 3113/3111/2508
f 3113/3111/2508 3102/3100/2499 3114/3112/2509
f 3116/3114/2511 3117/3115/2484 3118/3116/2433
f 3119/3117/2512 3120/3118/2157 3121/3119/2431
f 3116/3114/2511 3119/3117/2512 3121/3119/2431
f 3116/3114/2511 3118/3116/2433 3119/3117/2512
f 3122/3120/2513 3123/3121/2514 3124/3122/2515
f 3125/3123/2159 3124/3122/2515 3123/3121/2514
f 3126/3124/2434 3127/3125/2154 3128/3126/2157
f 3129/3127/2516 3130/3128/2517 3131/3129/2434
f 3129/3127/2516 3131/3129/2434 3132/3130/2518
f 3133/3131/2519 3134/3132/2520 3135/3133/2436
f 3133/3131/2519 3136/3134/2435 3134/3132/2520
f 3137/3135/2157 3133/3131/2519 3135/3133/2436
f 3138/3136/2521 3137/3135/2157 3135/3133/2436
f 3138/3136/2521 3139/3137/2440 3137/3135/2157
f 3138/3136/2521 3135/3133/2436 3140/3138/2443
f 3140/3138/2443 3141/3139/2451 3138/3136/2521
f 3142/3140/2522 3143/3141/2523 3144/3142/2197
f 3145/3143/2524 3146/3144/2525 3147/3145/2134
f 3148/3146/2526 3146/3144/2525 3145/3143/2524
f 3149/3147/2527 3146/3144/2525 3148/3146/2526
f 3150/3148/2528 3151/3149/2529 3145/3143/2524
f 3152/3150/2414 3150/3148/2528 3148/3146/2526
f 3150/3148/2528 3152/3150/2414 3151/3149/2529
f 3148/3146/2526 3145/3143/2524 3152/3150/2414
f 3153/3151/2530 3150/3148/2528 3147/3145/2531
f 3154/3152/2532 3149/3147/2527 3148/3146/2526
f 3148/3146/2526 3150/3148/2528 3155/3153/2415
f 3156/3154/2416 3148/3146/2526 3155/3153/2415
f 3155/3153/2415 3150/3148/2528 3153/3151/2530
f 3154/3152/2532 3148/3146/2526 3156/3154/2416
f 3157/3155/2533 3158/3156/2534 3159/3157/2535
f 3154/3152/2532 3156/3154/2416 3153/3151/2536
f 3159/3157/2535 3158/3156/2534 3153/3151/2536
f 3154/3152/2532 3153/3151/2536 3160/3158/2537
f 3161/3159/2538 3162/3160/2539 3163/3161/2540
f 3160/3158/2537 3153/3151/2536 3158/3156/2534
f 3164/3162/2541 3163/3161/2540 3165/3163/2542
f 3166/3164/2543 3162/3160/2539 3161/3159/2538
f 3163/3161/2540 3162/3160/2539 3165/3163/2542
f 3167/3165/2544 3168/3166/2545 3169/3167/2546
f 3170/3168/2547 3167/3165/2544 3164/3162/2541
f 3170/3168/2547 3164/3162/2541 3165/3163/2542
f 3168/3166/2545 3158/3156/2534 3169/3167/2546
f 3167/3165/2544 3170/3168/2547 3168/3166/2545
f 3160/3158/2537 3158/3156/2534 3168/3166/2545
f 3162/3160/2539 3166/3164/2543 3171/3169/2548
f 3165/3163/2542 3162/3160/2539 3172/3170/2549
f 3172/3170/2549 3162/3160/2539 3171/3169/2548
f 3173/3171/2550 3160/3158/2537 3168/3166/2545
f 3174/3172/2551 3168/3166/2545 3170/3168/2547
f 3175/3173/2552 3170/3168/2547 3165/3163/2542
f 3174/3172/2551 3170/3168/2547 3175/3173/2552
f 3176/3174/2553 3177/3175/2423 3173/3171/2550
f 3172/3170/2549 3171/3169/2548 3178/3176/2554
f 3176/3174/2553 3173/3171/2550 3168/3166/2545
f 3165/3163/2542 3172/3170/2549 3179/3177/2555
f 3168/3166/2545 3174/3172/2551 3176/3174/2553
f 3174/3172/2551 3175/3173/2552 3180/3178/2556
f 3175/3173/2552 3165/3163/2542 3179/3177/2555
f 3176/3174/2553 3174/3172/2551 3180/3178/2556
f 3178/3176/2554 3179/3177/2555 3172/3170/2549
f 3180/3178/2556 3175/3173/2552 3179/3177/2555
f 3181/3179/2557 3180/3178/2556 3179/3177/2555
f 3182/3180/2558 3183/3181/2175 3184/3182/2428
f 3185/3183/2559 3186/3184/2179 3187/3185/2533
f 3186/3184/2179 3188/3186/2560 3187/3185/2533
f 3189/3187/2561 3190/3188/2562 3191/3189/1081
f 3188/3186/2560 3192/3190/2546 3187/3185/2533
f 3193/3191/2563 3194/3192/2562 3195/3193/2564
f 3189/3187/2561 3196/3194/2565 3190/3188/2562
f 3197/3195/2566 3189/3187/2561 3191/3189/1081
f 3198/3196/2567 3192/3190/2546 3188/3186/2560
f 3199/3197/2568 3192/3190/2546 3198/3196/2567
f 3200/3198/2569 3201/3199/2570 3199/3197/2568
f 3200/3198/2569 3199/3197/2568 3202/3200/2571
f 3200/3198/2569 3202/3200/2571 3203/3201/2572
f 3203/3201/2572 3202/3200/2571 3204/3202/2573
f 3205/3203/2574 3203/3201/2572 3204/3202/2573
f 3206/3204/2562 3205/3203/2574 3204/3202/2573
f 3207/3205/2575 3190/3188/2562 3196/3194/2565
f 3208/3206/2576 3202/3200/2571 3198/3196/2567
f 3202/3200/2571 3199/3197/2568 3198/3196/2567
f 3209/3207/2577 3204/3202/2573 3202/3200/2571
f 3194/3192/2562 3210/3208/2578 3211/3209/2579
f 3199/3197/2568 3201/3199/2570 3212/3210/2580
f 3213/3211/2581 3214/3212/2582 3215/3213/2583
f 3216/3214/2579 3204/3202/2573 3209/3207/2577
f 3196/3194/2565 3217/3215/2584 3207/3205/2575
f 3192/3190/2546 3199/3197/2568 3212/3210/2580
f 3218/3216/2585 3219/3217/2180 3220/3218/2586
f 3209/3207/2577 3202/3200/2571 3221/3219/2587
f 3217/3215/2584 3222/3220/2588 3223/3221/2589
f 3207/3205/2575 3217/3215/2584 3223/3221/2589
f 3224/3222/2534 3187/3185/2533 3192/3190/2546
f 3222/3220/2588 3225/3223/2590 3223/3221/2589
f 3221/3219/2587 3202/3200/2571 3226/3224/2218
f 3227/3225/2591 3221/3219/2587 3226/3224/2218
f 3192/3190/2546 3212/3210/2580 3228/3226/2544
f 3226/3224/2218 3202/3200/2571 3208/3206/2576
f 3189/3187/2561 3229/3227/2592 3196/3194/2565
f 3230/3228/2593 3221/3219/2587 3227/3225/2591
f 3230/3228/2593 3209/3207/2577 3221/3219/2587
f 3216/3214/2579 3209/3207/2577 3231/3229/2594
f 3218/3216/2585 3213/3211/2581 3232/3230/2595
f 3218/3216/2585 3232/3230/2595 3219/3217/2180
f 3231/3229/2594 3209/3207/2577 3230/3228/2593
f 3233/3231/2596 3183/3181/2175 3182/3180/2558
f 3195/3193/2564 3194/3192/2562 3211/3209/2579
f 3234/3232/2597 3213/3211/2581 3215/3213/2583
f 3230/3228/2593 3227/3225/2591 3235/3233/2598
f 3232/3230/2595 3213/3211/2581 3234/3232/2597
f 3231/3229/2594 3236/3234/2558 3237/3235/2564
f 3216/3214/2579 3231/3229/2594 3237/3235/2564
f 3238/3236/2599 3233/3231/2596 3182/3180/2558
f 3239/3237/2600 3238/3236/2599 3182/3180/2558
f 3189/3187/2561 3240/3238/2601 3229/3227/2592
f 3241/3239/2602 3234/3232/2597 3215/3213/2583
f 3242/3240/2603 3234/3232/2597 3241/3239/2602
f 3243/3241/2604 3244/3242/2605 3245/3243/2606
f 3246/3244/2607 3244/3242/2605 3242/3240/2603
f 3238/3236/2599 3239/3237/2600 3247/3245/2608
f 3245/3243/2606 3244/3242/2605 3248/3246/2609
f 3249/3247/2610 3250/3248/2611 3251/3249/2612
f 3233/3231/2596 3238/3236/2599 3249/3247/2610
f 3246/3244/2607 3242/3240/2603 3241/3239/2602
f 3251/3249/2612 3250/3248/2611 3252/3250/2613
f 3238/3236/2599 3250/3248/2611 3249/3247/2610
f 3248/3246/2609 3244/3242/2605 3246/3244/2607
f 3250/3248/2611 3247/3245/2608 3253/3251/2614
f 3238/3236/2599 3247/3245/2608 3250/3248/2611
f 3250/3248/2611 3253/3251/2614 3254/3252/2615
f 3250/3248/2611 3254/3252/2615 3252/3250/2613
f 3255/3253/2616 3256/3254/2617 3257/3255/2618
f 3258/3256/2619 3259/3257/2616 3260/3258/2411
f 3261/3259/2620 3262/3260/2198 3263/3261/2621
f 3264/3262/2622 3265/3263/2204 3266/3264/2623
f 3267/3265/2624 3268/3266/2625 3269/3267/2201
f 3261/3259/2620 3263/3261/2621 3270/3268/2626
f 3271/3269/2627 3272/3270/2206 3273/3271/2628
f 3272/3270/2206 3274/3272/2149 3275/3273/2629
f 3269/3267/2201 3268/3266/2625 3276/3274/2630
f 3270/3268/2626 3277/3275/2631 3261/3259/2620
f 3268/3266/2625 3267/3265/2624 3278/3276/2632
f 3261/3259/2620 3277/3275/2631 3264/3262/2622
f 3279/3277/2633 3273/3271/2628 3272/3270/2206
f 3270/3268/2626 3280/3278/2634 3277/3275/2631
f 3281/3279/2635 3282/3280/2636 3279/3277/2633
f 3273/3271/2628 3279/3277/2633 3282/3280/2636
f 3268/3266/2625 3283/3281/2637 3276/3274/2630
f 3268/3266/2625 3278/3276/2632 3284/3282/2638
f 3284/3282/2638 3278/3276/2632 3285/3283/2639
f 3277/3275/2631 3280/3278/2634 3284/3282/2638
f 3286/3284/2640 3280/3278/2634 3287/3285/2641
f 3281/3279/2635 3286/3284/2640 3287/3285/2641
f 3282/3280/2636 3281/3279/2635 3287/3285/2641
f 3275/3273/2629 3279/3277/2633 3272/3270/2206
f 3288/3286/2642 3268/3266/2625 3284/3282/2638
f 3277/3275/2631 3284/3282/2638 3285/3283/2639
f 3270/3268/2626 3287/3285/2641 3280/3278/2634
f 3262/3260/2198 3289/3287/2643 3263/3261/2621
f 3288/3286/2642 3283/3281/2637 3268/3266/2625
f 3284/3282/2638 3280/3278/2634 3290/3288/2644
f 3264/3262/2622 3277/3275/2631 3285/3283/2639
f 3286/3284/2640 3291/3289/2645 3280/3278/2634
f 3263/3261/2621 3287/3285/2641 3270/3268/2626
f 3281/3279/2635 3292/3290/2646 3286/3284/2640
f 3293/3291/2647 3287/3285/2641 3263/3261/2621
f 3293/3291/2647 3282/3280/2636 3287/3285/2641
f 3294/3292/2648 3281/3279/2635 3279/3277/2633
f 3290/3288/2644 3288/3286/2642 3284/3282/2638
f 3275/3273/2629 3294/3292/2648 3279/3277/2633
f 3291/3289/2645 3290/3288/2644 3280/3278/2634
f 3289/3287/2643 3293/3291/2647 3263/3261/2621
f 3264/3262/2622 3285/3283/2639 3295/3293/2649
f 3265/3263/2204 3264/3262/2622 3295/3293/2649
f 3285/3283/2639 3278/3276/2632 3295/3293/2649
f 3295/3293/2649 3278/3276/2632 3296/3294/2650
f 3297/3295/2651 3298/3296/2652 3299/3297/2653
f 3297/3295/2651 3299/3297/2653 3300/3298/2654
f 3301/3299/2655 3297/3295/2651 3300/3298/2654
f 3301/3299/2655 3300/3298/2654 3302/3300/2656
f 3303/3301/2657 3301/3299/2655 3302/3300/2656
f 3303/3301/2657 3302/3300/2656 3304/3302/2658
f 3305/3303/2659 3301/3299/2655 3303/3301/2657
f 3306/3304/2660 3301/3299/2655 3305/3303/2659
f 3307/3305/2661 3297/3295/2651 3308/3306/2662
f 3309/3307/2663 3308/3306/2662 3306/3304/2660
f 3308/3306/2662 3297/3295/2651 3301/3299/2655
f 3308/3306/2662 3301/3299/2655 3306/3304/2660
f 3309/3307/2663 3307/3305/2661 3308/3306/2662
f 3310/3308/2624 3311/3309/2664 3312/3310/2665
f 3312/3310/2665 3313/3311/2666 3310/3308/2624
f 3314/3312/2667 3315/3313/2668 3310/3308/2624
f 3314/3312/2667 3310/3308/2624 3313/3311/2666
f 3314/3312/2667 3313/3311/2666 3316/3314/2669
f 3317/3315/2670 3313/3311/2666 3312/3310/2665
f 3317/3315/2670 3316/3314/2669 3313/3311/2666
f 3318/3316/2658 3312/3310/2665 3319/3317/2671
f 3317/3315/2670 3312/3310/2665 3318/3316/2658
f 3320/3318/2444 3321/3319/2439 3322/3320/2454
f 3323/3321/2446 3324/3322/2442 3325/3323/2672
f 3326/3324/2455 3320/3318/2444 3322/3320/2454
f 3327/3325/2440 3320/3318/2444 3326/3324/2455
f 3320/3318/2444 3327/3325/2440 3328/3326/2673
f 3326/3324/2455 3322/3320/2454 3329/3327/2674
f 3329/3327/2674 3330/3328/2675 3331/3329/2676
f 3326/3324/2455 3329/3327/2674 3331/3329/2676
f 3327/3325/2440 3326/3324/2455 3332/3330/2437
f 3333/3331/2677 3326/3324/2455 3331/3329/2676
f 3334/3332/2678 3335/3333/2137 3336/3334/2679
f 3337/3335/2680 3338/3336/2681 3339/3337/2682
f 3340/3338/2683 3339/3337/2682 3335/3333/2137
f 3334/3332/2678 3340/3338/2683 3335/3333/2137
f 3340/3338/2683 3337/3335/2680 3339/3337/2682
f 3341/3339/2684 3340/3338/2683 3334/3332/2678
f 3342/3340/2606 3334/3332/2678 3336/3334/2679
f 3343/3341/2602 3340/3338/2683 3341/3339/2684
f 3344/3342/2609 3334/3332/2678 3342/3340/2606
f 3343/3341/2602 3337/3335/2680 3340/3338/2683
f 3344/3342/2609 3341/3339/2684 3334/3332/2678
f 3345/3343/2685 3346/3344/2665 3347/3345/2201
f 3345/3343/2685 3347/3345/2201 3348/3346/2686
f 3345/3343/2685 3349/3347/2687 3346/3344/2665
f 3345/3343/2685 3348/3346/2686 3350/3348/2688
f 3350/3348/2688 3348/3346/2686 3351/3349/2649
f 3350/3348/2688 3351/3349/2649 3352/3350/2689
f 3353/3351/2690 3349/3347/2687 3345/3343/2685
f 3353/3351/2690 3345/3343/2685 3350/3348/2688
f 3354/3352/2691 3353/3351/2690 3350/3348/2688
f 3354/3352/2691 3350/3348/2688 3355/3353/2661
f 3356/3354/2692 3357/3355/2693 3354/3352/2691
f 3354/3352/2691 3355/3353/2661 3356/3354/2692
f 3358/3356/2657 3359/3357/2694 3349/3347/2687
f 3357/3355/2693 3353/3351/2690 3354/3352/2691
f 3358/3356/2657 3349/3347/2687 3353/3351/2690
f 3355/3353/2661 3350/3348/2688 3352/3350/2689
f 3360/3358/2695 3361/3359/2418 3362/3360/2415
f 3361/3359/2418 3360/3358/2695 3363/3361/2696
f 3363/3361/2696 3364/3362/2412 3361/3359/2418
f 3365/3363/2697 3366/3364/2698 3367/3365/2699
f 3368/3366/2700 3369/3367/2627 3366/3364/2698
f 3370/3368/2701 3369/3367/2627 3368/3366/2700
f 3371/3369/2702 3366/3364/2698 3365/3363/2697
f 3368/3366/2700 3366/3364/2698 3371/3369/2702
f 3372/3370/2703 3370/3368/2701 3368/3366/2700
f 3373/3371/2704 3370/3368/2701 3372/3370/2703
f 3374/3372/2705 3371/3369/2702 3365/3363/2697
f 3368/3366/2700 3371/3369/2702 3374/3372/2705
f 3372/3370/2703 3368/3366/2700 3374/3372/2705
f 3375/3373/2472 3376/3374/2455 3377/3375/2456
f 3375/3373/2472 3378/3376/2457 3376/3374/2455
f 3379/3377/2462 3380/3378/2706 3381/3379/2464
f 3379/3377/2462 3375/3373/2472 3380/3378/2706
f 3375/3373/2472 3377/3375/2456 3380/3378/2706
f 3378/3376/2457 3375/3373/2472 3382/3380/2707
f 3383/3381/2708 3384/3382/2709 3385/3383/2458
f 3383/3381/2708 3386/3384/2710 3384/3382/2709
f 3387/3385/2601 3388/3386/2711 3389/3387/1073
f 3390/3388/2697 3391/3389/2699 3392/3390/2647
f 3393/3391/2712 3394/3392/2713 3395/3393/2714
f 3396/3394/2715 3393/3391/2712 3395/3393/2714
f 3390/3388/2697 3392/3390/2647 3394/3392/2713
f 3393/3391/2712 3390/3388/2697 3394/3392/2713
f 3397/3395/2716 3390/3388/2697 3393/3391/2712
f 3398/3396/2717 3393/3391/2712 3396/3394/2715
f 3397/3395/2716 3393/3391/2712 3398/3396/2717
f 3399/3397/2718 3398/3396/2717 3396/3394/2715
f 3397/3395/2716 3398/3396/2717 3400/3398/2719
f 3398/3396/2717 3399/3397/2718 3401/3399/2720
f 3400/3398/2719 3402/3400/2721 3397/3395/2716
f 3403/3401/2588 3404/3402/2722 3405/3403/2538
f 3406/3404/2723 3407/3405/2724 3408/3406/2725
f 3409/3407/2726 3410/3408/2727 3407/3405/2724
f 3407/3405/2724 3406/3404/2723 3409/3407/2726
f 3410/3408/2727 3403/3401/2588 3407/3405/2724
f 3411/3409/2728 3404/3402/2722 3403/3401/2588
f 3412/3410/2601 3409/3407/2726 3406/3404/2723
f 3410/3408/2727 3411/3409/2728 3403/3401/2588
f 3412/3410/2601 3413/3411/2729 3409/3407/2726
f 3414/3412/2548 3404/3402/2722 3411/3409/2728
f 3415/3413/2730 3410/3408/2727 3409/3407/2726
f 3416/3414/2731 3414/3412/2548 3411/3409/2728
f 3410/3408/2727 3417/3415/2732 3411/3409/2728
f 3416/3414/2731 3411/3409/2728 3417/3415/2732
f 3409/3407/2726 3413/3411/2729 3418/3416/2733
f 3419/3417/2734 3414/3412/2548 3416/3414/2731
f 3418/3416/2733 3415/3413/2730 3409/3407/2726
f 3420/3418/2735 3418/3416/2733 3413/3411/2729
f 3415/3413/2730 3417/3415/2732 3410/3408/2727
f 3421/3419/2736 3419/3417/2734 3416/3414/2731
f 3422/3420/2737 3415/3413/2730 3418/3416/2733
f 3418/3416/2733 3420/3418/2735 3423/3421/2738
f 3424/3422/2739 3417/3415/2732 3415/3413/2730
f 3417/3415/2732 3425/3423/2740 3416/3414/2731
f 3423/3421/2738 3422/3420/2737 3418/3416/2733
f 3425/3423/2740 3417/3415/2732 3424/3422/2739
f 3421/3419/2736 3416/3414/2731 3425/3423/2740
f 3415/3413/2730 3422/3420/2737 3424/3422/2739
f 3426/3424/2707 3427/3425/2741 3428/3426/2742
f 3429/3427/2743 3428/3426/2742 3430/3428/2677
f 3428/3426/2742 3429/3427/2743 3431/3429/2474
f 3426/3424/2707 3428/3426/2742 3431/3429/2474
f 3432/3430/2744 3433/3431/2745 3434/3432/2465
f 3435/3433/2746 3436/3434/2747 3437/3435/2748
f 3435/3433/2746 3437/3435/2748 3438/3436/2749
f 3439/3437/2750 3440/3438/2751 3441/3439/2752
f 3440/3438/2751 3435/3433/2746 3442/3440/2753
f 3441/3439/2752 3440/3438/2751 3442/3440/2753
f 3443/3441/2594 3444/3442/2593 3441/3439/2752
f 3445/3443/2608 3441/3439/2752 3442/3440/2753
f 3443/3441/2594 3441/3439/2752 3445/3443/2608
f 3442/3440/2753 3435/3433/2746 3446/3444/2614
f 3435/3433/2746 3438/3436/2749 3446/3444/2614
f 3445/3443/2608 3442/3440/2753 3446/3444/2614
f 3446/3444/2614 3438/3436/2749 3447/3445/2754
f 3448/3446/2258 3449/3447/2755 3450/3448/2756
f 3450/3448/2756 3449/3447/2755 3451/3449/2757
f 3452/3450/2758 3453/3451/2263 3454/3452/2759
f 3452/3450/2758 3455/3453/2760 3453/3451/2263
f 3450/3448/2756 3451/3449/2757 3456/3454/2269
f 3454/3452/2759 3453/3451/2263 3448/3446/2258
f 3457/3455/2273 3455/3453/2760 3452/3450/2758
f 3454/3452/2759 3448/3446/2258 3458/3456/2761
f 3458/3456/2761 3448/3446/2258 3450/3448/2756
f 3459/3457/2303 3452/3450/2758 3454/3452/2759
f 3457/3455/2273 3452/3450/2758 3459/3457/2303
f 3460/3458/2283 3461/3459/2276 3462/3460/2319
f 3463/3461/2762 3457/3455/2273 3459/3457/2303
f 3464/3462/2763 3450/3448/2756 3456/3454/2269
f 3465/3463/2764 3460/3458/2283 3462/3460/2319
f 3466/3464/2765 3456/3454/2269 3467/3465/2283
f 3466/3464/2765 3464/3462/2763 3456/3454/2269
f 3468/3466/2311 3450/3448/2756 3464/3462/2763
f 3450/3448/2756 3468/3466/2311 3458/3456/2761
f 3466/3464/2765 3467/3465/2283 3469/3467/2766
f 3470/3468/2767 3469/3467/2766 3471/3469/2768
f 3462/3460/2319 3461/3459/2276 3472/3470/2317
f 3469/3467/2766 3470/3468/2767 3473/3471/2769
f 3470/3468/2767 3474/3472/2770 3473/3471/2769
f 3475/3473/2771 3469/3467/2766 3473/3471/2769
f 3458/3456/2761 3459/3457/2303 3454/3452/2759
f 3475/3473/2771 3466/3464/2765 3469/3467/2766
f 3471/3469/2768 3476/3474/2772 3470/3468/2767
f 3477/3475/2773 3478/3476/2774 3466/3464/2765
f 3466/3464/2765 3475/3473/2771 3477/3475/2773
f 3473/3471/2769 3474/3472/2770 3479/3477/2775
f 3479/3477/2775 3475/3473/2771 3473/3471/2769
f 3479/3477/2775 3480/3478/2776 3475/3473/2771
f 3480/3478/2776 3477/3475/2773 3475/3473/2771
f 3481/3479/2777 3477/3475/2773 3480/3478/2776
f 3479/3477/2775 3482/3480/2778 3480/3478/2776
f 3482/3480/2778 3481/3479/2777 3480/3478/2776
f 3483/3481/2779 3484/3482/2747 3485/3483/2780
f 3486/3484/2781 3487/3485/2782 3484/3482/2747
f 3486/3484/2781 3484/3482/2747 3483/3481/2779
f 3486/3484/2781 3483/3481/2779 3488/3486/2222
f 3489/3487/2783 3487/3485/2782 3486/3484/2781
f 3490/3488/2610 3486/3484/2781 3488/3486/2222
f 3489/3487/2783 3486/3484/2781 3490/3488/2610
f 3490/3488/2610 3488/3486/2222 3491/3489/2596
f 3492/3490/2784 3493/3491/2748 3494/3492/2785
f 3494/3492/2785 3495/3493/2786 3492/3490/2784
f 3492/3490/2784 3495/3493/2786 3496/3494/2787
f 3497/3495/2788 3498/3496/2789 3499/3497/2790
f 3492/3490/2784 3496/3494/2787 3500/3498/2791
f 3501/3499/2615 3492/3490/2784 3500/3498/2791
f 3497/3495/2788 3499/3497/2790 3502/3500/2792
f 3502/3500/2792 3499/3497/2790 3501/3499/2615
f 3503/3501/2793 3502/3500/2792 3501/3499/2615
f 3504/3502/2794 3497/3495/2788 3502/3500/2792
f 3505/3503/2795 3497/3495/2788 3504/3502/2794
f 3503/3501/2793 3501/3499/2615 3500/3498/2791
f 3506/3504/2796 3507/3505/2788 3508/3506/2797
f 3509/3507/2798 3510/3508/2799 3511/3509/2800
f 3512/3510/2801 3502/3500/2792 3503/3501/2793
f 3503/3501/2793 3513/3511/2802 3514/3512/2803
f 3514/3512/2803 3513/3511/2802 3515/3513/2804
f 3513/3511/2802 3503/3501/2793 3516/3514/2805
f 3517/3515/2806 3514/3512/2803 3515/3513/2804
f 3516/3514/2805 3503/3501/2793 3500/3498/2791
f 3516/3514/2805 3500/3498/2791 3518/3516/2807
f 3518/3516/2807 3500/3498/2791 3519/3517/2808
f 3515/3513/2804 3513/3511/2802 3520/3518/2809
f 3515/3513/2804 3521/3519/2810 3517/3515/2806
f 3520/3518/2809 3513/3511/2802 3522/3520/2811
f 3523/3521/2812 3524/3522/2813 3517/3515/2806
f 3517/3515/2806 3521/3519/2810 3523/3521/2812
f 3525/3523/2752 3526/3524/2814 3527/3525/2222
f 3528/3526/2815 3529/3527/2792 3530/3528/2816
f 3531/3529/2817 3532/3530/2818 3533/3531/2796
f 3534/3532/2819 3535/3533/2820 3536/3534/2821
f 3534/3532/2819 3537/3535/2822 3535/3533/2820
f 3528/3526/2815 3530/3528/2816 3533/3531/2796
f 3533/3531/2796 3530/3528/2816 3538/3536/2823
f 3538/3536/2823 3531/3529/2817 3533/3531/2796
f 3537/3535/2822 3534/3532/2819 3539/3537/2824
f 3540/3538/2825 3535/3533/2820 3537/3535/2822
f 3541/3539/2826 3542/3540/2827 3543/3541/2828
f 3544/3542/2803 3538/3536/2823 3530/3528/2816
f 3534/3532/2819 3545/3543/2829 3539/3537/2824
f 3546/3544/2830 3542/3540/2827 3538/3536/2823
f 3541/3539/2826 3538/3536/2823 3542/3540/2827
f 3538/3536/2823 3541/3539/2826 3547/3545/2831
f 3544/3542/2803 3530/3528/2816 3548/3546/2832
f 3538/3536/2823 3547/3545/2831 3531/3529/2817
f 3543/3541/2828 3549/3547/2833 3541/3539/2826
f 3543/3541/2828 3550/3548/2834 3549/3547/2833
f 3551/3549/2835 3539/3537/2824 3545/3543/2829
f 3552/3550/2836 3553/3551/2339 3554/3552/2837
f 3538/3536/2823 3544/3542/2803 3546/3544/2830
f 3555/3553/2838 3556/3554/2839 3557/3555/2840
f 3543/3541/2828 3540/3538/2825 3558/3556/2841
f 3550/3548/2834 3543/3541/2828 3558/3556/2841
f 3559/3557/2842 3560/3558/2843 3561/3559/2330
f 3562/3560/2844 3540/3538/2825 3537/3535/2822
f 3558/3556/2841 3540/3538/2825 3562/3560/2844
f 3559/3557/2842 3552/3550/2836 3554/3552/2837
f 3554/3552/2837 3560/3558/2843 3559/3557/2842
f 3559/3557/2842 3561/3559/2330 3563/3561/2845
f 3564/3562/2846 3565/3563/2847 3566/3564/2848
f 3567/3565/2849 3568/3566/2850 3569/3567/2851
f 3570/3568/2351 3571/3569/2852 3554/3552/2837
f 3572/3570/2853 3573/3571/2854 3574/3572/2855
f 3575/3573/2856 3554/3552/2837 3571/3569/2852
f 3558/3556/2841 3562/3560/2844 3576/3574/2857
f 3577/3575/2858 3578/3576/2851 3579/3577/2859
f 3580/3578/2860 3581/3579/2861 3582/3580/2348
f 3583/3581/2862 3584/3582/2377 3585/3583/2378
f 3586/3584/2346 3587/3585/2863 3588/3586/2366
f 3589/3587/2864 3575/3573/2856 3571/3569/2852
f 3590/3588/2865 3591/3589/2866 3574/3572/2855
f 3560/3558/2843 3554/3552/2837 3575/3573/2856
f 3592/3590/2867 3593/3591/2868 3594/3592/2869
f 3566/3564/2848 3595/3593/2870 3596/3594/2871
f 3581/3579/2861 3583/3581/2862 3571/3569/2852
f 3585/3583/2378 3597/3595/2872 3583/3581/2862
f 3566/3564/2848 3598/3596/2873 3595/3593/2870
f 3571/3569/2852 3582/3580/2348 3581/3579/2861
f 3583/3581/2862 3597/3595/2872 3589/3587/2864
f 3597/3595/2872 3575/3573/2856 3589/3587/2864
f 3599/3597/2874 3563/3561/2845 3561/3559/2330
f 3600/3598/2875 3601/3599/2867 3573/3571/2854
f 3594/3592/2869 3602/3600/2876 3603/3601/2877
f 3603/3601/2877 3602/3600/2876 3564/3562/2846
f 3602/3600/2876 3565/3563/2847 3564/3562/2846
f 3604/3602/1127 3605/3603/2878 3606/3604/2879
f 3607/3605/2880 3584/3582/2377 3608/3606/2881
f 3578/3576/2851 3581/3579/2861 3580/3578/2860
f 3608/3606/2881 3584/3582/2377 3581/3579/2861
f 3584/3582/2377 3583/3581/2862 3581/3579/2861
f 3589/3587/2864 3571/3569/2852 3583/3581/2862
f 3588/3586/2366 3587/3585/2863 3609/3607/2882
f 3602/3600/2876 3594/3592/2869 3593/3591/2868
f 3610/3608/2883 3550/3548/2834 3558/3556/2841
f 3611/3609/2884 3612/3610/2885 3613/3611/2396
f 3604/3602/1127 3614/3612/2886 3615/3613/2887
f 3611/3609/2884 3613/3611/2396 3616/3614/2381
f 3617/3615/2888 3611/3609/2884 3616/3614/2381
f 3604/3602/1127 3618/3616/2889 3614/3612/2886
f 3619/3617/2890 3617/3615/2888 3616/3614/2381
f 3618/3616/2889 3620/3618/2891 3621/3619/2892
f 3622/3620/2384 3623/3621/2893 3619/3617/2890
f 3623/3621/2893 3622/3620/2384 3624/3622/2894
f 3579/3577/2859 3625/3623/2895 3626/3624/2896
f 3607/3605/2880 3627/3625/2897 3624/3622/2894
f 3628/3626/2898 3629/3627/2899 3630/3628/2900
f 3628/3626/2898 3631/3629/2901 3629/3627/2899
f 3627/3625/2897 3607/3605/2880 3608/3606/2881
f 3632/3630/2902 3629/3627/2899 3631/3629/2901
f 3633/3631/2903 3632/3630/2902 3634/3632/2904
f 3632/3630/2902 3635/3633/2905 3634/3632/2904
f 3636/3634/2906 3634/3632/2904 3635/3633/2905
f 3634/3632/2904 3636/3634/2906 3633/3631/2903
f 3637/3635/2907 3638/3636/2908 3639/3637/2909
f 3600/3598/2875 3573/3571/2854 3572/3570/2853
f 3604/3602/1127 3606/3604/2879 3618/3616/2889
f 3621/3619/2892 3620/3618/2891 3640/3638/2910
f 3628/3626/2898 3640/3638/2910 3620/3618/2891
f 3640/3638/2910 3628/3626/2898 3630/3628/2900
f 3631/3629/2901 3628/3626/2898 3641/3639/2911
f 3627/3625/2897 3608/3606/2881 3577/3575/2858
f 3608/3606/2881 3581/3579/2861 3577/3575/2858
f 3581/3579/2861 3578/3576/2851 3577/3575/2858
f 3642/3640/2845 3588/3586/2366 3609/3607/2882
f 3643/3641/2912 3588/3586/2366 3642/3640/2845
f 3644/3642/2913 3645/3643/2914 3646/3644/2915
f 3601/3599/2867 3600/3598/2875 3647/3645/2916
f 3549/3547/2833 3550/3548/2834 3648/3646/2917
f 3611/3609/2884 3617/3615/2888 3649/3647/2380
f 3617/3615/2888 3650/3648/2918 3649/3647/2380
f 3618/3616/2889 3621/3619/2892 3614/3612/2886
f 3606/3604/2879 3651/3649/2919 3618/3616/2889
f 3618/3616/2889 3651/3649/2919 3620/3618/2891
f 3617/3615/2888 3619/3617/2890 3623/3621/2893
f 3652/3650/2920 3579/3577/2859 3626/3624/2896
f 3624/3622/2894 3627/3625/2897 3623/3621/2893
f 3653/3651/2921 3625/3623/2895 3579/3577/2859
f 3627/3625/2897 3577/3575/2858 3579/3577/2859
f 3646/3644/2915 3654/3652/2922 3644/3642/2913
f 3655/3653/2807 3644/3642/2913 3654/3652/2922
f 3656/3654/2807 3657/3655/2923 3658/3656/2924
f 3659/3657/1121 3604/3602/1127 3615/3613/2887
f 3649/3647/2380 3650/3648/2918 3660/3658/2388
f 3617/3615/2888 3623/3621/2893 3650/3648/2918
f 3660/3658/2388 3650/3648/2918 3652/3650/2920
f 3623/3621/2893 3652/3650/2920 3650/3648/2918
f 3660/3658/2388 3652/3650/2920 3626/3624/2896
f 3652/3650/2920 3623/3621/2893 3579/3577/2859
f 3579/3577/2859 3623/3621/2893 3627/3625/2897
f 3661/3659/2925 3633/3631/2903 3636/3634/2906
f 3662/3660/2866 3639/3637/2909 3638/3636/2908
f 3658/3656/2924 3663/3661/2926 3656/3654/2807
f 3657/3655/2923 3664/3662/2927 3658/3656/2924
f 3658/3656/2924 3664/3662/2927 3665/3663/2928
f 3666/3664/2929 3667/3665/2930 3668/3666/2931
f 3669/3667/2932 3670/3668/2504 3615/3613/2887
f 3671/3669/2933 3668/3666/2931 3667/3665/2930
f 3671/3669/2933 3667/3665/2930 3611/3609/2884
f 3615/3613/2887 3670/3668/2504 3659/3657/1121
f 3614/3612/2886 3672/3670/2934 3615/3613/2887
f 3611/3609/2884 3649/3647/2380 3671/3669/2933
f 3641/3639/2911 3628/3626/2898 3620/3618/2891
f 3631/3629/2901 3673/3671/2935 3632/3630/2902
f 3674/3672/2936 3675/3673/2937 3676/3674/1122
f 3677/3675/2938 3574/3572/2855 3591/3589/2866
f 3644/3642/2913 3678/3676/2939 3645/3643/2914
f 3679/3677/2940 3663/3661/2926 3658/3656/2924
f 3680/3678/2941 3658/3656/2924 3665/3663/2928
f 3681/3679/2942 3682/3680/2943 3683/3681/2944
f 3612/3610/2885 3611/3609/2884 3667/3665/2930
f 3684/3682/2945 3669/3667/2932 3615/3613/2887
f 3613/3611/2396 3612/3610/2885 3685/3683/2946
f 3621/3619/2892 3640/3638/2910 3686/3684/2947
f 3651/3649/2919 3687/3685/2948 3620/3618/2891
f 3687/3685/2948 3641/3639/2911 3620/3618/2891
f 3688/3686/1130 3631/3629/2901 3641/3639/2911
f 3673/3671/2935 3631/3629/2901 3688/3686/1130
f 3632/3630/2902 3689/3687/2949 3629/3627/2899
f 3673/3671/2935 3635/3633/2905 3632/3630/2902
f 3632/3630/2902 3633/3631/2903 3689/3687/2949
f 3635/3633/2905 3676/3674/1122 3636/3634/2906
f 3690/3688/2386 3633/3631/2903 3661/3659/2925
f 3676/3674/1122 3675/3673/2937 3636/3634/2906
f 3675/3673/2937 3674/3672/2936 3691/3689/2425
f 3663/3661/2926 3692/3690/2950 3656/3654/2807
f 3693/3691/2940 3694/3692/2951 3695/3693/2952
f 3557/3555/2840 3696/3694/2953 3555/3553/2838
f 3665/3663/2928 3664/3662/2927 3697/3695/2954
f 3698/3696/2955 3658/3656/2924 3699/3697/2956
f 3699/3697/2956 3658/3656/2924 3700/3698/2957
f 3680/3678/2941 3665/3663/2928 3701/3699/2958
f 3680/3678/2941 3700/3698/2957 3658/3656/2924
f 3702/3700/2959 3558/3556/2841 3576/3574/2857
f 3558/3556/2841 3703/3701/2960 3610/3608/2883
f 3615/3613/2887 3672/3670/2934 3684/3682/2945
f 3692/3690/2950 3704/3702/2811 3656/3654/2807
f 3705/3703/2955 3694/3692/2951 3693/3691/2940
f 3706/3704/2961 3699/3697/2956 3700/3698/2957
f 3707/3705/2962 3602/3600/2876 3593/3591/2868
f 3595/3593/2870 3598/3596/2873 3708/3706/2963
f 3591/3589/2866 3675/3673/2937 3691/3689/2425
f 3572/3570/2853 3574/3572/2855 3709/3707/2964
f 3704/3702/2811 3710/3708/2965 3656/3654/2807
f 3656/3654/2807 3711/3709/2966 3657/3655/2923
f 3698/3696/2955 3679/3677/2940 3658/3656/2924
f 3712/3710/2967 3699/3697/2956 3706/3704/2961
f 3614/3612/2886 3713/3711/2968 3672/3670/2934
f 3629/3627/2899 3714/3712/2969 3630/3628/2900
f 3633/3631/2903 3690/3688/2386 3715/3713/2970
f 3663/3661/2926 3716/3714/2971 3692/3690/2950
f 3664/3662/2927 3657/3655/2923 3717/3715/2972
f 3700/3698/2957 3680/3678/2941 3718/3716/2973
f 3602/3600/2876 3707/3705/2962 3565/3563/2847
f 3565/3563/2847 3598/3596/2873 3566/3564/2848
f 3565/3563/2847 3719/3717/2974 3598/3596/2873
f 3708/3706/2963 3598/3596/2873 3719/3717/2974
f 3720/3718/2975 3612/3610/2885 3667/3665/2930
f 3612/3610/2885 3720/3718/2975 3685/3683/2946
f 3669/3667/2932 3684/3682/2945 3721/3719/2976
f 3684/3682/2945 3613/3611/2396 3685/3683/2946
f 3713/3711/2968 3614/3612/2886 3621/3619/2892
f 3621/3619/2892 3686/3684/2947 3713/3711/2968
f 3686/3684/2947 3640/3638/2910 3722/3720/2385
f 3640/3638/2910 3630/3628/2900 3722/3720/2385
f 3723/3721/2977 3629/3627/2899 3689/3687/2949
f 3723/3721/2977 3689/3687/2949 3715/3713/2970
f 3633/3631/2903 3715/3713/2970 3689/3687/2949
f 3636/3634/2906 3675/3673/2937 3661/3659/2925
f 3724/3722/2978 3677/3675/2938 3591/3589/2866
f 3574/3572/2855 3677/3675/2938 3709/3707/2964
f 3725/3723/2736 3726/3724/2555 3727/3725/2554
f 3696/3694/2953 3557/3555/2840 3728/3726/2979
f 3679/3677/2940 3729/3727/2812 3663/3661/2926
f 3600/3598/2875 3730/3728/2980 3647/3645/2916
f 3685/3683/2946 3721/3719/2976 3684/3682/2945
f 3722/3720/2385 3630/3628/2900 3714/3712/2969
f 3629/3627/2899 3723/3721/2977 3714/3712/2969
f 3675/3673/2937 3591/3589/2866 3590/3588/2865
f 3731/3729/2556 3732/3730/2981 3733/3731/2907
f 3734/3732/2982 3645/3643/2914 3678/3676/2939
f 3572/3570/2853 3709/3707/2964 3735/3733/2983
f 3735/3733/2983 3600/3598/2875 3572/3570/2853
f 3730/3728/2980 3600/3598/2875 3735/3733/2983
f 3736/3734/2984 3729/3727/2812 3679/3677/2940
f 3737/3735/2985 3700/3698/2957 3718/3716/2973
f 3708/3706/2963 3738/3736/2986 3739/3737/2987
f 3724/3722/2978 3733/3731/2907 3732/3730/2981
f 3645/3643/2914 3734/3732/2982 3740/3738/2988
f 3741/3739/2989 3726/3724/2555 3725/3723/2736
f 3647/3645/2916 3730/3728/2980 3742/3740/2990
f 3743/3741/2740 3744/3742/2991 3745/3743/2736
f 3746/3744/2992 3744/3742/2991 3743/3741/2740
f 3742/3740/2990 3747/3745/2962 3647/3645/2916
f 3703/3701/2960 3558/3556/2841 3702/3700/2959
f 3719/3717/2974 3565/3563/2847 3707/3705/2962
f 3720/3718/2975 3748/3746/2509 3685/3683/2946
f 3724/3722/2978 3749/3747/2993 3677/3675/2938
f 3732/3730/2981 3750/3748/2994 3724/3722/2978
f 3749/3747/2993 3724/3722/2978 3751/3749/2995
f 3752/3750/2996 3732/3730/2981 3731/3729/2556
f 3677/3675/2938 3749/3747/2993 3709/3707/2964
f 3753/3751/2997 3754/3752/2998 3740/3738/2988
f 3734/3732/2982 3753/3751/2997 3740/3738/2988
f 3710/3708/2999 3751/3749/2995 3750/3748/2994
f 3754/3752/2998 3755/3753/3000 3740/3738/2988
f 3741/3739/2989 3756/3754/3001 3726/3724/2555
f 3754/3752/2998 3757/3755/3002 3755/3753/3000
f 3709/3707/2964 3758/3756/3003 3735/3733/2983
f 3755/3753/3000 3757/3755/3002 3728/3726/2979
f 3728/3726/2979 3757/3755/3002 3745/3743/2736
f 3730/3728/2980 3759/3757/3004 3760/3758/3005
f 3761/3759/3006 3694/3692/2951 3705/3703/2955
f 3694/3692/2951 3761/3759/3006 3762/3760/3007
f 3712/3710/2967 3706/3704/2961 3763/3761/3008
f 3681/3679/2942 3744/3742/2991 3746/3744/2992
f 3763/3761/3008 3764/3762/3009 3712/3710/2967
f 3682/3680/2943 3681/3679/2942 3765/3763/3010
f 3737/3735/2985 3718/3716/2973 3766/3764/2883
f 3747/3745/2962 3742/3740/2990 3764/3762/3009
f 3764/3762/3009 3763/3761/3008 3767/3765/3011
f 3764/3762/3009 3767/3765/3011 3747/3745/2962
f 3576/3574/2857 3768/3766/3010 3702/3700/2959
f 3746/3744/2992 3765/3763/3010 3681/3679/2942
f 3737/3735/2985 3766/3764/2883 3769/3767/3012
f 3746/3744/2992 3739/3737/2987 3765/3763/3010
f 3766/3764/2883 3770/3768/2960 3771/3769/3013
f 3770/3768/2960 3772/3770/2959 3771/3769/3013
f 3767/3765/3011 3769/3767/3012 3766/3764/2883
f 3767/3765/3011 3766/3764/2883 3771/3769/3013
f 3738/3736/2986 3765/3763/3010 3739/3737/2987
f 3738/3736/2986 3708/3706/2963 3719/3717/2974
f 3675/3673/2937 3590/3588/2865 3661/3659/2925
f 3750/3748/2994 3751/3749/2995 3724/3722/2978
f 3773/3771/2994 3753/3751/2997 3678/3676/2939
f 3678/3676/2939 3753/3751/2997 3734/3732/2982
f 3749/3747/2993 3758/3756/3003 3709/3707/2964
f 3758/3756/3003 3749/3747/2993 3716/3714/2971
f 3729/3727/2812 3736/3734/2984 3735/3733/2983
f 3735/3733/2983 3736/3734/2984 3759/3757/3004
f 3735/3733/2983 3759/3757/3004 3730/3728/2980
f 3745/3743/2736 3696/3694/2953 3728/3726/2979
f 3745/3743/2736 3744/3742/2991 3696/3694/2953
f 3774/3772/3014 3696/3694/2953 3744/3742/2991
f 3760/3758/3005 3742/3740/2990 3730/3728/2980
f 3774/3772/3014 3744/3742/2991 3775/3773/3015
f 3760/3758/3005 3776/3774/3006 3742/3740/2990
f 3771/3769/3013 3772/3770/2959 3777/3775/3010
f 3767/3765/3011 3763/3761/3008 3769/3767/3012
f 3778/3776/3016 3779/3777/3017 3780/3778/3018
f 3781/3779/3019 3778/3776/3016 3780/3778/3018
f 3781/3779/3019 3782/3780/3020 3778/3776/3016
f 3782/3780/3020 3781/3779/3019 3783/3781/2939
f 3782/3780/3020 3783/3781/2939 3784/3782/2913
f 3785/3783/2697 3786/3784/3021 3787/3785/3022
f 3787/3785/3022 3786/3784/3021 3788/3786/3023
f 3789/3787/2703 3787/3785/3022 3788/3786/3023
f 3789/3787/2703 3788/3786/3023 3790/3788/3024
f 3791/3789/3025 3792/3790/2289 3793/3791/3026
f 3793/3791/3026 3794/3792/3027 3791/3789/3025
f 3795/3793/3028 3794/3792/3027 3796/3794/3029
f 3796/3794/3029 3794/3792/3027 3797/3795/3030
f 3798/3796/2770 3795/3793/3028 3796/3794/3029
f 3794/3792/3027 3793/3791/3026 3797/3795/3030
f 3799/3797/3031 3798/3796/2770 3796/3794/3029
f 3798/3796/2770 3799/3797/3031 3800/3798/2775
f 3797/3795/3030 3801/3799/3032 3796/3794/3029
f 3796/3794/3029 3801/3799/3032 3799/3797/3031
f 3799/3797/3031 3801/3799/3032 3802/3800/3033
f 3799/3797/3031 3803/3801/3034 3800/3798/2775
f 3799/3797/3031 3802/3800/3033 3803/3801/3034
f 3800/3798/2775 3803/3801/3034 3804/3802/3035
f 3802/3800/3033 3805/3803/3036 3803/3801/3034
f 3804/3802/3035 3803/3801/3034 3805/3803/3036
f 3806/3804/2613 3807/3805/2782 3808/3806/2612
f 3809/3807/3037 3810/3808/3038 3811/3809/3039
f 3812/3810/2603 3811/3809/3039 3810/3808/3038
f 3813/3811/2815 3810/3808/3038 3809/3807/3037
f 3814/3812/2789 3813/3811/2815 3809/3807/3037
f 3812/3810/2603 3810/3808/3038 3815/3813/3040
f 3816/3814/3041 3813/3811/2815 3814/3812/2789
f 3817/3815/3042 3818/3816/3041 3819/3817/3043
f 3814/3812/2789 3820/3818/3044 3816/3814/3041
f 3821/3819/3045 3819/3817/3043 3818/3816/3041
f 3822/3820/3046 3813/3811/2815 3820/3818/2796
f 3823/3821/3047 3810/3808/3038 3813/3811/2815
f 3822/3820/3046 3823/3821/3047 3813/3811/2815
f 3822/3820/3046 3824/3822/3048 3823/3821/3047
f 3825/3823/3048 3819/3817/3043 3821/3819/3045
f 3826/3824/3049 3825/3823/3048 3821/3819/3045
f 3810/3808/3038 3827/3825/3050 3815/3813/3040
f 3815/3813/3040 3828/3826/3051 3829/3827/2939
f 3823/3821/3047 3827/3825/3050 3810/3808/3038
f 3827/3825/3050 3828/3826/3051 3815/3813/3040
f 3824/3822/3048 3830/3828/3052 3823/3821/3047
f 3831/3829/3053 3826/3824/3049 3821/3819/3045
f 3832/3830/3054 3830/3828/3052 3824/3822/3048
f 3827/3825/3050 3833/3831/3055 3828/3826/3051
f 3829/3827/2939 3828/3826/3051 3833/3831/3055
f 3832/3830/3054 3834/3832/2995 3830/3828/3052
f 3826/3824/3049 3831/3829/3053 3835/3833/3003
f 3836/3834/2983 3835/3833/3003 3831/3829/3053
f 3837/3835/3056 3838/3836/3057 3839/3837/2715
f 3840/3838/3021 3841/3839/3058 3837/3835/3056
f 3838/3836/3057 3837/3835/3056 3842/3840/3059
f 3837/3835/3056 3841/3839/3058 3842/3840/3059
f 3843/3841/3060 3838/3836/3057 3842/3840/3059
f 3842/3840/3059 3841/3839/3058 3844/3842/3061
f 3844/3842/3061 3841/3839/3058 3845/3843/3062
f 3843/3841/3060 3846/3844/3063 3847/3845/3064
f 3846/3844/3063 3843/3841/3060 3842/3840/3059
f 3848/3846/3065 3844/3842/3061 3845/3843/3062
f 3849/3847/3066 3850/3848/3067 3851/3849/3068
f 3842/3840/3059 3844/3842/3061 3852/3850/3069
f 3849/3847/3066 3851/3849/3068 3853/3851/3070
f 3854/3852/3071 3846/3844/3063 3842/3840/3059
f 3852/3850/3069 3854/3852/3071 3842/3840/3059
f 3845/3843/3062 3855/3853/3072 3848/3846/3065
f 3856/3854/3073 3857/3855/3027 3858/3856/2299
f 3859/3857/3074 3858/3856/2299 3857/3855/3027
f 3860/3858/3075 3861/3859/3076 3862/3860/3077
f 3863/3861/3078 3864/3862/3079 3865/3863/3080
f 3864/3862/3081 3866/3864/3082 3861/3859/3076
f 3867/3865/3083 3868/3866/3084 3869/3867/3085
f 3866/3864/3082 3862/3860/3077 3861/3859/3076
f 3870/3868/3058 3871/3869/2719 3869/3867/3085
f 3872/3870/3086 3863/3861/3078 3865/3863/3080
f 3873/3871/3087 3868/3866/3084 3874/3872/3088
f 3874/3872/3088 3868/3866/3084 3875/3873/3089
f 3864/3862/3079 3863/3861/3078 3876/3874/3090
f 3869/3867/3085 3868/3866/3084 3873/3871/3087
f 3877/3875/3091 3869/3867/3085 3873/3871/3087
f 3866/3864/3082 3878/3876/3092 3871/3869/2719
f 3871/3869/2719 3862/3860/3077 3866/3864/3082
f 3878/3876/3092 3867/3865/3083 3871/3869/2719
f 3879/3877/3093 3869/3867/3085 3877/3875/3091
f 3867/3865/3083 3869/3867/3085 3871/3869/2719
f 3879/3877/3093 3870/3868/3058 3869/3867/3085
f 3873/3871/3087 3880/3878/3094 3877/3875/3091
f 3881/3879/3095 3865/3863/3080 3864/3862/3079
f 3882/3880/3096 3864/3862/3081 3861/3859/3076
f 3883/3881/3097 3882/3880/3096 3861/3859/3076
f 3860/3858/3075 3883/3881/3097 3861/3859/3076
f 3884/3882/3098 3885/3883/3099 3886/3884/3100
f 3887/3885/3101 3881/3879/3095 3864/3862/3079
f 3885/3883/3099 3884/3882/3098 3888/3886/3102
f 3889/3887/3103 3890/3888/3104 3891/3889/3105
f 3884/3882/3098 3892/3890/3106 3888/3886/3102
f 3893/3891/3107 3872/3870/3086 3894/3892/3108
f 3895/3893/3109 3896/3894/3110 3897/3895/3111
f 3896/3894/3110 3898/3896/2496 3899/3897/2495
f 3900/3898/2478 3901/3899/3112 3902/3900/2479
f 3903/3901/3113 3872/3870/3086 3865/3863/3080
f 3904/3902/3114 3905/3903/3115 3906/3904/3116
f 3907/3905/3117 3904/3902/3114 3906/3904/3116
f 3895/3893/3109 3898/3896/2496 3896/3894/3110
f 3875/3873/3089 3908/3906/3106 3874/3872/3088
f 3890/3888/3104 3902/3900/2479 3901/3899/3112
f 3889/3887/3103 3902/3900/2479 3890/3888/3104
f 3909/3907/3118 3908/3906/3106 3875/3873/3089
f 3910/3908/3119 3886/3884/3100 3885/3883/3099
f 3911/3909/3120 3886/3884/3100 3910/3908/3119
f 3902/3900/2479 3912/3910/2477 3900/3898/2478
f 3872/3870/3086 3909/3907/3118 3894/3892/3108
f 3894/3892/3108 3909/3907/3118 3875/3873/3089
f 3913/3911/3121 3911/3909/3120 3910/3908/3119
f 3914/3912/2118 3915/3913/1120 3916/3914/3122
f 3905/3903/3115 3889/3887/3103 3891/3889/3105
f 3872/3870/3086 3917/3915/3123 3909/3907/3118
f 3918/3916/2502 3895/3893/3109 3897/3895/3111
f 3905/3903/3115 3919/3917/3124 3889/3887/3103
f 3914/3912/2118 3920/3918/3125 3921/3919/2334
f 3916/3914/3122 3920/3918/3125 3914/3912/2118
f 3922/3920/3126 3891/3889/3105 3890/3888/3104
f 3903/3901/3113 3917/3915/3123 3872/3870/3086
f 3923/3921/3127 3905/3903/3115 3891/3889/3105
f 3918/3916/2502 3907/3905/3117 3924/3922/3128
f 3925/3923/3129 3916/3914/3122 3915/3913/1120
f 3906/3904/3116 3924/3922/3128 3907/3905/3117
f 3926/3924/3130 3918/3916/2502 3897/3895/3111
f 3916/3914/3122 3927/3925/3131 3920/3918/3125
f 3920/3918/3125 3927/3925/3131 3928/3926/2353
f 3916/3914/3122 3925/3923/3129 3927/3925/3131
f 3929/3927/3132 3888/3886/3102 3892/3890/3106
f 3930/3928/3133 3895/3893/3109 3918/3916/2502
f 3931/3929/3134 3928/3926/2353 3927/3925/3131
f 3925/3923/3129 3932/3930/2480 3927/3925/3131
f 3932/3930/2480 3925/3923/3129 3933/3931/1114
f 3934/3932/3135 3909/3907/3118 3917/3915/3123
f 3935/3933/3136 3936/3934/3137 3937/3935/3138
f 3935/3933/3136 3938/3936/3139 3936/3934/3137
f 3932/3930/2480 3902/3900/2479 3927/3925/3131
f 3931/3929/3134 3902/3900/2479 3889/3887/3103
f 3922/3920/3126 3939/3937/3140 3891/3889/3105
f 3934/3932/3135 3917/3915/3123 3940/3938/3141
f 3941/3939/3142 3942/3940/3143 3943/3941/3144
f 3944/3942/3145 3937/3935/3138 3936/3934/3137
f 3906/3904/3116 3905/3903/3115 3923/3921/3127
f 3945/3943/3146 3946/3944/3147 3936/3934/3137
f 3938/3936/3139 3947/3945/3148 3936/3934/3137
f 3936/3934/3137 3948/3946/3149 3949/3947/3150
f 3936/3934/3137 3949/3947/3150 3950/3948/3151
f 3943/3941/3144 3942/3940/3143 3951/3949/3152
f 3952/3950/3153 3936/3934/3137 3950/3948/3151
f 3952/3950/3153 3950/3948/3151 3953/3951/3154
f 3954/3952/3155 3936/3934/3137 3952/3950/3153
f 3944/3942/3145 3936/3934/3137 3955/3953/3156
f 3936/3934/3137 3954/3952/3155 3956/3954/3157
f 3936/3934/3137 3946/3944/3147 3948/3946/3149
f 3957/3955/3158 3937/3935/3138 3944/3942/3145
f 3956/3954/3157 3954/3952/3155 3958/3956/3159
f 3959/3957/3160 3958/3956/3159 3960/3958/3161
f 3895/3893/3109 3961/3959/3162 3898/3896/2496
f 3927/3925/3131 3902/3900/2479 3931/3929/3134
f 3931/3929/3134 3889/3887/3103 3919/3917/3124
f 3947/3945/3148 3945/3943/3146 3936/3934/3137
f 3962/3960/3163 3938/3936/3139 3935/3933/3136
f 3948/3946/3149 3963/3961/3164 3964/3962/3165
f 3949/3947/3150 3948/3946/3149 3964/3962/3165
f 3937/3935/3138 3965/3963/3166 3935/3933/3136
f 3966/3964/3144 3937/3935/3138 3957/3955/3158
f 3957/3955/3158 3944/3942/3145 3967/3965/3167
f 3954/3952/3155 3952/3950/3153 3968/3966/3168
f 3955/3953/3156 3936/3934/3137 3956/3954/3157
f 3969/3967/3169 3970/3968/3170 3971/3969/3171
f 3958/3956/3159 3954/3952/3155 3960/3958/3161
f 3930/3928/3133 3918/3916/2502 3924/3922/3128
f 3972/3970/3172 3928/3926/2353 3931/3929/3134
f 3939/3937/3140 3923/3921/3127 3891/3889/3105
f 3973/3971/3173 3919/3917/3124 3905/3903/3115
f 3945/3943/3146 3974/3972/3174 3946/3944/3147
f 3962/3960/3163 3975/3973/3175 3938/3936/3139
f 3971/3969/3171 3970/3968/3170 3976/3974/3176
f 3955/3953/3156 3956/3954/3157 3977/3975/3070
f 3977/3975/3070 3956/3954/3157 3978/3976/3177
f 3979/3977/3178 3980/3978/3179 3981/3979/3180
f 3961/3959/3162 3895/3893/3109 3982/3980/3181
f 3931/3929/3134 3919/3917/3124 3972/3970/3172
f 3983/3981/3182 3965/3963/3166 3937/3935/3138
f 3953/3951/3154 3950/3948/3151 3984/3982/3183
f 3985/3983/3184 3986/3984/3185 3987/3985/3186
f 3987/3985/3186 3986/3984/3185 3922/3920/3126
f 3988/3986/3187 3989/3987/3188 3990/3988/3189
f 3991/3989/3188 3946/3944/3147 3974/3972/3174
f 3992/3990/3190 3888/3886/3102 3929/3927/3132
f 3993/3991/3191 3945/3943/3146 3947/3945/3148
f 3994/3992/3192 3995/3993/3193 3996/3994/3194
f 3924/3922/3128 3906/3904/3116 3997/3995/3195
f 3998/3996/3196 3913/3911/3121 3910/3908/3119
f 3922/3920/3126 3986/3984/3185 3939/3937/3140
f 3986/3984/3185 3985/3983/3184 3999/3997/3197
f 4000/3998/3198 3999/3997/3197 3985/3983/3184
f 3973/3971/3173 3972/3970/3172 3919/3917/3124
f 4001/3999/3135 3991/3989/3188 3974/3972/3174
f 3947/3945/3148 4002/4000/3199 3993/3991/3191
f 3962/3960/3163 4003/4001/3200 3975/3973/3175
f 3992/3990/3190 4004/4002/3201 3888/3886/3102
f 3888/3886/3102 4004/4002/3201 3885/3883/3099
f 3981/3979/3180 3980/3978/3179 3996/3994/3194
f 4005/4003/3202 3957/3955/3158 3967/3965/3167
f 3976/3974/3176 4006/4004/3203 3971/3969/3171
f 3982/3980/3181 3895/3893/3109 3930/3928/3133
f 4001/3999/3204 3986/3984/3185 3999/3997/3197
f 4007/4005/3141 4002/4000/3199 3986/3984/3185
f 3989/3987/3188 4008/4006/3135 3990/3988/3189
f 4007/4005/3141 3993/3991/3191 4002/4000/3199
f 4003/4001/3205 3923/3921/3127 3939/3937/3140
f 3999/3997/3197 4000/3998/3198 4009/4007/3206
f 3995/3993/3193 3994/3992/3192 4000/3998/3198
f 4009/4007/3206 4000/3998/3198 3994/3992/3192
f 4003/4001/3200 3962/3960/3163 4010/4008/3207
f 3923/3921/3127 4003/4001/3205 4011/4009/3208
f 3923/3921/3127 3997/3995/3195 3906/3904/3116
f 3994/3992/3192 4012/4010/3209 4013/4011/3196
f 4014/4012/3210 3913/3911/3121 3998/3996/3196
f 3980/3978/3179 3994/3992/3192 3996/3994/3194
f 4012/4010/3209 3994/3992/3192 3980/3978/3179
f 4015/4013/3211 4016/4014/3212 3941/3939/3142
f 3924/3922/3128 3997/3995/3195 4017/4015/3213
f 3984/3982/3183 4018/4016/3214 3953/3951/3154
f 4019/4017/3215 4006/4004/3203 3976/3974/3176
f 3924/3922/3128 4017/4015/3213 3930/3928/3133
f 4017/4015/3213 4005/4003/3202 3930/3928/3133
f 3930/3928/3133 4005/4003/3202 4020/4018/3216
f 4021/4019/3069 3977/3975/3070 4022/4020/3217
f 3930/3928/3133 4020/4018/3216 4021/4019/3069
f 3980/3978/3179 3979/3977/3178 4023/4021/3218
f 3982/3980/3181 4021/4019/3069 4022/4020/3217
f 3979/3977/3178 3961/3959/3162 4023/4021/3218
f 3930/3928/3133 4021/4019/3069 3982/3980/3181
f 3961/3959/3162 3982/3980/3181 4022/4020/3217
f 3986/3984/3185 4024/4022/3219 3939/3937/3140
f 4007/4005/3141 3986/3984/3185 4001/3999/3204
f 4024/4022/3219 3986/3984/3185 4002/4000/3199
f 4003/4001/3205 3939/3937/3140 4024/4022/3219
f 3988/3986/3187 3990/3988/3189 3992/3990/3190
f 3988/3986/3187 3992/3990/3190 3929/3927/3132
f 4025/4023/3147 3988/3986/3187 3929/3927/3132
f 4026/4024/3220 4009/4007/3206 3994/3992/3192
f 3997/3995/3195 4011/4009/3208 3983/3981/3182
f 4011/4009/3208 3997/3995/3195 3923/3921/3127
f 4013/4011/3196 4026/4024/3220 3994/3992/3192
f 4026/4024/3220 3964/3962/3165 3963/3961/3164
f 4026/4024/3220 4013/4011/3196 3964/3962/3165
f 4018/4016/3214 4012/4010/3209 3980/3978/3179
f 3997/3995/3195 4027/4025/3221 4017/4015/3213
f 3943/3941/3144 4015/4013/3211 3941/3939/3142
f 4012/4010/3209 4018/4016/3214 3984/3982/3183
f 4028/4026/3215 4018/4016/3214 3980/3978/3179
f 3967/3965/3167 4020/4018/3216 4005/4003/3202
f 4023/4021/3218 4028/4026/3215 3980/3978/3179
f 4029/4027/3222 4030/4028/3223 4023/4021/3218
f 3961/3959/3162 4029/4027/3222 4023/4021/3218
f 4029/4027/3222 3961/3959/3162 4022/4020/3217
f 4031/4029/3224 4032/4030/3225 4033/4031/3086
f 4034/4032/3082 4035/4033/3226 4036/4034/3227
f 4037/4035/3228 4032/4030/3225 4031/4029/3224
f 4037/4035/3228 4036/4034/3227 4032/4030/3225
f 4036/4034/3227 4037/4035/3228 4038/4036/3143
f 4038/4036/3143 4037/4035/3228 4039/4037/3229
f 4040/4038/3230 4034/4032/3082 4036/4034/3227
f 4041/4039/3231 4042/4040/3232 4043/4041/3229
f 4040/4038/3230 4036/4034/3227 4038/4036/3143
f 4044/4042/3143 4045/4043/3229 4046/4044/3233
f 4047/4045/3182 4048/4046/3143 4049/4047/3234
f 4047/4045/3182 4050/4048/3235 4048/4046/3143
f 4051/4049/3236 4052/4050/3237 4053/4051/3238
f 4054/4052/3239 4055/4053/3240 4056/4054/3241
f 4057/4055/3242 4052/4050/3237 4051/4049/3236
f 4056/4054/3241 4052/4050/3237 4057/4055/3242
f 4058/4056/3243 4054/4052/3239 4056/4054/3241
f 4059/4057/3244 4058/4056/3243 4056/4054/3241
f 4059/4057/3244 4056/4054/3241 4057/4055/3242
f 4060/4058/3245 4061/4059/3243 4062/4060/3246
f 4063/4061/3202 4064/4062/3242 4065/4063/3247
f 4066/4064/3248 4059/4057/3244 4057/4055/3242
f 4054/4052/3239 4058/4056/3243 4067/4065/3249
f 4066/4064/3248 4057/4055/3242 4068/4066/3250
f 4067/4065/3249 4069/4067/3251 4054/4052/3239
f 4069/4067/3251 4067/4065/3249 4070/4068/3252
f 4061/4059/3243 4060/4058/3245 4071/4069/3253
f 4070/4068/3254 4059/4057/3244 4066/4064/3248
f 4072/4070/2324 4073/4071/2772 4074/4072/2768
f 4072/4070/2324 4074/4072/2768 4075/4073/3255
f 4076/4074/3256 4072/4070/2324 4075/4073/3255
f 4077/4075/3257 4076/4074/3256 4075/4073/3255
f 4072/4070/2324 4076/4074/3256 4078/4076/3258
f 4079/4077/3259 4080/4078/2821 4081/4079/3260
f 4082/4080/3261 4081/4079/3260 4083/4081/3262
f 4084/4082/3263 4085/4083/3261 4086/4084/3264
f 4087/4085/3265 4079/4077/3259 4081/4079/3260
f 4082/4080/3261 4088/4086/3266 4081/4079/3260
f 4081/4079/3260 4088/4086/3266 4087/4085/3265
f 4089/4087/3267 4085/4083/3261 4084/4082/3263
f 4090/4088/3268 4079/4077/3259 4087/4085/3265
f 4091/4089/2927 4087/4085/3265 4088/4086/3266
f 4092/4090/3269 4088/4086/3266 4082/4080/3261
f 4089/4087/3267 4084/4082/3263 4093/4091/2844
f 4094/4092/3270 4079/4077/3259 4090/4088/3268
f 4089/4087/3267 4093/4091/2844 4095/4093/3271
f 4096/4094/3272 4085/4083/3261 4089/4087/3267
f 4097/4095/2966 4094/4092/3270 4090/4088/3268
f 4098/4096/3273 4099/4097/2829 4100/4098/3274
f 4101/4099/3275 4102/4100/3276 4099/4097/2829
f 4101/4099/3275 4099/4097/2829 4098/4096/3273
f 4103/4101/3277 4102/4100/3276 4101/4099/3275
f 4104/4102/2822 4105/4103/2824 4106/4104/3278
f 4106/4104/3278 4105/4103/2824 4107/4105/3275
f 4107/4105/3275 4105/4103/2824 4108/4106/2835
f 4109/4107/3279 4107/4105/3275 4108/4106/2835
f 4108/4106/2835 4110/4108/3014 4109/4107/3279
f 4109/4107/3279 4110/4108/3014 4111/4109/3280
f 4109/4107/3279 4111/4109/3280 4112/4110/3281
f 4113/4111/3282 4110/4108/3014 4108/4106/2835
f 4114/4112/3283 4115/4113/3284 4116/4114/3285
f 4116/4114/3285 4117/4115/3286 4118/4116/3287
f 4114/4112/3283 4116/4114/3285 4119/4117/3288
f 4119/4117/3288 4118/4116/3287 4120/4118/3289
f 4116/4114/3285 4118/4116/3287 4119/4117/3288
f 4121/4119/3290 4114/4112/3283 4119/4117/3288
f 4122/4120/3291 4121/4119/3290 4119/4117/3288
f 4123/4121/3292 4124/4122/3284 4125/4123/3293
f 4126/4124/3294 4127/4125/3264 4123/4121/3292
f 4128/4126/3295 4123/4121/3292 4127/4125/3264
f 4129/4127/3264 4130/4128/3261 4131/4129/2825
f 4132/4130/3296 4126/4124/3294 4123/4121/3292
f 4125/4123/3293 4132/4130/3296 4123/4121/3292
f 4126/4124/3294 4133/4131/3297 4127/4125/3264
f 4133/4131/3297 4134/4132/3298 4127/4125/3264
f 4135/4133/2844 4136/4134/3298 4137/4135/3299
f 4138/4136/3300 4132/4130/3296 4125/4123/3293
f 4139/4137/3301 4135/4133/2844 4137/4135/3299
f 4137/4135/3299 4136/4134/3298 4140/4138/3302
f 4141/4139/3303 4132/4130/3296 4138/4136/3300
f 4142/4140/3304 4143/4141/3305 4144/4142/3306
f 4126/4124/3294 4145/4143/2941 4133/4131/3297
f 4146/4144/3307 4138/4136/3300 4125/4123/3293
f 4147/4145/3290 4148/4146/3308 4125/4123/3293
f 4142/4140/3304 4144/4142/3306 4149/4147/3309
f 4150/4148/2958 4151/4149/2944 4133/4131/3297
f 4125/4123/3293 4148/4146/3308 4146/4144/3307
f 4133/4131/3297 4145/4143/2941 4150/4148/2958
f 4147/4145/3290 4152/4150/3006 4148/4146/3308
f 4147/4145/3290 4153/4151/3310 4152/4150/3006
f 4154/4152/3311 4151/4149/2944 4150/4148/2958
f 4155/4153/3312 4156/4154/3313 4157/4155/3314
f 4158/4156/3101 4159/4157/3315 4155/4153/3312
f 4157/4155/3314 4156/4154/3313 4160/4158/3316
f 4159/4157/3315 4156/4154/3313 4155/4153/3312
f 4161/4159/3317 4160/4158/3316 4156/4154/3313
f 4160/4158/3316 4162/4160/3318 4157/4155/3314
f 4159/4157/3315 4161/4159/3317 4156/4154/3313
f 4163/4161/3205 4162/4160/3318 4160/4158/3316
f 4164/4162/3163 4165/4163/3319 4166/4164/3317
f 4167/4165/3320 4165/4163/3319 4164/4162/3163
f 4164/4162/3163 4168/4166/3136 4167/4165/3320
f 4163/4161/3205 4169/4167/3321 4162/4160/3318
f 4159/4157/3315 4170/4168/3322 4161/4159/3317
f 4163/4161/3200 4161/4159/3317 4170/4168/3322
f 4171/4169/2840 4172/4170/2819 4173/4171/3323
f 4174/4172/3324 4172/4170/2819 4175/4173/3325
f 4175/4173/3325 4172/4170/2819 4171/4169/2840
f 4174/4172/3324 4175/4173/3325 4176/4174/3326
f 4171/4169/2840 4173/4171/3323 4177/4175/3327
f 4178/4176/2844 4176/4174/3326 4179/4177/3328
f 4175/4173/3325 4179/4177/3328 4176/4174/3326
f 4177/4175/3327 4180/4178/3329 4171/4169/2840
f 4171/4169/2840 4180/4178/3329 4181/4179/3330
f 4182/4180/2988 4180/4178/3329 4177/4175/3327
f 4178/4176/2844 4179/4177/3328 4183/4181/3331
f 4184/4182/3332 4185/4183/3330 4186/4184/3333
f 4187/4185/2942 4178/4176/2844 4183/4181/3331
f 4181/4179/3330 4180/4178/3329 4188/4186/2979
f 4189/4187/3101 4190/4188/3079 4191/4189/3096
f 4192/4190/3334 4189/4187/3101 4191/4189/3096
f 4193/4191/3335 4192/4190/3334 4191/4189/3096
f 4194/4192/3234 4189/4187/3101 4192/4190/3334
f 4195/4193/3336 4194/4192/3234 4192/4190/3334
f 4196/4194/3337 4192/4190/3334 4193/4191/3335
f 4195/4193/3336 4192/4190/3334 4196/4194/3337
f 4197/4195/3338 4198/4196/3339 4199/4197/3045
f 4200/4198/3340 4197/4195/3338 4201/4199/2826
f 4202/4200/3341 4203/4201/3342 4204/4202/3343
f 4198/4196/3339 4205/4203/3344 4199/4197/3045
f 4200/4198/3340 4198/4196/3339 4197/4195/3338
f 4206/4204/3345 4204/4202/3343 4203/4201/3342
f 4204/4202/3343 4206/4204/3345 4207/4205/3346
f 4208/4206/3347 4198/4196/3339 4200/4198/3340
f 4202/4200/3341 4209/4207/3291 4203/4201/3342
f 4210/4208/3348 4211/4209/3349 4212/4210/3350
f 4211/4209/3349 4213/4211/3289 4212/4210/3350
f 4214/4212/2990 4202/4200/3341 4204/4202/3343
f 4206/4204/3345 4215/4213/3351 4207/4205/3346
f 4216/4214/3352 4215/4213/3351 4206/4204/3345
f 4217/4215/3008 4218/4216/3304 4219/4217/3353
f 4208/4206/3347 4200/4198/3340 4220/4218/3354
f 4210/4208/3348 4212/4210/3350 4221/4219/3355
f 4200/4198/3340 4222/4220/3356 4220/4218/3354
f 4200/4198/3340 4223/4221/3357 4222/4220/3356
f 4214/4212/2990 4204/4202/3343 4224/4222/3358
f 4225/4223/3093 4226/4224/3062 4227/4225/3359
f 4228/4226/3091 4229/4227/3094 4230/4228/3360
f 4225/4223/3093 4228/4226/3091 4231/4229/3361
f 4232/4230/3362 4226/4224/3062 4225/4223/3093
f 4233/4231/3363 4228/4226/3091 4230/4228/3360
f 4231/4229/3361 4228/4226/3091 4233/4231/3363
f 4232/4230/3362 4225/4223/3093 4231/4229/3361
f 4232/4230/3362 4231/4229/3361 4234/4232/3364
f 4231/4229/3361 4235/4233/3365 4234/4232/3364
f 4236/4234/3223 4226/4224/3062 4232/4230/3362
f 4230/4228/3360 4237/4235/3366 4233/4231/3363
f 4226/4224/3062 4236/4234/3223 4238/4236/3222
f 4239/4237/3215 4240/4238/3367 4233/4231/3363
f 4241/4239/3364 4242/4240/3223 4243/4241/3368
f 4244/4242/3218 4234/4232/3364 4235/4233/3365
f 4239/4237/3215 4233/4231/3363 4237/4235/3366
f 4245/4243/3160 4243/4241/3368 4242/4240/3223
f 4244/4242/3218 4235/4233/3365 4239/4237/3215
f 4242/4240/3223 4241/4239/3364 4246/4244/3369
f 4247/4245/3370 4248/4246/3371 4249/4247/3372
f 4249/4247/3372 4248/4246/3371 4250/4248/2355
f 4251/4249/3373 4252/4250/3374 4253/4251/3375
f 4250/4248/2355 4251/4249/3373 4253/4251/3375
f 4250/4248/2355 4248/4246/3371 4251/4249/3373
f 4248/4246/3371 4247/4245/3370 4254/4252/3376
f 4255/4253/3377 4256/4254/3032 4257/4255/3030
f 4252/4250/3374 4255/4253/3377 4257/4255/3030
f 4255/4253/3377 4252/4250/3374 4251/4249/3373
f 4256/4254/3032 4255/4253/3377 4258/4256/3378
f 4251/4249/3373 4248/4246/3371 4254/4252/3376
f 4259/4257/3379 4255/4253/3377 4251/4249/3373
f 4259/4257/3379 4251/4249/3373 4254/4252/3376
f 4260/4258/3380 4254/4252/3376 4247/4245/3370
f 4259/4257/3379 4258/4256/3378 4255/4253/3377
f 4261/4259/3381 4258/4256/3378 4259/4257/3379
f 4259/4257/3379 4262/4260/3382 4261/4259/3381
f 4262/4260/3382 4259/4257/3379 4254/4252/3376
f 4260/4258/3380 4262/4260/3382 4254/4252/3376
f 4262/4260/3382 4263/4261/2778 4261/4259/3381
f 4263/4261/2778 4262/4260/3382 4260/4258/3380
f 4264/4262/3383 4265/4263/3084 4266/4264/3384
f 4264/4262/3383 4267/4265/3385 4265/4263/3084
f 4268/4266/3386 4267/4265/3385 4264/4262/3383
f 4267/4265/3385 4268/4266/3386 4269/4267/3387
f 4269/4267/3387 4270/4268/3388 4267/4265/3385
f 4270/4268/3388 4271/4269/3389 4267/4265/3385
f 4268/4266/3386 4264/4262/3383 4272/4270/3151
f 4273/4271/3390 4264/4262/3383 4266/4264/3384
f 4273/4271/3390 4274/4272/3391 4264/4262/3383
f 4269/4267/3387 4275/4273/3392 4270/4268/3388
f 4272/4270/3151 4276/4274/3393 4268/4266/3386
f 4277/4275/3153 4264/4262/3383 4274/4272/3391
f 4273/4271/3390 4278/4276/3160 4274/4272/3391
f 4279/4277/3394 4276/4274/3393 4272/4270/3151
f 4275/4273/3392 4280/4278/3395 4270/4268/3388
f 4281/4279/3396 4282/4280/3327 4283/4281/3323
f 4284/4282/3397 4281/4279/3396 4283/4281/3323
f 4285/4283/3398 4281/4279/3396 4284/4282/3397
f 4286/4284/2915 4287/4285/3399 4288/4286/3270
f 4289/4287/3400 4282/4280/3327 4281/4279/3396
f 4290/4288/3400 4291/4289/3396 4292/4290/2915
f 4293/4291/3401 4282/4280/3327 4289/4287/3400
f 4294/4292/3402 4295/4293/3403 4296/4294/2915
f 4293/4291/3401 4289/4287/3400 4285/4283/3404
f 4293/4291/3401 4297/4295/3405 4282/4280/3327
f 4298/4296/3406 4299/4297/3407 4300/4298/3232
f 4301/4299/3233 4302/4300/3315 4303/4301/3408
f 4304/4302/3409 4302/4300/3315 4301/4299/3233
f 4300/4298/3232 4299/4297/3407 4305/4303/3410
f 4306/4304/3411 4300/4298/3232 4305/4303/3410
f 4307/4305/3322 4302/4300/3315 4304/4302/3409
f 4304/4302/3409 4301/4299/3233 4306/4304/3411
f 4306/4304/3411 4305/4303/3410 4308/4306/3412
f 4309/4307/3182 4304/4302/3409 4306/4304/3411
f 4309/4307/3182 4306/4304/3411 4308/4306/3412
f 4307/4305/3322 4304/4302/3409 4309/4307/3182
f 4310/4308/3230 4311/4309/3413 4312/4310/3082
f 4311/4309/3413 4313/4311/3092 4312/4310/3082
f 4314/4312/3414 4315/4313/3415 4313/4311/3092
f 4311/4309/3413 4316/4314/3416 4313/4311/3092
f 4314/4312/3414 4313/4311/3092 4316/4314/3416
f 4311/4309/3413 4310/4308/3230 4317/4315/3417
f 4317/4315/3417 4310/4308/3230 4318/4316/3418
f 4319/4317/3419 4311/4309/3413 4317/4315/3417
f 4311/4309/3413 4319/4317/3419 4316/4314/3416
f 4316/4314/3416 4320/4318/3420 4314/4312/3414
f 4321/4319/3421 4320/4318/3420 4316/4314/3416
f 4322/4320/3422 4319/4317/3419 4317/4315/3417
f 4323/4321/3169 4316/4314/3416 4319/4317/3419
f 4324/4322/3423 4325/4323/3424 4326/4324/3425
f 4323/4321/3169 4321/4319/3421 4316/4314/3416
f 4327/4325/3426 4317/4315/3417 4318/4316/3418
f 4328/4326/3070 4324/4322/3423 4326/4324/3425
f 4321/4319/3421 4329/4327/3427 4320/4318/3420
f 4330/4328/3223 4329/4327/3427 4321/4319/3421
f 4331/4329/3428 4332/4330/3429 4333/4331/3430
f 4334/4332/2406 4335/4333/2854 4336/4334/2867
f 4336/4334/2867 4337/4335/3431 4338/4336/3432
f 4331/4329/3428 4333/4331/3430 4338/4336/3432
f 4338/4336/3432 4339/4337/3433 4336/4334/2867
f 4332/4330/3429 4340/4338/3434 4333/4331/3430
f 4340/4338/3434 4332/4330/3429 4341/4339/3435
f 4342/4340/3436 4338/4336/3432 4333/4331/3430
f 4342/4340/3436 4333/4331/3430 4340/4338/3434
f 4343/4341/3437 4344/4342/2855 4345/4343/2404
f 4346/4344/3438 4344/4342/2855 4335/4333/2854
f 4346/4344/3438 4335/4333/2854 4334/4332/2406
f 4346/4344/3438 4345/4343/2404 4344/4342/2855
f 4339/4337/3433 4334/4332/2406 4336/4334/2867
f 4338/4336/3432 4342/4340/3436 4339/4337/3433
f 4347/4345/3439 4348/4346/3120 4349/4347/3440
f 4350/4348/3151 4351/4349/3441 4352/4350/3442
f 4353/4351/3443 4351/4349/3441 4350/4348/3151
f 4347/4345/3439 4349/4347/3440 4354/4352/3444
f 4352/4350/3442 4347/4345/3439 4354/4352/3444
f 4350/4348/3151 4352/4350/3442 4354/4352/3444
f 4350/4348/3151 4354/4352/3444 4355/4353/3183
f 4354/4352/3444 4349/4347/3440 4356/4354/3209
f 4355/4353/3183 4354/4352/3444 4356/4354/3209
f 4357/4355/2357 4358/4356/3445 4359/4357/2851
f 4360/4358/3446 4357/4355/2357 4359/4357/2851
f 4359/4357/2851 4361/4359/2860 4360/4358/3446
f 4362/4360/3447 4363/4361/2859 4357/4355/2357
f 4360/4358/3446 4362/4360/3447 4357/4355/2357
f 4364/4362/3448 4365/4363/3449 4366/4364/2842
f 4364/4362/3448 4367/4365/3450 4368/4366/3451
f 4364/4362/3448 4366/4364/2842 4369/4367/3452
f 4369/4367/3452 4367/4365/3450 4364/4362/3448
f 4370/4368/3453 4371/4369/3454 4372/4370/3439
f 4373/4371/3455 4374/4372/3456 4375/4373/3457
f 4374/4372/3456 4373/4371/3455 4376/4374/3458
f 4377/4375/3459 4374/4372/3456 4376/4374/3458
f 4375/4373/3457 4374/4372/3456 4378/4376/3460
f 4377/4375/3459 4379/4377/3442 4374/4372/3456
f 4380/4378/3154 4379/4377/3442 4377/4375/3459
f 4381/4379/3461 4382/4380/3462 4383/4381/3463
f 4380/4378/3154 4372/4370/3439 4379/4377/3442
f 4380/4378/3154 4370/4368/3453 4372/4370/3439
f 4380/4378/3154 4377/4375/3459 4384/4382/3464
f 4385/4383/3456 4386/4384/3165 4381/4379/3461
f 4387/4385/3150 4385/4383/3456 4388/4386/3465
f 4387/4385/3150 4386/4384/3165 4385/4383/3456
f 4380/4378/3154 4389/4387/3466 4370/4368/3453
f 4382/4380/3462 4381/4379/3461 4386/4384/3165
f 4386/4384/3165 4390/4388/3467 4382/4380/3462
f 4391/4389/3468 4392/4390/3048 4393/4391/3049
f 4391/4389/3468 4393/4391/3049 4394/4392/3469
f 4395/4393/3470 4396/4394/3471 4391/4389/3468
f 4395/4393/3470 4391/4389/3468 4394/4392/3469
f 4394/4392/3469 4397/4395/3472 4395/4393/3470
f 4398/4396/3473 4397/4395/3472 4393/4391/3049
f 4394/4392/3469 4393/4391/3049 4397/4395/3472
f 4399/4397/3474 4400/4398/3118 4401/4399/3475
f 4402/4400/3476 4401/4399/3475 4400/4398/3118
f 4403/4401/3477 4399/4397/3474 4401/4399/3475
f 4403/4401/3477 4401/4399/3475 4404/4402/3147
f 4405/4403/3477 4406/4404/3108 4407/4405/3478
f 4406/4404/3108 4405/4403/3477 4408/4406/3479
f 4408/4406/3479 4409/4407/3480 4406/4404/3108
f 4408/4406/3479 4410/4408/3481 4409/4407/3480
f 4411/4409/3482 4412/4410/3230 4413/4411/3483
f 4414/4412/3245 4411/4409/3482 4413/4411/3483
f 4415/4413/3484 4416/4414/3485 4417/4415/3486
f 4418/4416/3486 4419/4417/3487 4420/4418/3488
f 4421/4419/3144 4415/4413/3484 4417/4415/3486
f 4417/4415/3486 4422/4420/3244 4423/4421/3254
f 4421/4419/3144 4417/4415/3486 4423/4421/3254
f 4424/4422/3489 4425/4423/3490 4426/4424/2882
f 4426/4424/2882 4425/4423/3490 4427/4425/3451
f 4428/4426/3491 4429/4427/3492 4430/4428/3493
f 4431/4429/3494 4432/4430/3495 4428/4426/3491
f 4432/4430/3495 4429/4427/3492 4428/4426/3491
f 4433/4431/2965 4432/4430/3495 4434/4432/3496
f 4433/4431/2965 4429/4427/3492 4432/4430/3495
f 4429/4427/3492 4433/4431/2965 4435/4433/3497
f 4436/4434/3498 4437/4435/3386 4438/4436/3499
f 4436/4434/3498 4438/4436/3499 4439/4437/3442
f 4439/4437/3442 4438/4436/3499 4440/4438/3456
f 4441/4439/3107 4442/4440/3500 4443/4441/3501
f 4441/4439/3107 4444/4442/3502 4445/4443/3503
f 4446/4444/3504 4441/4439/3107 4445/4443/3503
f 4442/4440/3500 4441/4439/3107 4447/4445/3505
f 4442/4440/3500 4448/4446/3166 4443/4441/3501
f 4447/4445/3505 4441/4439/3107 4446/4444/3504
f 4449/4447/3052 4450/4448/3491 4451/4449/3493
f 4452/4450/3506 4450/4448/3491 4449/4447/3052
f 4453/4451/2811 4450/4448/3491 4452/4450/3506
f 4450/4448/3491 4453/4451/2811 4454/4452/2802
f 4449/4447/3052 4455/4453/2995 4452/4450/3506
f 4453/4451/2811 4452/4450/3506 4456/4454/2965
f 4456/4454/2965 4452/4450/3506 4455/4453/2995
f 4457/4455/3507 4458/4456/3508 4459/4457/3509
f 4460/4458/3510 4458/4456/3508 4457/4455/3507
f 4458/4456/3508 4461/4459/3333 4462/4460/3511
f 4463/4461/3512 4460/4458/3510 4457/4455/3507
f 4458/4456/3508 4460/4458/3510 4461/4459/3333
f 4464/4462/3513 4465/4463/3514 4466/4464/3515
f 4467/4465/3516 4464/4462/3513 4466/4464/3515
f 4468/4466/3517 4467/4465/3516 4466/4464/3515
f 4466/4464/3515 4465/4463/3514 4469/4467/3201
f 4470/4468/3518 4471/4469/3519 4472/4470/3367
f 4470/4468/3518 4472/4470/3367 4473/4471/3520
f 4473/4471/3520 4472/4470/3367 4474/4472/3171
f 4474/4472/3171 4472/4470/3367 4475/4473/3391
f 4476/4474/2849 4477/4475/3521 4478/4476/3522
f 4477/4475/3521 4479/4477/2357 4478/4476/3522
f 4480/4478/2860 4479/4477/2357 4477/4475/3521
f 4481/4479/3523 4482/4480/2840 4483/4481/3509
f 4484/4482/3524 4485/4483/3265 4486/4484/3525
f 4487/4485/3526 4488/4486/3527 4486/4484/3525
f 4484/4482/3524 4486/4484/3525 4489/4487/3332
f 4486/4484/3525 4488/4486/3527 4489/4487/3332
f 4490/4488/3528 4491/4489/3529 4492/4490/3303
f 4493/4491/3530 4491/4489/3529 4490/4488/3528
f 4494/4492/3012 4495/4493/3531 4490/4488/3528
f 4490/4488/3528 4492/4490/3303 4496/4494/3532
f 4494/4492/3012 4490/4488/3528 4496/4494/3532
f 4497/4495/3533 4498/4496/2941 4499/4497/3530
f 4500/4498/2973 4498/4496/2941 4497/4495/3533
f 4500/4498/2973 4497/4495/3533 4501/4499/3534
f 4500/4498/2973 4501/4499/3534 4502/4500/3535
f 4503/4501/3536 4504/4502/3537 4505/4503/3118
f 4506/4504/3538 4503/4501/3536 4507/4505/3539
f 4506/4504/3538 4507/4505/3539 4508/4506/3540
f 4506/4504/3538 4504/4502/3537 4503/4501/3536
f 4509/4507/3148 4510/4508/3108 4511/4509/3541
f 4512/4510/3542 4513/4511/3199 4511/4509/3541
f 4509/4507/3148 4511/4509/3541 4513/4511/3199
f 4514/4512/3219 4513/4511/3199 4512/4510/3542
f 4515/4513/3543 4516/4514/3544 4517/4515/3388
f 4518/4516/3545 4519/4517/3106 4515/4513/3543
f 4516/4514/3544 4515/4513/3543 4519/4517/3106
f 4520/4518/3147 4515/4513/3543 4517/4515/3388
f 4520/4518/3147 4518/4516/3545 4515/4513/3543
f 4521/4519/3067 4522/4520/3177 4523/4521/3068
f 4524/4522/3546 4522/4520/3177 4521/4519/3067
f 4525/4523/3157 4526/4524/3547 4523/4521/3068
f 4522/4520/3177 4525/4523/3157 4523/4521/3068
f 4527/4525/3548 4522/4520/3177 4524/4522/3546
f 4528/4526/3266 4529/4527/3549 4530/4528/3279
f 4530/4528/3279 4531/4529/2927 4528/4526/3266
f 4528/4526/3266 4532/4530/3550 4533/4531/3280
f 4529/4527/3549 4528/4526/3266 4533/4531/3280
f 4529/4527/3549 4533/4531/3280 4534/4532/3551
f 4535/4533/3481 4536/4534/3552 4537/4535/3480
f 4537/4535/3480 4536/4534/3552 4538/4536/3553
f 4535/4533/3481 4539/4537/3554 4536/4534/3552
f 4540/4538/2804 4541/4539/2809 4542/4540/3555
f 4543/4541/2971 4544/4542/3048 4542/4540/3555
f 4542/4540/3555 4541/4539/2809 4543/4541/2971
f 4543/4541/2971 4545/4543/2993 4544/4542/3048
f 4546/4544/3556 4547/4545/2952 4548/4546/3339
f 4549/4547/3557 4547/4545/2952 4546/4544/3556
f 4549/4547/3557 4550/4548/3558 4547/4545/2952
f 4551/4549/3004 4549/4547/3557 4546/4544/3556
f 4552/4550/3559 4553/4551/3560 4554/4552/3561
f 4555/4553/3247 4556/4554/3562 4557/4555/3485
f 4558/4556/3242 4559/4557/3563 4555/4553/3247
f 4560/4558/3564 4556/4554/3562 4555/4553/3247
f 4559/4557/3563 4560/4558/3564 4555/4553/3247
f 4560/4558/3564 4559/4557/3563 4561/4559/3565
f 4562/4560/3202 4552/4550/3559 4554/4552/3561
f 4563/4561/3566 4564/4562/3544 4565/4563/3567
f 4566/4564/3568 4567/4565/3569 4568/4566/3570
f 4569/4567/3571 4563/4561/3566 4565/4563/3567
f 4565/4563/3567 4568/4566/3570 4569/4567/3571
f 4568/4566/3570 4567/4565/3569 4569/4567/3571
f 4570/4568/3572 4571/4569/3505 4572/4570/3573
f 4571/4569/3505 4573/4571/3316 4572/4570/3573
f 4571/4569/3505 4574/4572/3200 4573/4571/3316
f 4575/4573/3420 4576/4574/3419 4577/4575/3574
f 4578/4576/3575 4575/4573/3420 4579/4577/3576
f 4578/4576/3575 4579/4577/3576 4580/4578/3364
f 4578/4576/3575 4581/4579/3577 4582/4580/3391
f 4582/4580/3391 4576/4574/3419 4575/4573/3420
f 4582/4580/3391 4575/4573/3420 4578/4576/3575
f 4583/4581/3578 4584/4582/3390 4585/4583/3419
f 4586/4584/3579 4587/4585/3580 4588/4586/3581
f 4589/4587/3582 4590/4588/2988 4591/4589/3583
f 4592/4590/2915 4589/4587/3582 4591/4589/3583
f 4593/4591/3584 4588/4586/3581 4587/4585/3580
f 4586/4584/3579 4588/4586/3581 4594/4592/3585
f 4591/4589/3583 4595/4593/3581 4592/4590/2915
f 4596/4594/3300 4597/4595/2956 4598/4596/2967
f 4599/4597/3353 4596/4594/3300 4598/4596/2967
f 4600/4598/3009 4599/4597/3353 4598/4596/2967
f 4601/4599/3586 4599/4597/3353 4600/4598/3009
f 4602/4600/3587 4603/4601/3464 4604/4602/3169
f 4602/4600/3587 4604/4602/3169 4605/4603/3588
f 4602/4600/3587 4605/4603/3588 4606/4604/3589
f 4607/4605/3590 4608/4606/3591 4609/4607/3592
f 4609/4607/3592 4608/4606/3591 4610/4608/3593
f 4610/4608/3593 4611/4609/3594 4612/4610/3595
f 4612/4610/3595 4613/4611/1166 4614/4612/204
f 4614/4612/204 4613/4611/1166 4615/4613/252
f 4616/4614/3596 4608/4606/3591 4607/4605/3590
f 4611/4609/3594 4610/4608/3593 4608/4606/3591
f 4611/4609/3594 4613/4611/1166 4612/4610/3595
f 4611/4609/3594 4608/4606/3591 4617/4615/3597
f 4611/4609/3594 4618/4616/3598 4613/4611/1166
f 4617/4615/3597 4618/4616/3598 4611/4609/3594
f 4608/4606/3591 4616/4614/3596 4617/4615/3597
f 4619/4617/1176 4613/4611/1166 4618/4616/3598
f 4617/4615/3597 4616/4614/3596 4620/4618/1581
f 4619/4617/1176 4618/4616/3598 4621/4619/3599
f 4617/4615/3597 4621/4619/3599 4618/4616/3598
f 4620/4618/1581 4621/4619/3599 4617/4615/3597
f 4622/4620/3600 4616/4614/3596 4623/4621/1590
f 4622/4620/3600 4620/4618/1581 4616/4614/3596
f 4624/4622/3601 4619/4617/1176 4621/4619/3599
f 4625/4623/102 4626/4624/3602 4627/4605/3603
f 4628/4625/69 4629/4626/3604 4625/4623/102
f 4629/4626/3604 4626/4624/3602 4625/4623/102
f 4628/4625/69 4630/4627/170 4631/4628/3605
f 4631/4628/3605 4629/4626/3604 4628/4625/69
f 4627/4605/3603 4626/4624/3602 4632/4614/3596
f 4630/4627/170 4633/4629/3606 4631/4628/3605
f 4634/4630/862 4631/4628/3605 4633/4629/3606
f 4635/4631/3607 4631/4628/3605 4634/4630/862
f 4636/4621/1590 4626/4624/3602 4629/4626/3604
f 4632/4614/3596 4626/4624/3602 4636/4621/1590
f 4631/4628/3605 4637/4632/1578 4629/4626/3604
f 4636/4621/1590 4629/4626/3604 4637/4632/1578
f 4631/4628/3605 4635/4631/3607 4637/4632/1578
f 4637/4632/1578 4638/4633/1589 4636/4621/1590
f 4639/4634/3608 4640/4635/181 4641/4636/76
f 4642/4637/142 4639/4634/3608 4641/4636/76
f 4643/4638/357 4644/4639/3609 4642/4637/142
f 4645/4640/3610 4640/4635/181 4646/4641/3611
f 4646/4641/3611 4640/4635/181 4639/4634/3608
f 4647/4642/3612 4639/4634/3608 4642/4637/142
f 4644/4639/3609 4647/4642/3612 4642/4637/142
f 4648/4643/3613 4649/4644/3614 4645/4640/3610
f 4650/4645/3615 4646/4641/3611 4639/4634/3608
f 4645/4640/3610 4646/4641/3611 4648/4643/3613
f 4647/4642/3612 4650/4645/3615 4639/4634/3608
f 4651/4646/867 4644/4639/3609 4643/4638/357
f 4652/4647/3616 4647/4642/3612 4644/4639/3609
f 4644/4639/3609 4651/4646/867 4652/4647/3616
f 4653/4648/3617 4654/4649/3618 4648/4643/3613
f 4655/4650/1769 4646/4641/3611 4650/4645/3615
f 4653/4648/3617 4648/4643/3613 4646/4641/3611
f 4646/4641/3611 4655/4650/1769 4653/4648/3617
f 4655/4650/1769 4650/4645/3615 4656/4651/1762
f 4656/4651/1762 4650/4645/3615 4647/4642/3612
f 4652/4647/3616 4656/4651/1762 4647/4642/3612
f 4652/4647/3616 4651/4646/867 4657/4652/3619
f 4651/4646/867 4658/4653/907 4657/4652/3619
f 4659/4654/3620 4660/4655/217 4661/4656/3621
f 4659/4654/3620 4661/4656/3621 4662/4644/3614
f 4663/4643/3622 4659/4654/3620 4662/4644/3614
f 4660/4655/217 4664/4657/3623 4665/4658/109
f 4666/4659/581 4665/4658/109 4667/4660/3624
f 4660/4655/217 4659/4654/3620 4668/4661/3625
f 4667/4660/3624 4665/4658/109 4664/4657/3623
f 4668/4661/3625 4664/4657/3623 4660/4655/217
f 4669/4662/3626 4659/4654/3620 4663/4643/3622
f 4670/4663/1132 4667/4660/3624 4664/4657/3623
f 4671/4664/1764 4664/4657/3623 4668/4661/3625
f 4663/4643/3622 4672/4649/3627 4669/4662/3626
f 4670/4663/1132 4664/4657/3623 4671/4664/1764
f 4668/4661/3625 4659/4654/3620 4669/4662/3626
f 4673/4665/3628 4674/4666/3629 4670/4663/1132
f 4671/4664/1764 4673/4665/3628 4670/4663/1132
f 4675/4667/3630 4669/4662/3626 4672/4649/3627
f 4676/4668/1138 4674/4666/3629 4677/4669/1706
f 4668/4661/3625 4669/4662/3626 4675/4667/3630
f 4675/4667/3630 4671/4664/1764 4668/4661/3625
f 4677/4669/1706 4674/4666/3629 4673/4665/3628
f 4673/4665/3628 4678/4670/3631 4677/4669/1706
f 4671/4664/1764 4679/4671/1771 4673/4665/3628
f 4673/4665/3628 4680/4672/1157 4678/4670/3631
f 4680/4672/1157 4681/4673/3632 4678/4670/3631
f 4679/4671/1771 4682/4674/1155 4673/4665/3628
f 4683/4675/3633 4684/4676/3634 4685/4677/3635
f 4686/4678/3636 4687/4679/3637 4683/4675/3633
f 4685/4677/3635 4686/4678/3636 4683/4675/3633
f 4688/4680/383 4687/4679/3637 4689/4681/3638
f 4689/4681/3638 4687/4679/3637 4690/4682/3639
f 4684/4676/3634 4691/4683/3640 4685/4677/3635
f 4687/4679/3637 4686/4678/3636 4692/4684/3641
f 4685/4677/3635 4691/4683/3640 4693/4685/3642
f 4686/4678/3636 4685/4677/3635 4694/4686/3643
f 4695/4687/3644 4689/4681/3638 4690/4682/3639
f 4685/4677/3635 4693/4685/3642 4694/4686/3643
f 4687/4679/3637 4692/4684/3641 4696/4688/3645
f 4693/4685/3642 4691/4683/3640 4697/4689/3646
f 4687/4679/3637 4696/4688/3645 4690/4682/3639
f 4698/4690/3647 4692/4684/3641 4686/4678/3636
f 4686/4678/3636 4694/4686/3643 4698/4690/3647
f 4699/4691/3648 4690/4682/3639 4696/4688/3645
f 4700/4692/3649 4694/4686/3643 4693/4685/3642
f 4695/4687/3644 4690/4682/3639 4701/4693/3650
f 4698/4690/3647 4702/4694/3651 4692/4684/3641
f 4694/4686/3643 4703/4695/3652 4698/4690/3647
f 4702/4694/3651 4696/4688/3645 4692/4684/3641
f 4701/4693/3650 4690/4682/3639 4704/4696/3653
f 4703/4695/3652 4694/4686/3643 4700/4692/3649
f 4697/4689/3646 4705/4697/3654 4693/4685/3642
f 4690/4682/3639 4699/4691/3648 4704/4696/3653
f 4700/4692/3649 4706/4698/3655 4703/4695/3652
f 4696/4688/3645 4707/4699/3656 4699/4691/3648
f 4700/4692/3649 4708/4700/3657 4706/4698/3655
f 4700/4692/3649 4693/4685/3642 4708/4700/3657
f 4709/4701/3658 4699/4691/3648 4707/4699/3656
f 4705/4697/3654 4708/4700/3657 4693/4685/3642
f 4704/4696/3653 4710/4702/3659 4701/4693/3650
f 4702/4694/3651 4707/4699/3656 4696/4688/3645
f 4705/4697/3654 4697/4689/3646 4711/4703/3660
f 4712/4704/3661 4703/4695/3652 4706/4698/3655
f 4713/4705/3662 4710/4702/3659 4704/4696/3653
f 4704/4696/3653 4699/4691/3648 4709/4701/3658
f 4702/4694/3651 4698/4690/3647 4714/4706/3663
f 4698/4690/3647 4703/4695/3652 4712/4704/3661
f 4713/4705/3662 4704/4696/3653 4709/4701/3658
f 4714/4706/3663 4715/4707/3664 4702/4694/3651
f 4702/4694/3651 4715/4707/3664 4707/4699/3656
f 4698/4690/3647 4712/4704/3661 4714/4706/3663
f 4716/4708/3665 4706/4698/3655 4708/4700/3657
f 4706/4698/3655 4716/4708/3665 4712/4704/3661
f 4707/4699/3656 4715/4707/3664 4717/4709/3666
f 4717/4709/3666 4709/4701/3658 4707/4699/3656
f 4705/4697/3654 4718/4710/3667 4719/4711/3668
f 4709/4701/3658 4720/4712/3669 4713/4705/3662
f 4705/4697/3654 4719/4711/3668 4708/4700/3657
f 4715/4707/3664 4721/4713/3670 4717/4709/3666
f 4713/4705/3662 4722/4714/3671 4710/4702/3659
f 4713/4705/3662 4720/4712/3669 4722/4714/3671
f 4715/4707/3664 4714/4706/3663 4721/4713/3670
f 4714/4706/3663 4712/4704/3661 4723/4715/3672
f 4714/4706/3663 4723/4715/3672 4721/4713/3670
f 4705/4697/3654 4711/4703/3660 4718/4710/3667
f 4709/4701/3658 4717/4709/3666 4720/4712/3669
f 4721/4713/3670 4724/4716/3673 4717/4709/3666
f 4708/4700/3657 4719/4711/3668 4725/4717/3674
f 4716/4708/3665 4708/4700/3657 4725/4717/3674
f 4722/4714/3671 4720/4712/3669 4726/4718/3675
f 4727/4719/3676 4712/4704/3661 4716/4708/3665
f 4723/4715/3672 4712/4704/3661 4727/4719/3676
f 4718/4710/3667 4711/4703/3660 4728/4720/3677
f 4729/4721/3678 4724/4716/3673 4721/4713/3670
f 4721/4713/3670 4723/4715/3672 4729/4721/3678
f 4725/4717/3674 4719/4711/3668 4730/4722/3679
f 4724/4716/3673 4731/4723/3680 4717/4709/3666
f 4716/4708/3665 4725/4717/3674 4727/4719/3676
f 4726/4718/3675 4732/4724/3681 4722/4714/3671
f 4717/4709/3666 4731/4723/3680 4720/4712/3669
f 4718/4710/3667 4730/4722/3679 4719/4711/3668
f 4729/4721/3678 4723/4715/3672 4733/4725/3682
f 4728/4720/3677 4730/4722/3679 4718/4710/3667
f 4723/4715/3672 4727/4719/3676 4734/4726/3683
f 4729/4721/3678 4731/4723/3680 4724/4716/3673
f 4726/4718/3675 4720/4712/3669 4735/4727/3684
f 4736/4728/3685 4723/4715/3672 4734/4726/3683
f 4720/4712/3669 4731/4723/3680 4735/4727/3684
f 4737/4729/3686 4727/4719/3676 4725/4717/3674
f 4734/4726/3683 4727/4719/3676 4737/4729/3686
f 4738/4730/3687 4730/4722/3679 4728/4720/3677
f 4726/4718/3675 4735/4727/3684 4732/4724/3681
f 4739/4731/3688 4735/4727/3684 4731/4723/3680
f 4733/4725/3682 4723/4715/3672 4736/4728/3685
f 4729/4721/3678 4739/4731/3688 4731/4723/3680
f 4737/4729/3686 4725/4717/3674 4740/4732/3689
f 4740/4732/3689 4725/4717/3674 4730/4722/3679
f 4734/4726/3683 4737/4729/3686 4736/4728/3685
f 4730/4722/3679 4738/4730/3687 4741/4733/3690
f 4729/4721/3678 4733/4725/3682 4742/4734/3691
f 4730/4722/3679 4743/4735/3692 4740/4732/3689
f 4729/4721/3678 4742/4734/3691 4739/4731/3688
f 4743/4735/3692 4730/4722/3679 4741/4733/3690
f 4744/4736/3693 4742/4734/3691 4733/4725/3682
f 4736/4728/3685 4737/4729/3686 4745/4737/3694
f 4736/4728/3685 4744/4736/3693 4733/4725/3682
f 4737/4729/3686 4740/4732/3689 4745/4737/3694
f 4732/4724/3681 4735/4727/3684 4746/4738/3695
f 4744/4736/3693 4736/4728/3685 4745/4737/3694
f 4745/4737/3694 4740/4732/3689 4743/4735/3692
f 4747/4739/3696 4746/4738/3695 4735/4727/3684
f 4735/4727/3684 4739/4731/3688 4748/4740/3697
f 4749/4741/3698 4741/4733/3690 4738/4730/3687
f 4735/4727/3684 4748/4740/3697 4747/4739/3696
f 4741/4733/3690 4750/4742/3699 4743/4735/3692
f 4739/4731/3688 4742/4734/3691 4748/4740/3697
f 4742/4734/3691 4751/4743/3700 4748/4740/3697
f 4746/4738/3695 4747/4739/3696 4752/4744/3701
f 4742/4734/3691 4744/4736/3693 4751/4743/3700
f 4753/4745/3702 4750/4742/3699 4741/4733/3690
f 4749/4741/3698 4753/4745/3702 4741/4733/3690
f 4743/4735/3692 4754/4746/3703 4745/4737/3694
f 4744/4736/3693 4745/4737/3694 4755/4747/3704
f 4754/4746/3703 4743/4735/3692 4750/4742/3699
f 4744/4736/3693 4755/4747/3704 4751/4743/3700
f 4752/4744/3701 4747/4739/3696 4756/4748/3705
f 4751/4743/3700 4757/4749/3706 4748/4740/3697
f 4747/4739/3696 4748/4740/3697 4757/4749/3706
f 4745/4737/3694 4754/4746/3703 4755/4747/3704
f 4758/4750/3707 4751/4743/3700 4755/4747/3704
f 4757/4749/3706 4756/4748/3705 4747/4739/3696
f 4751/4743/3700 4758/4750/3707 4757/4749/3706
f 4755/4747/3704 4754/4746/3703 4759/4751/3708
f 4753/4745/3702 4760/4752/3709 4750/4742/3699
f 4750/4742/3699 4760/4752/3709 4761/4753/3710
f 4752/4744/3701 4756/4748/3705 4762/4754/3711
f 4761/4753/3710 4754/4746/3703 4750/4742/3699
f 4758/4750/3707 4755/4747/3704 4759/4751/3708
f 4754/4746/3703 4761/4753/3710 4759/4751/3708
f 4757/4749/3706 4763/4755/3712 4756/4748/3705
f 4763/4755/3712 4762/4754/3711 4756/4748/3705
f 4764/4756/3713 4763/4755/3712 4757/4749/3706
f 4764/4756/3713 4757/4749/3706 4758/4750/3707
f 4758/4750/3707 4759/4751/3708 4765/4757/3714
f 4766/4758/3715 4758/4750/3707 4765/4757/3714
f 4767/4750/3716 4768/4758/3717 4769/4756/3713
f 4770/4759/3718 4771/4760/3719 4772/4761/3720
f 4773/4762/3721 4770/4759/3718 4774/4763/3722
f 4773/4762/3721 4771/4760/3719 4770/4759/3718
f 4775/4764/1794 4773/4762/3721 4774/4763/3722
f 4773/4762/3721 4775/4764/1794 4776/4765/3723
f 4776/4765/3723 4777/4766/3724 4773/4762/3721
f 4773/4762/3721 4777/4766/3724 4771/4760/3719
f 4777/4766/3724 4778/4767/1098 4771/4760/3719
f 4779/4768/3725 4780/4769/3726 4781/4770/3727
f 4779/4768/3725 4781/4770/3727 4782/4771/3728
f 4783/4772/2298 4782/4771/3728 4781/4770/3727
f 4784/4765/3723 4785/4773/3712 4786/4766/3729
f 4787/4774/3730 4788/4775/3731 4785/4773/3712
f 4789/4771/3728 4790/4776/3732 4791/4768/3733
f 4788/4775/3731 4787/4774/3730 4792/4777/3717
f 4785/4773/3712 4788/4775/3731 4786/4766/3729
f 4790/4776/3732 4789/4771/3728 4793/4778/3714
f 4786/4766/3729 4794/4779/3734 4795/4767/1098
f 4793/4778/3714 4789/4771/3728 4796/4780/2327
f 4796/4780/2327 4792/4777/3717 4793/4778/3714
f 4796/4780/2327 4789/4771/3728 4797/4772/2298
f 4792/4777/3717 4798/4781/3735 4788/4775/3731
f 4786/4766/3729 4788/4775/3731 4794/4779/3734
f 4794/4779/3734 4799/4782/3736 4795/4767/1098
f 4798/4781/3735 4792/4777/3717 4796/4780/2327
f 4788/4775/3731 4800/4783/3737 4794/4779/3734
f 4800/4783/3737 4788/4775/3731 4798/4781/3735
f 4801/4784/1094 4799/4782/3736 4802/4785/3435
f 4803/4786/2870 4801/4784/1094 4802/4785/3435
f 4800/4783/3737 4799/4782/3736 4794/4779/3734
f 4796/4780/2327 4804/4787/3738 4798/4781/3735
f 4800/4783/3737 4798/4781/3735 4805/4788/3739
f 4800/4783/3737 4802/4785/3435 4799/4782/3736
f 4805/4788/3739 4798/4781/3735 4804/4787/3738
f 4800/4783/3737 4805/4788/3739 4802/4785/3435
f 4802/4785/3435 4805/4788/3739 4806/4789/3740
f 4806/4789/3740 4805/4788/3739 4807/4790/3741
f 4804/4787/3738 4807/4790/3741 4805/4788/3739
f 4804/4787/3738 4808/4791/3433 4807/4790/3741
f 4809/4792/3742 4810/4793/3743 4811/4794/3744
f 4810/4793/3743 4809/4792/3742 4812/4795/3745
f 4810/4793/3743 4812/4795/3745 4813/4796/3746
f 4814/4797/1311 4812/4795/3745 4815/4798/1286
f 4811/4794/3744 4810/4793/3743 4816/4799/3646
f 4810/4793/3743 4817/4800/3747 4816/4799/3646
f 4814/4797/1311 4813/4796/3746 4812/4795/3745
f 4814/4797/1311 4818/4801/1312 4819/4802/3748
f 4818/4801/1312 4820/4803/1903 4819/4802/3748
f 4813/4796/3746 4817/4800/3747 4810/4793/3743
f 4814/4797/1311 4821/4804/3749 4813/4796/3746
f 4816/4799/3646 4817/4800/3747 4822/4805/3660
f 4821/4804/3749 4814/4797/1311 4819/4802/3748
f 4817/4800/3747 4823/4806/3750 4822/4805/3660
f 4813/4796/3746 4823/4806/3750 4817/4800/3747
f 4820/4803/1903 4824/4807/3751 4819/4802/3748
f 4823/4806/3750 4813/4796/3746 4821/4804/3749
f 4821/4804/3749 4819/4802/3748 4824/4807/3751
f 4823/4806/3750 4821/4804/3749 4825/4808/3752
f 4823/4806/3750 4825/4808/3752 4822/4805/3660
f 4824/4807/3751 4826/4809/2087 4821/4804/3749
f 4827/4810/3753 4825/4808/3752 4821/4804/3749
f 4828/4811/3677 4822/4805/3660 4825/4808/3752
f 4829/4812/3754 4825/4808/3752 4827/4810/3753
f 4829/4812/3754 4828/4811/3677 4825/4808/3752
f 4826/4809/2087 4827/4810/3753 4821/4804/3749
f 4828/4811/3677 4829/4812/3754 4830/4813/3687
f 4826/4809/2087 4831/4814/3755 4827/4810/3753
f 4827/4810/3753 4832/4815/3756 4829/4812/3754
f 4833/4816/3757 4831/4814/3755 4826/4809/2087
f 4829/4812/3754 4834/4817/3758 4830/4813/3687
f 4834/4817/3758 4829/4812/3754 4832/4815/3756
f 4831/4814/3755 4832/4815/3756 4827/4810/3753
f 4831/4814/3755 4834/4817/3758 4832/4815/3756
f 4831/4814/3755 4833/4816/3757 4835/4818/3759
f 4831/4814/3755 4836/4819/3760 4834/4817/3758
f 4830/4813/3687 4834/4817/3758 4837/4820/3698
f 4835/4818/3759 4838/4821/3761 4831/4814/3755
f 4838/4821/3761 4835/4818/3759 4839/4822/2093
f 4839/4822/2093 4840/4823/3762 4838/4821/3761
f 4831/4814/3755 4838/4821/3761 4836/4819/3760
f 4840/4823/3762 4839/4822/2093 4841/4824/2225
f 4837/4820/3698 4834/4817/3758 4836/4819/3760
f 4842/4825/3763 4836/4819/3760 4843/4826/3764
f 4844/4827/3765 4837/4820/3698 4845/4828/2294
f 4836/4819/3760 4845/4828/2294 4837/4820/3698
f 4842/4825/3763 4845/4828/2294 4836/4819/3760
f 4846/4829/3766 4845/4828/2294 4842/4825/3763
f 4845/4828/2294 4847/4830/3726 4844/4827/3765
f 4848/4819/3767 4849/4821/3768 4850/4826/3764
f 4849/4821/3768 4851/4823/3762 4850/4826/3764
f 4852/4831/3769 4853/4832/2431 4854/4833/3770
f 4855/4834/3771 4853/4832/2431 4852/4831/3769
f 4855/4834/3771 4852/4831/3769 4856/4835/2466
f 4857/4836/2642 4858/4837/3772 4859/4838/3773
f 4857/4836/2642 4860/4839/3774 4858/4837/3772
f 4860/4839/3774 4861/4840/3775 4858/4837/3772
f 4856/4835/2466 4852/4831/3769 4859/4838/3773
f 4858/4837/3772 4862/4841/3776 4859/4838/3773
f 4855/4834/3771 4856/4835/2466 4863/4842/3777
f 4864/4843/3778 4860/4839/3774 4865/4844/2645
f 4860/4839/3774 4864/4843/3778 4866/4845/3779
f 4858/4837/3772 4861/4840/3775 4867/4846/3780
f 4860/4839/3774 4866/4845/3779 4861/4840/3775
f 4868/4847/3781 4859/4838/3773 4862/4841/3776
f 4861/4840/3775 4866/4845/3779 4867/4846/3780
f 4858/4837/3772 4867/4846/3780 4862/4841/3776
f 4856/4835/2466 4859/4838/3773 4868/4847/3781
f 4856/4835/2466 4868/4847/3781 4869/4848/3782
f 4866/4845/3779 4864/4843/3778 4870/4849/3783
f 4867/4846/3780 4871/4850/3784 4862/4841/3776
f 4868/4847/3781 4862/4841/3776 4871/4850/3784
f 4872/4851/2478 4869/4848/3782 4868/4847/3781
f 4873/4852/3785 4871/4850/3784 4867/4846/3780
f 4872/4851/2478 4868/4847/3781 4874/4853/3786
f 4874/4853/3786 4868/4847/3781 4871/4850/3784
f 4873/4852/3785 4867/4846/3780 4866/4845/3779
f 4875/4854/3787 4876/4855/3112 4877/4856/3126
f 4872/4851/2478 4878/4857/3788 4876/4855/3112
f 4878/4857/3788 4872/4851/2478 4874/4853/3786
f 4877/4856/3126 4876/4855/3112 4878/4857/3788
f 4870/4849/3783 4873/4852/3785 4866/4845/3779
f 4878/4857/3788 4874/4853/3786 4879/4858/3789
f 4880/4859/3790 4871/4850/3784 4873/4852/3785
f 4881/4860/3193 4873/4852/3785 4870/4849/3783
f 4879/4858/3789 4874/4853/3786 4871/4850/3784
f 4882/4861/3194 4881/4860/3193 4870/4849/3783
f 4879/4858/3789 4871/4850/3784 4880/4859/3790
f 4881/4860/3193 4880/4859/3790 4873/4852/3785
f 4883/4862/2522 4884/4863/3791 4885/4864/2490
f 4886/4865/3792 4887/4866/2523 4883/4862/2522
f 4888/4867/2635 4889/4868/3793 4890/4869/3794
f 4887/4866/2523 4886/4865/3792 4889/4868/3793
f 4891/4870/3795 4886/4865/3792 4883/4862/2522
f 4888/4867/2635 4890/4869/3794 4892/4871/2646
f 4893/4872/3796 4894/4844/2645 4895/4873/2640
f 4885/4864/2490 4891/4870/3795 4883/4862/2522
f 4892/4871/2646 4893/4872/3796 4895/4873/2640
f 4896/4874/3797 4889/4868/3793 4886/4865/3792
f 4897/4843/3798 4894/4844/2645 4893/4872/3796
f 4898/4875/3799 4899/4876/3800 4892/4871/2646
f 4896/4874/3797 4890/4869/3794 4889/4868/3793
f 4890/4869/3794 4898/4875/3799 4892/4871/2646
f 4899/4876/3800 4893/4872/3796 4892/4871/2646
f 4900/4877/3801 4896/4874/3797 4886/4865/3792
f 4901/4878/2491 4900/4877/3801 4886/4865/3792
f 4891/4870/3795 4901/4878/2491 4886/4865/3792
f 4902/4879/3802 4893/4872/3796 4899/4876/3800
f 4896/4874/3797 4898/4875/3799 4890/4869/3794
f 4897/4843/3798 4893/4872/3796 4903/4849/3803
f 4903/4849/3803 4893/4872/3796 4902/4879/3802
f 4900/4877/3801 4904/4880/3804 4896/4874/3797
f 4896/4874/3797 4904/4880/3804 4898/4875/3799
f 4899/4876/3800 4898/4875/3799 4905/4881/3805
f 4906/4882/2496 4900/4877/3801 4901/4878/2491
f 4900/4877/3801 4906/4882/2496 4904/4880/3804
f 4905/4881/3805 4902/4879/3802 4899/4876/3800
f 4905/4881/3805 4898/4875/3799 4904/4880/3804
f 4907/4883/3178 4905/4881/3805 4904/4880/3804
f 4904/4880/3804 4906/4882/2496 4908/4884/3806
f 4909/4861/3194 4903/4849/3803 4902/4879/3802
f 4905/4881/3805 4910/4885/3180 4902/4879/3802
f 4910/4885/3180 4905/4881/3805 4907/4883/3178
f 4904/4880/3804 4908/4884/3806 4907/4883/3178
f 4910/4885/3180 4909/4861/3194 4902/4879/3802
