# Blender 4.2.0
# www.blender.org
mtllib model.mtl
o Mesh_0
v -0.398055 0.505521 0.130428
v -0.395466 0.511470 0.117125
v -0.395048 0.487786 0.124284
v -0.393450 0.499556 0.110232
v -0.389496 0.510421 0.101479
v -0.394416 0.522541 0.127271
v -0.387507 0.481001 0.107866
v -0.388323 0.473364 0.121549
v -0.387179 0.492956 0.099101
v -0.387561 0.526123 0.105634
v -0.380833 0.466647 0.109912
v -0.381961 0.505559 0.086155
v -0.381226 0.518827 0.086228
v -0.373703 0.476089 0.086095
v -0.373626 0.493973 0.074009
v -0.374928 0.533345 0.083342
v -0.374914 0.543991 0.096408
v -0.370831 0.510758 0.066282
v -0.366434 0.459281 0.093887
v -0.366367 0.530677 0.065275
v -0.355343 0.483817 0.054325
v -0.360586 0.502085 0.052765
v -0.356685 0.553302 0.069974
v -0.357978 0.465959 0.072776
v -0.352390 0.515556 0.040305
v -0.352501 0.532303 0.043705
v -0.342772 0.470701 0.051499
v -0.345893 0.547223 0.042893
v -0.349284 0.499404 0.039619
v -0.338669 0.486923 0.034395
v -0.338580 0.520483 0.024781
v -0.338749 0.561094 0.045772
v -0.329462 0.497267 0.020109
v -0.329957 0.547252 0.022513
v -0.331669 0.558016 0.031121
v -0.322690 0.477160 0.027380
v -0.327026 0.534265 0.016119
v -0.322520 0.463322 0.041519
v -0.312434 0.500620 0.003598
v -0.324059 0.518723 0.010889
v -0.316619 0.531336 0.000793
v -0.316478 0.546696 0.005724
v -0.317410 0.565839 0.021290
v -0.315466 0.514817 0.000231
v -0.310961 0.468679 0.026979
v -0.305282 0.483366 0.009195
v -0.301440 0.569425 0.002661
v -0.305791 0.527071 -0.010693
v -0.298352 0.507872 -0.012820
v -0.297457 0.543053 -0.017239
v -0.293181 0.561313 -0.012196
v -0.296511 0.490986 -0.005367
v -0.283962 0.478666 -0.004004
v -0.282698 0.529520 -0.034386
v -0.282131 0.511896 -0.028136
v -0.278117 0.581473 -0.014175
v -0.269357 0.540510 -0.048831
v -0.279192 0.552594 -0.033682
v -0.270830 0.488283 -0.022078
v -0.275000 0.569713 -0.025954
v -0.269285 0.516807 -0.041916
v -0.262534 0.568073 -0.041599
v -0.262542 0.529883 -0.054778
v -0.260157 0.555994 -0.053393
v -0.265016 0.581908 -0.027323
v -0.245877 0.544580 -0.073085
v -0.246818 0.586156 -0.042008
v -0.243490 0.561184 -0.068677
v -0.240900 0.579265 -0.057817
v -0.227887 0.576998 -0.072849
v -0.222987 0.552035 -0.087223
v -0.233138 0.539471 -0.083751
v -0.226811 0.565207 -0.080490
v -0.218725 0.536530 -0.089615
v -0.214737 0.575658 -0.082983
v -0.213056 0.585321 -0.074146
v -0.210687 0.545243 -0.091916
v -0.210908 0.562409 -0.092109
v -0.208910 0.579780 -0.086250
v -0.198766 0.306074 -0.097740
v -0.206728 0.283341 -0.100296
v -0.212345 0.296140 -0.086854
v -0.205318 0.323389 -0.085267
v -0.197616 0.568880 -0.093857
v -0.193052 0.245541 -0.110958
v -0.203975 0.226142 -0.103106
v -0.211747 0.238815 -0.095740
v -0.206606 0.264129 -0.101633
v -0.190205 0.283039 -0.112008
v -0.192497 0.293157 -0.105457
v -0.199672 0.336119 -0.082352
v -0.209227 0.334702 -0.072930
v -0.192027 0.552942 -0.098998
v -0.195749 0.534055 -0.094256
v -0.199712 0.584271 -0.081138
v -0.194375 0.264700 -0.110814
v -0.192543 0.323947 -0.095686
v -0.183158 0.578499 -0.089019
v -0.186307 0.215411 -0.115478
v -0.204190 0.204618 -0.103897
v -0.194989 0.595931 -0.071644
v -0.182018 0.591899 -0.078410
v -0.175242 0.201406 -0.122874
v -0.170773 0.268321 -0.125910
v -0.182981 0.308379 -0.106576
v -0.178083 0.316158 -0.110234
v -0.177211 0.538558 -0.103741
v -0.174960 0.559976 -0.102818
v -0.177762 0.572669 -0.096396
v -0.164059 0.225648 -0.128081
v -0.168810 0.246143 -0.126242
v -0.167888 0.287561 -0.124938
v -0.167063 0.300574 -0.119073
v -0.178258 0.607428 -0.067209
v -0.174877 0.586260 -0.083700
v -0.171874 0.596613 -0.081442
v -0.164820 0.550127 -0.106182
v -0.170199 0.581729 -0.091772
v -0.177762 0.572669 -0.096396
v -0.174877 0.586260 -0.083700
v -0.171306 0.591457 -0.090375
v -0.170199 0.581729 -0.091772
v -0.173579 0.586761 -0.088501
v -0.161146 0.309905 -0.126096
v -0.163788 0.540590 -0.103043
v -0.163756 0.526354 -0.103320
v -0.165061 0.578245 -0.099078
v -0.164352 0.569939 -0.101417
v -0.166192 0.586527 -0.090280
v -0.153670 0.203233 -0.132318
v -0.153386 0.427569 -0.149834
v -0.160113 0.399760 -0.149896
v -0.167666 0.416852 -0.136247
v -0.152826 0.249479 -0.135506
v -0.151078 0.285671 -0.133845
v -0.147503 0.298093 -0.132719
v -0.165596 0.324650 -0.129696
v -0.153423 0.320828 -0.141947
v -0.162692 0.373397 -0.148047
v -0.150280 0.361074 -0.159218
v -0.158402 0.344504 -0.146711
v -0.154882 0.521510 -0.103353
v -0.159039 0.501854 -0.108013
v -0.163785 0.512085 -0.098014
v -0.159981 0.558801 -0.105655
v -0.157084 0.566926 -0.099891
v -0.146697 0.271445 -0.137973
v -0.142423 0.336839 -0.157622
v -0.147337 0.378971 -0.163862
v -0.144499 0.406367 -0.164093
v -0.141209 0.483925 -0.138549
v -0.153885 0.462159 -0.136005
v -0.153558 0.486275 -0.124182
v -0.152363 0.532894 -0.104149
v -0.156250 0.551007 -0.102221
v -0.158435 0.578682 -0.096866
v -0.145971 0.304960 -0.140770
v -0.139871 0.511482 -0.123640
v -0.148848 0.544129 -0.100442
v -0.150314 0.558299 -0.094813
v -0.146147 0.581961 -0.082130
v -0.149404 0.573500 -0.089723
v -0.157584 0.588907 -0.086170
v -0.146688 0.599028 -0.070925
v -0.144066 0.233679 -0.136401
v -0.131573 0.270061 -0.141956
v -0.132328 0.295707 -0.147560
v -0.133322 0.312048 -0.155806
v -0.135617 0.393790 -0.174634
v -0.146027 0.448972 -0.149800
v -0.140129 0.525216 -0.114554
v -0.133850 0.537741 -0.112376
v -0.140186 0.212165 -0.136311
v -0.141672 0.189669 -0.135352
v -0.134317 0.364693 -0.174681
v -0.130290 0.424625 -0.171833
v -0.141151 0.563666 -0.090857
v -0.141066 0.584317 -0.074690
v -0.134149 0.284648 -0.140681
v -0.128548 0.342462 -0.172074
v -0.124784 0.506188 -0.139501
v -0.120530 0.525500 -0.130579
v -0.136532 0.576502 -0.082048
v -0.136955 0.601152 -0.064367
v -0.134988 0.611721 -0.055405
v -0.139905 0.608828 -0.054173
v -0.138810 0.619343 -0.042967
v -0.135501 0.620644 -0.050299
v -0.125906 0.443881 -0.169450
v -0.126859 0.463889 -0.160929
v -0.120182 0.487072 -0.154333
v -0.121092 0.561098 -0.105608
v -0.132008 0.569913 -0.090985
v -0.133130 0.588214 -0.075675
v -0.127017 0.603150 -0.071777
v -0.122940 0.614632 -0.069646
v -0.113515 0.327847 -0.176535
v -0.123000 0.376506 -0.182853
v -0.119951 0.400702 -0.183640
v -0.121594 0.282153 -0.145061
v -0.108585 0.299440 -0.166455
v -0.110161 0.548220 -0.123485
v -0.115849 0.587676 -0.092872
v -0.115522 0.286635 -0.155249
v -0.113727 0.351824 -0.185569
v -0.108107 0.462485 -0.174064
v -0.109243 0.384382 -0.190566
v -0.102482 0.439137 -0.184711
v -0.093251 0.508232 -0.161705
v -0.110423 0.612068 -0.085108
v -0.097836 0.357711 -0.194922
v -0.093847 0.408919 -0.194811
v -0.090464 0.536977 -0.146076
v -0.101585 0.576024 -0.111122
v -0.094707 0.316824 -0.183803
v -0.094982 0.335494 -0.192296
v -0.095415 0.600300 -0.105521
v -0.095396 0.277763 -0.161323
v -0.085555 0.489425 -0.175392
v -0.097645 0.615774 -0.099547
v -0.091414 0.469320 -0.180811
v -0.085707 0.571429 -0.126442
v -0.081231 0.290972 -0.174793
v -0.074753 0.325388 -0.196949
v -0.085297 0.380935 -0.201271
v -0.080954 0.434983 -0.194392
v -0.080991 0.455093 -0.189263
v -0.074923 0.346508 -0.205314
v -0.079409 0.360704 -0.204203
v -0.068893 0.525344 -0.167249
v -0.083802 0.616172 -0.111198
v -0.072303 0.564992 -0.140475
v -0.074927 0.591434 -0.125394
v -0.079778 0.267218 -0.160967
v -0.069611 0.306188 -0.188976
v -0.071892 0.402171 -0.203512
v -0.076182 0.608097 -0.118765
v -0.060778 0.472362 -0.191536
v -0.067757 0.507996 -0.176472
v -0.065725 0.370963 -0.209179
v -0.062546 0.447681 -0.197516
v -0.059124 0.543418 -0.161890
v -0.058824 0.610215 -0.129615
v -0.066566 0.617458 -0.123739
v -0.060054 0.277532 -0.174062
v -0.057772 0.294393 -0.184886
v -0.059394 0.491983 -0.186037
v -0.052908 0.584884 -0.142463
v -0.049444 0.350747 -0.213229
v -0.055350 0.419376 -0.204678
v -0.050361 0.564136 -0.153970
v -0.055309 0.309724 -0.194784
v -0.039482 0.467122 -0.198863
v -0.047553 0.274974 -0.175187
v -0.050531 0.294366 -0.189443
v -0.049230 0.308095 -0.199087
v -0.046000 0.331178 -0.208028
v -0.037412 0.363075 -0.216059
v -0.032639 0.392640 -0.214091
v -0.047722 0.526403 -0.176630
v -0.044602 0.263906 -0.169429
v -0.045990 0.296663 -0.223849
v -0.045058 0.286616 -0.231275
v -0.050113 0.282572 -0.219642
v -0.048491 0.300045 -0.210223
v -0.040037 0.319385 -0.204291
v -0.039732 0.440332 -0.205220
v -0.043395 0.501116 -0.188022
v -0.046165 0.618488 -0.135960
v -0.043258 0.610026 -0.138497
v -0.037655 0.313519 -0.216421
v -0.032908 0.547810 -0.172031
v -0.035212 0.575165 -0.156664
v -0.036426 0.262254 -0.173360
v -0.036081 0.293680 -0.239736
v -0.037276 0.305764 -0.230896
v -0.030579 0.342396 -0.214220
v -0.032817 0.414820 -0.210396
v -0.030413 0.601320 -0.148156
v -0.030254 0.284715 -0.246941
v -0.040903 0.274353 -0.235068
v -0.027062 0.525900 -0.184028
v -0.024208 0.302803 -0.243662
v -0.029786 0.313674 -0.229957
v -0.027451 0.326592 -0.210556
v -0.024545 0.455753 -0.205027
v -0.027866 0.617990 -0.144349
v -0.027682 0.271341 -0.247303
v -0.034098 0.259650 -0.236770
v -0.015209 0.368910 -0.219583
v -0.023729 0.323057 -0.219366
v -0.011055 0.438062 -0.210835
v -0.018232 0.497601 -0.195180
v -0.015060 0.615994 -0.149345
v -0.016108 0.277411 -0.255360
v -0.016812 0.313609 -0.238032
v -0.010123 0.324538 -0.226309
v -0.013447 0.347756 -0.218183
v -0.014411 0.407411 -0.215225
v -0.016423 0.477789 -0.201038
v -0.007421 0.540035 -0.181938
v -0.009989 0.574599 -0.166949
v -0.019015 0.592394 -0.156453
v -0.012632 0.288534 -0.255850
v -0.012600 0.330008 -0.215004
v -0.007379 0.388688 -0.218476
v -0.013153 0.335975 -0.213811
v -0.004777 0.603899 -0.155267
v -0.005886 0.302276 -0.250142
v -0.002844 0.317525 -0.237486
v 0.003157 0.334663 -0.214471
v -0.311786 0.558161 0.194306
v -0.312892 0.547951 0.200779
v -0.296949 0.543086 0.202858
v -0.304126 0.536820 0.210739
v -0.305426 0.566239 0.182739
v -0.290571 0.527815 0.215438
v -0.285301 0.536902 0.200917
v -0.279529 0.482705 0.207102
v -0.301188 0.476807 0.209972
v -0.290637 0.464317 0.200799
v -0.293778 0.494054 0.213669
v -0.283661 0.523931 0.209854
v -0.281968 0.551645 0.185548
v -0.283200 0.576306 0.152817
v -0.298259 0.578207 0.158939
v -0.284409 0.512413 0.216310
v -0.275142 0.562052 0.168189
v -0.270417 0.470096 0.195514
v -0.278210 0.498680 0.213030
v -0.276726 0.512477 0.210605
v -0.273500 0.459926 0.189193
v -0.268622 0.485192 0.202240
v -0.266338 0.503379 0.200473
v -0.263385 0.523001 0.190895
v -0.261410 0.538972 0.178364
v -0.262851 0.569108 0.147546
v -0.274312 0.581725 0.135490
v -0.258384 0.469206 0.178152
v -0.260161 0.482661 0.191220
v -0.253363 0.551312 0.159597
v -0.253356 0.573912 0.128504
v -0.263647 0.584625 0.118545
v -0.249560 0.505243 0.180996
v -0.245945 0.489220 0.173287
v -0.250029 0.465490 0.154430
v -0.247307 0.476780 0.166504
v -0.245965 0.521394 0.172747
v -0.246752 0.557523 0.145540
v -0.245440 0.585389 0.107368
v -0.253298 0.597202 0.091247
v -0.232752 0.568698 0.117621
v -0.233713 0.509618 0.158518
v -0.240749 0.535134 0.159623
v -0.240372 0.558409 0.132986
v -0.224775 0.591332 0.083347
v -0.236047 0.602138 0.072486
v -0.234780 0.484727 0.148097
v -0.238115 0.469493 0.132293
v -0.238593 0.545667 0.147953
v -0.230825 0.527422 0.147767
v -0.231571 0.542233 0.137171
v -0.235534 0.467097 0.116062
v -0.227711 0.482863 0.124557
v -0.228233 0.496779 0.140280
v -0.221391 0.552367 0.121478
v -0.222731 0.576476 0.099511
v -0.215792 0.477064 0.104483
v -0.222299 0.497609 0.127459
v -0.226462 0.510901 0.136663
v -0.227398 0.528222 0.136615
v -0.213030 0.490661 0.113382
v -0.219394 0.533654 0.126311
v -0.216352 0.598723 0.067640
v -0.230717 0.607262 0.057963
v -0.209647 0.507354 0.117000
v -0.206857 0.560158 0.099616
v -0.205600 0.604017 0.055252
v -0.217851 0.615252 0.038598
v -0.207255 0.542764 0.111387
v -0.195320 0.575181 0.078876
v -0.202041 0.528729 0.109051
v -0.203960 0.615894 0.037740
v -0.197223 0.622963 0.030850
v -0.207301 0.470103 0.081489
v -0.200375 0.489105 0.093057
v -0.192813 0.590849 0.064608
v -0.193080 0.513636 0.095925
v -0.195804 0.549360 0.095079
v -0.189100 0.483790 0.070368
v -0.183544 0.497236 0.073650
v -0.189469 0.611013 0.043182
v -0.183650 0.533032 0.085984
v -0.183589 0.560639 0.079416
v -0.179422 0.620516 0.037417
v -0.176809 0.603239 0.049447
v -0.177020 0.485717 0.055534
v -0.176087 0.513581 0.073357
v -0.173300 0.550261 0.074236
v -0.172627 0.575313 0.067096
v -0.169508 0.587106 0.060071
v -0.172346 0.483021 0.050541
v -0.167285 0.496384 0.053039
v -0.165195 0.513734 0.059531
v -0.168522 0.530077 0.069982
v -0.166026 0.608327 0.048997
v -0.162873 0.619838 0.040023
v -0.160930 0.551179 0.064989
v -0.160282 0.598383 0.051885
v -0.164777 0.626930 0.031976
v -0.158127 0.512956 0.053884
v -0.155587 0.528728 0.056277
v -0.154580 0.575410 0.059150
v -0.152998 0.611345 0.045720
v -0.151293 0.624059 0.032849
v -0.155956 0.631060 0.029104
v -0.151872 0.589360 0.055679
v -0.146866 0.528238 0.055241
v -0.148153 0.546978 0.055830
v -0.145667 0.541525 0.053221
v -0.148681 0.617953 0.036944
v -0.146560 0.625841 0.034009
v -0.146990 0.573055 0.051807
v -0.141682 0.590427 0.045340
v -0.145278 0.602444 0.045815
v -0.141520 0.611311 0.034073
v -0.140589 0.620539 0.030405
v -0.141300 0.559365 0.052057
v -0.139452 0.577565 0.043670
v -0.136604 0.602977 0.036278
v -0.136285 0.615893 0.025589
v -0.133955 0.561454 0.050427
v -0.128477 0.581440 0.041713
v -0.130402 0.590996 0.036512
v -0.128933 0.601398 0.028130
v -0.131415 0.612307 0.019206
v -0.124235 0.595027 0.032177
v -0.287714 0.868914 0.009370
v -0.276053 0.850257 0.009904
v -0.269253 0.856660 0.015988
v -0.278470 0.869122 0.016453
v -0.287636 0.881535 0.012242
v -0.282108 0.890838 0.018350
v -0.289797 0.891845 0.012994
v -0.284767 0.902643 0.013385
v -0.275282 0.880795 0.019914
v -0.284469 0.919624 0.012759
v -0.273756 0.910609 0.018076
v -0.273114 0.897989 0.020694
v -0.272178 0.927826 0.018042
v -0.279721 0.932056 0.012790
v -0.273734 0.937206 0.018556
v -0.262617 0.864552 0.020529
v -0.267441 0.956530 0.015735
v -0.276894 0.947115 0.008869
v -0.269281 0.944651 0.014855
v -0.264388 0.837448 0.010955
v -0.256863 0.884252 0.019355
v -0.261239 0.893551 0.022133
v -0.260522 0.930115 0.020018
v -0.265914 0.935028 0.020883
v -0.260886 0.946948 0.020245
v -0.259714 0.909237 0.017950
v -0.255238 0.958271 0.023184
v -0.252035 0.966805 0.019684
v -0.259556 0.971036 0.014529
v -0.252711 0.833966 0.014250
v -0.251518 0.827997 0.008116
v -0.248025 0.853512 0.022371
v -0.244362 0.840703 0.019490
v -0.250614 0.865704 0.020018
v -0.246619 0.928642 0.016285
v -0.249387 0.946016 0.022152
v -0.242313 0.981189 0.020283
v -0.238748 0.829613 0.014996
v -0.244099 0.883783 0.016677
v -0.244434 0.906322 0.010868
v -0.237942 0.822482 0.004279
v -0.233113 0.841706 0.019940
v -0.234512 0.858502 0.017200
v -0.238037 0.924108 0.008631
v -0.231770 0.948372 0.017891
v -0.234122 0.969289 0.021937
v -0.229067 0.870463 0.013335
v -0.234708 0.891568 0.004295
v -0.226818 0.913494 -0.008456
v -0.225612 0.827876 0.016387
v -0.229184 0.819158 0.002562
v -0.226123 0.846459 0.017492
v -0.222690 0.875201 0.003902
v -0.224845 0.897597 -0.009671
v -0.227326 0.931567 0.004268
v -0.225160 0.986826 0.024025
v -0.221094 0.838029 0.020418
v -0.216356 0.973141 0.023220
v -0.217926 0.853812 0.016889
v -0.216268 0.863040 0.011003
v -0.217272 0.888508 -0.010586
v -0.212245 0.926447 -0.010021
v -0.215260 0.951031 0.014995
v -0.212429 0.877641 -0.004210
v -0.215935 0.909614 -0.019891
v -0.210183 0.902890 -0.021850
v -0.214069 0.941260 0.005992
v -0.205223 0.891882 -0.016753
v -0.209415 0.917048 -0.019459
v -0.203091 0.992040 0.025548
v -0.209605 0.997683 0.020351
v -0.202635 0.939710 0.002652
v -0.197656 0.949001 0.013643
v -0.203825 0.972412 0.021446
v -0.198870 0.900859 -0.021141
v -0.201906 0.911106 -0.022615
v -0.196680 0.921468 -0.015611
v -0.192686 0.967513 0.023104
v -0.191695 0.912183 -0.018997
v -0.187909 0.932788 -0.000760
v -0.187165 0.954533 0.018703
v -0.192722 0.984003 0.026818
v -0.184636 0.921753 -0.009907
v -0.182605 0.994480 0.023119
v -0.182022 0.979874 0.028172
v -0.178010 0.940653 0.014123
v -0.176950 0.961056 0.024305
v -0.173268 0.984194 0.025440
v -0.170657 0.947301 0.022746
v -0.165475 0.967497 0.025250
v -0.157329 0.946024 0.022723
v -0.164598 0.935046 0.018030
v -0.162559 0.976992 0.024353
v -0.160226 0.931749 0.021405
v -0.151725 0.939037 0.023654
v -0.150213 0.964134 0.023015
v -0.156184 0.978495 0.021855
v -0.145760 0.948519 0.022773
v -0.140274 0.957729 0.018493
v -0.139675 0.949464 0.018806
v -0.145938 0.965141 0.020772
v -0.268098 0.049830 0.071636
v -0.264675 0.040194 0.064533
v -0.257915 0.049669 0.074277
v -0.270527 0.063966 0.076531
v -0.262270 0.073299 0.085870
v -0.269551 0.083724 0.086519
v -0.255750 0.091921 0.095760
v -0.265591 0.098854 0.095190
v -0.252585 0.031948 0.062732
v -0.253739 0.106437 0.101965
v -0.251697 0.071118 0.087818
v -0.242626 0.036734 0.071379
v -0.242045 0.049855 0.084919
v -0.244372 0.102114 0.105055
v -0.245746 0.113252 0.109215
v -0.243566 0.068888 0.094956
v -0.242356 0.088081 0.099063
v -0.240285 0.021546 0.057103
v -0.229232 0.055943 0.099886
v -0.225618 0.073765 0.108083
v -0.231272 0.114702 0.114484
v -0.229371 0.097683 0.108739
v -0.238057 0.122112 0.113310
v -0.218318 0.018124 0.060166
v -0.224368 0.038813 0.087826
v -0.227599 0.120986 0.121459
v -0.211323 0.108487 0.117730
v -0.215375 0.117534 0.120664
v -0.214824 0.126112 0.125935
v -0.204960 0.055208 0.109804
v -0.210117 0.095516 0.119432
v -0.208229 0.079409 0.118483
v -0.204480 0.118519 0.127223
v -0.195515 0.035210 0.096370
v -0.195952 0.105536 0.125845
v -0.198261 0.130498 0.131011
v -0.179322 0.092965 0.129050
v -0.190286 0.114376 0.126744
v -0.192760 0.122293 0.130864
v -0.182639 0.050659 0.112469
v -0.176795 0.030952 0.095186
v -0.183732 0.069867 0.122584
v -0.167540 0.109885 0.130513
v -0.182670 0.130023 0.133282
v -0.183349 0.140266 0.135380
v -0.200577 0.136439 0.130220
v -0.172683 0.120999 0.129209
v -0.163810 0.041536 0.106716
v -0.165820 0.073121 0.125464
v -0.174162 0.130263 0.136375
v -0.172488 0.141398 0.138216
v -0.161891 0.128518 0.132992
v -0.161516 0.136483 0.136487
v -0.150809 0.029729 0.093787
v -0.152292 0.054796 0.116487
v -0.156881 0.092443 0.131043
v -0.160414 0.145801 0.129729
v -0.150661 0.121417 0.128709
v -0.146108 0.082100 0.127403
v -0.135831 0.047303 0.108255
v -0.132905 0.067340 0.119227
v -0.141024 0.100230 0.128879
v -0.148129 0.130730 0.131634
v -0.148071 0.138098 0.132719
v -0.130906 0.114959 0.126066
v -0.142215 0.133679 0.127598
v -0.145929 0.143562 0.126328
v -0.129722 0.035165 0.095537
v -0.124576 0.086706 0.122672
v -0.128396 0.130722 0.126509
v -0.122490 0.137295 0.122730
v -0.139290 0.154110 0.117538
v -0.112564 0.123233 0.125455
v -0.108077 0.041201 0.092765
v -0.119017 0.027115 0.080469
v -0.114533 0.052756 0.105663
v -0.109929 0.073070 0.113226
v -0.112863 0.104166 0.120214
v -0.125839 0.018381 0.065394
v -0.105146 0.015753 0.061440
v -0.100566 0.031241 0.076131
v -0.095210 0.121125 0.115702
v -0.101473 0.090119 0.113181
v -0.099478 0.110013 0.119410
v -0.103429 0.138588 0.110776
v -0.092795 0.024738 0.070720
v -0.097213 0.059438 0.100277
v -0.092686 0.073682 0.103765
v -0.087711 0.017955 0.060430
v -0.091061 0.048434 0.089797
v -0.085959 0.087918 0.110562
v -0.083180 0.041618 0.088027
v -0.085688 0.098155 0.114385
v -0.081523 0.105134 0.113323
v -0.082240 0.066048 0.099779
v -0.079079 0.029282 0.074310
v -0.071646 0.045112 0.087294
v -0.072213 0.058787 0.097293
v -0.073159 0.070671 0.101915
v -0.074854 0.092533 0.111308
v -0.070587 0.035016 0.076981
v -0.068089 0.078085 0.103035
v -0.061581 0.047536 0.079864
v -0.058996 0.059398 0.087781
v -0.059904 0.070509 0.094545
v -0.231461 0.802914 -0.012137
v -0.230533 0.789405 -0.033248
v -0.232425 0.780382 -0.010953
v -0.231120 0.788394 0.003527
v -0.228300 0.750520 -0.007947
v -0.225394 0.751388 0.012932
v -0.226817 0.771655 0.022271
v -0.226172 0.792254 0.033305
v -0.226547 0.811623 0.016376
v -0.228521 0.813779 0.003039
v -0.231903 0.815820 -0.012621
v -0.229184 0.819158 0.002562
v -0.224362 0.730784 -0.015655
v -0.221809 0.728266 0.003657
v -0.222217 0.771696 0.045662
v -0.223742 0.815979 0.033343
v -0.225612 0.827876 0.016387
v -0.221677 0.831647 0.025543
v -0.216915 0.708909 -0.009116
v -0.218276 0.729014 0.031928
v -0.219782 0.748185 0.041288
v -0.219634 0.788487 0.054267
v -0.219139 0.811988 0.049363
v -0.217642 0.831410 0.043472
v -0.221094 0.838029 0.020418
v -0.214679 0.713105 0.021580
v -0.210914 0.713938 0.044218
v -0.214510 0.767914 0.061403
v -0.216497 0.846595 0.028902
v -0.217926 0.853812 0.016889
v -0.210202 0.693332 -0.011937
v -0.208963 0.696395 0.013472
v -0.209204 0.736061 0.061558
v -0.206502 0.788669 0.082311
v -0.207940 0.815868 0.072092
v -0.209035 0.837516 0.057009
v -0.211821 0.863643 0.020386
v -0.201647 0.871643 0.041794
v -0.216268 0.863040 0.011003
v -0.200778 0.687274 0.039238
v -0.200996 0.715924 0.069343
v -0.206039 0.766562 0.080774
v -0.202190 0.855468 0.057081
v -0.207775 0.878650 0.000643
v -0.212429 0.877641 -0.004210
v -0.199227 0.676920 0.004558
v -0.194085 0.690666 0.061595
v -0.201963 0.745255 0.081886
v -0.195262 0.755601 0.096294
v -0.201680 0.882086 0.023676
v -0.196678 0.676904 0.024235
v -0.196641 0.776241 0.097801
v -0.194352 0.794969 0.100448
v -0.199404 0.811792 0.090444
v -0.195777 0.837238 0.084412
v -0.205223 0.891882 -0.016753
v -0.196207 0.894262 0.008695
v -0.193588 0.901868 -0.010976
v -0.184981 0.664880 0.039734
v -0.192045 0.706366 0.083270
v -0.193687 0.731536 0.092318
v -0.190289 0.868393 0.070769
v -0.190326 0.892810 0.034734
v -0.198870 0.900859 -0.021141
v -0.179360 0.730500 0.108040
v -0.180312 0.778142 0.117590
v -0.183798 0.820985 0.109470
v -0.187090 0.885663 0.055430
v -0.191695 0.912183 -0.018997
v -0.180241 0.666294 0.057257
v -0.182713 0.689234 0.087635
v -0.181874 0.709643 0.099562
v -0.178215 0.843644 0.107930
v -0.180940 0.862617 0.089993
v -0.182173 0.909363 0.018023
v -0.178617 0.674697 0.079354
v -0.177124 0.751860 0.116942
v -0.176835 0.807735 0.120652
v -0.177717 0.880235 0.079834
v -0.183657 0.916039 -0.008467
v -0.184636 0.921753 -0.009907
v -0.179206 0.654613 0.024973
v -0.169718 0.647799 0.036083
v -0.174367 0.905543 0.048945
v -0.175061 0.927343 0.004629
v -0.172795 0.923056 0.009478
v -0.187909 0.932788 -0.000760
v -0.178010 0.940653 0.014123
v -0.157850 0.641879 0.058088
v -0.170910 0.659875 0.072679
v -0.171684 0.691679 0.104423
v -0.160917 0.729035 0.126725
v -0.169071 0.772622 0.129182
v -0.169819 0.832542 0.123720
v -0.170896 0.863798 0.105583
v -0.166691 0.899974 0.073313
v -0.163192 0.925535 0.030223
v -0.165489 0.670532 0.096046
v -0.169009 0.705085 0.114593
v -0.164257 0.801888 0.133035
v -0.159973 0.889783 0.096479
v -0.164598 0.935046 0.018030
v -0.156463 0.646375 0.076784
v -0.157251 0.655797 0.091119
v -0.153829 0.682164 0.119533
v -0.151294 0.703882 0.130941
v -0.161582 0.752349 0.132437
v -0.160716 0.850867 0.124717
v -0.159376 0.916780 0.058440
v -0.160226 0.931749 0.021405
v -0.170657 0.947301 0.022746
v -0.154459 0.767390 0.140268
v -0.156169 0.827732 0.136629
v -0.155288 0.874581 0.115807
v -0.152861 0.929577 0.044849
v -0.148914 0.661561 0.110012
v -0.149385 0.787594 0.145524
v -0.152071 0.911218 0.080518
v -0.157329 0.946024 0.022723
v -0.138858 0.731820 0.144804
v -0.141821 0.805493 0.150425
v -0.137672 0.847312 0.144558
v -0.144333 0.867478 0.130473
v -0.151725 0.939037 0.023654
v -0.139804 0.762064 0.150415
v -0.141394 0.829977 0.147822
v -0.140068 0.888089 0.120393
v -0.137805 0.907396 0.101736
v -0.134700 0.666643 0.126972
v -0.131485 0.692391 0.141036
v -0.129828 0.783221 0.158811
v -0.125512 0.829634 0.156395
v -0.117893 0.747738 0.161267
v -0.106353 0.771594 0.171095
v -0.115000 0.795474 0.166956
v -0.113582 0.669196 0.141412
v -0.117665 0.708449 0.152092
v -0.113797 0.732707 0.158231
v -0.110866 0.816964 0.166472
v -0.113107 0.684260 0.147353
v -0.109986 0.701761 0.153609
v -0.109288 0.718496 0.158419
v -0.102636 0.689676 0.160492
v -0.102245 0.713065 0.171729
v -0.103329 0.730435 0.168358
v -0.098777 0.752225 0.171919
v -0.101637 0.787060 0.174859
v -0.104820 0.799687 0.173161
v -0.105281 0.802310 0.181833
v -0.104936 0.789180 0.187545
v -0.105381 0.798500 0.188270
v -0.096308 0.670347 0.150619
v -0.095933 0.731943 0.182250
v -0.101875 0.789309 0.179981
v -0.098270 0.777455 0.189321
v -0.098886 0.778310 0.195181
v -0.099724 0.785425 0.194423
v -0.099335 0.815519 0.171977
v -0.101241 0.809715 0.186305
v -0.098962 0.815222 0.176603
v -0.091780 0.700326 0.184744
v -0.096587 0.685498 0.170774
v -0.088319 0.758358 0.183550
v -0.092938 0.821858 0.180229
v -0.091168 0.672955 0.164527
v -0.091438 0.719600 0.188605
v -0.087812 0.775029 0.182053
v -0.091532 0.772513 0.189653
v -0.084083 0.677782 0.180655
v -0.083882 0.742059 0.195590
v -0.089344 0.769177 0.179377
v -0.085297 0.769311 0.199062
v -0.090637 0.775878 0.201106
v -0.087626 0.831669 0.171430
v -0.079417 0.663858 0.169504
v -0.083196 0.768577 0.190911
v -0.076959 0.688746 0.194716
v -0.079609 0.713695 0.200146
v -0.073194 0.757706 0.201739
v -0.074922 0.773524 0.205456
v -0.064879 0.662367 0.184752
v -0.072304 0.727350 0.207831
v -0.069963 0.768000 0.202772
v -0.063936 0.700171 0.208138
v -0.060220 0.715551 0.214037
v -0.059662 0.748295 0.214839
v -0.062726 0.674900 0.198484
v -0.065138 0.686629 0.202771
v -0.059777 0.772855 0.206488
v -0.043558 0.725530 0.222809
v -0.050313 0.760368 0.216637
v -0.046847 0.684037 0.211307
v -0.053073 0.676436 0.208415
v -0.048412 0.746038 0.220654
v -0.034103 0.702040 0.222694
v -0.042802 0.753002 0.228288
v -0.042573 0.766698 0.230510
v -0.045843 0.768274 0.216612
v -0.051525 0.778580 0.206146
v -0.036614 0.678886 0.217709
v -0.041012 0.672458 0.214098
v -0.034735 0.737017 0.227246
v -0.035403 0.759306 0.244412
v -0.039048 0.776496 0.219772
v -0.033775 0.746972 0.240281
v -0.034490 0.773016 0.238806
v -0.042038 0.786870 0.202353
v -0.023129 0.723080 0.228852
v -0.027164 0.675689 0.222234
v -0.024356 0.689999 0.222392
v -0.017653 0.731358 0.239724
v -0.025718 0.766540 0.249939
v -0.025047 0.744595 0.248318
v -0.020870 0.682889 0.225395
v -0.010700 0.710960 0.229196
v -0.019271 0.750940 0.254139
v -0.011720 0.735836 0.250995
v -0.012201 0.696147 0.227555
v -0.006307 0.688010 0.228792
v -0.005047 0.721833 0.234157
v 0.004096 0.700818 0.228616
v 0.000155 0.726366 0.244890
v -0.001177 0.746442 0.256898
v 0.000020 0.735058 0.253588
v 0.011133 0.721903 0.232783
v -0.174877 0.586260 -0.083700
v -0.171306 0.591457 -0.090375
v -0.173579 0.586761 -0.088501
v -0.170199 0.581729 -0.091772
v -0.171874 0.596613 -0.081442
v -0.156273 0.634189 0.036070
v -0.169718 0.647799 0.036083
v -0.155956 0.631060 0.029104
v -0.157850 0.641879 0.058088
v -0.148358 0.631303 0.048742
v -0.146560 0.625841 0.034009
v -0.134780 0.632650 0.080900
v -0.156463 0.646375 0.076784
v -0.142055 0.644798 0.096752
v -0.157251 0.655797 0.091119
v -0.151293 0.624059 0.032849
v -0.140589 0.620539 0.030405
v -0.136035 0.622203 0.036059
v -0.128206 0.624761 0.062508
v -0.148914 0.661561 0.110012
v -0.129449 0.650169 0.116594
v -0.134700 0.666643 0.126972
v -0.130123 0.617928 0.026392
v -0.136285 0.615893 0.025589
v -0.131415 0.612307 0.019206
v -0.123899 0.619277 0.043347
v -0.124691 0.639532 0.106373
v -0.113582 0.669196 0.141412
v -0.120301 0.613215 0.028273
v -0.116782 0.624661 0.083948
v -0.108605 0.628601 0.098379
v -0.105244 0.644454 0.122212
v -0.107702 0.615305 0.053574
v -0.114147 0.652470 0.128694
v -0.101285 0.610258 0.048165
v -0.102730 0.620081 0.081207
v -0.099010 0.631566 0.104448
v -0.093298 0.653733 0.140332
v -0.091314 0.634984 0.120717
v -0.096308 0.670347 0.150619
v -0.086610 0.614123 0.077201
v -0.086015 0.611075 0.064968
v -0.087147 0.624069 0.105373
v -0.078956 0.616250 0.092425
v -0.071425 0.622859 0.115055
v -0.077133 0.652155 0.149534
v -0.079417 0.663858 0.169504
v -0.074984 0.637901 0.135421
v -0.072788 0.609079 0.077803
v -0.059897 0.647016 0.163222
v -0.064879 0.662367 0.184752
v -0.056947 0.608503 0.091425
v -0.058837 0.628761 0.131107
v -0.060021 0.640446 0.145063
v -0.057570 0.611526 0.098357
v -0.046702 0.616557 0.115549
v -0.048791 0.648826 0.180485
v -0.062726 0.674900 0.198484
v -0.049359 0.666436 0.198902
v -0.053073 0.676436 0.208415
v -0.040864 0.629184 0.137465
v -0.036973 0.635943 0.156414
v -0.039653 0.608299 0.100266
v -0.041012 0.672458 0.214098
v -0.034773 0.669923 0.209074
v -0.029316 0.614781 0.117412
v -0.036758 0.640037 0.172070
v -0.028023 0.654280 0.194621
v -0.024847 0.630355 0.144377
v -0.027164 0.675689 0.222234
v -0.022236 0.609774 0.106125
v -0.016011 0.620132 0.130655
v -0.018907 0.634110 0.164321
v -0.016031 0.641106 0.180400
v -0.000651 0.613838 0.117657
v -0.010533 0.668451 0.208979
v -0.016332 0.674958 0.216671
v -0.015900 0.678950 0.224671
v -0.020870 0.682889 0.225395
v -0.008884 0.609766 0.107850
v -0.000534 0.656725 0.199683
v -0.006307 0.688010 0.228792
v -0.000823 0.627828 0.142438
v -0.001769 0.634712 0.164862
v -0.002689 0.681760 0.220607
v 0.005308 0.645590 0.185722
v -0.001760 0.607416 0.104889
v 0.005567 0.609087 0.106594
v 0.015697 0.630968 0.148497
v 0.016061 0.634326 0.162290
v 0.014918 0.671805 0.214767
v 0.006295 0.687417 0.228334
v 0.021399 0.642544 0.179910
v 0.024833 0.623873 0.133105
v 0.021755 0.658678 0.201314
v 0.025763 0.612851 0.113562
v 0.022461 0.610083 0.105363
v 0.021678 0.677712 0.224919
v 0.026340 0.672898 0.220461
v 0.034265 0.633558 0.147399
v 0.031599 0.637613 0.164964
v 0.037545 0.669571 0.208131
v 0.040344 0.610243 0.101413
v 0.036430 0.658406 0.196279
v 0.041456 0.672567 0.214806
v 0.047764 0.641314 0.160079
v 0.043160 0.646167 0.177377
v 0.052641 0.616441 0.113364
v 0.053043 0.634758 0.140008
v 0.057682 0.659314 0.186978
v 0.050105 0.667671 0.199663
v 0.063935 0.652194 0.169551
v 0.053965 0.606550 0.092741
v 0.063824 0.612242 0.094133
v 0.056594 0.676496 0.207016
v 0.065227 0.677669 0.198964
v 0.062794 0.624277 0.123132
v 0.065803 0.647258 0.152749
v 0.069799 0.609081 0.080425
v 0.071691 0.637606 0.136019
v 0.081913 0.621674 0.104171
v 0.076247 0.670300 0.182759
v 0.086948 0.632272 0.120344
v 0.081898 0.614051 0.081970
v 0.082137 0.655548 0.150936
v 0.089358 0.612176 0.064249
v 0.090028 0.648040 0.138175
v 0.088190 0.665819 0.159970
v 0.099641 0.620165 0.083251
v 0.094238 0.662096 0.146423
v 0.103326 0.614337 0.055763
v 0.099195 0.629954 0.102249
v 0.105312 0.609264 0.044353
v 0.107359 0.627527 0.097937
v 0.108045 0.645572 0.122167
v 0.113081 0.658510 0.134355
v 0.113632 0.621059 0.071835
v 0.117944 0.636820 0.105306
v 0.114529 0.624865 0.087159
v 0.117585 0.613583 0.031078
v 0.128627 0.620355 0.037198
v 0.130732 0.623995 0.053394
v 0.132272 0.651447 0.115387
v 0.126356 0.612792 0.019255
v 0.126250 0.616174 0.023838
v 0.129626 0.627698 0.074737
v 0.133921 0.635985 0.091360
v 0.131842 0.615216 0.020713
v 0.139058 0.622649 0.029044
v 0.143785 0.631232 0.060393
v 0.145951 0.626105 0.032381
v 0.150540 0.641361 0.076874
v 0.153194 0.632639 0.039451
v 0.151089 0.650646 0.093493
v 0.152906 0.625864 0.031058
v 0.156199 0.631849 0.027741
v 0.165461 0.647939 0.054469
v -0.150228 0.200246 0.084698
v -0.163741 0.213929 0.085148
v -0.165731 0.194920 0.083963
v -0.154361 0.275404 0.082903
v -0.162746 0.295429 0.081801
v -0.160260 0.264315 0.082862
v -0.160828 0.173772 0.087244
v -0.150075 0.177996 0.086536
v -0.146904 0.237642 0.086432
v -0.156204 0.241428 0.085106
v -0.152819 0.289359 0.084056
v -0.143569 0.168966 0.085576
v -0.160301 0.166887 0.088656
v -0.148091 0.258127 0.085257
v -0.147886 0.304401 0.081390
v -0.150217 0.314676 0.083584
v -0.134902 0.267722 0.079273
v -0.135157 0.183466 0.082569
v -0.136133 0.217945 0.084120
v -0.137865 0.286237 0.081577
v -0.135810 0.307387 0.085435
v -0.141934 0.323805 0.086428
v -0.128777 0.254031 0.079363
v -0.122198 0.230691 0.080187
v -0.125506 0.297813 0.082434
v -0.124435 0.202559 0.080430
v -0.120215 0.282026 0.078339
v -0.121613 0.316750 0.093769
v -0.118009 0.327267 0.105667
v -0.125615 0.164987 0.081878
v -0.118664 0.302013 0.086984
v -0.120226 0.179440 0.078694
v -0.114526 0.263810 0.072896
v -0.109933 0.166169 0.074615
v -0.113227 0.159184 0.077086
v -0.106245 0.284133 0.078474
v -0.106038 0.297251 0.093169
v -0.106392 0.191364 0.073314
v -0.109062 0.214620 0.074373
v -0.103380 0.242968 0.070010
v -0.103406 0.272617 0.073128
v -0.101906 0.285463 0.087251
v -0.098191 0.310218 0.106936
v -0.116881 0.342782 0.114828
v -0.098840 0.345652 0.126774
v -0.094195 0.258618 0.066527
v -0.095770 0.155181 0.066864
v -0.093812 0.202918 0.065505
v -0.084044 0.321234 0.123586
v -0.091176 0.225503 0.061672
v -0.092925 0.270504 0.074354
v -0.090191 0.274628 0.085944
v -0.087677 0.178845 0.062941
v -0.086914 0.285176 0.094779
v -0.084510 0.242712 0.060244
v -0.081960 0.302841 0.111639
v -0.080218 0.336808 0.133663
v -0.074465 0.351101 0.140592
v -0.077022 0.221367 0.051704
v -0.072435 0.260209 0.077297
v -0.078414 0.166929 0.055758
v -0.082658 0.146611 0.058396
v -0.071540 0.198410 0.049134
v -0.078473 0.250689 0.061680
v -0.071090 0.267809 0.090347
v -0.070381 0.280939 0.100562
v -0.071286 0.237219 0.051859
v -0.065182 0.244665 0.060019
v -0.056123 0.321421 0.136743
v -0.060626 0.301841 0.122101
v -0.061392 0.222892 0.039883
v -0.052919 0.346257 0.147227
v -0.058138 0.230542 0.045747
v -0.048728 0.257766 0.089810
v -0.060794 0.211514 0.037559
v -0.042307 0.246473 0.075879
v -0.043974 0.278296 0.109611
v -0.065272 0.367001 0.147351
v -0.050553 0.214596 0.028961
v -0.042253 0.229274 0.051384
v -0.037763 0.293911 0.124997
v -0.047085 0.368440 0.153122
v -0.046454 0.206230 0.021599
v -0.047663 0.218592 0.034735
v -0.034685 0.322936 0.143400
v -0.031275 0.350029 0.153414
v -0.036089 0.211161 0.022269
v -0.046565 0.391816 0.154444
v -0.027525 0.370105 0.157597
v -0.037733 0.209425 0.014605
v -0.038767 0.204953 0.007979
v -0.033388 0.214284 0.036287
v -0.029062 0.256630 0.097643
v -0.031835 0.204207 -0.000438
v -0.021416 0.230002 0.059731
v -0.022214 0.240866 0.076272
v -0.023376 0.302218 0.134436
v -0.034360 0.199534 -0.005821
v -0.016599 0.217556 0.048804
v -0.014977 0.275877 0.118477
v -0.026796 0.395978 0.158766
v -0.016836 0.337722 0.155289
v -0.016837 0.356475 0.158759
v -0.008013 0.210743 0.040930
v -0.008462 0.245508 0.092585
v -0.006955 0.258054 0.103963
v -0.011122 0.323226 0.148956
v -0.012843 0.377875 0.161107
v -0.008651 0.289790 0.129957
v -0.012939 0.350301 0.162570
v -0.014192 0.391671 0.161462
v -0.001960 0.222986 0.056253
v -0.001350 0.232169 0.071719
v -0.006080 0.310292 0.141893
v -0.008877 0.337905 0.161541
v -0.004683 0.354116 0.164741
v -0.005298 0.365121 0.161781
v -0.000687 0.385275 0.161781
v -0.005997 0.391804 0.165930
v -0.002544 0.400958 0.166652
v -0.012423 0.401889 0.165333
v -0.004173 0.411857 0.165343
v 0.012756 0.306240 0.138252
v 0.000530 0.327334 0.154024
v 0.003194 0.334470 0.161264
v -0.002059 0.344837 0.160219
v 0.006610 0.375321 0.161350
v 0.005717 0.281727 0.125272
v 0.004276 0.361166 0.163536
v 0.007317 0.211994 0.043195
v 0.009488 0.244606 0.094177
v 0.010078 0.253619 0.102394
v 0.012383 0.269270 0.113614
v 0.005472 0.348234 0.163505
v 0.005431 0.390045 0.165580
v 0.008864 0.407902 0.165473
v 0.013376 0.227644 0.057988
v 0.008591 0.236606 0.080506
v 0.014377 0.330766 0.152540
v 0.010853 0.343527 0.162630
v 0.008607 0.396233 0.167108
v 0.022881 0.359450 0.157471
v 0.016677 0.386281 0.160994
v 0.017135 0.397609 0.161386
v 0.023593 0.239740 0.071876
v 0.027539 0.217397 0.040811
v 0.025750 0.247083 0.087344
v 0.033500 0.257119 0.097030
v 0.025254 0.285631 0.123205
v 0.028088 0.344959 0.153229
v 0.038689 0.272280 0.107332
v 0.036310 0.324055 0.143708
v 0.038681 0.232714 0.055227
v 0.037239 0.303900 0.132258
v 0.041921 0.245916 0.075091
v 0.039738 0.385755 0.155947
v 0.042739 0.208732 0.017020
v 0.036923 0.209697 0.016280
v 0.037195 0.202609 0.002451
v 0.049280 0.292152 0.120125
v 0.050188 0.344241 0.147812
v 0.054338 0.228817 0.045262
v 0.044798 0.218162 0.033672
v 0.059728 0.366534 0.149360
v 0.051436 0.217877 0.031113
v 0.057186 0.257756 0.086012
v 0.055411 0.312354 0.132250
v 0.061345 0.283447 0.108115
v 0.059337 0.244008 0.062707
v 0.070431 0.273828 0.095847
v 0.066137 0.329039 0.137100
v 0.056609 0.394885 0.151855
v 0.067701 0.229984 0.048000
v 0.072183 0.257878 0.075737
v 0.074267 0.245905 0.059510
v 0.073359 0.305674 0.119919
v 0.077169 0.352418 0.140443
v 0.089808 0.295979 0.103539
v 0.084846 0.245748 0.061225
v 0.083240 0.333991 0.132084
v 0.088315 0.263467 0.073023
v 0.084647 0.272361 0.088429
v 0.093013 0.322229 0.120384
v 0.087955 0.370525 0.138747
v 0.091854 0.260021 0.067380
v 0.094962 0.349715 0.131010
v 0.099384 0.257508 0.067907
v 0.097968 0.236666 0.067441
v 0.098063 0.281474 0.086087
v 0.099404 0.274938 0.075896
v 0.117291 0.250937 0.074466
v 0.108589 0.273711 0.074590
v 0.112993 0.315813 0.103833
v 0.109460 0.288035 0.081566
v 0.112556 0.300977 0.092395
v 0.119494 0.334903 0.110982
v 0.122050 0.269567 0.075181
v 0.121304 0.290949 0.081110
v 0.131485 0.213753 0.083080
v 0.112659 0.219095 0.076278
v 0.113947 0.191522 0.076791
v 0.125518 0.315112 0.092061
v 0.126020 0.235533 0.080941
v 0.112725 0.165908 0.075704
v 0.135115 0.182399 0.083164
v 0.129843 0.286934 0.080446
v 0.134104 0.301995 0.083567
v 0.141756 0.257021 0.082516
v 0.136967 0.314388 0.086885
v 0.136510 0.338513 0.098325
v 0.128997 0.163912 0.084385
v 0.146390 0.167793 0.088717
v 0.146081 0.238622 0.086517
v 0.145469 0.281972 0.082384
v 0.148400 0.198348 0.084577
v 0.141746 0.328263 0.087940
v 0.148339 0.176629 0.087509
v 0.154624 0.343098 0.084978
v 0.154540 0.189565 0.087871
v 0.151715 0.219589 0.085704
v 0.154419 0.267575 0.083535
v 0.152565 0.303001 0.081405
v 0.151458 0.319725 0.083184
v 0.155738 0.357261 0.093724
v 0.144546 0.364444 0.101875
v 0.163413 0.178295 0.086836
v 0.154592 0.251833 0.085716
v 0.156109 0.283758 0.083933
v 0.158090 0.166758 0.089095
v 0.165159 0.208160 0.085349
v 0.160754 0.232055 0.084577
v 0.162809 0.194129 0.085253
v 0.165019 0.265498 0.081472
v -0.141766 0.927288 0.066710
v -0.152861 0.929577 0.044849
v -0.159376 0.916780 0.058440
v -0.152071 0.911218 0.080518
v -0.144989 0.940886 0.027252
v -0.151725 0.939037 0.023654
v -0.163192 0.925535 0.030223
v -0.136124 0.942729 0.038199
v -0.127577 0.923908 0.089688
v -0.145760 0.948519 0.022773
v -0.137805 0.907396 0.101736
v -0.140068 0.888089 0.120393
v -0.118192 0.905184 0.119140
v -0.139675 0.949464 0.018806
v -0.127249 0.860188 0.144956
v -0.144333 0.867478 0.130473
v -0.137672 0.847312 0.144558
v -0.127142 0.880317 0.134380
v -0.126139 0.942449 0.057289
v -0.117528 0.936392 0.078421
v -0.107382 0.840651 0.161372
v -0.125512 0.829634 0.156395
v -0.110441 0.887875 0.137989
v -0.104256 0.867531 0.151986
v -0.110866 0.816964 0.166472
v -0.095917 0.906763 0.129349
v -0.103762 0.927455 0.103735
v -0.102182 0.950708 0.065187
v -0.088415 0.881503 0.151313
v -0.100917 0.797196 0.189657
v -0.105381 0.798500 0.188270
v -0.099724 0.785425 0.194423
v -0.101241 0.809715 0.186305
v -0.099335 0.815519 0.171977
v -0.089063 0.926263 0.113920
v -0.089894 0.943476 0.090324
v -0.093738 0.788578 0.191281
v -0.096330 0.802100 0.186206
v -0.089991 0.820738 0.185355
v -0.092938 0.821858 0.180229
v -0.078919 0.898939 0.142064
v -0.084201 0.792998 0.195907
v -0.085650 0.803711 0.191741
v -0.088473 0.813823 0.185286
v -0.087626 0.831669 0.171430
v -0.088765 0.851700 0.164006
v -0.079838 0.780408 0.200278
v -0.090637 0.775878 0.201106
v -0.085213 0.807697 0.185553
v -0.074922 0.773524 0.205456
v -0.077005 0.826689 0.182889
v -0.071076 0.865487 0.162991
v -0.076264 0.806402 0.195416
v -0.075038 0.818674 0.188458
v -0.071663 0.829732 0.176340
v -0.073592 0.847059 0.170020
v -0.071823 0.810251 0.188931
v -0.067621 0.923557 0.124566
v -0.069055 0.939086 0.106841
v -0.070436 0.954087 0.083357
v -0.069124 0.786764 0.202332
v -0.070944 0.797521 0.201378
v -0.062411 0.888337 0.152727
v -0.068849 0.803266 0.198015
v -0.057907 0.950049 0.096845
v -0.062207 0.780774 0.206636
v -0.059777 0.772855 0.206488
v -0.063907 0.797665 0.197899
v -0.061628 0.813542 0.195053
v -0.063464 0.822205 0.190941
v -0.061115 0.823448 0.184307
v -0.056687 0.832402 0.177921
v -0.060104 0.908366 0.141759
v -0.069963 0.768000 0.202772
v -0.050313 0.760368 0.216637
v -0.056484 0.791589 0.203823
v -0.049741 0.853451 0.173093
v -0.054632 0.812900 0.195337
v -0.054527 0.820778 0.181838
v -0.048491 0.876475 0.162132
v -0.038150 0.943005 0.112040
v -0.039136 0.956101 0.095060
v -0.051525 0.778580 0.206146
v -0.050798 0.800100 0.200072
v -0.044617 0.905621 0.145622
v -0.045441 0.920944 0.132672
v -0.048286 0.787560 0.201734
v -0.050307 0.811728 0.188132
v -0.045698 0.819522 0.183233
v -0.042038 0.786870 0.202353
v -0.045843 0.768274 0.216612
v -0.046068 0.799066 0.190400
v -0.048294 0.800972 0.194517
v -0.032746 0.838403 0.181521
v -0.032656 0.894550 0.155188
v -0.026688 0.873079 0.168793
v -0.028979 0.931837 0.126028
v -0.031541 0.787846 0.208608
v -0.039048 0.776496 0.219772
v -0.033178 0.799287 0.191019
v -0.024765 0.912275 0.144464
v -0.027251 0.781640 0.233092
v -0.034490 0.773016 0.238806
v -0.028362 0.815231 0.187360
v -0.018370 0.778675 0.244125
v -0.025718 0.766540 0.249939
v -0.017129 0.787276 0.227084
v -0.019374 0.852669 0.178916
v -0.014129 0.791974 0.210311
v -0.018209 0.805000 0.189485
v -0.012568 0.832955 0.185462
v -0.007454 0.941076 0.119434
v -0.019271 0.750940 0.254139
v -0.009574 0.757863 0.256026
v -0.013412 0.798888 0.196085
v -0.003867 0.889288 0.162197
v -0.011055 0.923201 0.137303
v -0.012035 0.957715 0.103545
v -0.019889 0.965429 0.088746
v -0.011101 0.770893 0.251883
v -0.007550 0.873556 0.171504
v 0.003533 0.787028 0.236696
v -0.000363 0.799979 0.192595
v 0.002060 0.810111 0.188532
v 0.005053 0.854230 0.179848
v 0.004666 0.905948 0.151536
v -0.001177 0.746442 0.256898
v 0.005467 0.791186 0.222428
v 0.001511 0.768462 0.254562
v 0.001955 0.778920 0.248095
v 0.004910 0.793817 0.205912
v 0.010582 0.930512 0.130779
v 0.009147 0.952389 0.108579
v 0.009031 0.967046 0.089010
v 0.004661 0.756151 0.256816
v 0.020235 0.816999 0.187851
v 0.014510 0.875680 0.169926
v 0.017704 0.760398 0.254107
v 0.013713 0.779876 0.245070
v 0.020199 0.771459 0.249983
v 0.025438 0.800081 0.191476
v 0.020422 0.834772 0.185259
v 0.022982 0.791158 0.208321
v 0.022028 0.785392 0.232535
v 0.030134 0.849578 0.177706
v 0.029504 0.893515 0.157653
v 0.022890 0.912853 0.146426
v 0.030338 0.928857 0.129550
v 0.021571 0.957270 0.101423
v 0.029053 0.776895 0.240448
v 0.037899 0.946197 0.108601
v 0.031232 0.765269 0.247566
v 0.034899 0.781196 0.219314
v 0.037914 0.826264 0.184208
v 0.041309 0.867999 0.167569
v 0.041159 0.783041 0.207494
v 0.044152 0.808985 0.187665
v 0.041387 0.906780 0.146845
v 0.039763 0.775788 0.226604
v 0.043269 0.794807 0.193433
v 0.050133 0.841841 0.176921
v 0.059201 0.888968 0.153852
v 0.048206 0.919868 0.134098
v 0.047790 0.786689 0.203643
v 0.051106 0.800282 0.204400
v 0.048419 0.805487 0.198091
v 0.051484 0.816585 0.187145
v 0.054782 0.827182 0.180802
v 0.053829 0.931385 0.120266
v 0.057274 0.773122 0.207660
v 0.054804 0.820351 0.191598
v 0.061101 0.908615 0.141133
v 0.046979 0.769699 0.216262
v 0.055996 0.786722 0.206758
v 0.057224 0.814873 0.200474
v 0.063513 0.824594 0.193710
v 0.066322 0.864732 0.164716
v 0.059167 0.800014 0.202765
v 0.063170 0.826895 0.180536
v 0.067091 0.783431 0.203828
v 0.067095 0.828148 0.185746
v 0.072369 0.837447 0.173762
v 0.071588 0.920826 0.126040
v 0.069913 0.774081 0.207045
v 0.063259 0.801064 0.198267
v 0.066288 0.818472 0.195068
v 0.074718 0.804491 0.196645
v 0.070482 0.939441 0.105884
v 0.069937 0.796272 0.200471
v 0.071022 0.814780 0.189806
v 0.078968 0.821735 0.188767
v 0.078494 0.828883 0.176513
v 0.082111 0.778501 0.201233
v 0.075546 0.782311 0.198547
v 0.080970 0.826832 0.186627
v 0.083764 0.886636 0.148183
v 0.082274 0.906812 0.134724
v 0.079794 0.787712 0.198012
v 0.083276 0.807982 0.190888
v 0.081850 0.813085 0.185310
v 0.088503 0.862154 0.159790
v 0.085079 0.926555 0.115669
v 0.083397 0.771747 0.203708
v 0.086655 0.784021 0.194023
v 0.088430 0.797731 0.192287
v 0.092114 0.813293 0.186445
v 0.092432 0.824719 0.175273
v 0.092299 0.802061 0.187125
v 0.093150 0.822665 0.185316
v 0.099750 0.828996 0.167697
v 0.102302 0.912167 0.122010
v 0.095892 0.785586 0.193164
v 0.103616 0.874855 0.147131
v 0.106894 0.897004 0.131474
v 0.100229 0.779808 0.196092
v 0.100802 0.801920 0.188747
v 0.102346 0.812316 0.187493
v 0.110473 0.845916 0.158224
v 0.104666 0.790029 0.192284
v 0.108068 0.798171 0.187688
v 0.099891 0.815863 0.171745
v 0.108461 0.813548 0.168191
v 0.121206 0.821608 0.160388
v 0.114903 0.878655 0.138061
v 0.123678 0.910119 0.110146
v 0.124276 0.868219 0.144058
v 0.129013 0.850131 0.148419
v 0.131683 0.878757 0.131554
v 0.138790 0.832788 0.149219
v 0.134659 0.894723 0.117978
v 0.139481 0.864814 0.136522
v 0.147364 0.878616 0.120839
v -0.121594 0.282153 -0.145061
v -0.115522 0.286635 -0.155249
v -0.110275 0.271661 -0.144754
v -0.094706 0.264282 -0.147828
v -0.097196 0.259470 -0.140848
v -0.095396 0.277763 -0.161323
v -0.079778 0.267218 -0.160967
v -0.079736 0.249941 -0.137652
v -0.076489 0.240475 -0.127638
v -0.096992 0.246382 -0.136349
v -0.068363 0.252844 -0.150092
v -0.072539 0.226921 -0.114238
v -0.084780 0.233260 -0.124458
v -0.059095 0.234685 -0.129992
v -0.052773 0.217297 -0.097901
v -0.046724 0.221239 -0.112331
v -0.060713 0.216228 -0.099047
v -0.047350 0.250519 -0.156347
v -0.044602 0.263906 -0.169429
v -0.060054 0.277532 -0.174062
v -0.048822 0.209248 -0.085370
v -0.035943 0.228885 -0.129560
v -0.038015 0.211532 -0.092429
v -0.034779 0.206343 -0.073424
v -0.029515 0.238616 -0.144224
v -0.036426 0.262254 -0.173360
v -0.032849 0.256963 -0.164990
v -0.037673 0.204974 -0.067648
v -0.036089 0.211161 0.022269
v -0.050553 0.214596 0.028961
v -0.037733 0.209425 0.014605
v -0.033388 0.214284 0.036287
v -0.047663 0.218592 0.034735
v -0.021076 0.246688 -0.155449
v -0.030462 0.202024 -0.056310
v -0.031017 0.198465 -0.041055
v -0.036202 0.197244 -0.061363
v -0.025942 0.199407 -0.037901
v -0.023388 0.206148 0.014831
v -0.031835 0.204207 -0.000438
v -0.019411 0.205857 -0.087601
v -0.023173 0.213627 -0.104786
v -0.031262 0.255645 -0.174204
v -0.019581 0.252205 -0.166533
v -0.030186 0.200148 -0.018703
v -0.020947 0.202687 -0.068016
v -0.016102 0.199135 -0.048210
v -0.021202 0.200291 -0.016222
v -0.008158 0.225572 -0.124151
v -0.013522 0.233835 -0.139211
v -0.006199 0.200288 -0.006529
v -0.008013 0.210743 0.040930
v -0.002671 0.197118 -0.035848
v 0.003553 0.213078 -0.104573
v -0.007591 0.227297 -0.213824
v -0.026113 0.234623 -0.211458
v -0.016609 0.233205 -0.225629
v -0.014578 0.229682 -0.197385
v -0.006658 0.233243 -0.230930
v -0.020910 0.245739 -0.238895
v -0.011409 0.244203 -0.244118
v -0.000131 0.204977 0.020954
v 0.008539 0.203001 -0.077185
v 0.002073 0.204302 -0.091240
v -0.004647 0.226903 -0.198473
v -0.003447 0.240703 -0.146582
v -0.004277 0.245726 -0.159126
v -0.005944 0.259841 -0.254337
v -0.017803 0.257113 -0.249194
v -0.004772 0.230318 -0.183121
v 0.003172 0.229247 -0.222676
v 0.004715 0.247538 -0.246480
v -0.000570 0.247074 -0.154044
v 0.009604 0.199650 -0.055208
v 0.007317 0.211994 0.043195
v 0.009915 0.227418 -0.204081
v -0.004188 0.239442 -0.168690
v 0.005013 0.235247 -0.174911
v 0.015274 0.198954 -0.025058
v 0.009339 0.201885 0.005379
v 0.011698 0.223447 -0.121344
v 0.012084 0.229826 -0.191141
v 0.018103 0.234544 -0.138568
v 0.011025 0.236344 -0.234224
v 0.005418 0.243667 -0.150287
v 0.005577 0.245733 -0.158772
v 0.011401 0.227554 -0.216197
v 0.023291 0.198837 -0.041577
v 0.024743 0.207560 -0.092393
v 0.022626 0.206320 0.016037
v 0.022584 0.235927 -0.224844
v 0.012768 0.241649 -0.170847
v 0.022393 0.244382 -0.151574
v 0.017700 0.244240 -0.240419
v 0.013862 0.248249 -0.159099
v 0.015443 0.258325 -0.250993
v 0.028423 0.202992 -0.061398
v 0.029447 0.202092 -0.009305
v 0.027539 0.217397 0.040811
v 0.033171 0.215669 -0.106735
v 0.027978 0.236071 -0.207513
v 0.025864 0.239705 -0.186823
v 0.022317 0.246012 -0.177355
v 0.020495 0.252435 -0.170707
v 0.029168 0.199899 -0.026964
v 0.034003 0.251039 -0.231572
v 0.025422 0.254799 -0.164728
v 0.031422 0.200095 -0.047259
v 0.036205 0.197107 -0.059207
v 0.036462 0.222880 -0.120464
v 0.026754 0.258368 -0.244020
v 0.042484 0.206308 -0.074930
v 0.041604 0.210596 -0.088272
v 0.036923 0.209697 0.016280
v 0.041126 0.238149 -0.141015
v 0.036160 0.244594 -0.217708
v 0.030921 0.254018 -0.175268
v 0.032784 0.258912 -0.170146
v 0.044558 0.252932 -0.159768
v 0.037986 0.245990 -0.195587
v 0.037559 0.263996 -0.178479
v 0.044798 0.218162 0.033672
v 0.042183 0.258227 -0.190419
v 0.041011 0.261218 -0.167756
v 0.054146 0.223069 -0.116373
v 0.059339 0.234574 -0.130737
v 0.046088 0.254738 -0.207637
v 0.045854 0.257315 -0.218105
v 0.046039 0.272243 -0.174721
v 0.050277 0.208689 -0.085971
v 0.056880 0.219116 -0.103953
v 0.046259 0.274687 -0.186211
v 0.060582 0.218039 -0.099082
v 0.062268 0.250687 -0.150474
v 0.065412 0.265805 -0.164976
v 0.051333 0.267307 -0.211522
v 0.049544 0.267879 -0.200134
v 0.050674 0.282056 -0.202556
v 0.049795 0.289000 -0.188388
v 0.054327 0.292235 -0.184664
v 0.070185 0.279294 -0.171267
v 0.050725 0.301455 -0.192898
v 0.068854 0.298457 -0.183380
v 0.072803 0.226210 -0.112698
v 0.068518 0.228265 -0.117184
v 0.077274 0.241650 -0.129035
v 0.084793 0.259068 -0.147738
v 0.093080 0.275215 -0.160886
v 0.088592 0.256276 -0.139900
v 0.105949 0.265617 -0.142594
v 0.101357 0.268309 -0.147636
v 0.117433 0.280473 -0.147828
v -0.093625 0.827821 -0.197055
v -0.099756 0.791258 -0.199012
v -0.116437 0.819641 -0.189758
v -0.083026 0.805781 -0.203469
v -0.072951 0.776235 -0.207862
v -0.069922 0.821898 -0.204148
v -0.065000 0.843372 -0.199378
v -0.058604 0.800525 -0.209381
v -0.046326 0.771903 -0.213495
v -0.065956 0.754949 -0.208908
v -0.043390 0.751337 -0.213685
v -0.057483 0.736833 -0.208943
v -0.037248 0.826012 -0.208079
v -0.057320 0.862038 -0.194310
v -0.039209 0.847650 -0.202231
v -0.029141 0.732687 -0.213953
v -0.046472 0.718731 -0.208453
v -0.036717 0.794196 -0.213259
v -0.023366 0.707067 -0.208089
v -0.047405 0.702678 -0.202396
v -0.023239 0.764130 -0.217089
v -0.013393 0.804353 -0.213346
v -0.047649 0.682708 -0.193988
v -0.017730 0.844656 -0.205528
v -0.002615 0.867398 -0.198846
v -0.033417 0.875935 -0.192612
v -0.015026 0.723147 -0.214439
v 0.002985 0.754496 -0.218715
v -0.017955 0.888159 -0.190361
v 0.003318 0.780082 -0.216930
v -0.003422 0.822730 -0.210106
v 0.002744 0.733275 -0.215939
v -0.003543 0.710431 -0.210267
v -0.011601 0.686426 -0.201057
v 0.005394 0.843615 -0.205428
v 0.002719 0.887544 -0.191334
v 0.010181 0.683179 -0.200482
v -0.003653 0.664744 -0.189530
v 0.021598 0.701501 -0.206611
v 0.010688 0.720249 -0.214027
v 0.023343 0.809982 -0.212311
v 0.018606 0.666372 -0.190024
v 0.006803 0.641028 -0.173312
v 0.034716 0.831041 -0.207294
v 0.025640 0.888355 -0.188394
v 0.029551 0.652084 -0.178647
v 0.028035 0.737083 -0.214814
v 0.030024 0.860995 -0.199148
v 0.027136 0.635407 -0.166019
v 0.012156 0.622265 -0.156784
v 0.037194 0.688463 -0.199072
v 0.028648 0.761664 -0.216587
v 0.031488 0.784352 -0.215100
v 0.042288 0.714141 -0.207968
v 0.044021 0.675854 -0.191026
v 0.061767 0.877161 -0.186924
v 0.044710 0.636145 -0.161793
v 0.047912 0.734415 -0.211167
v 0.052804 0.774368 -0.212562
v 0.058413 0.808349 -0.208439
v 0.049705 0.854128 -0.198399
v 0.044906 0.893960 -0.181056
v 0.053059 0.657549 -0.176532
v 0.064252 0.833948 -0.202146
v 0.069079 0.685166 -0.189092
v 0.063648 0.703744 -0.199196
v 0.066023 0.758955 -0.209550
v 0.064972 0.791730 -0.209669
v 0.068456 0.897611 -0.172751
v 0.073262 0.726915 -0.203198
v 0.070728 0.853438 -0.194829
v 0.086185 0.666672 -0.169673
v 0.081707 0.779956 -0.205232
v 0.079635 0.801540 -0.204795
v 0.086775 0.885848 -0.174870
v 0.092462 0.707598 -0.189647
v 0.087763 0.821878 -0.199528
v 0.085391 0.862790 -0.187433
v 0.084990 0.759654 -0.203376
v 0.091608 0.842761 -0.193014
v 0.093506 0.725097 -0.195197
v 0.099354 0.751365 -0.196901
v 0.104032 0.685380 -0.173079
v 0.100062 0.783051 -0.198637
v 0.100359 0.810990 -0.197051
v 0.103147 0.868690 -0.178714
v 0.109551 0.827884 -0.191297
v 0.113558 0.853703 -0.180927
v 0.113658 0.707282 -0.178484
v 0.109435 0.720466 -0.186970
v 0.120412 0.742912 -0.185928
v 0.124021 0.790328 -0.187838
v 0.117704 0.808332 -0.189962
v 0.116217 0.877068 -0.167916
v 0.109100 0.892524 -0.161066
v 0.120279 0.768883 -0.189368
v 0.127184 0.834464 -0.181117
v 0.129269 0.721362 -0.176418
v 0.138197 0.868736 -0.160008
v 0.137453 0.852436 -0.169551
v 0.122741 0.897430 -0.150620
v 0.140866 0.768804 -0.178503
v 0.138311 0.816227 -0.179011
v 0.134359 0.901786 -0.139923
v 0.143722 0.914259 -0.117500
v 0.130808 0.920878 -0.123238
v 0.145737 0.745535 -0.171842
v 0.143247 0.796301 -0.177833
v 0.147939 0.881322 -0.145167
v 0.147313 0.838208 -0.167758
v 0.150659 0.897728 -0.130105
v 0.154890 0.814595 -0.166969
v 0.155655 0.850546 -0.155953
v 0.164041 0.827099 -0.156829
v 0.163042 0.866607 -0.141135
v 0.159413 0.882443 -0.133434
v 0.166252 0.888601 -0.118543
v 0.162670 0.905873 -0.104550
v 0.148755 0.925903 -0.094784
v 0.161055 0.929453 -0.081436
v 0.162423 0.918012 -0.091503
v 0.172916 0.845681 -0.141181
v 0.180821 0.889710 -0.099438
v 0.175036 0.868246 -0.125773
v 0.177482 0.921424 -0.084749
v 0.175540 0.913925 -0.087903
v 0.172405 0.932028 -0.083253
v 0.191274 0.864877 -0.107194
v 0.186724 0.898815 -0.087123
v 0.187814 0.926797 -0.088344
v 0.184484 0.938510 -0.087707
v 0.191587 0.905321 -0.086884
v 0.195815 0.943835 -0.087685
v 0.199722 0.878786 -0.083177
v 0.205451 0.907486 -0.090491
v 0.207722 0.929214 -0.091286
v 0.204955 0.891775 -0.086898
v 0.207283 0.870076 -0.079029
v 0.208052 0.857718 -0.077535
v 0.213690 0.880157 -0.084495
v 0.221975 0.937837 -0.087431
v 0.210383 0.949639 -0.086252
v 0.222685 0.866709 -0.077091
v 0.227914 0.913921 -0.090008
v 0.214107 0.852765 -0.069124
v 0.221508 0.896174 -0.089272
v 0.228963 0.950751 -0.079404
v 0.228567 0.849116 -0.065309
v 0.222365 0.836791 -0.054706
v 0.236394 0.881266 -0.082086
v 0.234275 0.924977 -0.086582
v 0.233568 0.837811 -0.054409
v 0.234659 0.897187 -0.087430
v 0.242272 0.934648 -0.080499
v 0.246431 0.845050 -0.057805
v 0.243347 0.910629 -0.085535
v 0.247684 0.862366 -0.069765
v 0.248023 0.946175 -0.069952
v 0.235170 0.966478 -0.063092
v 0.256466 0.892321 -0.077359
v 0.253807 0.959338 -0.056036
v 0.250885 0.973046 -0.045579
v 0.255613 0.911893 -0.077437
v 0.255693 0.876179 -0.072348
v 0.261475 0.934430 -0.064968
v 0.258727 0.858050 -0.063525
v 0.266050 0.960055 -0.043858
v 0.273691 0.947773 -0.043168
v -0.050413 0.293344 -0.201715
v -0.048194 0.277301 -0.193058
v -0.050531 0.294366 -0.189443
v -0.051283 0.273300 -0.209227
v -0.046594 0.264817 -0.221215
v -0.049419 0.262074 -0.204906
v -0.040058 0.253766 -0.189340
v -0.050113 0.282572 -0.219642
v -0.043146 0.272444 -0.180538
v -0.047553 0.274974 -0.175187
v -0.048491 0.300045 -0.210223
v -0.049230 0.308095 -0.199087
v -0.042917 0.251746 -0.215826
v -0.036961 0.243791 -0.209797
v -0.038837 0.261407 -0.182750
v -0.040903 0.274353 -0.235068
v -0.045058 0.286616 -0.231275
v -0.033696 0.247602 -0.226839
v -0.034098 0.259650 -0.236770
v -0.036426 0.262254 -0.173360
v -0.029082 0.238974 -0.193942
v -0.029538 0.245519 -0.183559
v -0.031262 0.255645 -0.174204
v -0.032849 0.256963 -0.164990
v -0.026113 0.234623 -0.211458
v -0.015326 0.245039 -0.171096
v -0.020910 0.245739 -0.238895
v -0.019581 0.252205 -0.166533
v -0.017803 0.257113 -0.249194
v -0.027682 0.271341 -0.247303
v -0.014578 0.229682 -0.197385
v -0.016609 0.233205 -0.225629
v -0.013065 0.235464 -0.180481
v -0.011409 0.244203 -0.244118
v -0.004772 0.230318 -0.183121
v -0.004188 0.239442 -0.168690
v -0.004277 0.245726 -0.159126
v 0.027136 0.635407 -0.166019
v 0.030718 0.624500 -0.154094
v 0.012156 0.622265 -0.156784
v 0.028345 0.615332 -0.143231
v 0.014259 0.618168 -0.149687
v 0.044710 0.636145 -0.161793
v 0.045950 0.619380 -0.137091
v 0.054354 0.627373 -0.148442
v 0.060009 0.621542 -0.134835
v 0.065334 0.617538 -0.124088
v 0.048974 0.613033 -0.134177
v 0.072138 0.644645 -0.157980
v 0.053059 0.657549 -0.176532
v 0.086185 0.666672 -0.169673
v 0.082767 0.622368 -0.121056
v 0.078430 0.630139 -0.138888
v 0.083979 0.616327 -0.110639
v 0.102837 0.631763 -0.123128
v 0.098232 0.649521 -0.147909
v 0.101532 0.616110 -0.095107
v 0.093667 0.596361 -0.107953
v 0.108198 0.626189 -0.108116
v 0.106576 0.607026 -0.092079
v 0.109500 0.668799 -0.157855
v 0.116947 0.641679 -0.125521
v 0.104032 0.685380 -0.173079
v 0.124197 0.625357 -0.090099
v 0.121493 0.661184 -0.143009
v 0.116965 0.613248 -0.077454
v 0.130781 0.607797 -0.064610
v 0.120415 0.619038 -0.074766
v 0.125871 0.678320 -0.154125
v 0.123272 0.692799 -0.166031
v 0.113658 0.707282 -0.178484
v 0.129269 0.721362 -0.176418
v 0.109435 0.720466 -0.186970
v 0.130567 0.616902 -0.059686
v 0.133141 0.622546 -0.066958
v 0.133439 0.638279 -0.105468
v 0.135917 0.650815 -0.119805
v 0.139424 0.664655 -0.131107
v 0.139029 0.695493 -0.156100
v 0.144466 0.719708 -0.164814
v 0.138427 0.620618 -0.048477
v 0.138861 0.609361 -0.053157
v 0.141042 0.618372 -0.044773
v 0.147033 0.637562 -0.084249
v 0.150952 0.685473 -0.139090
v 0.146758 0.627712 -0.058970
v 0.145737 0.745535 -0.171842
v 0.145835 0.623385 -0.044331
v 0.152300 0.655334 -0.107137
v 0.156195 0.670550 -0.120344
v 0.154000 0.700729 -0.147059
v 0.157852 0.786924 -0.166424
v 0.140866 0.768804 -0.178503
v 0.143247 0.796301 -0.177833
v 0.154890 0.814595 -0.166969
v 0.153282 0.626555 -0.042249
v 0.161072 0.719651 -0.151553
v 0.158226 0.741627 -0.160920
v 0.164511 0.760684 -0.159648
v 0.159510 0.634433 -0.045347
v 0.167065 0.645533 -0.061550
v 0.158535 0.630570 -0.032350
v 0.165430 0.654497 -0.086793
v 0.173626 0.694773 -0.120202
v 0.177679 0.678557 -0.098337
v 0.166113 0.706654 -0.139321
v 0.173975 0.804310 -0.151437
v 0.164041 0.827099 -0.156829
v 0.167829 0.640461 -0.034243
v 0.165338 0.633974 -0.019089
v 0.173718 0.732407 -0.144052
v 0.175835 0.753111 -0.147479
v 0.179641 0.663783 -0.072279
v 0.184066 0.719830 -0.122701
v 0.176262 0.781426 -0.150766
v 0.175036 0.868246 -0.125773
v 0.172916 0.845681 -0.141181
v 0.163042 0.866607 -0.141135
v 0.174699 0.645502 -0.017059
v 0.182027 0.658507 -0.050490
v 0.186180 0.829175 -0.131722
v 0.184068 0.765980 -0.139044
v 0.188730 0.788875 -0.135721
v 0.189939 0.665362 -0.032080
v 0.194150 0.684401 -0.069923
v 0.190288 0.744926 -0.125511
v 0.190257 0.808444 -0.131596
v 0.189150 0.851063 -0.119609
v 0.191274 0.864877 -0.107194
v 0.188740 0.661546 -0.014393
v 0.195377 0.700980 -0.087814
v 0.190334 0.705773 -0.104511
v 0.196865 0.728042 -0.109295
v 0.200374 0.769025 -0.117365
v 0.202265 0.833610 -0.107458
v 0.194250 0.878919 -0.089513
v 0.180821 0.889710 -0.099438
v 0.186724 0.898815 -0.087123
v 0.199722 0.878786 -0.083177
v 0.201542 0.677652 -0.017162
v 0.196464 0.677449 -0.048131
v 0.203839 0.788773 -0.115883
v 0.203859 0.810121 -0.113680
v 0.205591 0.687960 -0.028603
v 0.206511 0.695811 -0.050314
v 0.205438 0.722386 -0.085238
v 0.202952 0.752807 -0.109420
v 0.204553 0.851972 -0.090678
v 0.205053 0.704112 -0.069064
v 0.209059 0.744094 -0.091358
v 0.208052 0.857718 -0.077535
v 0.216031 0.705981 -0.008233
v 0.209869 0.765963 -0.098523
v 0.212004 0.801405 -0.099452
v 0.213778 0.821237 -0.086620
v 0.216597 0.713745 -0.033957
v 0.215942 0.726644 -0.062972
v 0.217843 0.789807 -0.085920
v 0.216605 0.837634 -0.069433
v 0.207283 0.870076 -0.079029
v 0.214107 0.852765 -0.069124
v 0.218461 0.769776 -0.079158
v 0.222556 0.740437 -0.047088
v 0.223063 0.758185 -0.061403
v 0.222766 0.813787 -0.067962
v 0.222365 0.836791 -0.054706
v 0.224607 0.730884 -0.010410
v 0.225964 0.741638 -0.022732
v 0.227369 0.788289 -0.058698
v 0.224593 0.825736 -0.050641
v 0.228527 0.766769 -0.033971
v 0.229150 0.756118 -0.006067
v 0.228438 0.803618 -0.049710
v 0.229071 0.810226 -0.032338
v 0.226757 0.822712 -0.037575
v 0.232427 0.779312 -0.013140
v 0.230859 0.789627 -0.035084
v 0.232242 0.799754 -0.015023
v 0.230371 0.813969 -0.011241
v 0.229270 0.818430 -0.029972
v 0.232594 0.829625 -0.042124
v 0.233568 0.837811 -0.054409
v 0.236268 0.821076 -0.020962
v 0.236851 0.821415 -0.033254
v 0.245433 0.835485 -0.044357
v 0.249928 0.829185 -0.036050
v 0.244119 0.823375 -0.025840
v 0.246264 0.823405 -0.007666
v 0.234772 0.819827 -0.000958
v 0.246431 0.845050 -0.057805
v 0.249136 0.827501 -0.023340
v 0.260028 0.829200 -0.011893
v 0.262584 0.837939 -0.025579
v 0.261320 0.840117 -0.037754
v 0.261881 0.848411 -0.050912
v 0.258727 0.858050 -0.063525
v 0.270445 0.875461 -0.062106
v 0.255693 0.876179 -0.072348
v 0.272148 0.903804 -0.064080
v 0.256466 0.892321 -0.077359
v 0.255613 0.911893 -0.077437
v 0.270489 0.919330 -0.061780
v 0.261475 0.934430 -0.064968
v 0.271643 0.838347 -0.010960
v 0.273508 0.856772 -0.041399
v 0.272293 0.861877 -0.052010
v 0.275835 0.848795 -0.021892
v 0.281323 0.862530 -0.028957
v 0.280865 0.893590 -0.054390
v 0.275846 0.934117 -0.049216
v 0.273691 0.947773 -0.043168
v 0.277150 0.957494 -0.026459
v 0.266050 0.960055 -0.043858
v 0.264896 0.971889 -0.027329
v 0.271558 0.970302 -0.014079
v 0.279396 0.876330 -0.049500
v 0.283808 0.918019 -0.044198
v 0.286985 0.859537 -0.014701
v 0.284017 0.855487 0.000388
v 0.286555 0.936546 -0.031215
v 0.291340 0.941278 -0.018517
v 0.287909 0.867907 0.011499
v 0.290514 0.868137 -0.000245
v 0.282211 0.857719 0.012293
v 0.286302 0.877232 -0.032063
v 0.289841 0.896291 -0.034908
v 0.295829 0.885115 -0.005858
v 0.295169 0.880512 -0.018524
v 0.290384 0.889060 0.010525
v 0.296387 0.914587 -0.004671
v 0.298217 0.920604 -0.019967
v 0.299076 0.902705 -0.013353
v 0.297915 0.900509 -0.022999
v 0.294137 0.934218 -0.009899
v 0.137129 0.583837 0.044978
v 0.127428 0.585250 0.041711
v 0.132630 0.572995 0.046475
v 0.125196 0.602648 0.027565
v 0.132209 0.598035 0.034513
v 0.126356 0.612792 0.019255
v 0.143588 0.600964 0.041542
v 0.138144 0.612864 0.029400
v 0.131842 0.615216 0.020713
v 0.139058 0.622649 0.029044
v 0.146658 0.575486 0.052501
v 0.137537 0.565459 0.049705
v 0.153012 0.564158 0.059858
v 0.142638 0.577251 0.044656
v 0.148278 0.588630 0.053154
v 0.136951 0.545693 0.055740
v 0.146691 0.550788 0.055965
v 0.152190 0.611707 0.042929
v 0.146549 0.619297 0.033468
v 0.146244 0.538394 0.053517
v 0.153505 0.536281 0.056886
v 0.157717 0.514857 0.053929
v 0.152906 0.625864 0.031058
v 0.164135 0.514238 0.058712
v 0.162266 0.546632 0.066068
v 0.160837 0.592886 0.053598
v 0.157753 0.622954 0.035972
v 0.156199 0.631849 0.027741
v 0.145951 0.626105 0.032381
v 0.164522 0.527160 0.064971
v 0.168035 0.576131 0.064740
v 0.163529 0.607390 0.047902
v 0.170849 0.618414 0.039690
v 0.167657 0.628897 0.028946
v 0.174919 0.489843 0.055801
v 0.179010 0.510759 0.075689
v 0.180974 0.526836 0.083082
v 0.173149 0.561258 0.071263
v 0.185052 0.543067 0.086068
v 0.165479 0.494282 0.053218
v 0.175426 0.478404 0.047581
v 0.177048 0.496350 0.063895
v 0.182263 0.586136 0.063713
v 0.174270 0.602536 0.049216
v 0.188648 0.574084 0.074667
v 0.188632 0.623896 0.032191
v 0.187099 0.559267 0.082319
v 0.188697 0.482913 0.066455
v 0.193765 0.493612 0.086789
v 0.193781 0.504863 0.093918
v 0.196991 0.602585 0.054098
v 0.186950 0.612504 0.040399
v 0.197431 0.528124 0.103539
v 0.199213 0.546982 0.099021
v 0.204161 0.566628 0.091964
v 0.200592 0.477032 0.080486
v 0.204815 0.513411 0.112285
v 0.199667 0.613689 0.040791
v 0.203365 0.592414 0.068055
v 0.205898 0.497064 0.108215
v 0.210580 0.541389 0.115229
v 0.210496 0.583214 0.082486
v 0.212420 0.478857 0.102080
v 0.217347 0.521304 0.125597
v 0.213424 0.557293 0.108679
v 0.219064 0.489840 0.120214
v 0.215121 0.504640 0.123408
v 0.219886 0.597644 0.070867
v 0.213955 0.613273 0.043384
v 0.198853 0.624735 0.027174
v 0.225002 0.573853 0.104561
v 0.227400 0.474888 0.116050
v 0.229739 0.540897 0.135660
v 0.227802 0.557478 0.123359
v 0.225495 0.496568 0.130509
v 0.225464 0.509919 0.133303
v 0.225170 0.526343 0.132183
v 0.233988 0.585173 0.098876
v 0.235039 0.607463 0.059002
v 0.231527 0.479163 0.129557
v 0.236724 0.479270 0.145318
v 0.229627 0.495903 0.144082
v 0.229505 0.511460 0.146309
v 0.230149 0.526361 0.146522
v 0.237293 0.596094 0.084565
v 0.236249 0.497057 0.161412
v 0.236618 0.515694 0.162207
v 0.240945 0.532626 0.160525
v 0.238560 0.543415 0.149414
v 0.241485 0.573786 0.119093
v 0.240144 0.466710 0.131220
v 0.243247 0.482835 0.164064
v 0.243698 0.505233 0.172029
v 0.244296 0.561022 0.135347
v 0.248885 0.490928 0.177796
v 0.247526 0.518269 0.174516
v 0.254583 0.465482 0.163054
v 0.258893 0.547135 0.168570
v 0.249605 0.603377 0.074752
v 0.254773 0.571663 0.134804
v 0.251364 0.589511 0.104280
v 0.261378 0.598441 0.089488
v 0.259524 0.474442 0.184481
v 0.262780 0.509510 0.193723
v 0.264103 0.528666 0.187118
v 0.262663 0.581675 0.123539
v 0.266532 0.495939 0.200269
v 0.264080 0.565613 0.153367
v 0.264442 0.479535 0.195365
v 0.274237 0.458746 0.187060
v 0.271531 0.577873 0.140659
v 0.273614 0.470072 0.196786
v 0.272507 0.487949 0.204883
v 0.276795 0.548988 0.183454
v 0.278517 0.562998 0.169347
v 0.275468 0.505449 0.210580
v 0.277333 0.495496 0.211691
v 0.279477 0.516332 0.210094
v 0.283325 0.455562 0.194458
v 0.283208 0.530766 0.203642
v 0.282825 0.575295 0.154307
v 0.284965 0.583834 0.136420
v 0.287238 0.481073 0.207537
v 0.282220 0.509405 0.215751
v 0.295666 0.543876 0.201002
v 0.294412 0.462319 0.200839
v 0.286981 0.519188 0.212972
v 0.294531 0.531349 0.213285
v 0.292425 0.565371 0.176643
v 0.299810 0.578397 0.159020
v 0.289344 0.500933 0.213115
v 0.304175 0.491289 0.213815
v 0.303372 0.504373 0.214746
v 0.296007 0.518287 0.212171
v 0.304954 0.565306 0.183026
v 0.310444 0.479495 0.210920
v 0.312499 0.542642 0.206103
v 0.309756 0.553094 0.196921
v 0.315612 0.574723 0.170960
v 0.317263 0.550708 0.198758
v 0.320115 0.563681 0.185646
v 0.138861 0.609361 -0.053157
v 0.137575 0.597049 -0.068734
v 0.130781 0.607797 -0.064610
v 0.144623 0.607928 -0.057143
v 0.141042 0.618372 -0.044773
v 0.150522 0.589831 -0.080470
v 0.150277 0.578816 -0.086344
v 0.141942 0.591548 -0.077284
v 0.151428 0.599003 -0.071245
v 0.157633 0.621925 -0.047829
v 0.154278 0.610719 -0.061709
v 0.145835 0.623385 -0.044331
v 0.160971 0.577857 -0.096441
v 0.154964 0.572452 -0.096336
v 0.160245 0.586086 -0.088068
v 0.165094 0.570503 -0.101958
v 0.156168 0.560311 -0.099637
v 0.160859 0.591440 -0.079992
v 0.163986 0.600285 -0.073550
v 0.153282 0.626555 -0.042249
v 0.158794 0.557674 -0.105031
v 0.164688 0.580496 -0.092756
v 0.165748 0.591091 -0.086128
v 0.168383 0.609889 -0.065067
v 0.169723 0.624622 -0.039621
v 0.167657 0.628897 0.028946
v 0.162996 0.634338 0.021254
v 0.156199 0.631849 0.027741
v 0.169186 0.575273 -0.098038
v 0.168924 0.588060 -0.092640
v 0.170841 0.593871 -0.079169
v 0.170352 0.591273 -0.086868
v 0.170859 0.619935 -0.051215
v 0.168684 0.628502 -0.025092
v 0.158535 0.630570 -0.032350
v 0.184234 0.570213 -0.097765
v 0.171431 0.579598 -0.089993
v 0.165338 0.633974 -0.019089
v 0.176463 0.630304 -0.002083
v 0.164201 0.633730 -0.007638
v 0.167820 0.633553 0.011659
v 0.180652 0.630837 0.018591
v 0.181572 0.575366 -0.091706
v 0.173992 0.583247 -0.083877
v 0.187286 0.585392 -0.082509
v 0.190699 0.597158 -0.070918
v 0.185261 0.609342 -0.060397
v 0.185624 0.616295 -0.048024
v 0.188632 0.623896 0.032191
v 0.193329 0.623756 -0.009978
v 0.187098 0.622863 -0.028455
v 0.196957 0.626095 0.009477
v 0.201281 0.579123 -0.089332
v 0.201960 0.584679 -0.080622
v 0.203719 0.601122 -0.059547
v 0.198853 0.624735 0.027174
v 0.210140 0.614332 -0.028928
v 0.218128 0.602142 -0.045054
v 0.199667 0.613689 0.040791
v 0.213127 0.582240 -0.078522
v 0.211214 0.616642 -0.012695
v 0.212599 0.617837 0.012187
v 0.209594 0.582259 -0.084550
v 0.211529 0.574281 -0.089246
v 0.216968 0.616160 0.030738
v 0.213955 0.613273 0.043384
v 0.219224 0.566067 -0.085116
v 0.223010 0.574530 -0.078974
v 0.229784 0.583476 -0.063111
v 0.227895 0.613368 -0.000572
v 0.234306 0.612285 0.044850
v 0.235039 0.607463 0.059002
v 0.228660 0.609815 -0.020391
v 0.238483 0.611752 0.022470
v 0.240569 0.592796 -0.037037
v 0.239649 0.564143 -0.070495
v 0.250546 0.599184 -0.015630
v 0.249203 0.575559 -0.051350
v 0.248660 0.606454 0.000437
v 0.254704 0.607209 0.041682
v 0.252067 0.608215 0.057707
v 0.256357 0.584765 -0.033721
v 0.263215 0.605341 0.022479
v 0.249605 0.603377 0.074752
v 0.265549 0.588558 0.108949
v 0.251364 0.589511 0.104280
v 0.262663 0.581675 0.123539
v 0.266335 0.596471 0.000000
v 0.269214 0.574573 -0.029189
v 0.261378 0.598441 0.089488
v 0.271546 0.603121 0.077129
v 0.276793 0.601765 0.063701
v 0.273149 0.587821 -0.011636
v 0.279606 0.587749 0.115614
v 0.285479 0.595311 0.094943
v 0.283710 0.596862 0.027492
v 0.279057 0.601777 0.044621
v 0.284965 0.583834 0.136420
v 0.287446 0.573857 -0.010108
v 0.285349 0.589378 0.009348
v 0.300168 0.587182 0.129078
v 0.292285 0.597941 0.076776
v 0.292004 0.597986 0.059875
v 0.302023 0.576031 0.010894
v 0.300199 0.590259 0.044973
v 0.295884 0.599656 0.066177
v 0.299810 0.578397 0.159020
v 0.301779 0.585044 0.026652
v 0.304695 0.590305 0.107755
v 0.304425 0.593953 0.079638
v 0.311898 0.559859 0.007917
v 0.306065 0.593001 0.062122
v 0.315612 0.574723 0.170960
v 0.316222 0.581938 0.151985
v 0.317095 0.580510 0.045086
v 0.318289 0.588294 0.084478
v 0.324309 0.584261 0.134386
v 0.323993 0.586141 0.110833
v 0.323738 0.563752 0.026998
v 0.334114 0.573811 0.166498
v 0.332891 0.580254 0.148939
v 0.327195 0.581456 0.069441
v 0.335926 0.563234 0.043972
v 0.320115 0.563681 0.185646
v 0.340465 0.568242 0.062450
v 0.343613 0.574662 0.091041
v 0.334472 0.552543 0.029150
v 0.345906 0.577881 0.136665
v 0.349958 0.572679 0.152073
v 0.347921 0.576662 0.120448
v 0.354181 0.563704 0.165386
v 0.356184 0.558746 0.077579
v 0.356957 0.548383 0.063214
v 0.360539 0.563929 0.101519
v 0.361517 0.568941 0.139990
v 0.368015 0.563057 0.128585
v 0.370199 0.548321 0.092145
v 0.366378 0.561669 0.153441
v 0.367521 0.536535 0.070353
v 0.373831 0.557251 0.141010
v 0.377214 0.552136 0.120110
v 0.379475 0.530693 0.088888
v 0.383195 0.538830 0.108345
v 0.379621 0.546645 0.149189
v 0.386581 0.541460 0.132269
v 0.392162 0.527756 0.117545
v 0.146510 0.950910 0.022392
v 0.146691 0.964147 0.018979
v 0.138372 0.950711 0.015737
v 0.142807 0.943403 0.024604
v 0.152698 0.938633 0.022382
v 0.159357 0.942680 0.020821
v 0.163292 0.954270 0.023359
v 0.156773 0.967587 0.023576
v 0.157256 0.978503 0.021311
v 0.165815 0.978640 0.024334
v 0.165767 0.931533 0.015746
v 0.173563 0.971377 0.025218
v 0.166647 0.989296 0.016997
v 0.174453 0.922838 0.006850
v 0.178463 0.930461 0.002985
v 0.173106 0.940299 0.016238
v 0.172848 0.947679 0.021928
v 0.181941 0.990553 0.025578
v 0.178205 0.955510 0.020826
v 0.185758 0.948976 0.015809
v 0.186599 0.982744 0.029698
v 0.185251 0.919691 -0.012160
v 0.187543 0.940656 0.007737
v 0.189157 0.964587 0.022142
v 0.193795 0.929325 -0.008473
v 0.195584 0.991775 0.026468
v 0.193908 0.982975 0.026959
v 0.199109 0.918510 -0.020301
v 0.193066 0.910394 -0.020727
v 0.202031 0.953854 0.015422
v 0.202156 0.944966 0.007008
v 0.201755 0.969095 0.021931
v 0.200340 0.906118 -0.023342
v 0.197915 0.899164 -0.019529
v 0.206667 0.897082 -0.020794
v 0.207913 0.990383 0.027306
v 0.208258 0.922578 -0.016333
v 0.212069 0.939765 0.002677
v 0.211223 0.977731 0.027353
v 0.209417 0.910701 -0.022900
v 0.216112 0.898969 -0.017894
v 0.218082 0.880660 -0.003941
v 0.218702 0.911180 -0.017819
v 0.218630 0.920146 -0.012868
v 0.223021 0.949530 0.016484
v 0.225520 0.935678 0.006096
v 0.229390 0.979658 0.023794
v 0.220797 0.964989 0.022479
v 0.219100 0.987792 0.027541
v 0.223953 0.849922 0.016977
v 0.216023 0.860691 0.014934
v 0.220633 0.843463 0.019856
v 0.226177 0.893013 -0.006201
v 0.229416 0.906590 -0.006658
v 0.233459 0.856076 0.018616
v 0.223557 0.864467 0.014198
v 0.230990 0.877107 0.011095
v 0.231605 0.921621 0.000407
v 0.235855 0.964546 0.021288
v 0.238744 0.946653 0.018730
v 0.230716 0.988613 0.021756
v 0.224888 0.831521 0.021462
v 0.229037 0.818477 0.007432
v 0.230735 0.829236 0.018142
v 0.227672 0.837687 0.019625
v 0.240915 0.891563 0.011041
v 0.239653 0.914421 0.006927
v 0.240727 0.825746 0.011579
v 0.241264 0.837330 0.019574
v 0.239711 0.844950 0.022816
v 0.243545 0.874256 0.019296
v 0.238965 0.932189 0.013373
v 0.247640 0.977536 0.020459
v 0.247867 0.832191 0.016364
v 0.251794 0.924698 0.016498
v 0.250868 0.950689 0.020848
v 0.252339 0.967104 0.019256
v 0.250004 0.861427 0.021622
v 0.248337 0.907452 0.014129
v 0.255020 0.841798 0.018482
v 0.256979 0.896999 0.018000
v 0.256815 0.849811 0.022186
v 0.260108 0.910111 0.016943
v 0.264042 0.934463 0.019277
v 0.260575 0.954542 0.019632
v 0.265162 0.867146 0.021349
v 0.263390 0.881057 0.021483
v 0.260952 0.969548 0.015799
v 0.268247 0.842493 0.013008
v 0.265693 0.853814 0.018061
v 0.267668 0.890682 0.019472
v 0.264391 0.899952 0.020569
v 0.270498 0.907588 0.017752
v 0.271602 0.917240 0.019002
v 0.270369 0.942522 0.014421
v 0.272671 0.954866 0.011258
v 0.276566 0.897767 0.019440
v 0.274770 0.926788 0.016423
v 0.273714 0.936068 0.017872
v 0.278202 0.869750 0.017506
v 0.274473 0.882078 0.020702
v 0.282444 0.881448 0.015793
v 0.279534 0.910931 0.016186
v 0.281268 0.942374 0.008963
v 0.282211 0.857719 0.012293
v 0.285015 0.893488 0.016706
v 0.287965 0.907319 0.011078
v 0.284464 0.928404 0.010493
v 0.287909 0.867907 0.011499
v 0.290384 0.889060 0.010525
v 0.296387 0.914587 -0.004671
v 0.175540 0.913925 -0.087903
v 0.162670 0.905873 -0.104550
v 0.162423 0.918012 -0.091503
v 0.161055 0.929453 -0.081436
v 0.164688 0.580496 -0.092756
v 0.168924 0.588060 -0.092640
v 0.171766 0.585040 -0.091620
v 0.171431 0.579598 -0.089993
v 0.173992 0.583247 -0.083877
v 0.170352 0.591273 -0.086868
v 0.170841 0.593871 -0.079169
v 0.167820 0.633553 0.011659
v 0.164201 0.633730 -0.007638
v 0.168383 0.640912 -0.003855
v 0.165338 0.633974 -0.019089
v -0.398055 0.505521 0.130428
v -0.395048 0.487786 0.124284
v -0.395124 0.497271 0.137772
v -0.390410 0.477327 0.137691
v -0.395672 0.515193 0.138182
v -0.388621 0.512892 0.148019
v -0.394416 0.522541 0.127271
v -0.387841 0.531911 0.144569
v -0.388323 0.473364 0.121549
v -0.386575 0.484369 0.148698
v -0.388584 0.498777 0.147321
v -0.386775 0.540168 0.135119
v -0.383278 0.466108 0.140132
v -0.384308 0.500096 0.160726
v -0.379944 0.527056 0.161161
v -0.376985 0.468659 0.154925
v -0.376491 0.481286 0.169873
v -0.382605 0.515483 0.164936
v -0.375051 0.545881 0.157214
v -0.368890 0.455123 0.149013
v -0.377339 0.499009 0.176003
v -0.376119 0.513951 0.177589
v -0.375013 0.555034 0.146182
v -0.362690 0.492378 0.189933
v -0.371324 0.529526 0.177839
v -0.371015 0.536792 0.168696
v -0.363993 0.468201 0.177130
v -0.365363 0.512299 0.188585
v -0.364532 0.556530 0.161925
v -0.357091 0.454635 0.167150
v -0.357393 0.479926 0.190387
v -0.358571 0.531150 0.189326
v -0.354870 0.548309 0.177004
v -0.346465 0.462904 0.186754
v -0.343545 0.519089 0.201918
v -0.345950 0.447984 0.166682
v -0.339719 0.487517 0.203879
v -0.346423 0.502081 0.202612
v -0.343612 0.532346 0.197419
v -0.341898 0.544390 0.189260
v -0.350503 0.565030 0.167479
v -0.342366 0.474809 0.198748
v -0.337455 0.563274 0.178221
v -0.333334 0.451673 0.182061
v -0.326439 0.502145 0.210709
v -0.327785 0.465204 0.199360
v -0.320241 0.472749 0.205930
v -0.325331 0.529634 0.206096
v -0.324213 0.541636 0.198937
v -0.318503 0.454762 0.193351
v -0.323580 0.559668 0.190140
v -0.312755 0.488716 0.212619
v -0.315365 0.518164 0.211943
v -0.312892 0.547951 0.200779
v -0.307801 0.460630 0.200889
v -0.303566 0.507962 0.214696
v -0.304126 0.536820 0.210739
v -0.311786 0.558161 0.194306
v -0.301188 0.476807 0.209972
v -0.307545 0.528830 0.209755
v -0.290637 0.464317 0.200799
v -0.293778 0.494054 0.213669
v -0.295527 0.520595 0.212895
v -0.296273 0.525778 0.215489
v -0.288359 0.507984 0.214436
v -0.290571 0.527815 0.215438
v -0.284409 0.512413 0.216310
v -0.278210 0.498680 0.213030
v -0.383029 0.543836 0.120879
v -0.387561 0.526123 0.105634
v -0.374914 0.543991 0.096408
v -0.372350 0.554310 0.110114
v -0.372078 0.559339 0.130625
v -0.362401 0.567457 0.143959
v -0.353535 0.565982 0.089393
v -0.360392 0.566805 0.112344
v -0.356685 0.553302 0.069974
v -0.351143 0.575509 0.128083
v -0.346124 0.571664 0.159773
v -0.341384 0.578261 0.102554
v -0.343260 0.577501 0.144668
v -0.335914 0.572838 0.063701
v -0.338749 0.561094 0.045772
v -0.324366 0.585706 0.116734
v -0.311698 0.580011 0.036304
v -0.327774 0.582491 0.076368
v -0.327796 0.573705 0.169199
v -0.324210 0.581031 0.151146
v -0.322661 0.566639 0.182836
v -0.331669 0.558016 0.031121
v -0.319900 0.583640 0.058079
v -0.319638 0.588003 0.087479
v -0.317410 0.565839 0.021290
v -0.315416 0.575238 0.169111
v -0.307923 0.587596 0.126970
v -0.303550 0.578565 0.016798
v -0.300739 0.591669 0.051056
v -0.306204 0.593379 0.064917
v -0.305022 0.591681 0.096363
v -0.305426 0.566239 0.182739
v -0.307491 0.584057 0.144462
v -0.301440 0.569425 0.002661
v -0.298259 0.578207 0.158939
v -0.288883 0.587546 0.011601
v -0.293883 0.599074 0.074269
v -0.288534 0.595926 0.036547
v -0.289384 0.596398 0.091431
v -0.286256 0.585949 0.130701
v -0.290582 0.590756 0.111999
v -0.278117 0.581473 -0.014175
v -0.285395 0.599945 0.050881
v -0.283200 0.576306 0.152817
v -0.275251 0.602419 0.067709
v -0.279461 0.589422 0.109398
v -0.270704 0.601291 0.020131
v -0.270716 0.603158 0.078504
v -0.268711 0.593892 -0.002327
v -0.270459 0.594785 0.098390
v -0.264835 0.604899 0.032435
v -0.269500 0.603420 0.050780
v -0.274312 0.581725 0.135490
v -0.255083 0.593508 -0.019849
v -0.265016 0.581908 -0.027323
v -0.263647 0.584625 0.118545
v -0.253198 0.606546 0.012906
v -0.253298 0.597202 0.091247
v -0.252376 0.607583 0.058111
v -0.246818 0.586156 -0.042008
v -0.244430 0.605445 -0.008713
v -0.249086 0.605158 0.070261
v -0.238982 0.610921 0.031631
v -0.230094 0.601934 -0.034405
v -0.236047 0.602138 0.072486
v -0.227198 0.589561 -0.058293
v -0.240900 0.579265 -0.057817
v -0.231470 0.612434 0.006745
v -0.230717 0.607262 0.057963
v -0.225823 0.611896 -0.016268
v -0.217851 0.615252 0.038598
v -0.227887 0.576998 -0.072849
v -0.209753 0.616973 -0.002777
v -0.213325 0.617703 0.019239
v -0.213056 0.585321 -0.074146
v -0.201909 0.603721 -0.056963
v -0.208681 0.615659 -0.025442
v -0.194989 0.595931 -0.071644
v -0.200197 0.613513 -0.040191
v -0.199712 0.584271 -0.081138
v -0.208910 0.579780 -0.086250
v -0.193140 0.625801 0.009682
v -0.197223 0.622963 0.030850
v -0.188096 0.620830 -0.032527
v -0.190753 0.623435 -0.012379
v -0.194834 0.627159 0.021378
v -0.178258 0.607428 -0.067209
v -0.174451 0.619705 -0.047182
v -0.178255 0.630831 0.016859
v -0.171914 0.628053 -0.016914
v -0.173240 0.630309 0.025348
v -0.171870 0.631288 0.009328
v -0.169852 0.624999 -0.033194
v -0.179422 0.620516 0.037417
v -0.166911 0.617292 -0.055339
v -0.163494 0.632245 0.021119
v -0.164411 0.598086 -0.078375
v -0.171306 0.591457 -0.090375
v -0.171874 0.596613 -0.081442
v -0.167549 0.609371 -0.068265
v -0.164777 0.626930 0.031976
v -0.160271 0.629843 -0.027349
v -0.163898 0.633475 -0.001492
v -0.164758 0.633027 -0.017434
v -0.165861 0.634756 0.009677
v -0.163910 0.636124 0.018220
v -0.158188 0.622880 -0.043125
v -0.158282 0.624491 -0.038167
v -0.155956 0.631060 0.029104
v -0.157584 0.588907 -0.086170
v -0.165061 0.578245 -0.099078
v -0.166192 0.586527 -0.090280
v -0.148758 0.608774 -0.060408
v -0.158435 0.578682 -0.096866
v -0.147690 0.619727 -0.045100
v -0.155344 0.630035 -0.033848
v -0.152132 0.625360 -0.037277
v -0.149404 0.573500 -0.089723
v -0.150335 0.624805 -0.041708
v -0.144777 0.624316 -0.041803
v -0.150664 0.628208 -0.039819
v -0.146688 0.599028 -0.070925
v -0.138810 0.619343 -0.042967
v -0.139905 0.608828 -0.054173
v -0.136955 0.601152 -0.064367
v -0.134988 0.611721 -0.055405
v -0.375669 0.456011 0.130898
v -0.380833 0.466647 0.109912
v -0.367406 0.451679 0.109981
v -0.366434 0.459281 0.093887
v -0.357298 0.443118 0.140114
v -0.355806 0.442475 0.120459
v -0.352409 0.451082 0.086856
v -0.357978 0.465959 0.072776
v -0.347825 0.443489 0.099023
v -0.349520 0.443060 0.152416
v -0.337731 0.455695 0.063973
v -0.342772 0.470701 0.051499
v -0.341475 0.436512 0.133292
v -0.342553 0.437296 0.117658
v -0.336003 0.443613 0.085612
v -0.334700 0.438077 0.102563
v -0.322935 0.433710 0.121111
v -0.330044 0.435080 0.142779
v -0.326776 0.440551 0.164157
v -0.315241 0.438960 0.084086
v -0.318653 0.448563 0.061754
v -0.322520 0.463322 0.041519
v -0.314652 0.447775 0.182640
v -0.311459 0.434562 0.103309
v -0.311956 0.434677 0.140871
v -0.310979 0.438331 0.158588
v -0.301087 0.443367 0.172674
v -0.299543 0.456470 0.036594
v -0.310961 0.468679 0.026979
v -0.289505 0.443841 0.059530
v -0.298487 0.433779 0.114422
v -0.296956 0.436513 0.142910
v -0.293652 0.451959 0.189903
v -0.289297 0.466442 0.016368
v -0.305282 0.483366 0.009195
v -0.291775 0.437141 0.088274
v -0.283040 0.453818 0.037040
v -0.284592 0.443862 0.160998
v -0.283962 0.478666 -0.004004
v -0.283957 0.436913 0.122135
v -0.275165 0.438086 0.101675
v -0.278940 0.442287 0.143080
v -0.281946 0.450649 0.181234
v -0.269156 0.441246 0.071138
v -0.267532 0.457928 0.015652
v -0.265899 0.466417 -0.001386
v -0.273500 0.459926 0.189193
v -0.264494 0.445743 0.128358
v -0.261088 0.444838 0.054387
v -0.263657 0.449378 0.036207
v -0.270830 0.488283 -0.022078
v -0.260947 0.444095 0.086177
v -0.262684 0.442723 0.105666
v -0.264175 0.456411 0.166029
v -0.260641 0.452073 0.144249
v -0.258384 0.469206 0.178152
v -0.242710 0.447026 0.058987
v -0.242005 0.454234 0.016516
v -0.247907 0.463762 -0.006507
v -0.251182 0.477485 -0.025279
v -0.245962 0.447231 0.087810
v -0.246238 0.452006 0.101757
v -0.239775 0.450176 0.036452
v -0.249946 0.455010 0.126249
v -0.250029 0.465490 0.154430
v -0.235534 0.467097 0.116062
v -0.229066 0.457747 0.091414
v -0.225536 0.460795 -0.005175
v -0.238115 0.469493 0.132293
v -0.231375 0.451087 0.071553
v -0.219251 0.471365 -0.030222
v -0.215212 0.455712 0.047119
v -0.219594 0.454982 0.028004
v -0.214171 0.458471 0.010616
v -0.214979 0.458895 0.066810
v -0.215792 0.477064 0.104483
v -0.203156 0.464186 -0.010605
v -0.204032 0.473952 -0.036289
v -0.214712 0.484201 -0.051711
v -0.207301 0.470103 0.081489
v -0.200381 0.459905 0.026938
v -0.196124 0.483295 -0.060311
v -0.199206 0.461781 0.011280
v -0.196286 0.467112 -0.023725
v -0.194726 0.471104 0.059190
v -0.196230 0.462280 -0.000423
v -0.192417 0.460243 0.017431
v -0.192679 0.465564 0.042757
v -0.195461 0.474292 -0.040886
v -0.189632 0.463338 0.030313
v -0.189432 0.478919 -0.057258
v -0.189100 0.483790 0.070368
v -0.181917 0.471574 0.042955
v -0.177020 0.485717 0.055534
v -0.172346 0.483021 0.050541
v -0.282131 0.511896 -0.028136
v -0.264508 0.501592 -0.035993
v -0.269285 0.516807 -0.041916
v -0.262542 0.529883 -0.054778
v -0.282698 0.529520 -0.034386
v -0.251834 0.493335 -0.039129
v -0.253099 0.515590 -0.053909
v -0.234951 0.483709 -0.041050
v -0.232645 0.512241 -0.066839
v -0.237768 0.530526 -0.075013
v -0.245877 0.544580 -0.073085
v -0.233138 0.539471 -0.083751
v -0.225904 0.495442 -0.057893
v -0.222488 0.528555 -0.083573
v -0.218725 0.536530 -0.089615
v -0.207676 0.503362 -0.077980
v -0.204433 0.514051 -0.083617
v -0.206453 0.494530 -0.070345
v -0.208109 0.528155 -0.087770
v -0.210687 0.545243 -0.091916
v -0.195749 0.534055 -0.094256
v -0.193288 0.491117 -0.073585
v -0.189751 0.499114 -0.078990
v -0.182813 0.510329 -0.089580
v -0.186210 0.482682 -0.067619
v -0.184594 0.505453 -0.083267
v -0.181873 0.489339 -0.076915
v -0.175886 0.518395 -0.097495
v -0.177964 0.500155 -0.079459
v -0.172040 0.499457 -0.088454
v -0.177211 0.538558 -0.103741
v -0.163785 0.512085 -0.098014
v -0.163756 0.526354 -0.103320
v -0.154882 0.521510 -0.103353
v -0.298341 0.902854 -0.013951
v -0.298376 0.894370 -0.019135
v -0.297900 0.891322 -0.009421
v -0.292701 0.885860 0.003303
v -0.290362 0.871348 -0.003086
v -0.293586 0.905704 0.001648
v -0.294991 0.919086 -0.023567
v -0.296378 0.920556 -0.009833
v -0.291728 0.937199 -0.015621
v -0.288363 0.925395 0.006211
v -0.288879 0.937944 -0.002272
v -0.287714 0.868914 0.009370
v -0.287636 0.881535 0.012242
v -0.289797 0.891845 0.012994
v -0.284767 0.902643 0.013385
v -0.284469 0.919624 0.012759
v -0.281447 0.932517 -0.043787
v -0.283160 0.951566 -0.020247
v -0.284681 0.950423 -0.007820
v -0.276894 0.947115 0.008869
v -0.273878 0.953327 -0.038804
v -0.279721 0.932056 0.012790
v -0.275437 0.964331 -0.005478
v -0.276810 0.963894 -0.015043
v -0.268610 0.965238 -0.031941
v -0.273734 0.937206 0.018556
v -0.269610 0.963946 0.007346
v -0.267441 0.956530 0.015735
v -0.261264 0.980679 -0.012558
v -0.269281 0.944651 0.014855
v -0.259266 0.978921 0.003617
v -0.259556 0.971036 0.014529
v -0.248732 0.983989 0.011793
v -0.242313 0.981189 0.020283
v -0.242101 0.993423 0.000173
v -0.244368 0.990476 -0.018648
v -0.225843 0.994144 0.016128
v -0.227277 1.000148 -0.008232
v -0.225160 0.986826 0.024025
v -0.230138 0.999135 0.002654
v -0.291744 0.872488 -0.019491
v -0.289549 0.883316 -0.029819
v -0.292291 0.902767 -0.029644
v -0.288219 0.918487 -0.036413
v -0.285655 0.857268 -0.014047
v -0.281819 0.862632 -0.029658
v -0.284461 0.891958 -0.048117
v -0.271608 0.853268 -0.036020
v -0.280309 0.852934 0.000102
v -0.276053 0.850257 0.009904
v -0.278652 0.871428 -0.050157
v -0.278404 0.906619 -0.056234
v -0.271303 0.840351 -0.015950
v -0.276191 0.886563 -0.059403
v -0.271076 0.920220 -0.061181
v -0.264934 0.835727 0.000968
v -0.270704 0.862110 -0.055638
v -0.268101 0.871771 -0.063150
v -0.264236 0.894841 -0.070961
v -0.265920 0.941750 -0.057726
v -0.262814 0.851750 -0.053354
v -0.264388 0.837448 0.010955
v -0.259634 0.841673 -0.041695
v -0.257206 0.834946 -0.030517
v -0.258870 0.828854 -0.013386
v -0.260288 0.857600 -0.062157
v -0.256022 0.879240 -0.073659
v -0.257956 0.917472 -0.075076
v -0.252359 0.824373 -0.006108
v -0.242259 0.824218 -0.022456
v -0.247543 0.861611 -0.069990
v -0.255147 0.930706 -0.073980
v -0.250681 0.830414 -0.038034
v -0.251518 0.827997 0.008116
v -0.247759 0.847526 -0.059052
v -0.239034 0.829185 -0.040351
v -0.249520 0.840554 -0.045322
v -0.246234 0.898291 -0.084168
v -0.237942 0.822482 0.004279
v -0.232903 0.873620 -0.080837
v -0.242471 0.928757 -0.083287
v -0.239553 0.819647 -0.007310
v -0.238200 0.823372 -0.034375
v -0.232835 0.834555 -0.043337
v -0.236340 0.841668 -0.052588
v -0.232468 0.914546 -0.090376
v -0.230996 0.889699 -0.088655
v -0.231903 0.815820 -0.012621
v -0.229537 0.848853 -0.064301
v -0.230154 0.767185 -0.019917
v -0.226615 0.747533 -0.024183
v -0.228300 0.750520 -0.007947
v -0.232425 0.780382 -0.010953
v -0.230533 0.789405 -0.033248
v -0.227760 0.812232 -0.040928
v -0.227737 0.782026 -0.052388
v -0.231461 0.802914 -0.012137
v -0.229700 0.815960 -0.023503
v -0.226204 0.825738 -0.038449
v -0.229184 0.819158 0.002562
v -0.230899 0.822127 -0.031498
v -0.220377 0.861325 -0.074565
v -0.224362 0.730784 -0.015655
v -0.224952 0.753035 -0.043239
v -0.220214 0.764425 -0.073102
v -0.223242 0.752757 -0.058700
v -0.226123 0.798667 -0.064703
v -0.221932 0.825296 -0.063073
v -0.223216 0.830490 -0.048875
v -0.224897 0.836648 -0.045952
v -0.219180 0.847828 -0.063266
v -0.220267 0.726245 -0.034661
v -0.216915 0.708909 -0.009116
v -0.215874 0.719956 -0.052179
v -0.217844 0.739270 -0.067794
v -0.219229 0.794796 -0.081816
v -0.220834 0.839859 -0.056071
v -0.216065 0.838351 -0.068738
v -0.214201 0.906941 -0.093647
v -0.213472 0.704193 -0.029175
v -0.212521 0.766885 -0.092059
v -0.212293 0.821735 -0.089600
v -0.211851 0.880724 -0.085757
v -0.210202 0.693332 -0.011937
v -0.206415 0.722405 -0.082962
v -0.210033 0.744780 -0.089064
v -0.212179 0.790652 -0.098361
v -0.205931 0.845847 -0.091176
v -0.207837 0.857695 -0.078192
v -0.211030 0.856295 -0.071668
v -0.201054 0.898860 -0.089538
v -0.201860 0.681646 -0.029816
v -0.205924 0.706073 -0.068793
v -0.197305 0.680868 -0.053701
v -0.209164 0.868730 -0.078732
v -0.197063 0.671444 -0.014764
v -0.199227 0.676920 0.004558
v -0.197206 0.731233 -0.109762
v -0.202961 0.762299 -0.111700
v -0.202019 0.792901 -0.118402
v -0.202095 0.822043 -0.112985
v -0.195840 0.701875 -0.088698
v -0.195768 0.870847 -0.093038
v -0.201456 0.876321 -0.082630
v -0.185458 0.682571 -0.088084
v -0.193332 0.713246 -0.104986
v -0.190838 0.750394 -0.125779
v -0.191516 0.819611 -0.127345
v -0.194252 0.851727 -0.111951
v -0.184037 0.657928 -0.034662
v -0.183343 0.656173 0.000770
v -0.196678 0.676904 0.024235
v -0.183362 0.665510 -0.064832
v -0.185013 0.729965 -0.126797
v -0.188725 0.773709 -0.133998
v -0.191884 0.894040 -0.085910
v -0.193804 0.882697 -0.086877
v -0.184981 0.664880 0.039734
v -0.179569 0.688882 -0.106495
v -0.180265 0.712722 -0.123092
v -0.179881 0.798272 -0.145806
v -0.186064 0.845031 -0.125640
v -0.187605 0.872144 -0.106524
v -0.186214 0.891570 -0.092749
v -0.179206 0.654613 0.024973
v -0.172656 0.643337 -0.020526
v -0.172853 0.661462 -0.083381
v -0.174103 0.736898 -0.144315
v -0.176192 0.778651 -0.150273
v -0.177035 0.824265 -0.144545
v -0.168118 0.642587 -0.041041
v -0.168641 0.641501 0.006199
v -0.168169 0.669420 -0.102844
v -0.165080 0.688745 -0.126390
v -0.174074 0.755106 -0.149529
v -0.168887 0.855968 -0.140093
v -0.166717 0.640811 0.018245
v -0.169718 0.647799 0.036083
v -0.166053 0.647011 -0.067709
v -0.169737 0.719867 -0.142692
v -0.163831 0.837692 -0.153387
v -0.164758 0.633027 -0.017434
v -0.163898 0.633475 -0.001492
v -0.165861 0.634756 0.009677
v -0.163910 0.636124 0.018220
v -0.160271 0.629843 -0.027349
v -0.155956 0.631060 0.029104
v -0.153025 0.646861 -0.093431
v -0.160902 0.731153 -0.155796
v -0.158615 0.755016 -0.163334
v -0.160148 0.780998 -0.164199
v -0.164309 0.798933 -0.160445
v -0.162071 0.819340 -0.160062
v -0.155344 0.630035 -0.033848
v -0.157564 0.634723 -0.047680
v -0.154227 0.701737 -0.147445
v -0.151416 0.636299 -0.072915
v -0.147713 0.661981 -0.120286
v -0.149213 0.827673 -0.169206
v -0.150664 0.628208 -0.039819
v -0.143993 0.627278 -0.054998
v -0.144777 0.624316 -0.041803
v -0.150335 0.624805 -0.041708
v -0.152132 0.625360 -0.037277
v -0.141301 0.677981 -0.141324
v -0.148445 0.714748 -0.159391
v -0.148467 0.802569 -0.173151
v -0.138948 0.735246 -0.174318
v -0.145176 0.777710 -0.176255
v -0.130156 0.624192 -0.078999
v -0.137451 0.644547 -0.111769
v -0.143053 0.758827 -0.176665
v -0.135501 0.620644 -0.050299
v -0.138810 0.619343 -0.042967
v -0.127188 0.628364 -0.096216
v -0.130104 0.687536 -0.157878
v -0.130917 0.712776 -0.171787
v -0.130501 0.621189 -0.063556
v -0.123879 0.643723 -0.122361
v -0.135896 0.821833 -0.179904
v -0.122940 0.614632 -0.069646
v -0.123968 0.659197 -0.139755
v -0.128056 0.755805 -0.184371
v -0.127068 0.793489 -0.186593
v -0.114527 0.729397 -0.186459
v -0.119199 0.618104 -0.075073
v -0.113594 0.628814 -0.109060
v -0.110930 0.619095 -0.090615
v -0.114071 0.668744 -0.155462
v -0.112542 0.697377 -0.174782
v -0.110423 0.612068 -0.085108
v -0.111994 0.767333 -0.193511
v -0.116437 0.819641 -0.189758
v -0.099756 0.791258 -0.199012
v -0.103095 0.645271 -0.140250
v -0.097950 0.710069 -0.188397
v -0.097645 0.615774 -0.099547
v -0.088212 0.677802 -0.176769
v -0.097241 0.756589 -0.198656
v -0.092224 0.625773 -0.120520
v -0.086180 0.656579 -0.161828
v -0.087492 0.736302 -0.199383
v -0.083802 0.616172 -0.111198
v -0.082922 0.634926 -0.142449
v -0.073963 0.695908 -0.192175
v -0.072951 0.776235 -0.207862
v -0.071298 0.623198 -0.130886
v -0.069144 0.669532 -0.179334
v -0.071188 0.720446 -0.202414
v -0.066566 0.617458 -0.123739
v -0.070576 0.641477 -0.155716
v -0.065956 0.754949 -0.208908
v -0.063701 0.653546 -0.169642
v -0.055075 0.627197 -0.147854
v -0.057483 0.736833 -0.208943
v -0.047649 0.682708 -0.193988
v -0.047405 0.702678 -0.202396
v -0.048109 0.659133 -0.179027
v -0.046472 0.718731 -0.208453
v -0.046165 0.618488 -0.135960
v -0.040503 0.644270 -0.169735
v -0.034244 0.623166 -0.151232
v -0.031786 0.669785 -0.189862
v -0.027866 0.617990 -0.144349
v -0.028491 0.633648 -0.164355
v -0.023719 0.648496 -0.177243
v -0.011534 0.625923 -0.160167
v -0.003653 0.664744 -0.189530
v -0.011601 0.686426 -0.201057
v -0.023366 0.707067 -0.208089
v -0.015060 0.615994 -0.149345
v 0.006803 0.641028 -0.173312
v -0.001002 0.615900 -0.150234
v 0.012156 0.622265 -0.156784
v 0.014259 0.618168 -0.149687
v -0.259255 0.954963 -0.055568
v -0.258778 0.966845 -0.045172
v -0.254299 0.978067 -0.030052
v -0.248094 0.948444 -0.069125
v -0.246807 0.967227 -0.054701
v -0.237114 0.977671 -0.051074
v -0.240256 0.984170 -0.035689
v -0.236633 0.961184 -0.068266
v -0.231294 0.947939 -0.081105
v -0.232155 0.993479 -0.024357
v -0.222447 0.985409 -0.044407
v -0.224258 0.935710 -0.089008
v -0.216277 0.969414 -0.069115
v -0.219701 0.999642 -0.017642
v -0.210117 0.949479 -0.086098
v -0.217066 0.956616 -0.080272
v -0.209848 0.926258 -0.092414
v -0.212185 0.995569 -0.026233
v -0.201980 0.979286 -0.059164
v -0.203622 1.002384 -0.012787
v -0.202402 0.966241 -0.074612
v -0.204560 0.991753 -0.037288
v -0.195473 0.915851 -0.090335
v -0.193505 0.934555 -0.089871
v -0.196028 0.999170 -0.020900
v -0.185566 0.954513 -0.078361
v -0.187400 0.992025 -0.029211
v -0.185410 0.971349 -0.063804
v -0.191629 0.986551 -0.044403
v -0.184301 0.999469 -0.013772
v -0.172772 0.870006 -0.126466
v -0.186389 0.909492 -0.085966
v -0.171964 0.885031 -0.113812
v -0.178048 0.911625 -0.085656
v -0.179034 0.935487 -0.084841
v -0.175944 0.982499 -0.044215
v -0.172052 0.904276 -0.095810
v -0.175528 0.922370 -0.083390
v -0.170696 0.943224 -0.077872
v -0.167573 0.966916 -0.057651
v -0.169328 0.983931 -0.030643
v -0.161657 0.916694 -0.092643
v -0.168111 0.953939 -0.069966
v -0.153972 0.902594 -0.118251
v -0.163580 0.923530 -0.083797
v -0.166746 0.930717 -0.079698
v -0.167868 0.991433 -0.017258
v -0.152743 0.859719 -0.153330
v -0.163391 0.975710 -0.043231
v -0.153669 0.882047 -0.138851
v -0.154702 0.933694 -0.077725
v -0.156425 0.941491 -0.070696
v -0.154769 0.954392 -0.060420
v -0.152658 0.964053 -0.045906
v -0.156443 0.977128 -0.028555
v -0.145736 0.920578 -0.105138
v -0.152093 0.982519 -0.013051
v -0.138782 0.854821 -0.166980
v -0.146024 0.931971 -0.085971
v -0.148387 0.943382 -0.069461
v -0.137450 0.883431 -0.151405
v -0.140328 0.911440 -0.125633
v -0.144204 0.949002 -0.060369
v -0.144895 0.953246 -0.050120
v -0.143840 0.972314 -0.019262
v -0.146213 0.966976 -0.026514
v -0.130122 0.934809 -0.101176
v -0.131846 0.944301 -0.078868
v -0.134268 0.901386 -0.140605
v -0.130679 0.951190 -0.066759
v -0.131496 0.955305 -0.048702
v -0.137871 0.955396 -0.037392
v -0.122770 0.914386 -0.135531
v -0.135617 0.959777 -0.022383
v -0.125410 0.848342 -0.177954
v -0.127814 0.926934 -0.118648
v -0.128980 0.959494 -0.022948
v -0.106965 0.883650 -0.168314
v -0.112667 0.961362 -0.053918
v -0.103392 0.842144 -0.189959
v -0.110809 0.862080 -0.178930
v -0.118233 0.901592 -0.150049
v -0.106423 0.932521 -0.122906
v -0.106468 0.947061 -0.098282
v -0.117830 0.964003 -0.029392
v -0.110431 0.955255 -0.074884
v -0.093625 0.827821 -0.197055
v -0.091149 0.903010 -0.160852
v -0.099092 0.915944 -0.145457
v -0.094854 0.962809 -0.069968
v -0.095430 0.972145 -0.027836
v -0.088131 0.861392 -0.187396
v -0.082410 0.930377 -0.136341
v -0.083019 0.942662 -0.119602
v -0.085925 0.971894 -0.044576
v -0.079589 0.960262 -0.087822
v -0.075661 0.889411 -0.176649
v -0.065629 0.878240 -0.185594
v -0.079164 0.918467 -0.152348
v -0.065000 0.843372 -0.199378
v -0.076604 0.952074 -0.105632
v -0.073095 0.970550 -0.062322
v -0.066523 0.905812 -0.166496
v -0.059982 0.948486 -0.118581
v -0.067104 0.979089 -0.032838
v -0.058927 0.960686 -0.096609
v -0.077799 0.977985 -0.017782
v -0.057320 0.862038 -0.194310
v -0.058977 0.920691 -0.155641
v -0.060859 0.968190 -0.077290
v -0.053375 0.890840 -0.181821
v -0.054794 0.933954 -0.140986
v -0.045431 0.977733 -0.057947
v -0.046296 0.984966 -0.032027
v -0.037878 0.899652 -0.178426
v -0.033818 0.915036 -0.166273
v -0.041728 0.928131 -0.152615
v -0.036008 0.968216 -0.089380
v -0.033417 0.875935 -0.192612
v -0.031572 0.942087 -0.136546
v -0.036893 0.955148 -0.115383
v -0.039209 0.847650 -0.202231
v -0.031121 0.992025 -0.020161
v -0.050039 0.985143 -0.012784
v -0.023190 0.964750 -0.102030
v -0.019642 0.987487 -0.045368
v -0.022444 0.979308 -0.066432
v -0.017730 0.844656 -0.205528
v -0.007842 0.900501 -0.183102
v -0.014473 0.930412 -0.156488
v -0.017955 0.888159 -0.190361
v -0.014463 0.918854 -0.167535
v -0.016672 0.956188 -0.120097
v -0.008092 0.973516 -0.086563
v -0.008951 0.944917 -0.137182
v -0.009583 0.997948 -0.021266
v 0.001823 0.963034 -0.108496
v -0.004673 0.982404 -0.063024
v 0.002719 0.887544 -0.191334
v 0.003260 0.921992 -0.165050
v -0.002273 0.992906 -0.036889
v 0.010979 0.933268 -0.153352
v 0.011554 0.905107 -0.179983
v 0.013196 0.944815 -0.137663
v 0.010821 0.975981 -0.080885
v 0.011050 0.987988 -0.048855
v 0.010270 0.997960 -0.023605
v 0.027047 0.910991 -0.171423
v 0.029807 0.967458 -0.093128
v 0.025640 0.888355 -0.188394
v 0.025946 0.953872 -0.120596
v 0.031189 0.978700 -0.063270
v 0.033489 0.986575 -0.037857
v 0.040374 0.942176 -0.134425
v 0.032926 0.925432 -0.157495
v 0.053555 0.909798 -0.166308
v 0.056831 0.930396 -0.145454
v 0.049524 0.969959 -0.077848
v 0.044906 0.893960 -0.181056
v 0.059869 0.950099 -0.115992
v 0.058274 0.975509 -0.056307
v 0.068456 0.897611 -0.172751
v 0.069176 0.961491 -0.090362
v 0.081214 0.930181 -0.137089
v 0.079653 0.967961 -0.065680
v 0.074552 0.915133 -0.156874
v 0.086025 0.948826 -0.107818
v 0.093091 0.954896 -0.092264
v 0.101872 0.907468 -0.152646
v 0.086775 0.885848 -0.174870
v 0.099956 0.939172 -0.117610
v 0.103733 0.924026 -0.133867
v 0.106960 0.958935 -0.069849
v 0.109100 0.892524 -0.161066
v 0.114142 0.944528 -0.098021
v 0.119985 0.917645 -0.133635
v 0.117508 0.931028 -0.119536
v 0.122741 0.897430 -0.150620
v 0.134359 0.901786 -0.139923
v 0.132286 0.946486 -0.074239
v 0.126599 0.935033 -0.104876
v 0.130808 0.920878 -0.123238
v 0.139206 0.965956 -0.018703
v 0.139325 0.957362 -0.030053
v 0.132931 0.959477 -0.022059
v 0.135891 0.961333 -0.010606
v 0.148755 0.925903 -0.094784
v 0.138235 0.934814 -0.090229
v 0.135081 0.956066 -0.035164
v 0.144481 0.962686 -0.031799
v 0.145783 0.976960 -0.009055
v 0.143722 0.914259 -0.117500
v 0.147033 0.939799 -0.074386
v 0.144186 0.953729 -0.045264
v 0.140208 0.949677 -0.055656
v 0.147684 0.976649 -0.022903
v 0.149509 0.946157 -0.059469
v 0.155894 0.955129 -0.058269
v 0.152606 0.970566 -0.037142
v 0.151871 0.984263 -0.015811
v 0.162279 0.989613 -0.022138
v 0.161055 0.929453 -0.081436
v 0.160035 0.971171 -0.048145
v 0.161449 0.980552 -0.032524
v 0.159911 0.938822 -0.073761
v 0.161613 0.990699 -0.005233
v 0.166518 0.946269 -0.074751
v 0.172763 0.965353 -0.063696
v 0.169649 0.979867 -0.045112
v 0.172405 0.932028 -0.083253
v 0.182333 0.991132 -0.033463
v 0.173506 0.998405 -0.007731
v 0.179090 1.000133 -0.015479
v 0.183455 0.953353 -0.078885
v 0.182166 0.980575 -0.052971
v 0.184484 0.938510 -0.087707
v 0.195815 0.943835 -0.087685
v 0.194379 0.969793 -0.069449
v 0.197087 1.001285 -0.019662
v 0.201440 0.960552 -0.079642
v 0.202702 0.990150 -0.042681
v 0.203606 0.975294 -0.065530
v 0.210383 0.949639 -0.086252
v 0.215070 0.999973 -0.019030
v 0.216293 0.967252 -0.070492
v 0.216067 0.985560 -0.047168
v 0.207259 1.003849 -0.007230
v 0.228963 0.950751 -0.079404
v 0.235170 0.966478 -0.063092
v 0.226985 0.991918 -0.030003
v 0.233977 0.997926 -0.011299
v 0.236805 0.982183 -0.043753
v 0.246889 0.983094 -0.030258
v 0.254325 0.984565 -0.019288
v 0.250885 0.973046 -0.045579
v 0.264896 0.971889 -0.027329
v 0.266050 0.960055 -0.043858
v 0.146558 0.970973 0.007055
v 0.136854 0.957341 0.000771
v 0.138372 0.950711 0.015737
v 0.146691 0.964147 0.018979
v 0.152916 0.982377 0.001277
v 0.157256 0.978503 0.021311
v 0.166647 0.989296 0.016997
v 0.160132 0.989380 0.010705
v 0.168529 0.993450 0.005115
v 0.174811 1.000984 0.011261
v 0.180195 1.000893 0.007380
v 0.181941 0.990553 0.025578
v 0.179874 1.000248 0.015730
v 0.188440 1.003169 -0.002791
v 0.195150 0.997843 0.019160
v 0.193536 1.003574 0.011795
v 0.195584 0.991775 0.026468
v 0.207909 1.003105 0.004148
v 0.205752 1.001486 0.013419
v 0.212641 0.994703 0.022497
v 0.207913 0.990383 0.027306
v 0.221421 0.995712 0.014821
v 0.219100 0.987792 0.027541
v 0.232763 0.997244 0.001517
v 0.230716 0.988613 0.021756
v 0.238456 0.989360 0.013299
v 0.252006 0.980100 0.015725
v 0.247640 0.977536 0.020459
v 0.253990 0.986253 -0.003250
v 0.260952 0.969548 0.015799
v 0.268352 0.969534 0.003187
v 0.271558 0.970302 -0.014079
v 0.272671 0.954866 0.011258
v 0.281268 0.942374 0.008963
v 0.281384 0.951972 -0.000635
v 0.288741 0.932786 0.001862
v 0.291340 0.941278 -0.018517
v 0.284464 0.928404 0.010493
v 0.287965 0.907319 0.011078
v 0.294137 0.934218 -0.009899
v 0.296387 0.914587 -0.004671
v -0.282839 0.061161 0.049903
v -0.279409 0.048857 0.044575
v -0.273151 0.047192 0.058708
v -0.274563 0.057895 0.067084
v -0.283788 0.073486 0.059954
v -0.276314 0.072963 0.071929
v -0.279305 0.093064 0.069379
v -0.283766 0.085424 0.055822
v -0.281036 0.100482 0.060894
v -0.276925 0.104937 0.072422
v -0.271359 0.096983 0.085608
v -0.269551 0.083724 0.086519
v -0.270527 0.063966 0.076531
v -0.267707 0.115637 0.080064
v -0.274460 0.114825 0.065654
v -0.268098 0.049830 0.071636
v -0.265591 0.098854 0.095190
v -0.261892 0.106776 0.093931
v -0.264439 0.128807 0.067920
v -0.264675 0.040194 0.064533
v -0.255175 0.116979 0.096265
v -0.253435 0.132688 0.085792
v -0.246535 0.142017 0.064700
v -0.263447 0.131442 0.050736
v -0.255105 0.111743 0.102277
v -0.253739 0.106437 0.101965
v -0.248221 0.128010 0.097922
v -0.245746 0.113252 0.109215
v -0.238057 0.122112 0.113310
v -0.233928 0.137112 0.105529
v -0.237337 0.145855 0.086414
v -0.236989 0.174838 0.000227
v -0.242620 0.185535 -0.017211
v -0.241235 0.160140 -0.010495
v -0.238291 0.196173 -0.005294
v -0.240562 0.211893 -0.020245
v -0.230560 0.155186 0.019142
v -0.237894 0.136907 0.008502
v -0.233395 0.211116 0.003944
v -0.233517 0.232548 0.005454
v -0.224294 0.149128 0.097213
v -0.228375 0.188256 0.018136
v -0.225724 0.133429 0.114112
v -0.228602 0.144439 0.030154
v -0.220963 0.153877 0.076879
v -0.224960 0.227943 0.029945
v -0.228993 0.259479 0.012597
v -0.223671 0.130388 0.122491
v -0.227599 0.120986 0.121459
v -0.220270 0.159777 0.035377
v -0.219460 0.183413 0.034595
v -0.224326 0.206766 0.028750
v -0.223382 0.257980 0.028535
v -0.216694 0.282318 0.027726
v -0.227012 0.283832 0.003960
v -0.216945 0.154128 0.042694
v -0.216747 0.209370 0.041335
v -0.217971 0.248611 0.040386
v -0.217935 0.305727 0.011911
v -0.224833 0.306473 -0.003900
v -0.218125 0.332802 -0.000302
v -0.225214 0.324067 -0.016911
v -0.219386 0.337966 -0.010211
v -0.224575 0.332834 -0.022976
v -0.214824 0.126112 0.125935
v -0.209019 0.147813 0.111329
v -0.207758 0.162520 0.049623
v -0.204086 0.176775 0.051748
v -0.212827 0.230368 0.048198
v -0.213008 0.270246 0.041290
v -0.208995 0.299906 0.029058
v -0.208519 0.329589 0.019521
v -0.212685 0.350940 0.000719
v -0.205109 0.139056 0.121912
v -0.206286 0.156674 0.098419
v -0.202401 0.158833 0.059760
v -0.220553 0.151727 0.053165
v -0.201397 0.196788 0.057299
v -0.208206 0.254875 0.051357
v -0.205589 0.343100 0.017719
v -0.200577 0.136439 0.130220
v -0.199303 0.217583 0.061257
v -0.197155 0.272695 0.057724
v -0.204432 0.288928 0.043224
v -0.198226 0.312805 0.036697
v -0.204430 0.358005 0.025208
v -0.211514 0.373180 0.010645
v -0.205248 0.387994 0.023864
v -0.209676 0.391434 0.008678
v -0.198329 0.160775 0.084445
v -0.197676 0.241167 0.062073
v -0.200371 0.325715 0.033826
v -0.199993 0.376763 0.038457
v -0.204605 0.409965 0.012465
v -0.198261 0.130498 0.131011
v -0.191134 0.294350 0.053571
v -0.192408 0.338621 0.039650
v -0.195285 0.353626 0.039693
v -0.195077 0.405714 0.039389
v -0.196536 0.436828 0.018049
v -0.194007 0.152537 0.114838
v -0.189279 0.164669 0.066263
v -0.185718 0.321058 0.054495
v -0.187953 0.435797 0.040406
v -0.186827 0.376808 0.061406
v -0.186635 0.456774 0.034370
v -0.192417 0.460243 0.017431
v -0.178889 0.146562 0.126259
v -0.180953 0.161286 0.097600
v -0.187708 0.163279 0.076940
v -0.185355 0.177347 0.067611
v -0.183284 0.199896 0.074128
v -0.186845 0.256557 0.068473
v -0.176607 0.220009 0.078284
v -0.182122 0.340181 0.054873
v -0.180560 0.430435 0.056501
v -0.183559 0.406327 0.062038
v -0.189632 0.463338 0.030313
v -0.183349 0.140266 0.135380
v -0.176644 0.157812 0.112023
v -0.180875 0.275275 0.069646
v -0.179380 0.298575 0.062835
v -0.181927 0.351347 0.060869
v -0.176253 0.461049 0.050743
v -0.181917 0.471574 0.042955
v -0.171942 0.167076 0.082078
v -0.172060 0.254411 0.075895
v -0.174343 0.384693 0.078813
v -0.174010 0.163979 0.086217
v -0.173237 0.178691 0.080759
v -0.170356 0.280808 0.077709
v -0.169446 0.309307 0.075146
v -0.169578 0.328921 0.070893
v -0.168686 0.364503 0.082336
v -0.168262 0.342993 0.070437
v -0.171691 0.417769 0.075992
v -0.165731 0.194920 0.083963
v -0.166494 0.436151 0.074543
v -0.165015 0.458741 0.067276
v -0.172346 0.483021 0.050541
v -0.172488 0.141398 0.138216
v -0.161488 0.164658 0.101462
v -0.160260 0.264315 0.082862
v -0.162746 0.295429 0.081801
v -0.160414 0.145801 0.129729
v -0.164586 0.158831 0.117012
v -0.160301 0.166887 0.088656
v -0.163741 0.213929 0.085148
v -0.161930 0.332600 0.073080
v -0.156991 0.383563 0.096595
v -0.158842 0.405110 0.093553
v -0.156742 0.433501 0.089244
v -0.160471 0.480377 0.064096
v -0.160828 0.173772 0.087244
v -0.156204 0.241428 0.085106
v -0.158468 0.324599 0.079606
v -0.156019 0.363581 0.095652
v -0.151555 0.345666 0.089532
v -0.158169 0.499671 0.056945
v -0.167285 0.496384 0.053039
v -0.154498 0.156039 0.120378
v -0.150913 0.334062 0.081876
v -0.149678 0.463610 0.083409
v -0.158127 0.512956 0.053884
v -0.145929 0.143562 0.126328
v -0.149031 0.162261 0.109591
v -0.150217 0.314676 0.083584
v -0.146499 0.483215 0.078162
v -0.141249 0.500807 0.073720
v -0.147898 0.513929 0.060151
v -0.146983 0.166301 0.091275
v -0.143569 0.168966 0.085576
v -0.141934 0.323805 0.086428
v -0.143378 0.397221 0.102732
v -0.142863 0.451582 0.092909
v -0.146866 0.528238 0.055241
v -0.161516 0.136483 0.136487
v -0.148071 0.138098 0.132719
v -0.141024 0.363477 0.102886
v -0.142945 0.425467 0.099493
v -0.139290 0.154110 0.117538
v -0.137272 0.487708 0.086638
v -0.135493 0.539098 0.059269
v -0.145667 0.541525 0.053221
v -0.128065 0.159277 0.103330
v -0.132966 0.341053 0.102139
v -0.128985 0.387910 0.114015
v -0.128273 0.441655 0.105630
v -0.123921 0.479571 0.094502
v -0.128603 0.529941 0.070715
v -0.129922 0.161499 0.092502
v -0.119648 0.360395 0.117654
v -0.128966 0.418329 0.111113
v -0.129396 0.507393 0.087714
v -0.128133 0.516577 0.080495
v -0.133955 0.561454 0.050427
v -0.118009 0.327267 0.105667
v -0.124372 0.497399 0.089867
v -0.115608 0.563445 0.063543
v -0.119859 0.151292 0.110171
v -0.122490 0.137295 0.122730
v -0.125615 0.164987 0.081878
v -0.119006 0.581743 0.048510
v -0.128477 0.581440 0.041713
v -0.124767 0.607049 0.025350
v -0.131415 0.612307 0.019206
v -0.128933 0.601398 0.028130
v -0.116881 0.342782 0.114828
v -0.117819 0.406474 0.121153
v -0.109320 0.472235 0.108620
v -0.112773 0.517196 0.090207
v -0.115879 0.521102 0.091197
v -0.115357 0.527724 0.087745
v -0.124235 0.595027 0.032177
v -0.115641 0.599590 0.037839
v -0.120301 0.613215 0.028273
v -0.111587 0.427248 0.121498
v -0.104935 0.548486 0.081753
v -0.107781 0.391225 0.128035
v -0.110102 0.449589 0.116357
v -0.102675 0.501074 0.100140
v -0.110555 0.510475 0.090299
v -0.104269 0.591177 0.055093
v -0.098840 0.345652 0.126774
v -0.101285 0.610258 0.048165
v -0.090915 0.369752 0.136119
v -0.090714 0.418627 0.135063
v -0.089351 0.465009 0.123291
v -0.100263 0.532884 0.093698
v -0.092816 0.575124 0.075380
v -0.094193 0.605470 0.056563
v -0.096956 0.439103 0.127275
v -0.085321 0.521749 0.100418
v -0.095327 0.524720 0.092640
v -0.096152 0.546800 0.091708
v -0.087880 0.556923 0.088114
v -0.089102 0.395343 0.138495
v -0.085968 0.542786 0.093765
v -0.086015 0.611075 0.064968
v -0.074465 0.351101 0.140592
v -0.078486 0.436559 0.137152
v -0.077161 0.497735 0.117216
v -0.080686 0.600142 0.072489
v -0.070864 0.406163 0.145482
v -0.068423 0.564567 0.096220
v -0.068459 0.585326 0.090634
v -0.063788 0.384457 0.149097
v -0.068014 0.455615 0.137516
v -0.072788 0.609079 0.077803
v -0.065272 0.367001 0.147351
v -0.062929 0.478324 0.131678
v -0.061149 0.518698 0.116398
v -0.067453 0.544259 0.102587
v -0.059514 0.425250 0.147014
v -0.062877 0.443165 0.143353
v -0.061521 0.600955 0.088163
v -0.056947 0.608503 0.091425
v -0.052476 0.458061 0.143103
v -0.053455 0.445364 0.148505
v -0.048798 0.549546 0.110755
v -0.051732 0.579340 0.102262
v -0.046565 0.391816 0.154444
v -0.044626 0.533023 0.118056
v -0.045896 0.600865 0.098102
v -0.047085 0.368440 0.153122
v -0.040503 0.409875 0.154174
v -0.044378 0.428436 0.151055
v -0.032222 0.509109 0.132254
v -0.032811 0.561777 0.115205
v -0.045463 0.476229 0.138878
v -0.024823 0.587060 0.110456
v -0.032331 0.436418 0.154537
v -0.041377 0.451367 0.148705
v -0.030402 0.483285 0.141934
v -0.039653 0.608299 0.100266
v -0.034307 0.466511 0.145725
v -0.026796 0.395978 0.158766
v -0.023447 0.422178 0.155829
v -0.023879 0.531808 0.126014
v -0.022711 0.550487 0.120291
v -0.024194 0.604172 0.104160
v -0.015899 0.407711 0.160598
v -0.020051 0.459622 0.150455
v -0.022236 0.609774 0.106125
v -0.010438 0.503971 0.139864
v -0.009497 0.569437 0.121320
v -0.014192 0.391671 0.161462
v -0.012423 0.401889 0.165333
v -0.008041 0.480063 0.148312
v -0.009399 0.540495 0.125528
v -0.005997 0.391804 0.165930
v -0.005921 0.419859 0.158957
v -0.006913 0.435461 0.156192
v 0.002815 0.558192 0.121488
v -0.005290 0.584954 0.118484
v -0.009275 0.603756 0.108462
v -0.008884 0.609766 0.107850
v -0.004173 0.411857 0.165343
v 0.004446 0.456383 0.153752
v 0.004814 0.521318 0.134132
v 0.007343 0.426349 0.158425
v 0.005875 0.480237 0.148733
v 0.010572 0.502886 0.140714
v 0.009933 0.542849 0.125175
v 0.005582 0.574789 0.120985
v -0.271264 0.037157 0.040254
v -0.262691 0.031585 0.049616
v -0.261978 0.025326 0.036228
v -0.261035 0.027550 0.024394
v -0.252128 0.020495 0.028987
v -0.244819 0.018272 0.045701
v -0.252585 0.031948 0.062732
v -0.249406 0.024621 0.011816
v -0.255997 0.041206 0.001605
v -0.249409 0.036961 -0.012393
v -0.238953 0.024254 0.002124
v -0.237312 0.024903 -0.026211
v -0.230172 0.013304 0.016577
v -0.240285 0.021546 0.057103
v -0.232782 0.012484 0.036380
v -0.220622 0.014078 -0.018324
v -0.218885 0.010892 0.030950
v -0.225223 0.016991 0.001623
v -0.220945 0.012382 0.050009
v -0.218318 0.018124 0.060166
v -0.219410 0.014541 -0.040429
v -0.224368 0.038813 0.087826
v -0.242626 0.036734 0.071379
v -0.216488 0.009759 0.013980
v -0.218499 0.010292 0.003616
v -0.232263 0.026495 -0.051207
v -0.227072 0.028426 -0.065069
v -0.216933 0.017547 -0.060857
v -0.208763 0.009145 0.043704
v -0.208099 0.020930 -0.081681
v -0.211000 0.006437 -0.007179
v -0.205023 0.008367 0.001982
v -0.203818 0.005269 0.034281
v -0.200434 0.007723 -0.047458
v -0.195892 0.006979 0.023086
v -0.204086 0.009398 0.054857
v -0.202243 0.023251 0.077065
v -0.207390 0.005764 -0.021555
v -0.199424 0.013177 -0.071504
v -0.195794 0.006180 -0.010969
v -0.195515 0.035210 0.096370
v -0.197596 0.004950 -0.029821
v -0.186437 0.004312 0.006085
v -0.196117 0.006199 0.047112
v -0.195593 0.013446 0.060514
v -0.192347 0.007607 -0.067052
v -0.188791 0.009049 0.054891
v -0.193264 0.019364 -0.094356
v -0.193844 0.025363 -0.100840
v -0.190779 0.004677 -0.042243
v -0.183012 0.007159 -0.039457
v -0.186371 0.003448 0.033753
v -0.186173 0.006542 -0.058932
v -0.176331 0.007330 0.046315
v -0.175275 0.004902 -0.016819
v -0.183375 0.010973 -0.074985
v -0.182337 0.011125 -0.085150
v -0.181973 0.018761 0.074761
v -0.180849 0.015628 -0.099576
v -0.174043 0.013571 0.061703
v -0.176795 0.030952 0.095186
v -0.173005 0.005017 0.025543
v -0.180729 0.026541 -0.111949
v -0.159896 0.001212 0.013716
v -0.167660 0.003964 0.034211
v -0.174958 0.007854 -0.070703
v -0.168753 0.008734 -0.058651
v -0.168573 0.022640 -0.112294
v -0.158822 0.021494 0.080309
v -0.168168 0.006757 -0.079167
v -0.167265 0.007471 -0.087334
v -0.166815 0.016919 -0.103660
v -0.153984 0.012509 -0.095847
v -0.153151 0.006668 -0.046196
v -0.153519 0.002501 -0.012731
v -0.148520 0.012355 0.057649
v -0.150809 0.029729 0.093787
v -0.150001 0.003026 0.025398
v -0.141123 0.006239 0.039798
v -0.143267 0.009076 -0.065246
v -0.141330 0.000359 0.002420
v -0.150166 0.008021 -0.083577
v -0.149738 0.008096 -0.091590
v -0.143504 0.019681 -0.111992
v -0.139422 0.022800 0.080402
v -0.141398 0.010978 -0.089576
v -0.132209 0.014383 -0.100641
v -0.128907 0.001640 0.011890
v -0.133388 0.006165 0.028899
v -0.131002 0.008682 -0.079431
v -0.129722 0.035165 0.095537
v -0.130916 0.006367 -0.040150
v -0.125839 0.018381 0.065394
v -0.113983 0.004263 0.002591
v -0.117775 0.004145 -0.023060
v -0.114461 0.006272 0.025493
v -0.122909 0.009530 -0.059446
v -0.113550 0.011142 0.051678
v -0.126970 0.020740 -0.112659
v -0.119017 0.027115 0.080469
v -0.111809 0.010628 -0.077139
v -0.116103 0.008118 -0.064927
v -0.110626 0.020206 -0.107735
v -0.105969 0.012605 -0.091985
v -0.111237 0.010191 -0.055164
v -0.103997 0.009698 -0.046081
v -0.105146 0.015753 0.061440
v -0.100566 0.031241 0.076131
v -0.109087 0.006793 -0.066656
v -0.102379 0.011507 0.045181
v -0.106307 0.007088 -0.058977
v -0.098140 0.007820 -0.010806
v -0.101597 0.009003 -0.065261
v -0.101344 0.010468 -0.057775
v -0.092724 0.008495 -0.031781
v -0.096717 0.010123 -0.075066
v -0.095706 0.020561 -0.101626
v -0.086681 0.011676 -0.059776
v -0.090102 0.008130 0.020926
v -0.090463 0.011919 0.044885
v -0.087711 0.017955 0.060430
v -0.085291 0.009437 -0.002601
v -0.087462 0.016532 -0.088000
v -0.076413 0.016495 -0.072505
v -0.082107 0.022107 -0.093732
v -0.075498 0.014732 0.025759
v -0.075565 0.019901 0.052621
v -0.072824 0.015080 -0.050095
v -0.074060 0.013444 -0.021906
v -0.079079 0.029282 0.074310
v -0.069646 0.016174 0.000780
v -0.071866 0.021706 -0.081130
v -0.068317 0.027471 0.061206
v -0.066381 0.020216 -0.066695
v -0.062831 0.019554 -0.041892
v -0.065385 0.017915 -0.018149
v -0.065230 0.019788 0.016882
v -0.066702 0.021174 0.038077
v -0.070587 0.035016 0.076981
v -0.212683 1.001014 0.009126
v -0.230138 0.999135 0.002654
v -0.225843 0.994144 0.016128
v -0.227277 1.000148 -0.008232
v -0.209605 0.997683 0.020351
v -0.225160 0.986826 0.024025
v -0.203279 1.003071 -0.000698
v -0.203622 1.002384 -0.012787
v -0.194894 1.003293 0.010547
v -0.189674 0.999110 0.017418
v -0.203091 0.992040 0.025548
v -0.184301 0.999469 -0.013772
v -0.178977 0.998530 0.003754
v -0.182605 0.994480 0.023119
v -0.174725 0.999138 0.013474
v -0.171844 0.992776 0.018964
v -0.173268 0.984194 0.025440
v -0.166582 0.992749 -0.004807
v -0.167868 0.991433 -0.017258
v -0.158420 0.986505 0.013709
v -0.162559 0.976992 0.024353
v -0.158467 0.986982 0.004766
v -0.156184 0.978495 0.021855
v -0.152093 0.982519 -0.013051
v -0.150213 0.964134 0.023015
v -0.150072 0.975053 0.012482
v -0.145483 0.975512 -0.001514
v -0.142433 0.959152 0.015477
v -0.141934 0.963676 0.005954
v -0.145938 0.965141 0.020772
v -0.139675 0.949464 0.018806
v -0.137805 0.954794 0.006938
v -0.140274 0.957729 0.018493
v -0.143840 0.972314 -0.019262
v -0.133313 0.951917 0.015518
v -0.136124 0.942729 0.038199
v -0.134841 0.961174 -0.010802
v -0.135617 0.959777 -0.022383
v -0.129065 0.957597 -0.002462
v -0.126139 0.942449 0.057289
v -0.120383 0.952476 0.035523
v -0.119201 0.960168 0.006466
v -0.128980 0.959494 -0.022948
v -0.117514 0.963762 -0.011928
v -0.117830 0.964003 -0.029392
v -0.104161 0.962546 0.022083
v -0.102182 0.950708 0.065187
v -0.094934 0.960167 0.042891
v -0.095430 0.972145 -0.027836
v -0.098237 0.971411 -0.014107
v -0.094378 0.969613 0.002205
v -0.084592 0.956810 0.066770
v -0.089894 0.943476 0.090324
v -0.072636 0.971455 0.025691
v -0.077799 0.977985 -0.017782
v -0.073531 0.975498 0.003268
v -0.070436 0.954087 0.083357
v -0.066238 0.963381 0.064366
v -0.056869 0.969766 0.048989
v -0.050039 0.985143 -0.012784
v -0.067104 0.979089 -0.032838
v -0.048236 0.979665 0.016995
v -0.045266 0.966662 0.071270
v -0.039136 0.956101 0.095060
v -0.046296 0.984966 -0.032027
v -0.026911 0.977067 0.049873
v -0.026597 0.990149 -0.003102
v -0.028648 0.983225 0.023653
v -0.031121 0.992025 -0.020161
v -0.019889 0.965429 0.088746
v -0.014528 0.973974 0.073938
v -0.009001 0.986250 0.031842
v -0.007213 0.990613 0.012666
v -0.011682 0.980821 0.051103
v -0.009101 0.995548 -0.003088
v -0.009583 0.997948 -0.021266
v 0.009031 0.967046 0.089010
v -0.012035 0.957715 0.103545
v 0.004769 0.976554 0.066119
v 0.004857 0.985133 0.034945
v 0.007038 0.996567 -0.008942
v 0.010270 0.997960 -0.023605
v 0.015120 0.988817 0.016593
v 0.024637 0.982461 0.030400
v 0.036551 0.961238 0.086726
v 0.034284 0.969526 0.070265
v 0.025162 0.992108 -0.010414
v 0.021571 0.957270 0.101423
v 0.037762 0.973631 0.051427
v 0.030803 0.991120 -0.023380
v 0.033489 0.986575 -0.037857
v 0.037439 0.984362 0.006825
v 0.037899 0.946197 0.108601
v 0.045960 0.985295 -0.008808
v 0.057471 0.977169 0.016737
v 0.052081 0.985134 -0.021922
v 0.066905 0.957924 0.077329
v 0.058373 0.967678 0.055177
v 0.063174 0.950322 0.093419
v 0.060010 0.980432 -0.035282
v 0.058274 0.975509 -0.056307
v 0.070482 0.939441 0.105884
v 0.073729 0.977894 -0.010108
v 0.084032 0.966919 0.031500
v 0.079747 0.972794 0.009032
v 0.077454 0.961561 0.059104
v 0.079653 0.967961 -0.065680
v 0.075050 0.978442 -0.025808
v 0.094300 0.969971 -0.042092
v 0.092998 0.973332 -0.015876
v 0.087515 0.942066 0.094302
v 0.096399 0.950523 0.071190
v 0.085079 0.926555 0.115669
v 0.099559 0.958759 0.043265
v 0.102302 0.912167 0.122010
v 0.102277 0.925387 0.107055
v 0.101112 0.966438 0.008120
v 0.104697 0.937132 0.089684
v 0.105490 0.969380 -0.026593
v 0.120146 0.946212 0.055411
v 0.106960 0.958935 -0.069849
v 0.117271 0.959335 0.015474
v 0.119462 0.962942 -0.031413
v 0.117695 0.925556 0.096008
v 0.125938 0.934252 0.073494
v 0.123718 0.957203 -0.053521
v 0.115801 0.963978 -0.011258
v 0.123678 0.910119 0.110146
v 0.131018 0.948372 0.029754
v 0.132286 0.946486 -0.074239
v 0.127626 0.959506 -0.013269
v 0.130443 0.955472 0.006057
v 0.136570 0.913814 0.094598
v 0.135081 0.956066 -0.035164
v 0.132931 0.959477 -0.022059
v 0.135891 0.961333 -0.010606
v 0.149397 0.900705 0.097911
v 0.146214 0.932011 0.050968
v 0.140208 0.949677 -0.055656
v 0.138372 0.950711 0.015737
v 0.136854 0.957341 0.000771
v 0.134659 0.894723 0.117978
v 0.144809 0.918487 0.078904
v 0.142807 0.943403 0.024604
v 0.147364 0.878616 0.120839
v 0.161636 0.918174 0.051587
v 0.152423 0.934807 0.031029
v 0.152698 0.938633 0.022382
v 0.161319 0.882176 0.102981
v 0.162086 0.905340 0.074398
v 0.171683 0.883405 0.086654
v 0.165743 0.926200 0.023020
v 0.165767 0.931533 0.015746
v 0.175315 0.906792 0.044674
v 0.175498 0.893700 0.066326
v 0.174453 0.922838 0.006850
v 0.185167 0.905948 0.018952
v 0.186048 0.873443 0.073636
v 0.188202 0.888589 0.048436
v 0.187256 0.910469 -0.007865
v 0.185251 0.919691 -0.012160
v 0.201112 0.890390 -0.003333
v 0.193066 0.910394 -0.020727
v 0.197915 0.899164 -0.019529
v 0.202079 0.880619 0.026289
v 0.208462 0.883058 -0.009079
v 0.206667 0.897082 -0.020794
v 0.210095 0.872497 0.008405
v 0.209146 0.864714 0.029710
v 0.216023 0.860691 0.014934
v 0.213283 0.870279 0.003919
v 0.218082 0.880660 -0.003941
v 0.223557 0.864467 0.014198
v 0.004096 0.700818 0.228616
v -0.006307 0.688010 0.228792
v 0.006295 0.687417 0.228334
v 0.011133 0.721903 0.232783
v -0.005047 0.721833 0.234157
v -0.010700 0.710960 0.229196
v 0.000155 0.726366 0.244890
v 0.000020 0.735058 0.253588
v 0.018238 0.732166 0.241959
v 0.014624 0.745773 0.253836
v -0.001177 0.746442 0.256898
v 0.004661 0.756151 0.256816
v 0.017704 0.760398 0.254107
v 0.018298 0.690893 0.226225
v 0.021678 0.677712 0.224919
v 0.023313 0.710146 0.227255
v 0.028652 0.731694 0.230662
v 0.033874 0.684266 0.217814
v 0.033962 0.744630 0.238519
v 0.036758 0.706659 0.222684
v 0.027937 0.754008 0.250184
v 0.031232 0.765269 0.247566
v 0.033316 0.678353 0.220340
v 0.026340 0.672898 0.220461
v 0.051264 0.700116 0.215270
v 0.039900 0.736458 0.225504
v 0.038493 0.756255 0.240823
v 0.048841 0.681887 0.211163
v 0.041456 0.672567 0.214806
v 0.042750 0.752830 0.228573
v 0.042134 0.765836 0.233038
v 0.029053 0.776895 0.240448
v 0.039763 0.775788 0.226604
v 0.046979 0.769699 0.216262
v 0.034899 0.781196 0.219314
v 0.053878 0.729178 0.219005
v 0.048833 0.753710 0.219469
v 0.041159 0.783041 0.207494
v 0.056594 0.676496 0.207016
v 0.067505 0.693991 0.204819
v 0.068096 0.758162 0.206905
v 0.057274 0.773122 0.207660
v 0.065227 0.677669 0.198964
v 0.071544 0.716285 0.208371
v 0.073558 0.733963 0.207413
v 0.057682 0.659314 0.186978
v 0.076247 0.670300 0.182759
v 0.072570 0.765988 0.202262
v 0.069913 0.774081 0.207045
v 0.083397 0.771747 0.203708
v 0.086947 0.689794 0.186820
v 0.080684 0.762907 0.192271
v 0.080619 0.767088 0.196991
v 0.092005 0.711930 0.188746
v 0.087330 0.735498 0.194291
v 0.084262 0.754553 0.191378
v 0.083926 0.766623 0.185009
v 0.094887 0.741813 0.180481
v 0.090228 0.758445 0.179039
v 0.089502 0.771490 0.191140
v 0.093270 0.772866 0.198441
v 0.088621 0.774624 0.182534
v 0.088190 0.665819 0.159970
v 0.098149 0.682000 0.163327
v 0.099532 0.723238 0.178944
v 0.097490 0.773093 0.175519
v 0.097344 0.781700 0.177955
v 0.094238 0.662096 0.146423
v 0.102299 0.698018 0.169531
v 0.103260 0.739457 0.168672
v 0.100229 0.779808 0.196092
v 0.099750 0.828996 0.167697
v 0.092432 0.824719 0.175273
v 0.099891 0.815863 0.171745
v 0.107036 0.671627 0.144832
v 0.110725 0.759109 0.167731
v 0.099847 0.778408 0.188241
v 0.093150 0.822665 0.185316
v 0.104436 0.812295 0.180460
v 0.102346 0.812316 0.187493
v 0.113081 0.658510 0.134355
v 0.105965 0.687851 0.154534
v 0.110359 0.709497 0.158023
v 0.106173 0.786191 0.186306
v 0.104666 0.790029 0.192284
v 0.105028 0.801849 0.172650
v 0.108068 0.798171 0.187688
v 0.116316 0.686976 0.147434
v 0.115098 0.724203 0.156618
v 0.109350 0.790452 0.170250
v 0.104306 0.790924 0.175317
v 0.107824 0.799184 0.182005
v 0.108461 0.813548 0.168191
v 0.123054 0.669518 0.136379
v 0.119662 0.778463 0.164856
v 0.127761 0.708663 0.147504
v 0.122227 0.737080 0.156658
v 0.123895 0.800698 0.161910
v 0.121206 0.821608 0.160388
v 0.141024 0.690863 0.134584
v 0.132272 0.651447 0.115387
v 0.133787 0.726870 0.145381
v 0.136632 0.754659 0.151792
v 0.143152 0.664555 0.118585
v 0.139188 0.807746 0.152849
v 0.138790 0.832788 0.149219
v 0.153567 0.736433 0.135752
v 0.149798 0.782180 0.145530
v 0.152120 0.852010 0.132025
v 0.129013 0.850131 0.148419
v 0.139481 0.864814 0.136522
v 0.151089 0.650646 0.093493
v 0.155308 0.684309 0.120079
v 0.148566 0.713163 0.135026
v 0.156866 0.828246 0.136406
v 0.160644 0.803673 0.136253
v 0.152147 0.755857 0.140797
v 0.161377 0.702210 0.122259
v 0.150540 0.641361 0.076874
v 0.166954 0.657798 0.079428
v 0.161768 0.663791 0.095817
v 0.170308 0.724785 0.116487
v 0.171903 0.776551 0.126804
v 0.164786 0.860543 0.115355
v 0.153194 0.632639 0.039451
v 0.156199 0.631849 0.027741
v 0.167078 0.642155 0.025683
v 0.165461 0.647939 0.054469
v 0.169393 0.685999 0.103788
v 0.170401 0.757042 0.125885
v 0.166623 0.843383 0.122797
v 0.178939 0.864718 0.092381
v 0.162996 0.634338 0.021254
v 0.166863 0.639524 0.012712
v 0.167820 0.633553 0.011659
v 0.168383 0.640912 -0.003855
v 0.174906 0.663044 0.067737
v 0.174195 0.818821 0.122690
v 0.178848 0.847339 0.104555
v 0.165338 0.633974 -0.019089
v 0.174699 0.645502 -0.017059
v 0.176370 0.649883 0.008384
v 0.179081 0.675725 0.080110
v 0.182770 0.706503 0.097487
v 0.177200 0.795531 0.121831
v 0.181308 0.827051 0.110717
v 0.179984 0.655494 0.027867
v 0.183452 0.667269 0.049516
v 0.184501 0.690300 0.086202
v 0.185574 0.757095 0.108801
v 0.188740 0.661546 -0.014393
v 0.188870 0.664541 0.009854
v 0.189521 0.787678 0.106859
v 0.193242 0.857431 0.073933
v 0.194834 0.677303 0.037373
v 0.195753 0.693536 0.060887
v 0.193259 0.727152 0.091795
v 0.194500 0.813693 0.096102
v 0.194653 0.709990 0.080461
v 0.198469 0.772696 0.095267
v 0.195489 0.833424 0.087499
v 0.197426 0.872624 0.051592
v 0.200893 0.680341 0.007790
v 0.198582 0.752663 0.091697
v 0.201542 0.677652 -0.017162
v 0.202139 0.733588 0.076713
v 0.202792 0.802278 0.087587
v 0.204977 0.818530 0.077354
v 0.207210 0.834691 0.062654
v 0.202736 0.856611 0.054576
v 0.204803 0.693678 0.035490
v 0.209288 0.727024 0.056926
v 0.208034 0.760450 0.074261
v 0.212487 0.782271 0.068746
v 0.216031 0.705981 -0.008233
v 0.211108 0.701511 0.015141
v 0.210289 0.711759 0.044692
v 0.212678 0.800953 0.066164
v 0.213716 0.713050 0.030155
v 0.216544 0.815940 0.052695
v 0.218393 0.832614 0.038728
v 0.216121 0.848296 0.028898
v 0.220224 0.720797 0.002163
v 0.216368 0.728928 0.042026
v 0.217749 0.756057 0.050787
v 0.221092 0.733206 0.019508
v 0.222557 0.794964 0.045452
v 0.223644 0.818568 0.035070
v 0.220633 0.843463 0.019856
v 0.224607 0.730884 -0.010410
v 0.222670 0.756775 0.036473
v 0.227659 0.764932 0.010502
v 0.223647 0.777937 0.043036
v 0.226389 0.782547 0.028135
v 0.225868 0.810163 0.025321
v 0.224888 0.831521 0.021462
v 0.229150 0.756118 -0.006067
v 0.229638 0.792935 0.011295
v 0.228569 0.808584 0.007360
v 0.229037 0.818477 0.007432
v 0.232427 0.779312 -0.013140
v 0.232242 0.799754 -0.015023
v 0.230371 0.813969 -0.011241
v 0.234772 0.819827 -0.000958
v 0.236268 0.821076 -0.020962
v 0.240727 0.825746 0.011579
v 0.246264 0.823405 -0.007666
v 0.261423 0.832640 0.004379
v 0.260028 0.829200 -0.011893
v 0.247867 0.832191 0.016364
v 0.268247 0.842493 0.013008
v 0.271643 0.838347 -0.010960
v 0.272782 0.843165 0.006111
v 0.284017 0.855487 0.000388
v 0.282211 0.857719 0.012293
v -0.283476 0.067850 0.038890
v -0.280459 0.055792 0.032478
v -0.282839 0.061161 0.049903
v -0.277631 0.070404 0.019244
v -0.285391 0.074433 0.048848
v -0.283788 0.073486 0.059954
v -0.284084 0.085909 0.041359
v -0.283766 0.085424 0.055822
v -0.279318 0.088724 0.025724
v -0.280587 0.101054 0.045266
v -0.281036 0.100482 0.060894
v -0.275527 0.052149 0.018182
v -0.273843 0.044482 0.025979
v -0.279409 0.048857 0.044575
v -0.272739 0.100771 0.020526
v -0.276129 0.114721 0.049251
v -0.274460 0.114825 0.065654
v -0.276925 0.104937 0.072422
v -0.271264 0.037157 0.040254
v -0.271832 0.090098 0.008309
v -0.267623 0.069851 0.002489
v -0.261035 0.027550 0.024394
v -0.268271 0.052325 0.004563
v -0.265528 0.040154 0.011715
v -0.268291 0.121205 0.037187
v -0.264439 0.128807 0.067920
v -0.261012 0.085861 -0.004117
v -0.261427 0.099997 0.004807
v -0.259966 0.116562 0.018386
v -0.263447 0.131442 0.050736
v -0.261978 0.025326 0.036228
v -0.255997 0.041206 0.001605
v -0.260886 0.053606 -0.002590
v -0.257483 0.065861 -0.014551
v -0.255000 0.135031 0.041232
v -0.249406 0.024621 0.011816
v -0.252499 0.047568 -0.019444
v -0.253837 0.090055 -0.019945
v -0.249409 0.036961 -0.012393
v -0.248946 0.055585 -0.034672
v -0.250345 0.082905 -0.037819
v -0.251065 0.105234 -0.010069
v -0.244857 0.123460 0.011379
v -0.242979 0.135184 0.026632
v -0.246535 0.142017 0.064700
v -0.238953 0.024254 0.002124
v -0.245514 0.103132 -0.041677
v -0.246259 0.111859 -0.026627
v -0.244411 0.037438 -0.034312
v -0.246154 0.074066 -0.052141
v -0.240229 0.060925 -0.062822
v -0.239774 0.098916 -0.066185
v -0.244019 0.126547 -0.033767
v -0.245649 0.120328 -0.004686
v -0.244160 0.143474 -0.023395
v -0.237882 0.143474 0.045867
v -0.237312 0.024903 -0.026211
v -0.238268 0.040109 -0.053792
v -0.238061 0.083729 -0.074026
v -0.239200 0.122528 -0.057003
v -0.237894 0.136907 0.008502
v -0.241892 0.149002 -0.041678
v -0.241235 0.160140 -0.010495
v -0.243901 0.166214 -0.025461
v -0.240643 0.174980 -0.043624
v -0.242620 0.185535 -0.017211
v -0.243020 0.184983 -0.029681
v -0.239803 0.210869 -0.038790
v -0.240562 0.211893 -0.020245
v -0.232263 0.026495 -0.051207
v -0.234389 0.118549 -0.074348
v -0.236311 0.140833 -0.063056
v -0.235889 0.167383 -0.062300
v -0.236620 0.192530 -0.056856
v -0.234411 0.217453 -0.059193
v -0.235739 0.240261 -0.047800
v -0.238073 0.240067 -0.029021
v -0.235887 0.245402 -0.014415
v -0.233517 0.232548 0.005454
v -0.227059 0.045415 -0.076630
v -0.228116 0.068522 -0.087798
v -0.232357 0.102618 -0.082087
v -0.229622 0.147651 -0.079688
v -0.228602 0.144439 0.030154
v -0.229898 0.175075 -0.077577
v -0.226683 0.208193 -0.078382
v -0.230188 0.248607 -0.064468
v -0.228993 0.259479 0.012597
v -0.234907 0.264758 -0.030277
v -0.231291 0.264114 -0.054671
v -0.231401 0.273454 -0.008658
v -0.228729 0.281710 -0.047477
v -0.232000 0.286455 -0.034314
v -0.227072 0.028426 -0.065069
v -0.224688 0.093616 -0.094115
v -0.223198 0.126229 -0.093045
v -0.220553 0.151727 0.053165
v -0.220963 0.153877 0.076879
v -0.225398 0.229622 -0.077817
v -0.227012 0.283832 0.003960
v -0.229845 0.300597 -0.025973
v -0.223768 0.299545 -0.053099
v -0.224833 0.306473 -0.003900
v -0.226386 0.312873 -0.043864
v -0.227331 0.318608 -0.033147
v -0.225214 0.324067 -0.016911
v -0.218495 0.167508 -0.094678
v -0.221937 0.248986 -0.081956
v -0.225167 0.265906 -0.073547
v -0.221662 0.285221 -0.073110
v -0.222320 0.334937 -0.039587
v -0.224575 0.332834 -0.022976
v -0.216208 0.081489 -0.104294
v -0.216945 0.154128 0.042694
v -0.215437 0.189661 -0.095749
v -0.217094 0.271770 -0.088150
v -0.216999 0.311134 -0.065687
v -0.215900 0.328202 -0.059997
v -0.217076 0.342752 -0.029114
v -0.219386 0.337966 -0.010211
v -0.211236 0.029144 -0.085632
v -0.213993 0.060854 -0.101612
v -0.201684 0.147819 -0.110767
v -0.214902 0.215703 -0.093646
v -0.211747 0.238815 -0.095740
v -0.212345 0.296140 -0.086854
v -0.212316 0.347274 -0.048909
v -0.215247 0.348275 -0.014719
v -0.216169 0.359781 -0.025252
v -0.215226 0.385529 -0.024328
v -0.215086 0.371197 -0.037381
v -0.215148 0.369315 -0.007473
v -0.208099 0.020930 -0.081681
v -0.206940 0.039481 -0.097345
v -0.214522 0.114935 -0.103058
v -0.207283 0.098286 -0.109625
v -0.204190 0.204618 -0.103897
v -0.206606 0.264129 -0.101633
v -0.211305 0.322441 -0.076522
v -0.209227 0.334702 -0.072930
v -0.212685 0.350940 0.000719
v -0.209820 0.359033 -0.058029
v -0.211514 0.373180 0.010645
v -0.209812 0.384762 -0.060993
v -0.212245 0.396106 -0.042629
v -0.209676 0.391434 0.008678
v -0.212285 0.394875 -0.008916
v -0.211779 0.403382 -0.026660
v -0.201686 0.075360 -0.115546
v -0.202401 0.158833 0.059760
v -0.200605 0.182875 -0.108983
v -0.203975 0.226142 -0.103106
v -0.206728 0.283341 -0.100296
v -0.205318 0.323389 -0.085267
v -0.204456 0.342788 -0.070603
v -0.204638 0.366064 -0.078745
v -0.204605 0.409965 0.012465
v -0.206023 0.414876 -0.058355
v -0.207206 0.420570 -0.014546
v -0.207503 0.420234 -0.040414
v -0.196214 0.119959 -0.115722
v -0.202540 0.390063 -0.084891
v -0.198283 0.415884 -0.083545
v -0.199551 0.429446 -0.069566
v -0.201200 0.439109 -0.050607
v -0.201269 0.442018 -0.008370
v -0.202423 0.441021 -0.033114
v -0.193844 0.025363 -0.100840
v -0.198990 0.055256 -0.111475
v -0.199672 0.336119 -0.082352
v -0.197458 0.347900 -0.090932
v -0.193335 0.376422 -0.104639
v -0.196536 0.436828 0.018049
v -0.197465 0.459634 -0.022248
v -0.195822 0.464390 -0.039054
v -0.196618 0.455791 -0.000871
v -0.189128 0.395904 -0.111376
v -0.191792 0.412241 -0.099642
v -0.192738 0.447740 -0.075941
v -0.190654 0.468466 -0.060674
v -0.192417 0.460243 0.017431
v -0.196230 0.462280 -0.000423
v -0.196286 0.467112 -0.023725
v -0.195461 0.474292 -0.040886
v -0.184730 0.039333 -0.115461
v -0.191306 0.099264 -0.119378
v -0.185570 0.169301 -0.119395
v -0.192839 0.336759 -0.099765
v -0.192543 0.323947 -0.095686
v -0.187360 0.354000 -0.113381
v -0.187204 0.432317 -0.098807
v -0.183785 0.467601 -0.084709
v -0.189432 0.478919 -0.057258
v -0.178083 0.316158 -0.110234
v -0.181506 0.335210 -0.115665
v -0.180542 0.453420 -0.100848
v -0.186210 0.482682 -0.067619
v -0.180486 0.138283 -0.123677
v -0.175242 0.201406 -0.122874
v -0.180225 0.374585 -0.125635
v -0.180532 0.412563 -0.120044
v -0.177015 0.434997 -0.116543
v -0.181873 0.489339 -0.076915
v -0.180729 0.026541 -0.111949
v -0.173753 0.350640 -0.129830
v -0.173120 0.395864 -0.134099
v -0.175982 0.480512 -0.092524
v -0.172040 0.499457 -0.088454
v -0.177964 0.500155 -0.079459
v -0.165596 0.324650 -0.129696
v -0.162692 0.373397 -0.148047
v -0.167666 0.416852 -0.136247
v -0.163880 0.444552 -0.130815
v -0.166868 0.474586 -0.113252
v -0.161146 0.309905 -0.126096
v -0.159039 0.501854 -0.108013
v -0.158402 0.344504 -0.146711
v -0.160113 0.399760 -0.149896
v -0.153386 0.427569 -0.149834
v -0.163785 0.512085 -0.098014
v -0.153423 0.320828 -0.141947
v -0.153558 0.486275 -0.124182
v -0.153885 0.462159 -0.136005
v -0.146027 0.448972 -0.149800
v -0.180427 0.086212 -0.126160
v -0.178634 0.056824 -0.124535
v -0.180624 0.072097 -0.127084
v -0.174921 0.116445 -0.126177
v -0.171065 0.031283 -0.117263
v -0.168573 0.022640 -0.112294
v -0.164164 0.077673 -0.133028
v -0.164496 0.154055 -0.128472
v -0.163924 0.182037 -0.128990
v -0.158571 0.045722 -0.127818
v -0.161564 0.104710 -0.130505
v -0.156294 0.129542 -0.129819
v -0.158153 0.063361 -0.132855
v -0.153840 0.028285 -0.118750
v -0.146319 0.077439 -0.134552
v -0.141921 0.101033 -0.131081
v -0.151842 0.167627 -0.132447
v -0.153670 0.203233 -0.132318
v -0.143504 0.019681 -0.111992
v -0.143423 0.150222 -0.132174
v -0.141672 0.189669 -0.135352
v -0.141058 0.036121 -0.124459
v -0.142397 0.052853 -0.131143
v -0.134953 0.168928 -0.133090
v -0.132524 0.246809 -0.139462
v -0.144066 0.233679 -0.136401
v -0.152826 0.249479 -0.135506
v -0.132711 0.135333 -0.129587
v -0.131573 0.270061 -0.141956
v -0.130009 0.224013 -0.136687
v -0.140186 0.212165 -0.136311
v -0.123878 0.043560 -0.125911
v -0.123340 0.070815 -0.131217
v -0.125182 0.116525 -0.127233
v -0.119705 0.176742 -0.132013
v -0.126627 0.205685 -0.135441
v -0.123022 0.086312 -0.129543
v -0.125431 0.029838 -0.118539
v -0.126970 0.020740 -0.112659
v -0.114940 0.258430 -0.141292
v -0.112277 0.053458 -0.125519
v -0.116494 0.152914 -0.127571
v -0.113587 0.219351 -0.134393
v -0.106271 0.199639 -0.129968
v -0.116340 0.239723 -0.137574
v -0.121594 0.282153 -0.145061
v -0.110275 0.271661 -0.144754
v -0.109588 0.031206 -0.115315
v -0.110626 0.020206 -0.107735
v -0.103578 0.103696 -0.120656
v -0.109329 0.128111 -0.123373
v -0.101993 0.078288 -0.123794
v -0.100644 0.167599 -0.123681
v -0.102665 0.233476 -0.132727
v -0.096992 0.246382 -0.136349
v -0.102193 0.043553 -0.119890
v -0.094241 0.056651 -0.118708
v -0.095354 0.144931 -0.119138
v -0.092156 0.220281 -0.123602
v -0.097196 0.259470 -0.140848
v -0.095706 0.020561 -0.101626
v -0.091836 0.192698 -0.121559
v -0.090198 0.034044 -0.108282
v -0.089434 0.091718 -0.116062
v -0.087606 0.120029 -0.114807
v -0.084780 0.233260 -0.124458
v -0.087717 0.043549 -0.112544
v -0.086111 0.162731 -0.116250
v -0.079736 0.249941 -0.137652
v -0.082107 0.022107 -0.093732
v -0.080418 0.074282 -0.112863
v -0.078548 0.184920 -0.112996
v -0.074981 0.097828 -0.107782
v -0.079087 0.140500 -0.111101
v -0.076489 0.240475 -0.127638
v -0.076425 0.045147 -0.104466
v -0.073654 0.033413 -0.094904
v -0.071793 0.059598 -0.103861
v -0.070368 0.209072 -0.106758
v -0.072539 0.226921 -0.114238
v -0.071866 0.021706 -0.081130
v -0.072839 0.119776 -0.106630
v -0.071058 0.162247 -0.106897
v -0.063415 0.049336 -0.091647
v -0.061492 0.036761 -0.081077
v -0.061057 0.072690 -0.093959
v -0.064278 0.098561 -0.098394
v -0.062982 0.145441 -0.099204
v -0.060713 0.216228 -0.099047
v -0.057209 0.126712 -0.091071
v -0.059542 0.183372 -0.096461
v -0.055931 0.200523 -0.091916
v -0.050182 0.149593 -0.082927
v -0.048822 0.209248 -0.085370
v -0.045234 0.201137 -0.079031
v -0.128065 0.159277 0.103330
v -0.129922 0.161499 0.092502
v -0.146983 0.166301 0.091275
v -0.112928 0.157642 0.083800
v -0.125615 0.164987 0.081878
v -0.113227 0.159184 0.077086
v -0.110103 0.156049 0.094780
v -0.119859 0.151292 0.110171
v -0.103429 0.138588 0.110776
v -0.122490 0.137295 0.122730
v -0.096238 0.145428 0.098053
v -0.093176 0.148669 0.067816
v -0.095770 0.155181 0.066864
v -0.089899 0.131684 0.106254
v -0.095210 0.121125 0.115702
v -0.091234 0.146966 0.077648
v -0.088761 0.144832 0.088626
v -0.077581 0.116471 0.105622
v -0.077058 0.136475 0.080135
v -0.079372 0.139201 0.062617
v -0.082658 0.146611 0.058396
v -0.081523 0.105134 0.113323
v -0.078126 0.129723 0.096163
v -0.072217 0.155027 0.046654
v -0.078414 0.166929 0.055758
v -0.074854 0.092533 0.111308
v -0.068599 0.095227 0.104587
v -0.069489 0.127808 0.044146
v -0.072295 0.137691 0.046168
v -0.068089 0.078085 0.103035
v -0.065635 0.117593 0.089313
v -0.070197 0.129862 0.055799
v -0.066677 0.127425 0.071431
v -0.066381 0.020216 -0.066695
v -0.070587 0.035016 0.076981
v -0.068317 0.027471 0.061206
v -0.059364 0.042080 0.067125
v -0.062951 0.126542 0.032199
v -0.071540 0.198410 0.049134
v -0.062278 0.175206 0.040961
v -0.062831 0.019554 -0.041892
v -0.058465 0.027835 -0.060804
v -0.058733 0.027567 0.006877
v -0.069646 0.016174 0.000780
v -0.065385 0.017915 -0.018149
v -0.051685 0.037947 -0.004053
v -0.065230 0.019788 0.016882
v -0.066702 0.021174 0.038077
v -0.057728 0.031195 0.029406
v -0.061793 0.030855 0.049780
v -0.061581 0.047536 0.079864
v -0.057223 0.082834 0.093363
v -0.059904 0.070509 0.094545
v -0.060970 0.102911 0.093930
v -0.060551 0.117940 0.059501
v -0.062531 0.118301 0.042354
v -0.059162 0.136149 0.031011
v -0.060794 0.211514 0.037559
v -0.077022 0.221367 0.051704
v -0.055789 0.027319 -0.030030
v -0.052765 0.097068 -0.079609
v -0.057201 0.107025 0.077552
v -0.056228 0.113751 0.024637
v -0.054470 0.156288 0.027753
v -0.054968 0.195155 0.032903
v -0.054043 0.029317 -0.045670
v -0.050738 0.048993 0.048288
v -0.052598 0.043699 -0.067531
v -0.054171 0.054639 -0.078829
v -0.052468 0.055492 0.068148
v -0.058996 0.059398 0.087781
v -0.053636 0.068828 0.082325
v -0.052668 0.090146 0.077416
v -0.054308 0.104220 0.030183
v -0.055183 0.107674 0.044661
v -0.053387 0.120186 0.015586
v -0.050076 0.182697 0.025501
v -0.049199 0.041321 -0.050210
v -0.047510 0.042951 -0.033263
v -0.048767 0.046987 0.027791
v -0.049532 0.077620 -0.073372
v -0.049952 0.070542 0.067834
v -0.048069 0.096772 0.010987
v -0.048107 0.085449 0.032480
v -0.052053 0.100937 0.057511
v -0.047393 0.122369 -0.071549
v -0.048294 0.141827 0.011457
v -0.046454 0.206230 0.021599
v -0.046121 0.052050 -0.005867
v -0.047616 0.055866 -0.062369
v -0.046277 0.059598 0.024396
v -0.047390 0.069613 0.048216
v -0.049596 0.085623 0.060787
v -0.046861 0.115401 -0.003090
v -0.042916 0.151091 -0.067582
v -0.045829 0.167298 0.015617
v -0.044223 0.181265 -0.075695
v -0.042979 0.061937 -0.042446
v -0.042011 0.065131 -0.018757
v -0.044356 0.075786 -0.056424
v -0.044747 0.065141 0.001258
v -0.043837 0.079565 0.003766
v -0.044195 0.104108 -0.053361
v -0.042588 0.090785 -0.040063
v -0.044486 0.097752 -0.009185
v -0.042421 0.108945 -0.027045
v -0.039153 0.165301 -0.002426
v -0.038178 0.187498 0.000946
v -0.037673 0.204974 -0.067648
v -0.041198 0.083222 -0.021799
v -0.040071 0.132779 -0.048459
v -0.039038 0.129997 -0.030098
v -0.039028 0.142862 -0.016141
v -0.036286 0.158753 -0.044780
v -0.035371 0.185847 -0.054044
v -0.036202 0.197244 -0.061363
v -0.038767 0.204953 0.007979
v -0.035127 0.158330 -0.025395
v -0.033080 0.186421 -0.018373
v -0.034360 0.199534 -0.005821
v -0.032227 0.183916 -0.033831
v -0.031017 0.198465 -0.041055
v -0.030186 0.200148 -0.018703
v -0.030462 0.202024 -0.056310
v -0.031835 0.204207 -0.000438
v -0.016108 0.277411 -0.255360
v -0.017803 0.257113 -0.249194
v -0.027682 0.271341 -0.247303
v -0.013153 0.335975 -0.213811
v -0.027451 0.326592 -0.210556
v -0.030579 0.342396 -0.214220
v -0.005944 0.259841 -0.254337
v -0.013447 0.347756 -0.218183
v 0.003139 0.466878 -0.204626
v -0.011055 0.438062 -0.210835
v -0.024545 0.455753 -0.205027
v -0.016423 0.477789 -0.201038
v -0.001002 0.615900 -0.150234
v -0.004777 0.603899 -0.155267
v -0.015060 0.615994 -0.149345
v 0.001713 0.341297 -0.215511
v -0.015209 0.368910 -0.219583
v 0.007042 0.351748 -0.219575
v 0.008381 0.414057 -0.214422
v -0.007379 0.388688 -0.218476
v -0.014411 0.407411 -0.215225
v 0.001196 0.486573 -0.199336
v -0.018232 0.497601 -0.195180
v 0.002998 0.513749 -0.191529
v -0.027062 0.525900 -0.184028
v -0.007421 0.540035 -0.181938
v 0.007336 0.272797 -0.256673
v -0.012632 0.288534 -0.255850
v 0.003903 0.289495 -0.256898
v -0.005886 0.302276 -0.250142
v 0.003157 0.334663 -0.214471
v -0.012600 0.330008 -0.215004
v 0.008858 0.326684 -0.224616
v -0.002844 0.317525 -0.237486
v -0.010123 0.324538 -0.226309
v 0.004329 0.368327 -0.220416
v 0.009895 0.388537 -0.217867
v 0.004991 0.555136 -0.175584
v -0.009989 0.574599 -0.166949
v 0.004715 0.247538 -0.246480
v 0.011103 0.297950 -0.252051
v 0.010020 0.311050 -0.242701
v 0.022216 0.439160 -0.208802
v 0.010792 0.532469 -0.185021
v 0.009525 0.582632 -0.164256
v 0.018938 0.329927 -0.213470
v 0.009981 0.614111 -0.150681
v 0.015443 0.258325 -0.250993
v 0.016921 0.336126 -0.213927
v 0.027010 0.363817 -0.218212
v 0.019934 0.496414 -0.195432
v 0.023316 0.517492 -0.187770
v 0.013877 0.600783 -0.155442
v 0.014259 0.618168 -0.149687
v 0.021318 0.285414 -0.252383
v 0.027694 0.312652 -0.232925
v 0.029991 0.471265 -0.200101
v 0.021813 0.542450 -0.178699
v 0.029316 0.567193 -0.163520
v 0.028134 0.595679 -0.151112
v 0.026754 0.258368 -0.244020
v 0.017700 0.244240 -0.240419
v 0.024818 0.271118 -0.250322
v 0.025569 0.296406 -0.246749
v 0.024733 0.323561 -0.219083
v 0.035468 0.331196 -0.210051
v 0.028345 0.615332 -0.143231
v 0.029553 0.347471 -0.216795
v 0.036477 0.383233 -0.214767
v 0.030989 0.403715 -0.212588
v 0.039146 0.548833 -0.168805
v 0.036990 0.321155 -0.206197
v 0.045697 0.494377 -0.189411
v 0.045397 0.528253 -0.176495
v 0.036270 0.279624 -0.242424
v 0.037580 0.315510 -0.215574
v 0.045750 0.448161 -0.201941
v 0.041536 0.264403 -0.230361
v 0.034003 0.251039 -0.231572
v 0.036621 0.294434 -0.240060
v 0.048636 0.414925 -0.206846
v 0.050692 0.472285 -0.194411
v 0.049103 0.575432 -0.149121
v 0.043891 0.287905 -0.233611
v 0.042209 0.301299 -0.229543
v 0.051223 0.349285 -0.212936
v 0.056920 0.368773 -0.211425
v 0.048974 0.613033 -0.134177
v 0.045950 0.619380 -0.137091
v 0.045854 0.257315 -0.218105
v 0.047371 0.292256 -0.219850
v 0.054148 0.509903 -0.181224
v 0.049738 0.278373 -0.222411
v 0.046777 0.306534 -0.206160
v 0.059529 0.320905 -0.199534
v 0.058364 0.337218 -0.207932
v 0.061080 0.398107 -0.206959
v 0.055405 0.602042 -0.134613
v 0.051333 0.267307 -0.211522
v 0.050674 0.282056 -0.202556
v 0.049544 0.267879 -0.200134
v 0.049535 0.296168 -0.203947
v 0.051026 0.310411 -0.197574
v 0.050725 0.301455 -0.192898
v 0.063473 0.432828 -0.200420
v 0.064064 0.542667 -0.159479
v 0.049795 0.289000 -0.188388
v 0.054327 0.292235 -0.184664
v 0.068854 0.298457 -0.183380
v 0.082139 0.418774 -0.197138
v 0.074018 0.480071 -0.184065
v 0.076711 0.503199 -0.173819
v 0.064894 0.521340 -0.171301
v 0.072541 0.560853 -0.142826
v 0.073971 0.580115 -0.129908
v 0.074734 0.605766 -0.120180
v 0.078414 0.447188 -0.192538
v 0.065334 0.617538 -0.124088
v 0.076339 0.352958 -0.205539
v 0.080778 0.383855 -0.202761
v 0.077926 0.318204 -0.193198
v 0.074401 0.333387 -0.201863
v 0.084038 0.534719 -0.152047
v 0.095302 0.463869 -0.180744
v 0.083979 0.616327 -0.110639
v 0.099773 0.347145 -0.192607
v 0.090983 0.557884 -0.131637
v 0.101164 0.397059 -0.193449
v 0.097447 0.486010 -0.170265
v 0.098741 0.368271 -0.195244
v 0.104304 0.436979 -0.184218
v 0.096722 0.507946 -0.159154
v 0.093667 0.596361 -0.107953
v 0.102230 0.531829 -0.140418
v 0.102507 0.574621 -0.111265
v 0.111967 0.553656 -0.118243
v 0.106576 0.607026 -0.092079
v 0.107947 0.590996 -0.099438
v 0.114190 0.412743 -0.184749
v 0.115813 0.462705 -0.169413
v 0.121165 0.503339 -0.143969
v 0.118140 0.536797 -0.125176
v 0.120060 0.572371 -0.098879
v 0.125741 0.361860 -0.180388
v 0.115814 0.378707 -0.186890
v 0.124310 0.394547 -0.181855
v 0.122636 0.592876 -0.084033
v 0.121839 0.430401 -0.176185
v 0.127983 0.448624 -0.166136
v 0.132956 0.471663 -0.152254
v 0.133428 0.383424 -0.176976
v 0.132833 0.406685 -0.174610
v 0.135496 0.542406 -0.108365
v 0.130781 0.607797 -0.064610
v 0.136479 0.426077 -0.166611
v 0.134943 0.561512 -0.095549
v 0.135210 0.580862 -0.081320
v 0.141068 0.453965 -0.152274
v 0.142515 0.493060 -0.132292
v 0.143111 0.517222 -0.116904
v 0.137575 0.597049 -0.068734
v 0.139088 0.584585 -0.077040
v 0.141410 0.569381 -0.086336
v 0.141942 0.591548 -0.077284
v 0.146712 0.526901 -0.108286
v 0.148732 0.535856 -0.103765
v 0.146929 0.553410 -0.095210
v 0.148575 0.566008 -0.091679
v 0.150277 0.578816 -0.086344
v 0.154556 0.506796 -0.111874
v 0.154059 0.543672 -0.102209
v 0.156168 0.560311 -0.099637
v 0.154964 0.572452 -0.096336
v 0.159516 0.523604 -0.099285
v 0.161225 0.512004 -0.099647
v 0.158794 0.557674 -0.105031
v 0.166209 0.529314 -0.102341
v 0.166321 0.546644 -0.104592
v 0.168788 0.512043 -0.093490
v 0.175435 0.518356 -0.097631
v 0.181307 0.531272 -0.099233
v 0.033154 0.177747 -0.030570
v 0.034999 0.161599 -0.040095
v 0.036482 0.153533 -0.023845
v 0.036740 0.166713 -0.012747
v 0.038198 0.176515 -0.058647
v 0.032623 0.194100 -0.019589
v 0.035709 0.187324 -0.008161
v 0.033108 0.191702 -0.041525
v 0.031422 0.200095 -0.047259
v 0.036205 0.197107 -0.059207
v 0.029168 0.199899 -0.026964
v 0.037195 0.202609 0.002451
v 0.029447 0.202092 -0.009305
v 0.038716 0.138090 -0.045433
v 0.040199 0.155077 -0.060389
v 0.042325 0.166639 0.005490
v 0.041291 0.194948 0.009142
v 0.036923 0.209697 0.016280
v 0.042198 0.074688 -0.011263
v 0.041632 0.067957 -0.028501
v 0.045690 0.050988 -0.024604
v 0.041816 0.087731 -0.029980
v 0.043992 0.062240 -0.048541
v 0.046039 0.093452 -0.061027
v 0.046248 0.078482 0.021403
v 0.046511 0.060466 0.010712
v 0.046316 0.097192 0.001191
v 0.043542 0.107602 -0.018762
v 0.041674 0.116567 -0.045465
v 0.041451 0.124803 -0.020402
v 0.044145 0.128395 -0.064397
v 0.043862 0.138863 -0.002827
v 0.042739 0.208732 0.017020
v 0.049615 0.048598 -0.062785
v 0.051273 0.037657 -0.051165
v 0.052973 0.036648 0.001345
v 0.045595 0.069217 -0.062263
v 0.047119 0.065493 0.037943
v 0.048649 0.066876 0.059741
v 0.049040 0.052081 0.044111
v 0.049883 0.087183 0.056320
v 0.052533 0.101229 0.026276
v 0.048402 0.119556 0.002739
v 0.050187 0.142057 0.015310
v 0.050051 0.172850 0.022821
v 0.050850 0.210235 0.027610
v 0.050840 0.192304 0.026660
v 0.053688 0.030353 -0.029725
v 0.050294 0.043761 0.018304
v 0.056383 0.033925 0.033012
v 0.053394 0.050362 0.066219
v 0.053396 0.080466 0.081087
v 0.052805 0.066758 0.077976
v 0.053782 0.119018 0.016373
v 0.057089 0.154183 0.029950
v 0.051436 0.217877 0.031113
v 0.059282 0.038412 0.061342
v 0.057241 0.073218 0.090502
v 0.055475 0.103635 0.070524
v 0.057675 0.112501 0.050302
v 0.059801 0.113255 0.036670
v 0.057989 0.135102 0.028064
v 0.062470 0.196260 0.040970
v 0.060756 0.025673 -0.062519
v 0.062024 0.020599 -0.041013
v 0.062574 0.022228 0.000287
v 0.062187 0.055879 0.088610
v 0.057606 0.087227 0.093195
v 0.058019 0.100954 0.087486
v 0.066797 0.102789 0.101223
v 0.062248 0.124423 0.029794
v 0.064736 0.172974 0.042847
v 0.062840 0.212969 0.039827
v 0.067876 0.020094 0.033122
v 0.064907 0.025976 0.049471
v 0.067098 0.040707 0.079908
v 0.064022 0.085712 0.101318
v 0.063508 0.069387 0.097406
v 0.063692 0.116837 0.087926
v 0.063028 0.121578 0.076275
v 0.064983 0.124937 0.059372
v 0.071839 0.148998 0.045428
v 0.068565 0.029566 0.067114
v 0.072624 0.122148 0.096519
v 0.073456 0.132749 0.048655
v 0.072130 0.130905 0.084284
v 0.071988 0.133680 0.066286
v 0.067701 0.229984 0.048000
v 0.070145 0.061147 0.098840
v 0.072315 0.080259 0.105520
v 0.079940 0.178181 0.057383
v 0.080251 0.043269 0.091326
v 0.075739 0.099881 0.109733
v 0.083713 0.205353 0.058148
v 0.080322 0.222655 0.054303
v 0.084053 0.118787 0.110791
v 0.082312 0.141403 0.084940
v 0.082756 0.144709 0.058498
v 0.083471 0.155981 0.059023
v 0.079366 0.055099 0.098870
v 0.078314 0.071548 0.105028
v 0.078692 0.095679 0.112007
v 0.089562 0.084953 0.109732
v 0.083114 0.131413 0.102288
v 0.088967 0.141064 0.096349
v 0.086900 0.144452 0.071657
v 0.084846 0.245748 0.061225
v 0.085017 0.078356 0.105015
v 0.086345 0.110271 0.116196
v 0.090260 0.094745 0.110469
v 0.091397 0.105823 0.115901
v 0.107427 0.134814 0.113799
v 0.094424 0.150260 0.067715
v 0.097947 0.149861 0.090318
v 0.095969 0.162916 0.067871
v 0.099700 0.199294 0.069708
v 0.097306 0.221442 0.066080
v 0.097968 0.236666 0.067441
v 0.086838 0.061983 0.099137
v 0.092487 0.044556 0.090764
v 0.098217 0.054489 0.099273
v 0.102183 0.073926 0.109426
v 0.103836 0.090087 0.113221
v 0.105753 0.121218 0.120900
v 0.101274 0.124863 0.119104
v 0.104520 0.144004 0.106214
v 0.105451 0.106194 0.115614
v 0.109335 0.156356 0.081814
v 0.119550 0.156298 0.098464
v 0.112725 0.165908 0.075704
v 0.111269 0.158187 0.076277
v 0.113947 0.191522 0.076791
v 0.112659 0.219095 0.076278
v 0.117473 0.052095 0.106069
v 0.118230 0.116570 0.120828
v 0.116840 0.134042 0.122250
v 0.126417 0.151185 0.110295
v 0.126020 0.235533 0.080941
v 0.117291 0.250937 0.074466
v 0.123525 0.078352 0.120521
v 0.121386 0.099988 0.122140
v 0.130737 0.064347 0.117418
v 0.123694 0.129285 0.126379
v 0.126422 0.140035 0.119316
v 0.126228 0.136904 0.126775
v 0.128997 0.163912 0.084385
v 0.134140 0.113991 0.125557
v 0.131106 0.123366 0.127077
v 0.135115 0.182399 0.083164
v 0.139193 0.083018 0.126773
v 0.143768 0.102351 0.129605
v 0.137684 0.135820 0.127865
v 0.138714 0.162344 0.099507
v 0.146031 0.141355 0.127323
v 0.148050 0.127065 0.130435
v 0.157010 0.153513 0.119126
v 0.146390 0.167793 0.088717
v 0.149058 0.070212 0.123941
v 0.150103 0.135054 0.134533
v 0.151950 0.164850 0.100094
v 0.158481 0.081390 0.129036
v 0.155710 0.139990 0.135532
v 0.162533 0.132786 0.138133
v 0.167213 0.125644 0.133940
v 0.167604 0.109323 0.131673
v 0.165609 0.137640 0.138264
v 0.044881 0.193544 -0.076906
v 0.042484 0.206308 -0.074930
v 0.049506 0.114576 -0.075756
v 0.047627 0.143243 -0.077087
v 0.049585 0.165360 -0.082644
v 0.051294 0.062915 -0.076366
v 0.053912 0.088047 -0.082826
v 0.055690 0.138825 -0.089829
v 0.056292 0.179400 -0.092276
v 0.050277 0.208689 -0.085971
v 0.056896 0.039131 -0.073510
v 0.060920 0.069217 -0.093805
v 0.056499 0.111653 -0.088340
v 0.062083 0.211066 -0.098793
v 0.064038 0.048451 -0.092220
v 0.063715 0.123893 -0.098720
v 0.063994 0.152659 -0.099978
v 0.060582 0.218039 -0.099082
v 0.064741 0.027586 -0.076289
v 0.065398 0.036188 -0.086750
v 0.066525 0.097834 -0.100598
v 0.066993 0.189016 -0.103194
v 0.067982 0.018002 -0.060205
v 0.071809 0.079962 -0.106084
v 0.076401 0.127084 -0.109140
v 0.071563 0.166637 -0.107006
v 0.073307 0.020013 -0.078808
v 0.078229 0.031145 -0.097206
v 0.079713 0.213623 -0.114252
v 0.072803 0.226210 -0.112698
v 0.083310 0.042468 -0.108525
v 0.076243 0.060985 -0.108203
v 0.082835 0.020161 -0.091996
v 0.080896 0.096441 -0.111700
v 0.083357 0.187170 -0.116130
v 0.083726 0.074299 -0.115272
v 0.091981 0.115738 -0.116439
v 0.083851 0.163623 -0.114989
v 0.085941 0.231873 -0.123743
v 0.077274 0.241650 -0.129035
v 0.095352 0.018615 -0.098959
v 0.094407 0.055011 -0.118555
v 0.086702 0.242813 -0.131590
v 0.092859 0.028485 -0.106044
v 0.101757 0.094309 -0.121030
v 0.099397 0.136335 -0.120477
v 0.088592 0.256276 -0.139900
v 0.106910 0.072311 -0.126204
v 0.108096 0.168882 -0.127030
v 0.096266 0.220165 -0.125845
v 0.103946 0.252320 -0.139366
v 0.098730 0.038901 -0.115950
v 0.103358 0.194491 -0.127998
v 0.103478 0.233153 -0.132857
v 0.105949 0.265617 -0.142594
v 0.108136 0.028573 -0.112472
v 0.111400 0.019037 -0.106246
v 0.111226 0.042522 -0.122992
v 0.116003 0.111821 -0.124572
v 0.111563 0.213450 -0.133139
v 0.122529 0.032988 -0.119830
v 0.117004 0.055305 -0.127259
v 0.123531 0.152560 -0.129598
v 0.119657 0.196939 -0.134365
v 0.118279 0.236561 -0.137423
v 0.134488 0.043488 -0.127631
v 0.124426 0.076516 -0.131425
v 0.130348 0.100855 -0.128893
v 0.126265 0.254149 -0.141039
v 0.129534 0.128379 -0.128553
v 0.132307 0.273301 -0.142248
v 0.117433 0.280473 -0.147828
v 0.128455 0.018271 -0.108819
v 0.131896 0.181617 -0.134488
v 0.131134 0.212439 -0.136265
v 0.139230 0.073884 -0.134663
v 0.137817 0.227708 -0.136708
v 0.144685 0.018439 -0.110201
v 0.143984 0.028296 -0.119273
v 0.146098 0.054751 -0.131641
v 0.141225 0.143340 -0.131497
v 0.143305 0.250321 -0.138528
v 0.154953 0.092578 -0.132815
v 0.151462 0.113222 -0.130640
v 0.151057 0.164970 -0.132214
v 0.144934 0.191736 -0.134944
v 0.156032 0.036227 -0.123630
v 0.157913 0.070134 -0.134167
v 0.165872 0.021729 -0.111264
v 0.158877 0.137681 -0.129847
v 0.160738 0.049302 -0.129036
v 0.177871 0.082501 -0.128648
v 0.171396 0.106909 -0.128041
v 0.096053 0.294989 -0.170542
v 0.070185 0.279294 -0.171267
v 0.100557 0.314307 -0.178972
v 0.093080 0.275215 -0.160886
v 0.114324 0.293676 -0.160600
v 0.113200 0.331161 -0.178626
v 0.125519 0.313401 -0.161970
v 0.123540 0.346700 -0.178208
v 0.126831 0.288908 -0.146909
v 0.136487 0.337566 -0.163066
v 0.138871 0.283429 -0.139385
v 0.141480 0.359156 -0.167408
v 0.138313 0.293892 -0.139916
v 0.141215 0.303811 -0.145367
v 0.148314 0.320645 -0.147007
v 0.146375 0.375017 -0.164632
v 0.150690 0.403671 -0.158521
v 0.150300 0.433598 -0.150918
v 0.153608 0.459416 -0.137365
v 0.155637 0.213582 -0.131356
v 0.155226 0.267669 -0.135334
v 0.155058 0.302881 -0.128267
v 0.155290 0.240212 -0.133315
v 0.158456 0.292648 -0.127850
v 0.160656 0.334935 -0.140224
v 0.157090 0.486623 -0.120213
v 0.158693 0.186610 -0.130937
v 0.161558 0.360532 -0.147103
v 0.161191 0.412361 -0.145604
v 0.170516 0.144978 -0.127155
v 0.165371 0.316581 -0.126150
v 0.168740 0.390609 -0.140377
v 0.165710 0.433243 -0.132690
v 0.173572 0.037708 -0.119905
v 0.171729 0.067483 -0.130360
v 0.173758 0.177744 -0.124818
v 0.171362 0.235290 -0.124225
v 0.174358 0.263444 -0.123726
v 0.170292 0.282536 -0.124945
v 0.167000 0.452587 -0.123446
v 0.168268 0.472190 -0.113109
v 0.165263 0.492132 -0.105311
v 0.172724 0.558496 -0.103964
v 0.165094 0.570503 -0.101958
v 0.177945 0.205143 -0.120991
v 0.175231 0.312427 -0.112116
v 0.173756 0.349390 -0.129768
v 0.170648 0.497496 -0.090707
v 0.184662 0.300916 -0.108106
v 0.181929 0.329969 -0.112990
v 0.176692 0.412443 -0.125384
v 0.181726 0.426861 -0.112850
v 0.177458 0.479598 -0.090891
v 0.186911 0.051643 -0.119516
v 0.188376 0.117096 -0.120339
v 0.181397 0.365374 -0.122839
v 0.179798 0.457393 -0.100789
v 0.181077 0.508036 -0.088491
v 0.178540 0.497357 -0.080304
v 0.184234 0.570213 -0.097765
v 0.184185 0.022505 -0.106460
v 0.187281 0.034565 -0.111742
v 0.197187 0.071998 -0.118575
v 0.190072 0.092922 -0.121290
v 0.185508 0.159120 -0.120127
v 0.185126 0.389954 -0.118129
v 0.181513 0.521495 -0.095174
v 0.191607 0.554557 -0.097731
v 0.185335 0.139479 -0.121763
v 0.195247 0.214307 -0.109914
v 0.187414 0.242902 -0.114768
v 0.190865 0.283309 -0.112119
v 0.190199 0.345769 -0.106943
v 0.187539 0.439140 -0.095243
v 0.183942 0.482204 -0.075056
v 0.186652 0.490116 -0.074038
v 0.189114 0.510548 -0.084584
v 0.190678 0.181251 -0.115509
v 0.189488 0.323020 -0.099135
v 0.191950 0.408775 -0.101200
v 0.189824 0.462579 -0.074212
v 0.189845 0.480191 -0.060501
v 0.192274 0.498802 -0.078383
v 0.195649 0.533871 -0.092363
v 0.199309 0.028300 -0.097907
v 0.195783 0.015284 -0.083568
v 0.203338 0.054023 -0.108095
v 0.200567 0.129498 -0.112590
v 0.204761 0.155084 -0.108017
v 0.197101 0.264217 -0.109036
v 0.201717 0.299860 -0.098131
v 0.195588 0.369393 -0.099538
v 0.188603 0.476051 -0.065453
v 0.205220 0.229797 -0.102524
v 0.195968 0.332103 -0.091525
v 0.200129 0.352933 -0.086064
v 0.198907 0.392803 -0.092579
v 0.197672 0.437542 -0.070223
v 0.196624 0.457853 -0.053168
v 0.195474 0.465671 -0.044297
v 0.195537 0.473501 -0.040634
v 0.206232 0.494619 -0.069761
v 0.208483 0.019531 -0.079391
v 0.208272 0.100359 -0.109310
v 0.205433 0.175963 -0.105980
v 0.198864 0.339407 -0.081572
v 0.201231 0.411882 -0.078950
v 0.203977 0.427062 -0.054749
v 0.200785 0.447558 -0.034914
v 0.198024 0.465522 -0.018404
v 0.198443 0.458708 -0.020198
v 0.205147 0.569258 -0.092563
v 0.201281 0.579123 -0.089332
v 0.206665 0.040513 -0.098471
v 0.207761 0.255438 -0.100758
v 0.208024 0.280799 -0.099508
v 0.206232 0.323507 -0.084568
v 0.209811 0.335313 -0.071065
v 0.209718 0.343563 -0.060495
v 0.205681 0.374462 -0.077014
v 0.200610 0.447859 -0.016202
v 0.205695 0.505875 -0.080484
v 0.209210 0.522140 -0.083593
v 0.217536 0.192187 -0.092983
v 0.212566 0.298532 -0.085645
v 0.209237 0.360787 -0.063354
v 0.209253 0.391935 -0.062045
v 0.207133 0.423526 -0.030880
v 0.205550 0.425074 -0.008299
v 0.209908 0.542111 -0.089858
v 0.211269 0.555985 -0.092960
v 0.218846 0.031511 -0.080080
v 0.217152 0.074819 -0.103640
v 0.218360 0.235684 -0.088132
v 0.215674 0.265446 -0.091365
v 0.214860 0.320728 -0.067956
v 0.216031 0.358605 -0.036658
v 0.215106 0.346521 -0.038233
v 0.213809 0.384646 -0.048176
v 0.210686 0.406132 -0.043722
v 0.212408 0.402508 -0.022893
v 0.219224 0.566067 -0.085116
v 0.211529 0.574281 -0.089246
v 0.225578 0.046789 -0.080947
v 0.220603 0.121356 -0.097260
v 0.219812 0.142624 -0.095483
v 0.221009 0.164976 -0.091903
v 0.218588 0.216808 -0.089177
v 0.221463 0.277125 -0.079436
v 0.222689 0.322758 -0.050051
v 0.219533 0.338954 -0.042774
v 0.216112 0.365317 -0.006615
v 0.218310 0.342162 -0.020559
v 0.217400 0.378449 -0.025609
v 0.218052 0.510503 -0.076977
v 0.218189 0.541630 -0.090418
v 0.230330 0.549496 -0.083484
v 0.223268 0.021590 -0.061934
v 0.221023 0.060437 -0.095558
v 0.227762 0.087405 -0.092072
v 0.220425 0.101146 -0.099449
v 0.224449 0.255333 -0.077171
v 0.221175 0.293256 -0.069111
v 0.224728 0.295958 -0.052865
v 0.224892 0.503782 -0.066747
v 0.225152 0.490265 -0.054361
v 0.221317 0.525151 -0.081685
v 0.229407 0.031918 -0.066519
v 0.231526 0.068006 -0.083935
v 0.228536 0.108462 -0.088324
v 0.227759 0.133369 -0.085167
v 0.230141 0.175165 -0.076663
v 0.226973 0.199501 -0.079617
v 0.227230 0.227294 -0.075505
v 0.224179 0.334680 -0.028481
v 0.229806 0.152193 -0.079515
v 0.231931 0.241928 -0.061933
v 0.229157 0.269495 -0.059739
v 0.232953 0.266995 -0.043838
v 0.227791 0.315565 -0.036618
v 0.231597 0.287543 -0.037368
v 0.227526 0.320112 -0.024389
v 0.236437 0.517635 -0.067445
v 0.230811 0.539427 -0.084620
v 0.237198 0.030396 -0.047076
v 0.227203 0.019193 -0.041824
v 0.238227 0.040724 -0.055206
v 0.239973 0.059529 -0.063175
v 0.237597 0.081221 -0.075727
v 0.235843 0.128417 -0.066444
v 0.236912 0.106012 -0.072060
v 0.234297 0.206636 -0.061942
v 0.232101 0.285593 -0.022839
v 0.239649 0.564143 -0.070495
v 0.223010 0.574530 -0.078974
v 0.237631 0.141802 0.035971
v 0.237445 0.133634 0.019305
v 0.222604 0.152234 0.035575
v 0.237170 0.156935 -0.058313
v 0.238327 0.180252 -0.052024
v 0.235785 0.245570 -0.045954
v 0.236194 0.256224 -0.028141
v 0.252897 0.505193 -0.047237
v 0.244565 0.535861 -0.073098
v 0.243510 0.030337 -0.023329
v 0.243788 0.102700 -0.048755
v 0.241480 0.133883 -0.045654
v 0.242129 0.194876 -0.033626
v 0.240466 0.219841 -0.028737
v 0.239117 0.485605 -0.041044
v 0.250185 0.024351 0.013440
v 0.232145 0.017986 0.009953
v 0.249711 0.033849 -0.000679
v 0.246546 0.045443 -0.036024
v 0.248369 0.061735 -0.040284
v 0.245230 0.078713 -0.055273
v 0.250523 0.126052 0.021108
v 0.250289 0.113404 0.001316
v 0.242586 0.157324 -0.012434
v 0.243749 0.132651 -0.016528
v 0.244530 0.145347 -0.031130
v 0.244912 0.164778 -0.029098
v 0.243237 0.180763 -0.018475
v 0.240746 0.200668 -0.012926
v 0.249344 0.546624 -0.070217
v 0.262070 0.038045 0.011898
v 0.255454 0.049541 -0.014038
v 0.251988 0.078365 -0.032671
v 0.250460 0.097968 -0.023204
v 0.244696 0.117851 -0.029658
v 0.244382 0.123047 -0.007666
v 0.255035 0.134760 0.044222
v 0.251796 0.139848 0.055876
v 0.257915 0.063916 -0.013789
v 0.262144 0.113015 0.015148
v 0.252026 0.478112 -0.025446
v 0.262083 0.491656 -0.030914
v 0.252546 0.524045 -0.060069
v 0.261019 0.554917 -0.053014
v 0.249203 0.575559 -0.051350
v 0.259405 0.025327 0.026451
v 0.259906 0.048375 -0.000385
v 0.259340 0.079234 -0.010489
v 0.258206 0.092522 -0.007018
v 0.260562 0.101414 0.004403
v 0.257683 0.537447 -0.061817
v 0.265123 0.120823 0.032678
v 0.268645 0.125482 0.058432
v 0.267470 0.527326 -0.049080
v 0.269214 0.574573 -0.029189
v 0.264119 0.027397 0.042625
v 0.269207 0.037634 0.027350
v 0.270404 0.057008 0.004951
v 0.266476 0.064308 0.001013
v 0.267450 0.080079 0.001692
v 0.271209 0.089991 0.007403
v 0.273281 0.118342 0.047106
v 0.269420 0.476724 -0.012534
v 0.269984 0.539631 -0.048114
v 0.271894 0.097942 0.017289
v 0.271713 0.110528 0.031946
v 0.276537 0.041680 0.043638
v 0.278106 0.050169 0.029997
v 0.274969 0.052163 0.016515
v 0.275445 0.071045 0.012973
v 0.283907 0.490952 -0.014623
v 0.280221 0.514883 -0.031979
v 0.280608 0.066627 0.029020
v 0.280895 0.085845 0.030132
v 0.278603 0.100671 0.039790
v 0.278615 0.112713 0.059248
v 0.282210 0.552607 -0.030073
v 0.282347 0.057907 0.047961
v 0.282649 0.094031 0.056600
v 0.291054 0.528991 -0.025794
v 0.287446 0.573857 -0.010108
v 0.285416 0.076252 0.048987
v 0.283787 0.077315 0.061757
v 0.301657 0.477964 0.011169
v 0.276392 0.466613 0.005422
v 0.305180 0.466686 0.025922
v 0.298351 0.501170 -0.009993
v 0.299687 0.515289 -0.014930
v 0.298268 0.539100 -0.017351
v 0.309833 0.492052 0.006394
v 0.308037 0.548712 -0.003293
v 0.313888 0.530391 -0.002257
v 0.311898 0.559859 0.007917
v 0.316938 0.507436 0.005223
v 0.322315 0.481115 0.023836
v 0.328143 0.465104 0.043482
v 0.327101 0.498859 0.017132
v 0.325403 0.545745 0.017473
v 0.334499 0.519340 0.019990
v 0.323738 0.563752 0.026998
v 0.341546 0.479394 0.042206
v 0.337937 0.491491 0.030464
v 0.334472 0.552543 0.029150
v 0.342138 0.534044 0.029869
v 0.352679 0.467221 0.064854
v 0.340316 0.455122 0.066931
v 0.347065 0.507923 0.034036
v 0.351570 0.539593 0.045802
v 0.335926 0.563234 0.043972
v 0.356555 0.451551 0.091585
v 0.357079 0.486541 0.054250
v 0.352632 0.523162 0.040713
v 0.356957 0.548383 0.063214
v 0.359569 0.506729 0.049486
v 0.364765 0.517270 0.056825
v 0.367521 0.536535 0.070353
v 0.372299 0.467521 0.091607
v 0.371220 0.483663 0.074330
v 0.372142 0.500850 0.067741
v 0.374149 0.522065 0.072646
v 0.369767 0.452756 0.111927
v 0.382290 0.496582 0.086032
v 0.386689 0.509456 0.094329
v 0.379475 0.530693 0.088888
v 0.381986 0.467892 0.110753
v 0.380614 0.461265 0.126335
v 0.382323 0.480689 0.096329
v 0.390329 0.519995 0.105407
v 0.383195 0.538830 0.108345
v 0.390168 0.475144 0.131733
v 0.390266 0.478762 0.118123
v 0.393427 0.499555 0.110319
v 0.392162 0.527756 0.117545
v 0.395519 0.488416 0.125870
v 0.394436 0.486393 0.135232
v 0.386581 0.541460 0.132269
v 0.395586 0.518033 0.136102
v 0.395628 0.499408 0.136489
v 0.398055 0.502287 0.126120
v 0.396791 0.512897 0.120503
v 0.005450 0.599151 0.109353
v -0.009275 0.603756 0.108462
v -0.005290 0.584954 0.118484
v -0.008884 0.609766 0.107850
v -0.001760 0.607416 0.104889
v 0.007343 0.426349 0.158425
v -0.004173 0.411857 0.165343
v 0.008864 0.407902 0.165473
v 0.005567 0.609087 0.106594
v 0.014765 0.586280 0.114500
v 0.005582 0.574789 0.120985
v 0.005875 0.480237 0.148733
v 0.004446 0.456383 0.153752
v 0.027444 0.456445 0.150260
v 0.022140 0.483105 0.145052
v 0.010572 0.502886 0.140714
v 0.018542 0.527248 0.129845
v 0.009933 0.542849 0.125175
v 0.004814 0.521318 0.134132
v 0.019053 0.604455 0.105203
v 0.017135 0.397609 0.161386
v 0.016198 0.411657 0.160112
v 0.008607 0.396233 0.167108
v 0.022495 0.436249 0.155021
v 0.022071 0.566554 0.116483
v 0.002815 0.558192 0.121488
v 0.022461 0.610083 0.105363
v 0.034786 0.409533 0.156010
v 0.032142 0.541073 0.120295
v 0.035634 0.587270 0.106028
v 0.034353 0.496229 0.137002
v 0.034913 0.515009 0.129707
v 0.038671 0.603664 0.099759
v 0.039738 0.385755 0.155947
v 0.038935 0.429092 0.152220
v 0.056486 0.471034 0.137126
v 0.040344 0.610243 0.101413
v 0.043202 0.564327 0.109227
v 0.056609 0.394885 0.151855
v 0.055141 0.440876 0.145296
v 0.056706 0.523203 0.116990
v 0.052894 0.545222 0.109871
v 0.050417 0.587944 0.100896
v 0.054895 0.415374 0.150132
v 0.054580 0.495327 0.129273
v 0.053965 0.606550 0.092741
v 0.066064 0.558802 0.099477
v 0.057951 0.599748 0.091762
v 0.070447 0.584403 0.089921
v 0.074058 0.407902 0.144426
v 0.070085 0.428916 0.142533
v 0.077791 0.483618 0.123053
v 0.069907 0.498408 0.120641
v 0.072237 0.529909 0.105603
v 0.069799 0.609081 0.080425
v 0.078939 0.446488 0.134972
v 0.079946 0.505778 0.112999
v 0.073675 0.602232 0.078715
v 0.059728 0.366534 0.149360
v 0.087038 0.387831 0.140001
v 0.085809 0.589023 0.074411
v 0.086328 0.462138 0.126513
v 0.089702 0.496353 0.115402
v 0.087955 0.370525 0.138747
v 0.089481 0.518554 0.100069
v 0.091147 0.563610 0.082760
v 0.088517 0.605198 0.063121
v 0.089358 0.612176 0.064249
v 0.091673 0.423186 0.134350
v 0.095705 0.404632 0.134680
v 0.092451 0.537405 0.092019
v 0.102112 0.436967 0.125193
v 0.095287 0.476931 0.115480
v 0.095882 0.491808 0.111705
v 0.094754 0.504892 0.106017
v 0.105773 0.547991 0.082106
v 0.102765 0.596557 0.053255
v 0.110427 0.367349 0.125768
v 0.094962 0.349715 0.131010
v 0.114235 0.462693 0.109475
v 0.104292 0.513541 0.093259
v 0.103069 0.537948 0.089594
v 0.110804 0.577785 0.059919
v 0.105162 0.488702 0.104542
v 0.100085 0.499986 0.109689
v 0.101186 0.499435 0.103754
v 0.106046 0.503479 0.096435
v 0.105184 0.523923 0.091829
v 0.105312 0.609264 0.044353
v 0.114950 0.393546 0.124387
v 0.115172 0.555400 0.069346
v 0.122634 0.408526 0.118201
v 0.116801 0.508145 0.090897
v 0.115441 0.516358 0.093412
v 0.114414 0.523765 0.090075
v 0.117236 0.588899 0.045453
v 0.119494 0.334903 0.110982
v 0.120748 0.432687 0.114862
v 0.121609 0.491149 0.092629
v 0.122486 0.523337 0.081538
v 0.118061 0.604077 0.033527
v 0.117585 0.613583 0.031078
v 0.131296 0.378416 0.113332
v 0.124632 0.572404 0.052170
v 0.130235 0.352652 0.110423
v 0.129369 0.504737 0.087951
v 0.132473 0.529241 0.068100
v 0.127805 0.551637 0.060163
v 0.127428 0.585250 0.041711
v 0.125196 0.602648 0.027565
v 0.126356 0.612792 0.019255
v 0.130200 0.449747 0.103234
v 0.133396 0.471305 0.092875
v 0.132630 0.572995 0.046475
v 0.136510 0.338513 0.098325
v 0.136663 0.487882 0.087381
v 0.140884 0.507945 0.070229
v 0.137537 0.565459 0.049705
v 0.144546 0.364444 0.101875
v 0.143339 0.426153 0.100681
v 0.145684 0.393654 0.102643
v 0.139012 0.496809 0.080941
v 0.136951 0.545693 0.055740
v 0.146350 0.458536 0.088902
v 0.151551 0.483959 0.073276
v 0.145516 0.522873 0.059045
v 0.146244 0.538394 0.053517
v 0.146691 0.550788 0.055965
v 0.157044 0.333560 0.076521
v 0.141746 0.328263 0.087940
v 0.151458 0.319725 0.083184
v 0.143768 0.102351 0.129605
v 0.139193 0.083018 0.126773
v 0.158481 0.081390 0.129036
v 0.154624 0.343098 0.084978
v 0.157173 0.444450 0.085203
v 0.158709 0.464077 0.073875
v 0.156239 0.502866 0.058241
v 0.157717 0.514857 0.053929
v 0.158090 0.166758 0.089095
v 0.146390 0.167793 0.088717
v 0.151950 0.164850 0.100094
v 0.165484 0.163131 0.098654
v 0.152565 0.303001 0.081405
v 0.156109 0.283758 0.083933
v 0.164878 0.289537 0.081411
v 0.160314 0.371136 0.093614
v 0.155738 0.357261 0.093724
v 0.160253 0.397394 0.093554
v 0.149058 0.070212 0.123941
v 0.164781 0.063263 0.121597
v 0.148050 0.127065 0.130435
v 0.167604 0.109323 0.131673
v 0.164586 0.143815 0.129321
v 0.146031 0.141355 0.127323
v 0.155710 0.139990 0.135532
v 0.157010 0.153513 0.119126
v 0.162809 0.194129 0.085253
v 0.154540 0.189565 0.087871
v 0.163413 0.178295 0.086836
v 0.148400 0.198348 0.084577
v 0.162672 0.319226 0.078236
v 0.164292 0.419696 0.085512
v 0.165609 0.137640 0.138264
v 0.174156 0.140344 0.135329
v 0.165986 0.156312 0.114138
v 0.169169 0.243138 0.078822
v 0.154592 0.251833 0.085716
v 0.160754 0.232055 0.084577
v 0.165019 0.265498 0.081472
v 0.154419 0.267575 0.083535
v 0.171888 0.333947 0.065962
v 0.170545 0.344269 0.068936
v 0.168918 0.362885 0.081713
v 0.170917 0.391803 0.082568
v 0.172366 0.434279 0.067670
v 0.165571 0.484211 0.058068
v 0.165479 0.494282 0.053218
v 0.175524 0.131980 0.137531
v 0.162533 0.132786 0.138133
v 0.167213 0.125644 0.133940
v 0.171540 0.169545 0.082426
v 0.175884 0.216306 0.079866
v 0.165159 0.208160 0.085349
v 0.173723 0.463310 0.054742
v 0.184935 0.067347 0.121275
v 0.181487 0.087644 0.128598
v 0.179286 0.141418 0.130129
v 0.178451 0.149932 0.123169
v 0.186540 0.159223 0.105787
v 0.173988 0.164646 0.083368
v 0.176213 0.195462 0.079954
v 0.173962 0.268086 0.075513
v 0.176276 0.286266 0.071629
v 0.174341 0.312615 0.070774
v 0.175426 0.478404 0.047581
v 0.180017 0.120575 0.130314
v 0.186894 0.162648 0.087202
v 0.182227 0.181519 0.071504
v 0.181519 0.384730 0.070312
v 0.183448 0.368802 0.065471
v 0.185123 0.402645 0.060285
v 0.184693 0.170626 0.068461
v 0.186085 0.225852 0.071832
v 0.190853 0.247213 0.066607
v 0.187121 0.269342 0.067035
v 0.180360 0.297324 0.061873
v 0.180438 0.310812 0.061397
v 0.179905 0.328189 0.059888
v 0.186202 0.351198 0.054588
v 0.184723 0.454450 0.038561
v 0.200709 0.129024 0.131673
v 0.188386 0.136795 0.136023
v 0.190997 0.142129 0.127756
v 0.192723 0.152391 0.115697
v 0.191078 0.163308 0.067528
v 0.187668 0.338807 0.046605
v 0.186978 0.424171 0.048395
v 0.185418 0.466038 0.032802
v 0.193614 0.106598 0.126208
v 0.195752 0.205852 0.064410
v 0.192666 0.297313 0.050906
v 0.193625 0.308113 0.043035
v 0.193744 0.320939 0.044161
v 0.199250 0.083603 0.122570
v 0.205408 0.117684 0.126010
v 0.205452 0.268059 0.051025
v 0.197961 0.365283 0.040500
v 0.200395 0.381823 0.037764
v 0.197342 0.411517 0.032213
v 0.191451 0.456724 0.020041
v 0.204668 0.136115 0.130299
v 0.203071 0.137755 0.124396
v 0.208035 0.154245 0.105014
v 0.208030 0.157509 0.070932
v 0.201687 0.166082 0.055365
v 0.196635 0.179007 0.058870
v 0.204756 0.347991 0.020908
v 0.196168 0.436272 0.021241
v 0.192517 0.462895 0.019088
v 0.195559 0.461401 0.004938
v 0.185001 0.050511 0.111757
v 0.211912 0.053228 0.105692
v 0.210950 0.071813 0.114797
v 0.210770 0.236382 0.050501
v 0.205977 0.292346 0.038240
v 0.203997 0.333518 0.025339
v 0.199541 0.443325 0.001356
v 0.196527 0.456328 0.001598
v 0.198024 0.465522 -0.018404
v 0.219592 0.097998 0.114876
v 0.212478 0.111417 0.119208
v 0.215175 0.139779 0.116412
v 0.211840 0.155952 0.050060
v 0.210691 0.156933 0.092919
v 0.207943 0.313591 0.023552
v 0.210207 0.386298 0.010597
v 0.204089 0.414927 0.010797
v 0.205550 0.425074 -0.008299
v 0.200610 0.447859 -0.016202
v 0.198443 0.458708 -0.020198
v 0.212578 0.182720 0.044061
v 0.214628 0.252277 0.045182
v 0.210867 0.366426 0.013821
v 0.220042 0.130792 0.125951
v 0.213842 0.164502 0.043606
v 0.214908 0.205105 0.044171
v 0.217288 0.299022 0.016892
v 0.213321 0.326070 0.013322
v 0.218673 0.332232 -0.001243
v 0.213685 0.347582 -0.000518
v 0.213125 0.389030 -0.003996
v 0.212408 0.402508 -0.022893
v 0.230266 0.112637 0.114723
v 0.220639 0.124086 0.127516
v 0.226917 0.151287 0.082732
v 0.222604 0.152234 0.035575
v 0.218588 0.268483 0.032564
v 0.216112 0.365317 -0.006615
v 0.218310 0.342162 -0.020559
v 0.217400 0.378449 -0.025609
v 0.227856 0.063012 0.102738
v 0.225271 0.148489 0.098279
v 0.223942 0.168858 0.029126
v 0.221430 0.192904 0.032481
v 0.224173 0.235424 0.031828
v 0.224545 0.276740 0.015526
v 0.224580 0.310180 -0.004978
v 0.223256 0.332960 -0.016127
v 0.228379 0.041798 0.087821
v 0.232151 0.081093 0.106621
v 0.230959 0.147328 0.049724
v 0.226716 0.208437 0.023802
v 0.227266 0.255564 0.021451
v 0.227618 0.287122 -0.000496
v 0.224179 0.334680 -0.028481
v 0.215106 0.346521 -0.038233
v 0.230551 0.119603 0.119695
v 0.231121 0.126015 0.119790
v 0.232241 0.134145 0.109851
v 0.234667 0.147975 0.066682
v 0.232022 0.144454 0.020204
v 0.234556 0.157363 0.009356
v 0.228289 0.184273 0.018683
v 0.232400 0.231890 0.009138
v 0.227526 0.320112 -0.024389
v 0.246046 0.093034 0.102143
v 0.240430 0.141299 0.092672
v 0.237445 0.133634 0.019305
v 0.237631 0.141802 0.035971
v 0.234684 0.199144 0.002016
v 0.231839 0.261546 -0.000990
v 0.232101 0.285593 -0.022839
v 0.242343 0.054497 0.087905
v 0.244275 0.069355 0.094605
v 0.242820 0.123807 0.107039
v 0.254063 0.137355 0.073128
v 0.238865 0.173855 -0.004635
v 0.236853 0.232311 -0.013026
v 0.236194 0.256224 -0.028141
v 0.251637 0.043939 0.072335
v 0.247168 0.110645 0.108719
v 0.243717 0.117862 0.110700
v 0.240216 0.138493 -0.000453
v 0.242586 0.157324 -0.012434
v 0.240746 0.200668 -0.012926
v 0.240466 0.219841 -0.028737
v 0.254899 0.072848 0.087727
v 0.250289 0.113404 0.001316
v 0.244382 0.123047 -0.007666
v 0.252126 0.128788 0.094096
v 0.243749 0.132651 -0.016528
v 0.251796 0.139848 0.055876
v 0.244912 0.164778 -0.029098
v 0.243237 0.180763 -0.018475
v 0.257864 0.055644 0.076471
v 0.254356 0.114065 0.105388
v 0.258340 0.116266 0.095371
v 0.270098 0.068577 0.077040
v 0.258626 0.101602 0.099429
v 0.264569 0.088090 0.089965
v 0.263203 0.126241 0.081378
v 0.263528 0.039035 0.064942
v 0.266128 0.051817 0.072568
v 0.269389 0.099502 0.087454
v 0.268645 0.125482 0.058432
v 0.271673 0.051497 0.066186
v 0.271928 0.111933 0.079710
v 0.271782 0.120124 0.069106
v 0.273311 0.041038 0.057113
v 0.276839 0.086819 0.077440
v 0.276537 0.041680 0.043638
v 0.282347 0.057907 0.047961
v 0.281084 0.066409 0.064130
v 0.279469 0.104474 0.071726
v 0.278615 0.112713 0.059248
v 0.283787 0.077315 0.061757
v 0.281714 0.091162 0.067014
v 0.282649 0.094031 0.056600
v 0.285416 0.076252 0.048987
v 0.053688 0.030353 -0.029725
v 0.062024 0.020599 -0.041013
v 0.069900 0.015226 -0.019100
v 0.062574 0.022228 0.000287
v 0.060756 0.025673 -0.062519
v 0.067982 0.018002 -0.060205
v 0.067876 0.020094 0.033122
v 0.074192 0.015419 0.020448
v 0.084995 0.010221 -0.036705
v 0.083724 0.011613 -0.055252
v 0.077082 0.013042 0.000414
v 0.068565 0.029566 0.067114
v 0.064907 0.025976 0.049471
v 0.083924 0.017938 0.056829
v 0.073307 0.020013 -0.078808
v 0.085100 0.013154 0.040264
v 0.078208 0.030812 0.075781
v 0.067098 0.040707 0.079908
v 0.086284 0.009362 -0.016425
v 0.084464 0.015207 -0.080386
v 0.082835 0.020161 -0.091996
v 0.080251 0.043269 0.091326
v 0.088856 0.009302 0.012436
v 0.087349 0.032138 0.079927
v 0.078314 0.071548 0.105028
v 0.079366 0.055099 0.098870
v 0.086838 0.061983 0.099137
v 0.097194 0.010615 -0.073066
v 0.095352 0.018615 -0.098959
v 0.095417 0.023548 0.068320
v 0.092487 0.044556 0.090764
v 0.085017 0.078356 0.105015
v 0.102338 0.005888 -0.047774
v 0.098405 0.008458 -0.020774
v 0.103712 0.006816 0.003289
v 0.100876 0.008498 0.032243
v 0.103356 0.013421 -0.091326
v 0.101373 0.009372 -0.055404
v 0.102186 0.005115 -0.030025
v 0.104295 0.010758 0.045640
v 0.105899 0.012969 0.055015
v 0.106009 0.030120 0.075471
v 0.112510 0.004707 -0.033608
v 0.111535 0.007168 -0.065975
v 0.110552 0.011024 -0.073856
v 0.111400 0.019037 -0.106246
v 0.111712 0.017791 0.066170
v 0.112982 0.004463 -0.016504
v 0.120968 0.028888 0.082159
v 0.098217 0.054489 0.099273
v 0.111831 0.042701 0.096119
v 0.117473 0.052095 0.106069
v 0.123028 0.007425 -0.062973
v 0.126796 0.003798 0.020439
v 0.128850 0.004494 -0.041168
v 0.124611 0.008087 0.037232
v 0.121131 0.006982 0.044565
v 0.123375 0.009520 -0.085604
v 0.120770 0.010205 0.057835
v 0.129282 0.005345 -0.077530
v 0.126185 0.001392 -0.010437
v 0.128455 0.018271 -0.108819
v 0.130557 0.015403 0.063972
v 0.131352 0.038289 0.099222
v 0.141007 0.006697 -0.056129
v 0.137092 0.007604 0.048616
v 0.146234 0.000000 0.007816
v 0.136675 0.001791 -0.016908
v 0.141960 0.010859 -0.096776
v 0.144804 0.004848 -0.086987
v 0.144073 0.007014 -0.077265
v 0.144685 0.018439 -0.110201
v 0.145572 0.016539 0.067727
v 0.146181 0.055699 0.116095
v 0.130737 0.064347 0.117418
v 0.153405 0.001950 -0.007921
v 0.152885 0.005254 -0.035670
v 0.148522 0.002637 0.028723
v 0.153763 0.002887 0.038797
v 0.150003 0.026471 0.088502
v 0.154699 0.036849 0.101639
v 0.155366 0.006534 0.048592
v 0.157317 0.010312 -0.092295
v 0.156014 0.002678 -0.078652
v 0.158438 0.007428 -0.059357
v 0.158084 0.005485 -0.074348
v 0.165872 0.021729 -0.111264
v 0.175487 0.020265 0.078042
v 0.162084 0.048721 0.112347
v 0.164781 0.001308 0.019460
v 0.161330 0.006187 -0.081690
v 0.169941 0.005874 -0.013209
v 0.166523 0.004568 0.030425
v 0.167776 0.005817 -0.065623
v 0.171399 0.011239 0.057615
v 0.173671 0.007528 -0.039920
v 0.171839 0.004010 0.037244
v 0.173611 0.006125 -0.078138
v 0.179378 0.012362 -0.086269
v 0.171852 0.017155 -0.102921
v 0.184662 0.004770 0.008015
v 0.171329 0.027814 0.091479
v 0.176162 0.038567 0.103303
v 0.180702 0.004493 0.024383
v 0.182190 0.005235 -0.064115
v 0.194807 0.007918 -0.006370
v 0.193533 0.005053 0.040092
v 0.190091 0.031248 0.092955
v 0.186275 0.004526 -0.049936
v 0.187239 0.008707 -0.070979
v 0.189642 0.007561 -0.028159
v 0.190982 0.011187 0.055875
v 0.184185 0.022505 -0.106460
v 0.194013 0.004063 -0.061907
v 0.195783 0.015284 -0.083568
v 0.197774 0.006016 -0.053693
v 0.198612 0.005950 -0.038102
v 0.203139 0.011282 -0.064424
v 0.204679 0.022166 0.073562
v 0.205326 0.041432 0.099500
v 0.201171 0.006865 -0.025122
v 0.202580 0.006207 0.029359
v 0.204705 0.006134 -0.047967
v 0.210373 0.006966 -0.017557
v 0.206489 0.002582 0.036690
v 0.208806 0.010205 -0.051560
v 0.210300 0.007717 0.014035
v 0.212582 0.032758 0.087021
v 0.209863 0.008095 -0.033524
v 0.214762 0.012219 0.053496
v 0.208483 0.019531 -0.079391
v 0.212569 0.006809 -0.003481
v 0.214100 0.006280 0.039167
v 0.215304 0.009369 0.030954
v 0.227203 0.019193 -0.041824
v 0.223268 0.021590 -0.061934
v 0.221298 0.022354 0.065795
v 0.219769 0.013101 -0.020757
v 0.219479 0.009900 -0.005041
v 0.219993 0.009314 0.010825
v 0.231967 0.011894 0.028826
v 0.225971 0.017818 -0.002211
v 0.230820 0.013056 0.045413
v 0.232145 0.017986 0.009953
v 0.234706 0.021810 -0.014413
v 0.241485 0.017229 0.021205
v 0.240631 0.020114 0.055873
v 0.241326 0.031101 0.067129
v 0.243510 0.030337 -0.023329
v 0.253667 0.020307 0.033754
v 0.253618 0.019704 0.043934
v 0.250185 0.024351 0.013440
v 0.249711 0.033849 -0.000679
v 0.260711 0.029980 0.057002
v 0.259405 0.025327 0.026451
v 0.264119 0.027397 0.042625
v 0.174919 0.489843 0.055801
v 0.175426 0.478404 0.047581
v 0.184905 0.474594 0.048477
v 0.188697 0.482913 0.066455
v 0.185418 0.466038 0.032802
v 0.195268 0.465490 0.040399
v 0.190443 0.466455 0.032115
v 0.197817 0.470004 0.062195
v 0.192517 0.462895 0.019088
v 0.200592 0.477032 0.080486
v 0.189845 0.480191 -0.060501
v 0.186652 0.490116 -0.074038
v 0.206232 0.494619 -0.069761
v 0.198483 0.461750 0.017026
v 0.195559 0.461401 0.004938
v 0.212447 0.458837 0.060737
v 0.195537 0.473501 -0.040634
v 0.199084 0.482592 -0.057258
v 0.210726 0.462014 -0.004601
v 0.198024 0.465522 -0.018404
v 0.209072 0.457881 0.039596
v 0.205697 0.466146 -0.018473
v 0.201427 0.473442 -0.037068
v 0.217302 0.462618 0.084959
v 0.214515 0.456707 0.021933
v 0.212420 0.478857 0.102080
v 0.218631 0.468782 -0.025509
v 0.216785 0.481280 -0.046840
v 0.231163 0.455319 0.012817
v 0.228463 0.451898 0.037496
v 0.230090 0.450698 0.059741
v 0.225152 0.490265 -0.054361
v 0.232213 0.461581 0.103265
v 0.227400 0.474888 0.116050
v 0.240090 0.450210 0.088542
v 0.238728 0.460158 -0.002586
v 0.238036 0.471837 -0.025109
v 0.239117 0.485605 -0.041044
v 0.236724 0.479270 0.145318
v 0.231527 0.479163 0.129557
v 0.240144 0.466710 0.131220
v 0.245223 0.446575 0.074177
v 0.245908 0.454958 0.109662
v 0.246321 0.449594 0.034369
v 0.251464 0.445912 0.056212
v 0.254583 0.465482 0.163054
v 0.254448 0.453029 0.128978
v 0.258039 0.457114 0.150737
v 0.262232 0.442648 0.088997
v 0.254493 0.454298 0.016947
v 0.260153 0.464201 -0.001495
v 0.252026 0.478112 -0.025446
v 0.267774 0.441337 0.110328
v 0.264527 0.448228 0.040471
v 0.269358 0.447596 0.145269
v 0.266521 0.457449 0.170671
v 0.269420 0.476724 -0.012534
v 0.274237 0.458746 0.187060
v 0.259524 0.474442 0.184481
v 0.274397 0.442767 0.062942
v 0.276093 0.456400 0.023935
v 0.278944 0.449053 0.172071
v 0.287366 0.440162 0.147994
v 0.276392 0.466613 0.005422
v 0.280248 0.436807 0.103719
v 0.282803 0.437970 0.086922
v 0.295662 0.438205 0.080988
v 0.294382 0.444779 0.057712
v 0.284902 0.452408 0.039730
v 0.287690 0.447861 0.184782
v 0.283325 0.455562 0.194458
v 0.295544 0.435127 0.100656
v 0.292832 0.434784 0.120658
v 0.300701 0.443460 0.172516
v 0.302353 0.451023 0.190106
v 0.294412 0.462319 0.200839
v 0.305180 0.466686 0.025922
v 0.309648 0.434675 0.138555
v 0.305273 0.453003 0.044425
v 0.308799 0.461519 0.201863
v 0.321787 0.433899 0.111416
v 0.322428 0.437345 0.094702
v 0.314885 0.440372 0.078748
v 0.321011 0.439530 0.161431
v 0.321564 0.445979 0.176614
v 0.322708 0.451283 0.058794
v 0.329245 0.433562 0.129093
v 0.320215 0.455500 0.193112
v 0.328143 0.465104 0.043482
v 0.334593 0.443041 0.165008
v 0.336719 0.451950 0.179828
v 0.333426 0.436537 0.148302
v 0.335725 0.444475 0.082285
v 0.336909 0.461560 0.192218
v 0.350390 0.441783 0.109549
v 0.345470 0.437222 0.125778
v 0.340316 0.455122 0.066931
v 0.345367 0.440019 0.147632
v 0.351366 0.447603 0.161425
v 0.356555 0.451551 0.091585
v 0.360470 0.447759 0.148321
v 0.365746 0.447267 0.129858
v 0.369767 0.452756 0.111927
v 0.372934 0.454645 0.140219
v 0.380614 0.461265 0.126335
v 0.289344 0.500933 0.213115
v 0.277333 0.495496 0.211691
v 0.287238 0.481073 0.207537
v 0.282220 0.509405 0.215751
v 0.286981 0.519188 0.212972
v 0.296007 0.518287 0.212171
v 0.294531 0.531349 0.213285
v 0.317650 0.523121 0.209870
v 0.303372 0.504373 0.214746
v 0.310444 0.479495 0.210920
v 0.309818 0.534917 0.207526
v 0.312499 0.542642 0.206103
v 0.326685 0.486893 0.208710
v 0.304175 0.491289 0.213815
v 0.324372 0.501426 0.211271
v 0.325345 0.469708 0.203057
v 0.321420 0.539919 0.201003
v 0.317263 0.550708 0.198758
v 0.331706 0.547054 0.193528
v 0.320115 0.563681 0.185646
v 0.338355 0.513216 0.205493
v 0.335612 0.529032 0.202997
v 0.341171 0.558603 0.180095
v 0.334114 0.573811 0.166498
v 0.346084 0.480228 0.198881
v 0.346224 0.498227 0.202402
v 0.354181 0.563704 0.165386
v 0.354020 0.463908 0.182149
v 0.353581 0.523283 0.195602
v 0.354783 0.537848 0.187973
v 0.362183 0.491297 0.190409
v 0.360854 0.543752 0.175231
v 0.363979 0.461441 0.167881
v 0.367175 0.475945 0.179571
v 0.365756 0.507615 0.188765
v 0.366786 0.524711 0.185083
v 0.372656 0.461606 0.151877
v 0.370921 0.532065 0.176344
v 0.371364 0.548599 0.161556
v 0.375377 0.490232 0.176035
v 0.366378 0.561669 0.153441
v 0.376797 0.473339 0.162947
v 0.377193 0.512760 0.176887
v 0.377939 0.532949 0.160638
v 0.379621 0.546645 0.149189
v 0.382209 0.518927 0.165541
v 0.384582 0.471917 0.142596
v 0.382866 0.482798 0.157687
v 0.382697 0.497133 0.167789
v 0.388460 0.532865 0.143291
v 0.388205 0.488308 0.145284
v 0.387182 0.503261 0.153436
v 0.387723 0.521130 0.147711
v 0.386581 0.541460 0.132269
v 0.390168 0.475144 0.131733
v 0.394436 0.486393 0.135232
v 0.395628 0.499408 0.136489
v 0.395586 0.518033 0.136102
v 0.395519 0.488416 0.125870
v 0.398055 0.502287 0.126120
vn -1.0000 0.0068 -0.0058
vn -0.9632 0.1053 -0.2473
vn -0.9607 -0.2383 -0.1422
vn -0.9391 -0.1006 -0.3285
vn -0.9101 0.0765 -0.4073
vn -0.9337 0.3496 -0.0775
vn -0.8586 -0.3559 -0.3689
vn -0.8487 -0.5171 -0.1109
vn -0.8759 -0.2147 -0.4322
vn -0.8836 0.3526 -0.3081
vn -0.7690 -0.5644 -0.3002
vn -0.8810 -0.0436 -0.4711
vn -0.8743 0.1844 -0.4490
vn -0.7771 -0.4113 -0.4764
vn -0.8197 -0.2370 -0.5214
vn -0.8268 0.3941 -0.4013
vn -0.7875 0.5308 -0.3132
vn -0.8427 0.0512 -0.5359
vn -0.6838 -0.6004 -0.4146
vn -0.8252 0.3121 -0.4708
vn -0.7228 -0.3835 -0.5748
vn -0.7901 -0.1729 -0.5881
vn -0.7585 0.5414 -0.3627
vn -0.6435 -0.5678 -0.5133
vn -0.7869 0.0087 -0.6171
vn -0.7875 0.1946 -0.5848
vn -0.5775 -0.5675 -0.5869
vn -0.7798 0.4007 -0.4809
vn -0.7214 -0.2063 -0.6611
vn -0.6360 -0.4237 -0.6449
vn -0.7193 0.0026 -0.6947
vn -0.6814 0.6216 -0.3865
vn -0.6416 -0.3037 -0.7044
vn -0.7308 0.2766 -0.6240
vn -0.6769 0.5489 -0.4904
vn -0.5413 -0.5333 -0.6501
vn -0.7583 0.1299 -0.6388
vn -0.4219 -0.7178 -0.5538
vn -0.6606 -0.3042 -0.6863
vn -0.7576 -0.0607 -0.6499
vn -0.7647 0.0960 -0.6372
vn -0.7293 0.3245 -0.6023
vn -0.6943 0.5202 -0.4973
vn -0.7147 -0.1722 -0.6779
vn -0.3979 -0.6871 -0.6079
vn -0.5185 -0.5621 -0.6444
vn -0.6762 0.5127 -0.5290
vn -0.7029 -0.0597 -0.7088
vn -0.6165 -0.3137 -0.7222
vn -0.7259 0.1994 -0.6582
vn -0.6874 0.3915 -0.6118
vn -0.5548 -0.4736 -0.6840
vn -0.4503 -0.6635 -0.5975
vn -0.7003 -0.1320 -0.7015
vn -0.5903 -0.3895 -0.7070
vn -0.6006 0.6248 -0.4989
vn -0.7279 0.1151 -0.6759
vn -0.7013 0.3515 -0.6202
vn -0.4929 -0.5447 -0.6785
vn -0.6635 0.4448 -0.6016
vn -0.6075 -0.3777 -0.6987
vn -0.6628 0.4804 -0.5743
vn -0.6426 -0.2651 -0.7188
vn -0.6977 0.3504 -0.6249
vn -0.5890 0.5961 -0.5456
vn -0.6710 0.0842 -0.7367
vn -0.5555 0.6753 -0.4852
vn -0.6356 0.3560 -0.6850
vn -0.6323 0.5318 -0.5633
vn -0.5375 0.5544 -0.6353
vn -0.5076 0.1821 -0.8421
vn -0.5341 -0.1474 -0.8325
vn -0.5572 0.3343 -0.7601
vn -0.2950 -0.1891 -0.9366
vn -0.5312 0.4733 -0.7027
vn -0.3842 0.7234 -0.5736
vn -0.3005 -0.1137 -0.9470
vn -0.4043 0.2009 -0.8923
vn -0.2912 0.5770 -0.7631
vn -0.6075 0.2721 -0.7463
vn -0.6822 0.1992 -0.7035
vn -0.8354 0.2308 -0.4988
vn -0.6998 0.3011 -0.6478
vn -0.1969 0.4368 -0.8777
vn -0.5576 -0.0176 -0.8299
vn -0.6140 0.0250 -0.7889
vn -0.7299 0.0149 -0.6834
vn -0.6936 0.0092 -0.7203
vn -0.5484 0.1923 -0.8138
vn -0.5110 0.3041 -0.8040
vn -0.8167 0.2030 -0.5401
vn -0.7954 0.4082 -0.4480
vn -0.3127 0.0148 -0.9497
vn -0.3573 -0.2836 -0.8899
vn -0.1478 0.6746 -0.7232
vn -0.5624 0.0196 -0.8267
vn -0.7351 0.1027 -0.6702
vn -0.1617 0.6410 -0.7503
vn -0.5342 0.0206 -0.8451
vn -0.5906 0.0613 -0.8046
vn -0.2963 0.6993 -0.6505
vn -0.2394 0.6020 -0.7618
vn -0.4817 0.0508 -0.8748
vn -0.5030 0.0371 -0.8635
vn -0.5522 0.2005 -0.8093
vn -0.7321 -0.2092 -0.6483
vn -0.2633 -0.1327 -0.9556
vn -0.2387 0.2188 -0.9461
vn -0.2853 0.5547 -0.7816
vn -0.4425 -0.0196 -0.8966
vn -0.5178 -0.0380 -0.8546
vn -0.4857 0.2344 -0.8421
vn -0.5564 0.2015 -0.8061
vn -0.3044 0.7638 -0.5692
vn -0.4594 0.5499 -0.6975
vn -0.3228 0.6528 -0.6853
vn 0.0008 -0.0612 -0.9981
vn -0.4667 0.5204 -0.7151
vn -0.4595 0.5499 -0.6975
vn -0.2072 0.6329 -0.7460
vn -0.8718 -0.0289 -0.4890
vn -0.6918 -0.3193 -0.6477
vn 0.1048 -0.0216 -0.9943
vn -0.1365 -0.1856 -0.9731
vn -0.1101 0.5201 -0.8470
vn 0.0277 0.3268 -0.9447
vn 0.1624 0.6503 -0.7421
vn -0.3405 0.0085 -0.9402
vn -0.7064 0.2124 -0.6752
vn -0.7350 0.0999 -0.6706
vn -0.7752 0.1919 -0.6018
vn -0.3599 -0.0496 -0.9317
vn -0.4384 0.1906 -0.8783
vn -0.6138 -0.1604 -0.7730
vn -0.7239 -0.2888 -0.6265
vn -0.6858 -0.3003 -0.6630
vn -0.7594 -0.0555 -0.6482
vn -0.6786 -0.1699 -0.7146
vn -0.7119 -0.2158 -0.6683
vn -0.6019 0.2223 -0.7670
vn -0.7645 0.3108 -0.5648
vn -0.5153 -0.1897 -0.8357
vn 0.1695 0.2112 -0.9626
vn 0.6189 0.2337 -0.7499
vn -0.3795 0.0540 -0.9236
vn -0.6187 -0.2792 -0.7344
vn -0.6970 0.0037 -0.7171
vn -0.6817 0.1433 -0.7175
vn -0.6334 0.3585 -0.6858
vn -0.7184 0.2894 -0.6326
vn -0.7228 0.3307 -0.6068
vn -0.3268 0.2317 -0.9162
vn 0.5352 0.0494 -0.8433
vn 0.5546 0.4496 -0.7002
vn -0.6550 -0.4086 -0.6357
vn -0.6341 0.3958 -0.6643
vn -0.1310 0.4077 -0.9037
vn 0.4918 0.2776 -0.8253
vn 0.4979 0.4953 -0.7119
vn 0.5828 0.3714 -0.7228
vn 0.3979 0.6119 -0.6836
vn 0.3941 0.6069 -0.6902
vn -0.2368 -0.0838 -0.9679
vn -0.1758 -0.0864 -0.9806
vn -0.5705 -0.4175 -0.7072
vn -0.5754 -0.3359 -0.7457
vn -0.6095 0.0713 -0.7896
vn -0.6713 0.2668 -0.6915
vn -0.5740 0.3762 -0.7273
vn -0.4975 0.4648 -0.7325
vn -0.1874 -0.0282 -0.9819
vn -0.0791 -0.0563 -0.9953
vn -0.6160 -0.1481 -0.7737
vn -0.5887 0.2078 -0.7812
vn -0.2423 0.5222 -0.8177
vn 0.2220 0.5613 -0.7973
vn -0.4217 -0.0458 -0.9056
vn -0.5847 -0.2920 -0.7569
vn -0.5599 0.4284 -0.7092
vn -0.5467 0.4489 -0.7069
vn -0.1158 0.6158 -0.7794
vn -0.1386 0.6433 -0.7530
vn -0.6949 0.4405 -0.5684
vn 0.1011 0.7738 -0.6253
vn -0.3853 0.4908 -0.7814
vn -0.7829 -0.4595 -0.4194
vn -0.5619 0.2603 -0.7852
vn -0.5926 0.3302 -0.7347
vn -0.5337 0.3880 -0.7514
vn -0.5281 0.4781 -0.7018
vn -0.5483 0.5063 -0.6656
vn -0.5683 0.4768 -0.6706
vn -0.6520 0.4255 -0.6275
vn -0.7559 0.2288 -0.6134
vn -0.5424 -0.3325 -0.7715
vn -0.5058 -0.0370 -0.8619
vn -0.4796 0.1424 -0.8658
vn -0.4028 -0.3675 -0.8382
vn -0.4708 -0.4097 -0.7813
vn -0.5396 0.4740 -0.6958
vn -0.6242 0.4009 -0.6705
vn -0.5042 -0.5102 -0.6968
vn -0.5194 -0.2017 -0.8304
vn -0.4959 0.3328 -0.8021
vn -0.4319 0.0326 -0.9013
vn -0.4415 0.2199 -0.8699
vn -0.5091 0.4226 -0.7498
vn -0.7248 0.1788 -0.6654
vn -0.4538 -0.0793 -0.8876
vn -0.3824 0.1458 -0.9124
vn -0.5111 0.4618 -0.7249
vn -0.5755 0.4133 -0.7057
vn -0.4192 -0.4241 -0.8027
vn -0.4626 -0.2866 -0.8390
vn -0.6295 0.2890 -0.7213
vn -0.4074 -0.5350 -0.7401
vn -0.4446 0.3521 -0.8236
vn -0.5823 -0.5299 -0.6166
vn -0.3900 0.3002 -0.8705
vn -0.5453 0.4169 -0.7272
vn -0.3343 -0.4819 -0.8100
vn -0.2992 -0.3827 -0.8741
vn -0.3800 0.0556 -0.9233
vn -0.3154 0.1944 -0.9288
vn -0.3433 0.2499 -0.9054
vn -0.3498 -0.1907 -0.9172
vn -0.4011 -0.0133 -0.9159
vn -0.4484 0.4410 -0.7774
vn -0.5506 -0.4058 -0.7295
vn -0.4876 0.4518 -0.7470
vn -0.5535 0.3013 -0.7764
vn -0.2973 -0.6110 -0.7337
vn -0.3085 -0.4745 -0.8244
vn -0.2725 0.1444 -0.9513
vn -0.5811 0.2155 -0.7848
vn -0.3105 0.2773 -0.9092
vn -0.3911 0.3702 -0.8426
vn -0.2640 0.0662 -0.9622
vn -0.2764 0.2125 -0.9372
vn -0.4321 0.4621 -0.7744
vn -0.5157 0.2452 -0.8209
vn -0.4381 -0.5470 -0.7134
vn -0.2525 -0.5111 -0.8216
vn -0.2902 -0.5151 -0.8065
vn -0.3500 0.3058 -0.8854
vn -0.4876 0.3475 -0.8009
vn -0.2367 -0.1917 -0.9525
vn -0.2442 0.1635 -0.9558
vn -0.4356 0.4309 -0.7903
vn -0.3274 -0.4165 -0.8481
vn -0.2341 0.2520 -0.9390
vn -0.4450 -0.5508 -0.7061
vn -0.8908 -0.3333 -0.3088
vn -0.8897 0.2168 -0.4018
vn -0.2308 -0.3301 -0.9153
vn -0.1825 0.0045 -0.9832
vn -0.2010 0.1260 -0.9715
vn -0.3459 0.3950 -0.8511
vn -0.2417 -0.6205 -0.7461
vn -0.8511 0.3701 -0.3723
vn -0.8186 0.0681 -0.5704
vn -0.9630 0.0120 -0.2692
vn -0.9140 0.3227 -0.2460
vn -0.4050 -0.1802 -0.8964
vn -0.2174 0.1804 -0.9593
vn -0.2682 0.3047 -0.9139
vn -0.3716 -0.6076 -0.7020
vn -0.4539 0.2587 -0.8527
vn -0.7178 0.5884 -0.3723
vn -0.3223 0.4217 -0.8475
vn -0.3936 0.3875 -0.8336
vn -0.7227 -0.6627 -0.1961
vn -0.6766 0.3139 -0.6661
vn -0.6828 0.5070 -0.5261
vn -0.1514 -0.2407 -0.9587
vn -0.1966 0.1523 -0.9686
vn -0.3859 0.3172 -0.8663
vn -0.5976 0.0999 -0.7956
vn -0.7859 -0.1692 -0.5948
vn -0.2006 0.3470 -0.9162
vn -0.4285 0.4711 -0.7710
vn -0.4649 0.7155 -0.5215
vn -0.4139 0.2698 -0.8694
vn -0.1421 0.2235 -0.9643
vn -0.3757 -0.3201 -0.8697
vn -0.6061 -0.2062 -0.7682
vn -0.6871 -0.3800 -0.6192
vn -0.1132 0.0227 -0.9933
vn -0.4388 0.7747 -0.4552
vn -0.0603 0.1812 -0.9816
vn -0.1538 0.2913 -0.9442
vn -0.2591 -0.0538 -0.9643
vn -0.3029 -0.1045 -0.9473
vn -0.2684 0.6865 -0.6758
vn -0.2084 0.8103 -0.5478
vn -0.0939 -0.1790 -0.9794
vn -0.1046 0.1490 -0.9833
vn -0.1176 0.2469 -0.9619
vn -0.1248 0.3694 -0.9208
vn -0.1903 0.3923 -0.8999
vn -0.3133 0.3743 -0.8728
vn -0.2554 0.2297 -0.9391
vn -0.2785 0.7064 -0.6508
vn -0.0547 0.1215 -0.9911
vn -0.0797 -0.1974 -0.9771
vn -0.1048 0.3752 -0.9210
vn -0.1061 0.5576 -0.8233
vn -0.0421 0.7360 -0.6756
vn -0.0010 0.5796 -0.8149
vn 0.0692 0.6904 0.7201
vn -0.1733 0.5368 0.8257
vn 0.3074 0.6666 0.6791
vn -0.2137 0.4055 0.8888
vn 0.2817 0.7714 0.5706
vn 0.3478 0.4836 0.8032
vn 0.5596 0.5296 0.6375
vn 0.2906 -0.3961 0.8710
vn 0.0691 -0.3834 0.9210
vn 0.2545 -0.5577 0.7901
vn 0.0728 -0.1950 0.9781
vn 0.6306 0.4431 0.6371
vn 0.4545 0.6387 0.6210
vn 0.3324 0.8179 0.4696
vn 0.1724 0.9008 0.3985
vn 0.2510 0.0905 0.9637
vn 0.4585 0.6896 0.5606
vn 0.5481 -0.4769 0.6871
vn 0.4512 -0.1460 0.8804
vn 0.6873 0.2394 0.6858
vn 0.5028 -0.6833 0.5295
vn 0.6587 -0.2157 0.7209
vn 0.7547 0.0593 0.6534
vn 0.6781 0.3427 0.6502
vn 0.6006 0.4973 0.6260
vn 0.4796 0.7291 0.4882
vn 0.3527 0.8453 0.4013
vn 0.7362 -0.5137 0.4406
vn 0.7779 -0.2092 0.5925
vn 0.5782 0.5792 0.5746
vn 0.4766 0.7255 0.4964
vn 0.2116 0.8859 0.4129
vn 0.7783 0.0401 0.6266
vn 0.8331 -0.2296 0.5032
vn 0.7223 -0.6231 0.3001
vn 0.8000 -0.4516 0.3951
vn 0.7502 0.2547 0.6102
vn 0.6093 0.6406 0.4674
vn 0.3812 0.7586 0.5284
vn 0.1803 0.8800 0.4394
vn 0.5291 0.6111 0.5887
vn 0.8829 -0.0388 0.4679
vn 0.7080 0.3966 0.5843
vn 0.6137 0.5659 0.5506
vn 0.3804 0.7317 0.5657
vn 0.2386 0.8614 0.4484
vn 0.8548 -0.3679 0.3661
vn 0.7719 -0.5763 0.2685
vn 0.7445 0.4745 0.4696
vn 0.8771 0.1980 0.4376
vn 0.7529 0.3624 0.5494
vn 0.6502 -0.6724 0.3537
vn 0.7759 -0.4697 0.4212
vn 0.9116 -0.1946 0.3620
vn 0.6371 0.4283 0.6408
vn 0.5009 0.6319 0.5915
vn 0.6501 -0.5996 0.4667
vn 0.7778 -0.2696 0.5677
vn 0.8646 -0.0072 0.5024
vn 0.8584 0.1321 0.4957
vn 0.7360 -0.3811 0.5595
vn 0.7319 0.1172 0.6712
vn 0.2734 0.8086 0.5209
vn 0.1243 0.9054 0.4059
vn 0.7727 -0.1358 0.6201
vn 0.6007 0.4829 0.6372
vn 0.1639 0.8073 0.5669
vn -0.0998 0.9588 0.2661
vn 0.7064 0.2855 0.6476
vn 0.4679 0.5570 0.6862
vn 0.7592 0.0593 0.6482
vn 0.0179 0.7868 0.6170
vn -0.2199 0.8570 0.4660
vn 0.6445 -0.6606 0.3850
vn 0.7646 -0.3997 0.5056
vn 0.2969 0.6482 0.7012
vn 0.7900 -0.1975 0.5805
vn 0.7115 0.2446 0.6587
vn 0.7049 -0.5451 0.4539
vn 0.7480 -0.3623 0.5561
vn 0.0473 0.7092 0.7035
vn 0.7409 0.0378 0.6705
vn 0.5968 0.3004 0.7440
vn -0.1287 0.6782 0.7235
vn 0.0501 0.5936 0.8032
vn 0.6341 -0.5632 0.5298
vn 0.7598 -0.2203 0.6117
vn 0.6260 0.1223 0.7702
vn 0.4351 0.3424 0.8327
vn 0.2173 0.4791 0.8504
vn -0.5740 0.0699 0.8159
vn 0.5397 -0.3286 0.7751
vn 0.7083 -0.2932 0.6421
vn 0.7069 -0.1234 0.6964
vn -0.0558 0.5096 0.8586
vn 0.0545 0.6818 0.7295
vn 0.5622 0.0171 0.8268
vn 0.1298 0.4397 0.8887
vn -0.0558 0.7869 0.6146
vn -0.0607 0.0050 0.9981
vn 0.5635 -0.1660 0.8093
vn 0.4997 0.1516 0.8528
vn 0.3329 0.5049 0.7964
vn 0.1341 0.5501 0.8242
vn -0.7823 -0.3748 0.4975
vn 0.3952 0.3055 0.8663
vn -0.4624 0.2486 0.8511
vn 0.5468 -0.1413 0.8252
vn -0.0581 0.1530 0.9865
vn 0.4099 0.5598 0.7202
vn -0.4831 -0.7717 0.4136
vn 0.6947 0.1602 0.7012
vn 0.6811 0.1145 0.7232
vn 0.5254 0.3838 0.7594
vn 0.6715 0.4446 0.5928
vn 0.3364 -0.2891 0.8963
vn 0.5151 0.1191 0.8488
vn 0.3788 0.2779 0.8828
vn 0.6634 0.3725 0.6490
vn 0.6403 -0.2666 0.7204
vn -0.4022 0.3965 0.8252
vn -0.2495 0.5068 0.8252
vn 0.4686 0.3459 0.8129
vn 0.4883 0.5626 0.6671
vn 0.2678 0.1924 0.9441
vn -0.4231 0.5345 0.7316
vn -0.8034 -0.3562 0.4772
vn -0.7008 -0.5223 0.4858
vn -0.3765 -0.3073 0.8740
vn -0.4512 -0.2349 0.8610
vn -0.6759 -0.1669 0.7179
vn -0.4647 0.0162 0.8853
vn -0.8154 0.0533 0.5765
vn -0.5980 0.1576 0.7858
vn -0.1974 -0.0953 0.9757
vn -0.6284 0.0913 0.7725
vn -0.2036 0.0748 0.9762
vn -0.2650 0.1075 0.9582
vn -0.3573 -0.0045 0.9340
vn -0.6824 0.2153 0.6985
vn -0.5279 0.2667 0.8063
vn -0.1266 -0.0639 0.9899
vn -0.6048 0.2662 0.7506
vn -0.7557 0.3760 0.5362
vn -0.4914 0.2668 0.8291
vn -0.5354 -0.5788 0.6151
vn 0.1631 0.0323 0.9861
vn 0.0821 0.0559 0.9951
vn 0.0510 -0.1070 0.9930
vn -0.2315 0.1066 0.9670
vn -0.3241 0.0181 0.9458
vn 0.2809 0.0343 0.9591
vn -0.2041 0.1230 0.9712
vn -0.3227 0.2852 0.9025
vn -0.5979 0.4885 0.6355
vn -0.3108 -0.4371 0.8440
vn -0.4021 -0.8329 0.3802
vn -0.0262 -0.0463 0.9986
vn -0.2177 -0.3227 0.9211
vn 0.1634 0.1270 0.9784
vn 0.3681 -0.2335 0.9000
vn 0.1319 -0.1643 0.9776
vn -0.3651 0.3896 0.8455
vn -0.1683 -0.6449 0.7455
vn 0.4067 0.1978 0.8919
vn 0.6308 0.0189 0.7757
vn -0.2663 -0.8923 0.3644
vn 0.0577 -0.0881 0.9944
vn 0.2387 0.1906 0.9522
vn 0.6254 -0.3249 0.7095
vn 0.2748 -0.3416 0.8988
vn -0.0066 -0.0491 0.9988
vn 0.4787 0.3723 0.7951
vn 0.6833 0.2866 0.6715
vn 0.6854 -0.2148 0.6957
vn -0.6589 -0.2885 0.6947
vn -0.6483 -0.6427 0.4082
vn 0.0487 0.1862 0.9813
vn 0.5501 0.5136 0.6585
vn 0.6683 0.2796 0.6894
vn 0.4466 -0.5370 0.7157
vn -0.1871 0.2262 0.9560
vn -0.6476 0.1940 0.7369
vn 0.0558 -0.2150 0.9750
vn -0.5102 0.3839 0.7696
vn -0.0801 0.6255 0.7761
vn 0.4341 0.4937 0.7536
vn 0.2937 -0.6403 0.7098
vn 0.1465 -0.4875 0.8608
vn 0.0422 0.6964 0.7164
vn 0.5973 -0.0719 0.7988
vn 0.3129 0.2566 0.9145
vn 0.2666 -0.6712 0.6917
vn -0.3390 0.6712 0.6592
vn 0.2926 -0.5061 0.8113
vn -0.0392 0.2027 0.9785
vn -0.1542 0.8030 0.5757
vn -0.0400 -0.7225 0.6902
vn -0.1710 -0.5505 0.8171
vn -0.0616 -0.2864 0.9561
vn -0.4604 0.4106 0.7871
vn -0.0926 -0.2229 0.9704
vn -0.1376 -0.6577 0.7406
vn -0.2278 -0.3072 0.9240
vn -0.6596 0.0443 0.7503
vn -0.3267 -0.6891 0.6469
vn -0.2841 -0.4049 0.8691
vn -0.1341 -0.0199 0.9908
vn -0.5433 -0.4773 0.6906
vn 0.1360 0.5421 0.8292
vn -0.0108 -0.0322 0.9994
vn -0.3858 -0.5860 0.7125
vn -0.1139 -0.2180 0.9693
vn 0.3342 0.3608 0.8707
vn -0.2630 -0.3695 0.8913
vn 0.0990 -0.0555 0.9935
vn -0.0357 -0.0957 0.9948
vn -0.4889 -0.3335 0.8061
vn 0.2728 0.3256 0.9053
vn -0.6821 0.3980 0.6134
vn -0.4450 0.4460 0.7766
vn 0.3108 0.1237 0.9424
vn 0.6415 0.4832 0.5958
vn 0.1541 0.1509 0.9765
vn 0.6564 0.1852 0.7313
vn 0.0690 0.8428 0.5338
vn 0.7350 0.5522 0.3935
vn -0.5894 -0.4844 0.6465
vn -0.5117 -0.6777 0.5281
vn -0.3689 -0.5030 0.7816
vn -0.5820 -0.3624 0.7280
vn -0.3427 -0.4114 0.8446
vn -0.6454 -0.2689 0.7149
vn -0.3308 -0.3704 0.8680
vn -0.5983 -0.1109 0.7936
vn -0.3841 -0.6990 0.6032
vn -0.4818 -0.2138 0.8498
vn -0.4528 -0.3633 0.8142
vn -0.3541 -0.6949 0.6259
vn -0.5286 -0.5053 0.6821
vn -0.3443 -0.3673 0.8640
vn -0.5168 -0.0363 0.8553
vn -0.5985 -0.2673 0.7553
vn -0.4808 -0.2440 0.8422
vn -0.3176 -0.7812 0.5374
vn -0.4477 -0.4571 0.7685
vn -0.4770 -0.2095 0.8536
vn -0.2985 -0.3771 0.8767
vn -0.4249 -0.1890 0.8853
vn -0.6429 0.3360 0.6884
vn -0.2704 -0.7890 0.5516
vn -0.3451 -0.7056 0.6189
vn -0.3786 -0.3164 0.8698
vn -0.3618 -0.2151 0.9071
vn -0.2775 -0.5040 0.8179
vn -0.2966 -0.1708 0.9396
vn -0.2990 -0.4920 0.8176
vn -0.4148 -0.0723 0.9070
vn -0.3286 -0.2424 0.9128
vn -0.2634 -0.4152 0.8708
vn -0.2071 -0.7244 0.6575
vn -0.2825 0.0012 0.9593
vn -0.2199 -0.0938 0.9710
vn -0.1945 -0.1427 0.9705
vn -0.1420 -0.2359 0.9613
vn -0.1038 -0.3022 0.9476
vn -0.1105 -0.5623 0.8195
vn -0.0673 -0.7793 0.6230
vn -0.1974 -0.3459 0.9173
vn -0.0449 0.0418 0.9981
vn -0.1254 -0.2956 0.9470
vn -0.3265 0.3524 0.8770
vn -0.3478 0.5017 0.7920
vn -0.0266 -0.2671 0.9633
vn 0.0160 -0.6667 0.7451
vn -0.0080 -0.3711 0.9286
vn -0.0559 -0.3717 0.9267
vn -0.0113 0.5588 0.8292
vn 0.1214 -0.4522 0.8836
vn 0.2227 0.0413 0.9740
vn 0.0718 -0.7701 0.6339
vn 0.0530 -0.5018 0.8634
vn 0.0121 -0.1217 0.9925
vn 0.0849 0.6922 0.7167
vn 0.1217 -0.0466 0.9915
vn 0.1715 -0.2688 0.9478
vn 0.1644 -0.6103 0.7749
vn 0.2177 -0.3946 0.8927
vn 0.1805 -0.0118 0.9835
vn 0.3128 -0.3019 0.9005
vn 0.3788 0.3814 0.8432
vn 0.1861 -0.0539 0.9811
vn 0.2546 0.0058 0.9670
vn 0.2714 0.4799 0.8343
vn 0.2123 -0.7273 0.6527
vn 0.3119 -0.1629 0.9360
vn 0.1295 0.1272 0.9834
vn 0.3690 0.4880 0.7910
vn 0.2877 0.6682 0.6861
vn 0.2725 0.0294 0.9617
vn 0.3419 -0.6645 0.6645
vn 0.2488 -0.8183 0.5181
vn 0.3167 -0.5185 0.7942
vn 0.3897 -0.2899 0.8741
vn 0.2793 -0.1903 0.9412
vn 0.0941 -0.8828 0.4601
vn 0.0649 -0.8485 0.5252
vn 0.1319 -0.7380 0.6618
vn 0.4814 0.3570 0.8005
vn 0.2587 -0.2935 0.9203
vn 0.2448 -0.1586 0.9565
vn 0.4635 0.5347 0.7066
vn 0.0319 -0.7423 0.6693
vn 0.4399 -0.4476 0.7786
vn 0.2778 -0.3948 0.8758
vn 0.2347 -0.8672 0.4391
vn 0.1725 -0.5549 0.8138
vn 0.0902 -0.3905 0.9162
vn -0.0151 -0.5949 0.8037
vn 0.1754 -0.1997 0.9640
vn 0.5025 0.1973 0.8418
vn -0.0463 -0.4388 0.8974
vn 0.2663 -0.7817 0.5640
vn 0.4120 -0.5884 0.6957
vn 0.3056 -0.4491 0.8396
vn 0.1036 -0.3714 0.9227
vn 0.4051 -0.1691 0.8985
vn 0.5775 -0.6536 0.4892
vn 0.4945 -0.2337 0.8372
vn 0.7270 -0.5147 0.4546
vn 0.7218 -0.4152 0.5537
vn 0.6903 -0.2585 0.6757
vn -0.9983 0.0581 0.0050
vn -0.9925 -0.0268 -0.1191
vn -0.9955 -0.0781 0.0536
vn -0.9898 0.0326 0.1387
vn -0.9835 -0.1712 0.0585
vn -0.9761 -0.1594 0.1480
vn -0.9799 -0.1104 0.1663
vn -0.9756 0.0356 0.2168
vn -0.9819 0.1017 0.1599
vn -0.9837 -0.0235 0.1783
vn -0.8073 -0.5878 -0.0513
vn -0.9644 -0.2630 -0.0294
vn -0.9596 -0.2558 0.1170
vn -0.9528 -0.0965 0.2877
vn -0.9648 0.1500 0.2158
vn -0.9516 0.2170 0.2175
vn -0.9373 -0.3476 0.0249
vn -0.9579 -0.2306 0.1713
vn -0.9441 -0.1690 0.2832
vn -0.9189 0.0375 0.3927
vn -0.9159 0.1488 0.3728
vn -0.9105 0.2617 0.3201
vn -0.9272 -0.3474 0.1400
vn -0.9038 -0.3034 0.3019
vn -0.9085 -0.1160 0.4015
vn -0.8862 0.3450 0.3092
vn -0.8849 -0.4658 0.0057
vn -0.8926 -0.4360 0.1145
vn -0.9063 -0.1806 0.3822
vn -0.8874 0.0269 0.4603
vn -0.8881 0.1727 0.4260
vn -0.8705 0.2883 0.3989
vn -0.8598 0.4401 0.2591
vn -0.8420 0.4333 0.3213
vn -0.0800 0.6255 0.7761
vn -0.8646 -0.4541 0.2152
vn -0.8840 -0.2606 0.3881
vn -0.8902 -0.1099 0.4422
vn -0.8600 0.3425 0.3782
vn -0.7909 0.5659 0.2329
vn 0.0423 0.6964 0.7164
vn -0.8329 -0.5459 0.0906
vn -0.8425 -0.4335 0.3197
vn -0.8822 -0.1740 0.4375
vn -0.7879 -0.1323 0.6014
vn -0.8338 0.5096 0.2124
vn -0.8161 -0.5662 0.1158
vn -0.8143 -0.0456 0.5786
vn -0.7946 0.0564 0.6045
vn -0.8400 0.1635 0.5174
vn -0.8295 0.2934 0.4753
vn -0.3390 0.6712 0.6593
vn -0.7939 0.5864 0.1608
vn -0.7868 0.5738 0.2275
vn -0.7689 -0.6059 0.2041
vn -0.8492 -0.2961 0.4373
vn -0.8201 -0.1942 0.5382
vn -0.8088 0.4045 0.4268
vn -0.7688 0.5804 0.2685
vn -0.7345 -0.1653 0.6581
vn -0.7465 -0.0352 0.6644
vn -0.7935 0.1841 0.5800
vn -0.7614 0.5377 0.3622
vn -0.7792 -0.5794 0.2388
vn -0.7974 -0.3864 0.4636
vn -0.7750 -0.2367 0.5859
vn -0.7771 0.3046 0.5508
vn -0.7743 0.3971 0.4927
vn -0.7529 0.6199 0.2211
vn -0.7935 -0.5032 0.3423
vn -0.7275 -0.1579 0.6677
vn -0.7399 0.0673 0.6693
vn -0.7391 0.4974 0.4542
vn -0.8289 0.4632 0.3137
vn -0.5434 -0.4773 0.6906
vn -0.7315 -0.6716 0.1174
vn -0.7081 -0.6812 0.1858
vn -0.7191 0.6234 0.3069
vn -0.6552 -0.3920 0.6458
vn -0.7781 0.5305 0.3363
vn -0.3268 -0.6891 0.6469
vn -0.6681 -0.7104 0.2213
vn -0.7315 -0.6103 0.3042
vn -0.7354 -0.3638 0.5717
vn -0.6669 -0.1580 0.7282
vn -0.6745 -0.0544 0.7363
vn -0.7065 0.1887 0.6821
vn -0.7293 0.4121 0.5462
vn -0.7065 0.5825 0.4019
vn -0.6824 0.6758 0.2787
vn -0.7183 -0.4815 0.5022
vn -0.7140 -0.2066 0.6690
vn -0.6597 0.0525 0.7497
vn -0.6729 0.5368 0.5089
vn -0.6183 -0.7235 0.3069
vn -0.6753 -0.6003 0.4285
vn -0.6455 -0.3704 0.6679
vn -0.6092 -0.2019 0.7669
vn -0.6289 -0.1658 0.7596
vn -0.6496 0.3271 0.6863
vn -0.6585 0.6669 0.3487
vn -0.2630 -0.3695 0.8912
vn -0.6049 -0.0846 0.7918
vn -0.6225 0.1734 0.7631
vn -0.6518 0.4510 0.6098
vn -0.5787 0.7547 0.3092
vn -0.6280 -0.5403 0.5601
vn -0.6005 -0.0165 0.7994
vn -0.6019 0.6598 0.4500
vn -0.0357 -0.0956 0.9948
vn -0.5382 -0.1745 0.8246
vn -0.5514 0.0771 0.8306
vn -0.5182 0.3009 0.8006
vn -0.5568 0.3987 0.7287
vn -0.4450 0.4459 0.7766
vn -0.5447 -0.1218 0.8297
vn -0.5415 0.1692 0.8235
vn -0.5396 0.5592 0.6294
vn -0.5340 0.6436 0.5483
vn -0.5307 -0.4453 0.7212
vn -0.5110 -0.2730 0.8151
vn -0.5220 -0.0299 0.8524
vn -0.4590 0.1783 0.8703
vn -0.4815 -0.1839 0.8569
vn -0.4867 -0.0985 0.8680
vn -0.4959 0.0702 0.8655
vn -0.4355 -0.4639 0.7714
vn -0.4526 -0.1874 0.8718
vn -0.5163 -0.1812 0.8370
vn -0.4288 0.1817 0.8849
vn -0.5004 -0.3086 0.8089
vn -0.7431 -0.1783 0.6450
vn -0.7404 -0.1195 0.6615
vn -0.8037 -0.3081 0.5090
vn -0.8600 -0.1035 0.4997
vn -0.8159 0.0549 0.5755
vn -0.5789 -0.0818 0.8113
vn -0.7205 -0.2730 0.6374
vn -0.8826 0.0790 0.4635
vn -0.9855 0.1605 -0.0547
vn -0.9592 -0.2826 -0.0007
vn -0.7824 0.1834 0.5952
vn -0.5749 -0.5604 0.5962
vn -0.8371 0.1179 0.5342
vn -0.9437 -0.3011 -0.1369
vn -0.7033 -0.6576 -0.2700
vn -0.7402 -0.5699 0.3568
vn -0.2912 0.3881 0.8744
vn -0.5818 0.3255 0.7453
vn -0.5599 0.4770 0.6775
vn -0.8368 0.5371 0.1062
vn -0.7667 -0.2241 0.6016
vn -0.7814 -0.3820 0.4935
vn -0.8060 0.1503 0.5726
vn -0.5077 0.7646 0.3970
vn -0.7341 -0.5469 0.4024
vn -0.7678 -0.0369 0.6396
vn -0.7812 -0.4541 0.4284
vn -0.5039 -0.8511 -0.1471
vn -0.6493 -0.4892 0.5823
vn -0.7132 0.1175 0.6910
vn -0.5995 -0.0662 0.7976
vn -0.3875 -0.8289 0.4034
vn -0.3437 0.0809 0.9356
vn -0.3357 0.3945 0.8554
vn -0.5907 -0.6954 0.4091
vn -0.7736 -0.3739 0.5116
vn -0.6234 -0.3562 0.6961
vn -0.6530 -0.1315 0.7458
vn -0.6584 0.1589 0.7357
vn -0.2456 -0.0188 0.9692
vn -0.5285 -0.6457 0.5511
vn -0.5693 0.0052 0.8221
vn -0.5007 -0.1461 0.8532
vn -0.4881 -0.2429 0.8383
vn -0.4659 -0.1549 0.8712
vn -0.5469 0.1028 0.8309
vn -0.5570 -0.5377 0.6330
vn -0.5267 -0.2722 0.8053
vn -0.2535 0.1635 0.9534
vn -0.4036 -0.0713 0.9122
vn -0.5490 0.2672 0.7920
vn -0.4238 -0.1825 0.8872
vn -0.5289 -0.3754 0.7612
vn -0.5462 -0.0312 0.8370
vn -0.3356 -0.2005 0.9204
vn -0.8472 -0.1420 0.5119
vn -0.8906 0.2571 0.3751
vn -0.7379 0.4243 0.5249
vn -0.1625 0.4101 0.8974
vn -0.4724 0.0356 0.8807
vn -0.3258 -0.6974 0.6384
vn -0.5844 -0.3631 0.7257
vn -0.7423 -0.0296 0.6694
vn -0.6118 0.7131 0.3423
vn -0.7090 -0.4910 0.5062
vn -0.6358 0.5673 0.5234
vn -0.3406 0.6888 0.6399
vn -0.3249 -0.2829 0.9024
vn -0.0962 -0.7370 0.6690
vn -0.3952 -0.0959 0.9136
vn -0.4923 -0.6644 0.5624
vn -0.4052 0.3221 0.8556
vn -0.5835 -0.4644 0.6662
vn -0.3310 -0.0187 0.9434
vn -0.1409 -0.1915 0.9713
vn -0.3697 -0.1281 0.9203
vn -0.3460 -0.5427 0.7653
vn -0.2079 -0.0634 0.9761
vn -0.0075 -0.2806 0.9598
vn -0.1780 -0.6674 0.7231
vn 0.0481 -0.1087 0.9929
vn -0.0164 -0.8109 0.5849
vn -0.0580 -0.1786 0.9822
vn 0.1747 -0.5354 0.8263
vn 0.1851 -0.4756 0.8600
vn -0.4668 0.5204 -0.7151
vn -0.6562 -0.7216 0.2208
vn -0.5050 -0.8295 0.2384
vn -0.4833 -0.7715 0.4138
vn -0.4828 -0.8188 0.3107
vn -0.5539 -0.7078 0.4384
vn 0.1341 0.5502 0.8242
vn 0.3364 -0.2889 0.8963
vn -0.3646 -0.8992 0.2420
vn -0.3730 -0.9052 0.2036
vn -0.4567 -0.6417 0.6161
vn -0.2904 -0.8753 0.3866
vn 0.6403 -0.2665 0.7204
vn -0.3668 -0.9054 0.2137
vn -0.3763 -0.7886 0.4864
vn -0.4355 -0.4640 0.7714
vn -0.6450 -0.5161 0.5636
vn -0.3520 -0.8907 0.2877
vn -0.2693 -0.8419 0.4677
vn -0.3121 -0.7672 0.5603
vn -0.3409 -0.9094 0.2383
vn -0.3746 -0.6439 0.6671
vn -0.6967 -0.2880 0.6570
vn -0.2845 -0.9107 0.2994
vn -0.3449 -0.8336 0.4314
vn -0.3952 -0.6318 0.6668
vn -0.4094 -0.7477 0.5228
vn -0.3029 -0.9230 0.2374
vn -0.5980 -0.5959 0.5360
vn -0.4069 -0.8334 0.3741
vn -0.3285 -0.8781 0.3478
vn -0.2892 -0.8445 0.4508
vn -0.5004 -0.7136 0.4903
vn -0.5907 -0.6955 0.4091
vn -0.3488 -0.7311 0.5864
vn -0.5654 -0.5781 0.5882
vn -0.4543 -0.8183 0.3520
vn -0.4638 -0.6133 0.6393
vn -0.2308 -0.8042 0.5477
vn -0.3345 -0.8183 0.4675
vn -0.2507 -0.8901 0.3807
vn -0.1876 -0.8655 0.4644
vn -0.3506 -0.7601 0.5471
vn -0.5569 -0.5377 0.6330
vn -0.3393 -0.7092 0.6180
vn -0.5289 -0.3754 0.7611
vn -0.1897 -0.8488 0.4936
vn -0.2752 -0.9123 0.3032
vn -0.2257 -0.7543 0.6165
vn -0.0818 -0.7945 0.6018
vn -0.1003 -0.8880 0.4487
vn -0.2440 -0.8726 0.4232
vn -0.1511 -0.7349 0.6611
vn -0.1117 -0.9197 0.3764
vn -0.0961 -0.7370 0.6690
vn -0.1069 -0.7890 0.6051
vn -0.0686 -0.8619 0.5024
vn -0.0907 -0.9511 0.2951
vn -0.0475 -0.8386 0.5427
vn 0.0189 -0.8898 0.4559
vn -0.0515 -0.6780 0.7332
vn 0.1129 -0.8392 0.5319
vn 0.1800 -0.7022 0.6889
vn -0.3310 -0.0187 0.9435
vn -0.0305 -0.6592 0.7513
vn -0.0318 -0.7269 0.6860
vn 0.0140 -0.9139 0.4058
vn 0.0377 -0.9276 0.3716
vn 0.0246 -0.7145 0.6992
vn 0.0357 -0.8328 0.5524
vn 0.0325 -0.3259 0.9448
vn 0.0628 -0.6630 0.7460
vn 0.0795 -0.9355 0.3444
vn 0.0965 -0.9453 0.3116
vn -0.0410 -0.7235 0.6891
vn -0.0542 -0.4580 0.8873
vn 0.1176 -0.8522 0.5098
vn 0.1122 -0.8604 0.4971
vn 0.0934 -0.7547 0.6494
vn 0.0814 -0.8990 0.4304
vn 0.1222 -0.7475 0.6529
vn 0.1122 -0.3484 0.9306
vn 0.0756 -0.8416 0.5347
vn 0.1981 -0.9170 0.3461
vn 0.2162 -0.9176 0.3337
vn 0.1361 -0.8443 0.5183
vn 0.2113 -0.8023 0.5583
vn 0.2320 -0.7415 0.6295
vn 0.3858 -0.6093 0.6928
vn 0.3377 -0.8808 0.3318
vn 0.2955 -0.8276 0.4772
vn 0.1821 -0.8727 0.4531
vn 0.2255 -0.8329 0.5054
vn 0.4181 -0.7038 0.5744
vn 0.3736 -0.7244 0.5794
vn 0.4857 -0.7755 0.4034
vn 0.4901 -0.1378 0.8607
vn 0.2798 -0.8866 0.3682
vn 0.5333 -0.4388 0.7232
vn 0.5648 -0.5058 0.6521
vn 0.2658 -0.8153 0.5144
vn 0.3941 -0.8147 0.4253
vn 0.6034 -0.4671 0.6463
vn 0.3193 -0.7469 0.5832
vn 0.3292 -0.8653 0.3781
vn 0.6164 -0.5904 0.5210
vn 0.3837 -0.7764 0.5000
vn 0.3064 -0.9078 0.2863
vn 0.4749 -0.7224 0.5026
vn 0.4458 -0.8026 0.3963
vn 0.3942 -0.6774 0.6211
vn 0.6231 -0.6399 0.4497
vn 0.2773 -0.9118 0.3027
vn 0.5199 -0.5673 0.6386
vn 0.3582 -0.9025 0.2390
vn 0.3379 -0.8151 0.4705
vn 0.7342 -0.0598 0.6763
vn 0.1932 -0.8534 0.4841
vn 0.3685 -0.7495 0.5500
vn 0.4031 -0.5975 0.6932
vn 0.3107 -0.9298 0.1973
vn 0.3275 -0.7791 0.5345
vn 0.3402 -0.8738 0.3474
vn 0.6801 -0.5275 0.5091
vn 0.3817 -0.8963 0.2259
vn 0.3793 -0.9113 0.1602
vn 0.4590 -0.6700 0.5835
vn 0.2255 0.3925 0.8917
vn 0.3397 -0.8813 0.3285
vn 0.4059 -0.8831 0.2353
vn 0.4780 -0.7801 0.4038
vn -0.4137 -0.2008 0.8880
vn -0.0735 -0.5428 0.8367
vn 0.5371 -0.8135 0.2233
vn 0.4212 -0.8101 0.4078
vn 0.6101 -0.7388 0.2864
vn 0.5583 -0.8050 0.2008
vn 0.5947 -0.6578 0.4621
vn -0.1041 0.5218 0.8467
vn 0.6724 -0.3349 0.6601
vn 0.6906 -0.6938 0.2040
vn 0.0772 -0.0028 0.9970
vn -0.2077 0.0106 0.9781
vn -0.3522 0.0244 0.9356
vn 0.0605 0.0184 0.9980
vn -0.3144 0.0614 0.9473
vn -0.3530 0.0148 0.9355
vn -0.1755 0.0885 0.9805
vn 0.1565 0.0610 0.9858
vn 0.1300 0.0245 0.9912
vn -0.3467 0.0769 0.9348
vn 0.0261 0.0463 0.9986
vn 0.2112 0.4153 0.8848
vn -0.1432 0.8447 0.5157
vn 0.1269 0.1139 0.9854
vn -0.0586 -0.0417 0.9974
vn -0.2973 -0.0044 0.9548
vn 0.2417 0.0041 0.9703
vn 0.2198 0.0473 0.9744
vn 0.2001 -0.0392 0.9790
vn 0.0872 -0.1060 0.9905
vn -0.2198 -0.2597 0.9403
vn -0.5081 -0.2858 0.8125
vn 0.3341 0.1132 0.9357
vn 0.3460 0.0567 0.9365
vn -0.0091 -0.3203 0.9473
vn 0.2817 -0.0217 0.9593
vn 0.1467 -0.2184 0.9648
vn -0.4596 -0.4632 0.7578
vn -0.4944 -0.4579 0.7388
vn 0.3728 0.3903 0.8418
vn -0.4104 -0.5297 0.7423
vn 0.3337 0.0164 0.9425
vn 0.2878 -0.0655 0.9554
vn 0.4476 0.0076 0.8942
vn 0.5633 0.4931 0.6630
vn -0.2894 -0.5408 0.7898
vn -0.4738 -0.4931 0.7296
vn 0.4372 0.0035 0.8993
vn 0.4779 0.0230 0.8781
vn 0.4382 0.0298 0.8984
vn 0.0536 -0.3647 0.9296
vn -0.5345 -0.6119 0.5830
vn -0.4724 -0.5157 0.7148
vn -0.5281 -0.3120 0.7898
vn -0.4780 -0.2900 0.8291
vn 0.0725 -0.3650 0.9282
vn 0.5355 0.0356 0.8438
vn 0.5646 0.0556 0.8235
vn -0.4345 -0.4637 0.7721
vn 0.5476 -0.0074 0.8367
vn -0.4368 -0.6498 0.6221
vn -0.4434 -0.6889 0.5735
vn 0.5436 0.0099 0.8393
vn -0.4045 -0.5432 0.7357
vn 0.4376 -0.1706 0.8828
vn -0.4115 -0.5506 0.7263
vn -0.3845 -0.3472 0.8553
vn -0.4005 -0.2094 0.8921
vn 0.5972 -0.0386 0.8012
vn -0.3404 -0.7620 0.5509
vn 0.6501 -0.0340 0.7591
vn 0.7487 0.1400 0.6480
vn 0.6518 0.0444 0.7571
vn -0.0971 -0.6684 0.7375
vn -0.3492 -0.6630 0.6622
vn -0.3362 -0.5927 0.7319
vn 0.2828 -0.4569 0.8434
vn -0.2775 -0.7583 0.5900
vn -0.3058 -0.4452 0.8416
vn -0.3397 -0.5601 0.7556
vn 0.4313 -0.3912 0.8130
vn -0.2814 -0.2770 0.9187
vn -0.1442 -0.7283 0.6699
vn -0.3099 -0.7008 0.6426
vn 0.6928 -0.0053 0.7211
vn -0.2771 -0.7965 0.5374
vn -0.2995 -0.6122 0.7317
vn -0.3525 -0.1306 0.9267
vn 0.3962 -0.6073 0.6886
vn -0.2688 -0.7648 0.5855
vn -0.2583 -0.5529 0.7922
vn -0.2524 -0.1182 0.9604
vn 0.8272 -0.1182 0.5493
vn -0.1846 -0.8071 0.5609
vn -0.2416 -0.4158 0.8768
vn -0.2594 -0.2283 0.9384
vn -0.1866 -0.9338 0.3054
vn -0.2571 0.0195 0.9662
vn -0.2186 -0.0787 0.9726
vn 0.1149 -0.9068 0.4057
vn 0.8128 -0.3640 0.4549
vn -0.2458 -0.8726 0.4221
vn -0.2573 -0.7077 0.6580
vn 0.0504 -0.9640 0.2611
vn -0.2105 -0.7855 0.5820
vn -0.2563 -0.8235 0.5062
vn -0.1983 -0.5139 0.8346
vn 0.9109 -0.2685 0.3133
vn -0.2021 -0.7522 0.6272
vn -0.1772 -0.6211 0.7634
vn -0.2196 0.0104 0.9755
vn -0.3822 -0.3253 0.8649
vn -0.3187 -0.0611 0.9459
vn -0.1050 -0.9177 0.3831
vn -0.1989 -0.7906 0.5791
vn -0.1033 -0.6443 0.7577
vn -0.2047 -0.5094 0.8358
vn -0.1425 -0.0380 0.9891
vn -0.0648 -0.5241 0.8492
vn -0.5249 -0.0983 0.8455
vn -0.3000 -0.1224 0.9461
vn -0.0166 -0.7847 0.6197
vn -0.1105 -0.8635 0.4921
vn -0.0036 -0.5256 0.8507
vn -0.2096 -0.4228 0.8817
vn -0.1033 -0.0051 0.9946
vn -0.1538 0.0968 0.9833
vn -0.0371 -0.2535 0.9666
vn -0.2038 -0.3166 0.9264
vn -0.0421 0.0277 0.9987
vn -0.4172 0.0405 0.9079
vn -0.1567 0.3663 0.9172
vn 0.1249 -0.5004 0.8568
vn 0.0212 -0.6423 0.7662
vn 0.0851 -0.4247 0.9013
vn -0.0072 -0.1771 0.9842
vn 0.0932 0.0132 0.9956
vn 0.0676 -0.5749 0.8154
vn 0.1898 0.0994 0.9768
vn 0.1587 -0.8738 0.4598
vn 0.0820 -0.7835 0.6159
vn 0.1180 -0.6232 0.7731
vn 0.1280 -0.6266 0.7687
vn -0.0535 -0.1415 0.9885
vn 0.1497 -0.3253 0.9337
vn 0.2637 0.2355 0.9354
vn 0.2285 -0.7965 0.5598
vn 0.2668 -0.8673 0.4202
vn 0.2342 -0.4992 0.8342
vn 0.3910 -0.1978 0.8989
vn 0.2515 -0.0426 0.9669
vn 0.2602 -0.0756 0.9626
vn 0.1861 -0.1059 0.9768
vn 0.3211 0.0211 0.9468
vn 0.2792 -0.8428 0.4602
vn 0.2381 -0.8282 0.5074
vn 0.3245 -0.8293 0.4549
vn 0.2928 -0.6826 0.6695
vn 0.2190 -0.5716 0.7908
vn 0.2945 -0.2547 0.9211
vn 0.2717 -0.6174 0.7383
vn 0.2240 -0.4177 0.8806
vn 0.2193 -0.7886 0.5744
vn 0.2051 -0.5160 0.8317
vn 0.2726 -0.8216 0.5006
vn 0.2333 -0.0389 0.9716
vn -0.7813 -0.2812 0.5573
vn 0.0884 -0.9267 0.3652
vn -0.8263 -0.4096 0.3865
vn 0.2852 -0.5824 0.7612
vn 0.2735 -0.2710 0.9229
vn 0.1527 -0.7584 0.6337
vn 0.2010 -0.8689 0.4524
vn 0.2952 -0.1105 0.9490
vn -0.3452 -0.6090 0.7141
vn 0.3270 -0.7558 0.5672
vn 0.2898 -0.4961 0.8185
vn 0.3343 -0.5974 0.7290
vn 0.2477 -0.7857 0.5669
vn 0.3270 -0.6393 0.6959
vn 0.3312 -0.3981 0.8555
vn 0.3063 0.0176 0.9518
vn -0.3966 -0.3872 0.8323
vn 0.3178 -0.7655 0.5595
vn 0.1389 -0.6865 0.7137
vn 0.3697 -0.5311 0.7624
vn 0.3640 -0.2228 0.9044
vn 0.4185 -0.5532 0.7203
vn -0.3924 -0.2078 0.8960
vn 0.4206 -0.3385 0.8417
vn 0.4226 -0.7107 0.5624
vn 0.3938 -0.6565 0.6434
vn 0.4400 -0.4506 0.7767
vn 0.4257 -0.1102 0.8981
vn 0.0426 -0.5109 0.8586
vn 0.4822 -0.2584 0.8371
vn -0.2668 -0.1335 0.9545
vn -0.4602 0.0091 0.8878
vn 0.5164 -0.6028 0.6083
vn 0.2787 -0.5710 0.7722
vn -0.3564 0.0882 0.9302
vn -0.0228 -0.3601 0.9326
vn 0.4944 -0.5002 0.7109
vn 0.3370 -0.5894 0.7342
vn 0.4711 -0.5494 0.6901
vn 0.5244 -0.3494 0.7765
vn -0.2445 -0.0871 0.9657
vn 0.1502 -0.4051 0.9019
vn -0.2339 -0.0159 0.9721
vn -0.4330 0.0267 0.9010
vn -0.3706 -0.0140 0.9287
vn 0.5028 -0.4334 0.7479
vn -0.3546 0.0998 0.9297
vn -0.4001 0.0538 0.9149
vn -0.2775 0.0551 0.9592
vn -0.1269 -0.2039 0.9707
vn 0.1033 -0.2175 0.9706
vn -0.2746 0.1027 0.9561
vn 0.2852 -0.2073 0.9358
vn 0.5839 -0.3818 0.7164
vn -0.4034 0.6673 0.6261
vn -0.1875 0.5801 0.7927
vn -0.1333 0.0349 0.9905
vn -0.1507 -0.0230 0.9883
vn -0.0958 0.0253 0.9951
vn 0.5414 -0.2811 0.7924
vn -0.1165 0.0821 0.9898
vn 0.6481 -0.4080 0.6431
vn -0.0843 0.1242 0.9887
vn -0.0305 -0.0304 0.9991
vn -0.0209 0.0475 0.9987
vn 0.1501 -0.0052 0.9887
vn 0.3916 0.0156 0.9200
vn 0.5965 -0.3242 0.7342
vn 0.5597 -0.1436 0.8162
vn 0.3832 0.0291 0.9232
vn 0.1797 0.0720 0.9811
vn 0.0709 0.0459 0.9964
vn 0.2408 0.7251 0.6451
vn 0.2041 0.0112 0.9789
vn 0.2849 0.0673 0.9562
vn 0.2171 0.0793 0.9729
vn 0.3941 0.0066 0.9191
vn -0.5369 0.7516 0.3832
vn -0.5786 0.7547 0.3092
vn -0.6018 0.6598 0.4500
vn -0.5321 0.7576 0.3780
vn -0.4958 0.8124 0.3068
vn -0.4747 0.7195 0.5069
vn -0.5395 0.5592 0.6294
vn -0.4121 0.6455 0.6430
vn 0.0689 0.8428 0.5338
vn -0.4216 0.3723 0.8268
vn -0.4281 0.4892 0.7599
vn -0.4653 0.8169 0.3410
vn -0.4309 0.7856 0.4440
vn -0.3710 0.3024 0.8780
vn -0.3521 0.5436 0.7619
vn -0.3395 0.3942 0.8540
vn -0.3071 0.6278 0.7152
vn -0.4017 0.7307 0.5520
vn -0.3736 0.8608 0.3457
vn -0.2582 0.4757 0.8408
vn 0.1401 0.3405 0.9298
vn -0.7824 0.1834 0.5951
vn -0.5599 0.4770 0.6774
vn -0.5818 0.3255 0.7454
vn -0.3103 0.7057 0.6370
vn -0.3369 0.8047 0.4888
vn -0.2098 0.3800 0.9009
vn -0.1518 0.2604 0.9535
vn -0.1845 0.3775 0.9074
vn -0.2669 0.5828 0.7675
vn -0.4332 0.2009 0.8786
vn -0.4479 0.4941 0.7452
vn -0.0911 -0.0183 0.9957
vn -0.3357 0.3946 0.8553
vn -0.2865 0.3559 0.8895
vn -0.2616 0.4046 0.8763
vn -0.2818 0.4481 0.8484
vn -0.1262 0.8275 0.5471
vn -0.2174 0.4115 0.8851
vn -0.3216 0.5957 0.7360
vn -0.2735 0.1890 0.9431
vn -0.1745 0.5887 0.7893
vn -0.2187 0.3303 0.9182
vn -0.2861 0.4199 0.8613
vn -0.2282 0.6852 0.6917
vn -0.2440 0.7632 0.5983
vn -0.2625 0.8544 0.4485
vn -0.2552 0.2785 0.9259
vn -0.1800 0.2346 0.9553
vn -0.1798 0.4900 0.8530
vn 0.3405 0.6693 0.6604
vn -0.2290 0.7933 0.5642
vn -0.1063 0.1959 0.9748
vn -0.1920 0.3689 0.9094
vn -0.3017 0.2676 0.9151
vn 0.0014 0.6873 0.7264
vn 0.2401 0.7858 0.5699
vn -0.1647 0.3139 0.9351
vn -0.1978 0.6014 0.7741
vn -0.5489 0.2672 0.7920
vn -0.0631 0.3265 0.9431
vn -0.1897 0.3652 0.9114
vn 0.5283 0.6069 0.5938
vn 0.3382 0.5787 0.7421
vn -0.1853 0.4576 0.8697
vn -0.1795 0.7273 0.6624
vn -0.2295 0.8268 0.5136
vn -0.1625 0.4101 0.8975
vn 0.5188 0.3618 0.7745
vn -0.1436 0.5669 0.8112
vn -0.1575 0.6790 0.7170
vn 0.4211 0.4026 0.8128
vn 0.6431 0.4740 0.6015
vn -0.1114 0.2767 0.9545
vn 0.2641 0.4983 0.8258
vn 0.8545 0.3542 0.3800
vn -0.1681 0.2598 0.9509
vn -0.1448 0.5176 0.8433
vn -0.1569 0.4556 0.8763
vn -0.1342 0.6976 0.7038
vn -0.3592 0.8190 0.4475
vn -0.6117 0.7132 0.3423
vn -0.1560 0.6271 0.7632
vn -0.1137 0.6007 0.7914
vn -0.4633 0.8266 0.3194
vn -0.6357 0.5674 0.5234
vn -0.1128 0.2126 0.9706
vn -0.2519 0.7636 0.5946
vn -0.4051 0.3221 0.8556
vn -0.2673 0.9113 0.3131
vn -0.1177 0.3481 0.9300
vn -0.1300 0.9284 0.3482
vn -0.0218 0.2987 0.9541
vn -0.0384 0.2035 0.9783
vn -0.0698 0.7039 0.7069
vn -0.1573 0.1522 0.9758
vn -0.0293 0.8630 0.5043
vn -0.0449 0.5341 0.8442
vn -0.0565 0.6668 0.7431
vn -0.1014 0.7707 0.6291
vn -0.1715 0.8642 0.4730
vn -0.1777 0.4562 0.8719
vn -0.0547 0.4352 0.8987
vn -0.0314 0.9012 0.4323
vn 0.0232 0.7250 0.6883
vn -0.0069 0.2080 0.9781
vn 0.0321 0.3414 0.9394
vn -0.0116 0.5851 0.8109
vn 0.0304 0.9732 0.2281
vn 0.0432 0.3479 0.9365
vn -0.0149 0.6735 0.7390
vn 0.0317 0.9375 0.3466
vn 0.0225 0.6881 0.7253
vn 0.0745 0.7344 0.6746
vn 0.0846 0.8824 0.4629
vn 0.0973 0.0539 0.9938
vn 0.0332 0.1733 0.9843
vn 0.1149 0.4380 0.8916
vn 0.2616 0.1254 0.9570
vn 0.2225 0.7594 0.6114
vn 0.2589 0.4783 0.8392
vn 0.1014 0.6259 0.7733
vn 0.0749 0.2501 0.9653
vn 0.2776 0.9038 0.3256
vn 0.3239 0.8863 0.3309
vn 0.1720 0.3608 0.9166
vn 0.1273 0.4927 0.8608
vn 0.0899 0.6214 0.7783
vn 0.1530 0.7056 0.6919
vn 0.1935 0.8007 0.5669
vn 0.5394 0.6636 0.5183
vn 0.1991 0.7594 0.6194
vn 0.5994 0.2822 0.7491
vn 0.5450 0.7862 0.2914
vn 0.1554 0.2644 0.9518
vn 0.1775 0.4102 0.8945
vn 0.3434 0.7367 0.5825
vn -0.0817 0.3314 0.9399
vn 0.1755 0.5866 0.7906
vn 0.7023 0.6289 0.3335
vn -0.2527 0.5684 0.7830
vn 0.1763 0.3480 0.9208
vn 0.1991 0.4732 0.8582
vn 0.1810 0.6832 0.7075
vn -0.4356 0.3102 0.8450
vn -0.3096 0.2398 0.9201
vn -0.7881 0.3763 0.4872
vn -0.5997 0.6492 0.4679
vn 0.1128 0.3529 0.9288
vn 0.1999 0.7223 0.6621
vn 0.2765 0.2663 0.9234
vn -0.6473 0.7064 0.2865
vn 0.2321 0.5833 0.7784
vn 0.7040 0.3828 0.5982
vn 0.0464 0.1637 0.9854
vn -0.1533 0.4562 0.8766
vn 0.0207 0.6905 0.7230
vn 0.2059 0.4057 0.8905
vn 0.4217 0.2033 0.8836
vn -0.1762 0.7912 0.5857
vn 0.3592 0.3440 0.8675
vn -0.1625 0.9688 0.1872
vn 0.2415 0.3569 0.9024
vn 0.2281 0.6923 0.6846
vn 0.1977 0.0496 0.9790
vn 0.2794 0.2471 0.9278
vn 0.4630 0.1864 0.8665
vn 0.3427 0.3280 0.8803
vn 0.2260 0.7563 0.6140
vn 0.2475 0.1879 0.9505
vn 0.5158 0.3203 0.7946
vn 0.2766 -0.0099 0.9609
vn 0.2236 0.8038 0.5513
vn 0.2171 0.5596 0.7998
vn 0.3903 0.2936 0.8726
vn 0.2393 0.8735 0.4239
vn 0.2829 0.4964 0.8207
vn 0.2943 0.5950 0.7479
vn 0.3890 0.0870 0.9171
vn 0.4386 0.5477 0.7125
vn 0.2385 0.1646 0.9571
vn 0.2927 0.3779 0.8784
vn 0.2892 0.7065 0.6459
vn 0.3456 -0.2581 0.9022
vn 0.3111 0.3337 0.8899
vn 0.5074 0.1927 0.8399
vn -0.0427 0.0204 0.9989
vn 0.5442 0.7824 0.3028
vn 0.1591 0.2916 0.9432
vn 0.4699 0.6236 0.6248
vn 0.3476 0.3274 0.8786
vn 0.3603 0.6358 0.6826
vn -0.0211 0.4300 0.9026
vn 0.3351 0.4647 0.8196
vn 0.3712 0.5424 0.7536
vn 0.5641 0.0323 0.8250
vn -0.0274 0.2167 0.9759
vn 0.4199 0.3575 0.8342
vn 0.3464 0.3294 0.8783
vn 0.4280 0.1647 0.8886
vn 0.8508 0.1774 0.4946
vn 0.7657 0.4101 0.4955
vn 0.4532 0.1624 0.8765
vn 0.4239 0.2046 0.8823
vn 0.3481 0.5440 0.7635
vn 0.4447 0.6504 0.6158
vn 0.3569 0.4514 0.8178
vn 0.4556 0.2901 0.8416
vn 0.4097 0.5312 0.7416
vn 0.5256 0.2232 0.8209
vn 0.4690 0.5861 0.6607
vn 0.5368 0.3940 0.7460
vn 0.5942 0.4834 0.6428
vn -0.4029 -0.3676 -0.8382
vn -0.3165 -0.4830 -0.8164
vn -0.3904 -0.7053 -0.5917
vn -0.0982 -0.4506 -0.8873
vn -0.2520 -0.7182 -0.6486
vn -0.0560 -0.7023 -0.7097
vn 0.1497 -0.4067 -0.9012
vn -0.3242 -0.7527 -0.5730
vn 0.1575 -0.6838 -0.7125
vn 0.3580 -0.4373 -0.8250
vn -0.2451 -0.7924 -0.5587
vn -0.1014 -0.8923 -0.4400
vn -0.1719 -0.8823 -0.4381
vn 0.6071 -0.3236 -0.7257
vn -0.1895 -0.7484 -0.6356
vn -0.2417 -0.6205 -0.7460
vn 0.4112 -0.6841 -0.6025
vn -0.1075 -0.8412 -0.5300
vn -0.1675 -0.9256 -0.3395
vn -0.1329 -0.9669 -0.2177
vn -0.0893 -0.7961 -0.5986
vn -0.7228 -0.6627 -0.1961
vn -0.2605 -0.8127 -0.5212
vn 0.6466 -0.5608 -0.5171
vn -0.2458 -0.8726 0.4220
vn -0.1846 -0.8071 0.5608
vn -0.0972 -0.8123 -0.5750
vn 0.0858 -0.9731 -0.2137
vn 0.9380 -0.3322 -0.0989
vn 0.9066 -0.1843 -0.3797
vn -0.0481 -0.9988 -0.0087
vn -0.1416 -0.9648 0.2218
vn -0.1148 -0.9521 -0.2834
vn -0.0719 -0.8834 -0.4630
vn -0.6407 -0.6424 0.4205
vn -0.4135 -0.9103 -0.0193
vn 0.6627 -0.7355 0.1412
vn -0.0722 -0.9839 -0.1637
vn -0.0627 -0.9889 -0.1349
vn -0.0822 -0.9888 0.1244
vn 0.0002 -0.8474 -0.5310
vn 0.0126 -0.8290 -0.5591
vn -0.0416 -0.9891 0.1416
vn -0.0155 -0.9998 0.0131
vn -0.0003 -0.8623 -0.5064
vn -0.1807 -0.9746 -0.1327
vn -0.5338 -0.8387 -0.1079
vn -0.4507 -0.8062 -0.3833
vn -0.4038 -0.9007 0.1605
vn -0.1043 -0.8284 -0.5504
vn -0.5162 -0.6182 -0.5928
vn -0.1752 -0.6456 -0.7433
vn -0.0070 -0.9723 0.2335
vn 0.0612 -0.9870 -0.1487
vn -0.0013 -0.9386 -0.3451
vn -0.0358 -0.9921 0.1203
vn 0.0321 -0.8325 -0.5531
vn -0.2142 -0.9761 0.0363
vn -0.0702 -0.3414 -0.9373
vn -0.4765 -0.3626 -0.8009
vn -0.0986 -0.9275 0.3605
vn 0.0832 -0.9414 -0.3269
vn 0.0883 -0.5867 -0.8050
vn 0.0923 -0.9427 -0.3207
vn 0.0232 -0.9885 -0.1493
vn 0.1587 -0.8738 0.4596
vn 0.1946 -0.9807 0.0197
vn -0.2267 -0.8058 0.5471
vn 0.1881 -0.8570 0.4797
vn 0.0596 -0.9938 0.0942
vn 0.0711 -0.9846 0.1600
vn 0.0033 -0.8536 -0.5209
vn 0.3367 -0.8979 0.2835
vn 0.0117 -0.8200 -0.5722
vn 0.1598 -0.8053 -0.5709
vn -0.0049 -0.8450 -0.5348
vn 0.1242 -0.9116 0.3918
vn 0.3527 -0.9216 -0.1624
vn 0.0781 -0.9949 -0.0636
vn 0.1362 -0.9296 -0.3426
vn 0.1867 -0.9415 0.2806
vn 0.4895 -0.7853 -0.3791
vn 0.5065 -0.7240 0.4683
vn 0.0639 -0.8047 -0.5903
vn 0.4278 -0.6169 -0.6606
vn 0.3759 -0.9145 -0.1495
vn 0.2879 -0.3915 -0.8740
vn 0.0239 -0.9737 -0.2267
vn -0.0327 -0.9777 0.2073
vn 0.2381 -0.8282 0.5073
vn 0.1020 -0.8978 -0.4285
vn 0.5763 -0.8167 0.0298
vn 0.5870 -0.7074 0.3939
vn 0.5376 -0.5653 0.6257
vn 0.5927 -0.7189 0.3632
vn -0.4219 -0.9057 0.0409
vn 0.6622 -0.5404 -0.5191
vn 0.2084 -0.8280 -0.5205
vn -0.5676 -0.8107 -0.1434
vn -0.8871 -0.2849 -0.3633
vn 0.0767 -0.8370 -0.5418
vn 0.6264 -0.3627 -0.6900
vn -0.5896 -0.6143 -0.5244
vn 0.1346 -0.9508 -0.2792
vn 0.1281 -0.7972 -0.5899
vn 0.6965 -0.6789 -0.2324
vn 0.6619 -0.5742 0.4818
vn 0.5883 -0.8044 -0.0831
vn 0.1626 -0.7434 -0.6488
vn 0.7246 -0.6472 0.2367
vn 0.8179 -0.5171 0.2522
vn 0.8090 -0.4269 0.4041
vn 0.2180 -0.6499 -0.7281
vn 0.1891 -0.8661 -0.4628
vn 0.2364 -0.7815 -0.5774
vn 0.8337 -0.5481 0.0678
vn 0.8227 -0.4477 -0.3503
vn 0.4656 -0.5834 -0.6655
vn -0.7138 -0.2188 -0.6653
vn 0.1904 -0.9153 -0.3548
vn 0.9319 -0.2907 0.2168
vn -0.2312 -0.7302 -0.6429
vn 0.2852 -0.7452 -0.6028
vn 0.2812 -0.6243 -0.7288
vn 0.9701 -0.1863 -0.1556
vn 0.9385 -0.2324 0.2553
vn 0.9997 0.0135 0.0227
vn 0.9636 -0.2528 -0.0874
vn 0.3688 -0.5164 -0.7729
vn 0.2900 -0.4876 -0.8235
vn 0.8362 -0.2832 -0.4696
vn 0.3218 -0.4930 -0.8083
vn -0.3727 -0.5337 -0.7591
vn 0.2812 -0.8047 -0.5229
vn 0.2257 -0.7382 -0.6357
vn 0.3588 -0.7169 -0.5978
vn 0.3797 -0.5658 -0.7319
vn 0.1044 -0.5878 -0.8023
vn 0.1277 -0.3641 -0.9226
vn 0.4220 -0.6462 -0.6359
vn 0.3997 -0.5090 -0.7623
vn -0.2931 0.1850 -0.9380
vn -0.3555 0.0345 -0.9340
vn -0.3980 0.1425 -0.9063
vn -0.2634 0.0955 -0.9599
vn -0.2666 0.0081 -0.9638
vn -0.1838 0.1960 -0.9632
vn -0.1951 0.2875 -0.9377
vn -0.1729 0.1101 -0.9788
vn -0.1771 0.0285 -0.9838
vn -0.2736 -0.0840 -0.9582
vn -0.1766 -0.0692 -0.9818
vn -0.2265 -0.1384 -0.9641
vn -0.1027 0.1961 -0.9752
vn -0.1764 0.3556 -0.9178
vn -0.1282 0.3025 -0.9445
vn -0.1220 -0.1332 -0.9836
vn -0.1876 -0.2444 -0.9514
vn -0.1014 0.1164 -0.9880
vn -0.1228 -0.3388 -0.9328
vn -0.2168 -0.3564 -0.9088
vn -0.0849 0.0308 -0.9959
vn -0.0356 0.1444 -0.9889
vn -0.2015 -0.4388 -0.8757
vn -0.0570 0.2720 -0.9606
vn 0.0002 0.3258 -0.9454
vn -0.1332 0.3820 -0.9145
vn -0.0606 -0.2305 -0.9712
vn -0.0013 -0.0458 -0.9990
vn -0.1187 0.4420 -0.8891
vn 0.0084 0.1013 -0.9948
vn -0.0028 0.1976 -0.9803
vn -0.0041 -0.1426 -0.9898
vn -0.0135 -0.3270 -0.9449
vn -0.0695 -0.4058 -0.9113
vn 0.0344 0.2510 -0.9674
vn 0.0369 0.4417 -0.8964
vn 0.0454 -0.4383 -0.8977
vn -0.0367 -0.5309 -0.8466
vn 0.0651 -0.3454 -0.9362
vn 0.0714 -0.2424 -0.9675
vn 0.0527 0.1614 -0.9855
vn 0.0956 -0.5268 -0.8446
vn 0.0225 -0.6048 -0.7961
vn 0.0898 0.2313 -0.9687
vn 0.1316 0.4464 -0.8851
vn 0.1655 -0.5791 -0.7983
vn 0.1183 -0.1310 -0.9843
vn 0.1008 0.3311 -0.9382
vn 0.1524 -0.6461 -0.7479
vn 0.0776 -0.7000 -0.7099
vn 0.1773 -0.4102 -0.8946
vn 0.1242 -0.0082 -0.9922
vn 0.1039 0.0994 -0.9896
vn 0.1841 -0.2709 -0.9448
vn 0.2024 -0.5078 -0.8374
vn 0.1951 0.4274 -0.8828
vn 0.2504 -0.6481 -0.7192
vn 0.2017 -0.1141 -0.9728
vn 0.1801 0.0120 -0.9836
vn 0.1545 0.1557 -0.9756
vn 0.1533 0.3175 -0.9358
vn 0.1770 0.5647 -0.8061
vn 0.2723 -0.5703 -0.7750
vn 0.1834 0.2437 -0.9523
vn 0.3127 -0.4619 -0.8300
vn 0.2734 -0.3400 -0.8998
vn 0.2560 -0.0727 -0.9639
vn 0.2150 0.0663 -0.9744
vn 0.2374 0.5707 -0.7861
vn 0.3018 -0.1945 -0.9333
vn 0.2024 0.3317 -0.9214
vn 0.3603 -0.5602 -0.7459
vn 0.2910 0.0059 -0.9567
vn 0.2836 0.0960 -0.9541
vn 0.2858 0.5138 -0.8089
vn 0.3699 -0.3609 -0.8561
vn 0.2491 0.1922 -0.9492
vn 0.2697 0.3904 -0.8803
vn 0.3382 -0.0821 -0.9375
vn 0.2770 0.2912 -0.9157
vn 0.3789 -0.1950 -0.9047
vn 0.3831 -0.1095 -0.9172
vn 0.4138 -0.4618 -0.7846
vn 0.3717 -0.0000 -0.9283
vn 0.3560 0.0755 -0.9314
vn 0.3303 0.4332 -0.8386
vn 0.3653 0.2160 -0.9055
vn 0.3830 0.3556 -0.8525
vn 0.4393 -0.3881 -0.8102
vn 0.4305 -0.2693 -0.8615
vn 0.4539 -0.1488 -0.8785
vn 0.4332 0.0198 -0.9011
vn 0.4249 0.0977 -0.8999
vn 0.3992 0.4653 -0.7900
vn 0.3740 0.5297 -0.7612
vn 0.4274 -0.0661 -0.9016
vn 0.4507 0.2248 -0.8639
vn 0.5023 -0.2839 -0.8168
vn 0.4768 0.4535 -0.7530
vn 0.4914 0.3485 -0.7982
vn 0.4195 0.5331 -0.7347
vn 0.5334 -0.0720 -0.8428
vn 0.5012 0.1262 -0.8561
vn 0.4666 0.5797 -0.6680
vn 0.5931 0.6250 -0.5075
vn 0.4926 0.6924 -0.5272
vn 0.5543 -0.1704 -0.8147
vn 0.5487 0.0262 -0.8356
vn 0.5569 0.4548 -0.6950
vn 0.5760 0.2235 -0.7863
vn 0.5999 0.5671 -0.5643
vn 0.6273 0.1045 -0.7717
vn 0.6164 0.3368 -0.7118
vn 0.6867 0.1951 -0.7002
vn 0.6552 0.3828 -0.6512
vn 0.6619 0.4753 -0.5796
vn 0.6738 0.5245 -0.5205
vn 0.5855 0.5816 -0.5648
vn 0.5069 0.7095 -0.4895
vn 0.2071 0.6248 -0.7528
vn 0.4470 0.6416 -0.6233
vn 0.7079 0.2857 -0.6460
vn 0.6715 0.4639 -0.5778
vn 0.7078 0.4167 -0.5704
vn -0.1004 0.0870 -0.9911
vn 0.4810 0.5030 -0.7181
vn 0.2070 0.6248 -0.7528
vn -0.3720 0.2738 -0.8870
vn 0.7717 0.3967 -0.4970
vn 0.5224 0.2814 -0.8050
vn -0.2036 -0.0211 -0.9788
vn -0.3102 0.2734 -0.9105
vn -0.1603 -0.1170 -0.9801
vn -0.0908 0.3036 -0.9485
vn 0.2406 -0.0966 -0.9658
vn -0.0865 -0.0914 -0.9920
vn -0.0015 0.0857 -0.9963
vn -0.1290 -0.2247 -0.9659
vn 0.1655 -0.3993 -0.9018
vn 0.8421 0.2058 -0.4985
vn 0.0341 -0.3655 -0.9302
vn 0.2183 0.2537 -0.9423
vn 0.1591 0.4772 -0.8643
vn 0.1099 -0.4840 -0.8682
vn 0.1476 0.0241 -0.9887
vn 0.4340 -0.3657 -0.8234
vn 0.0517 -0.2110 -0.9761
vn 0.3661 0.5120 -0.7771
vn 0.1337 -0.5843 -0.8005
vn 0.5798 -0.4655 -0.6687
vn 0.2359 -0.3577 -0.9036
vn 0.3303 0.1948 -0.9236
vn 0.1916 -0.7530 -0.6295
vn 0.2889 -0.1701 -0.9421
vn 0.5012 0.3012 -0.8112
vn 0.2865 -0.6666 -0.6882
vn 0.4294 0.0551 -0.9014
vn 0.2283 -0.4805 -0.8468
vn 0.5239 0.4737 -0.7079
vn 0.3631 0.6584 -0.6593
vn 0.5271 -0.1398 -0.8382
vn 0.5786 0.4874 -0.6539
vn 0.5096 0.6897 -0.5144
vn 0.6131 0.1648 -0.7726
vn 0.4305 -0.3163 -0.8454
vn 0.6457 0.3421 -0.6827
vn 0.4940 -0.4731 -0.7295
vn 0.6715 0.5545 -0.4916
vn 0.7199 0.4139 -0.5572
vn -0.9995 0.0322 -0.0020
vn -0.9458 -0.1822 0.2688
vn -0.9972 -0.0746 -0.0044
vn -0.8666 -0.2963 -0.4015
vn -0.9167 -0.3794 0.1253
vn -0.8153 -0.4739 0.3328
vn -0.9148 -0.4015 0.0448
vn -0.8213 -0.5124 -0.2507
vn -0.7442 -0.6674 0.0264
vn -0.8650 -0.3611 0.3484
vn -0.7859 -0.1692 -0.5947
vn -0.8186 0.0681 -0.5703
vn -0.6645 -0.6117 -0.4294
vn -0.6067 -0.7553 0.2480
vn -0.5827 -0.6470 0.4918
vn -0.6408 -0.6423 0.4205
vn -0.2604 -0.8127 -0.5212
vn -0.5094 -0.6644 0.5469
vn -0.4766 -0.3626 -0.8009
vn -0.4039 -0.9006 0.1605
vn -0.4638 -0.7636 0.4492
vn -0.1752 -0.6455 -0.7434
vn -0.2268 -0.8058 0.5471
vn 0.2228 -0.7646 -0.6047
vn 0.3966 -0.0854 -0.9140
vn 0.1768 -0.6933 -0.6986
vn 0.3158 -0.7373 -0.5972
vn 0.2782 -0.7641 -0.5821
vn 0.2710 -0.8484 -0.4547
vn 0.4945 -0.3912 -0.7762
vn 0.4679 0.2121 -0.8579
vn 0.3349 -0.6415 -0.6901
vn 0.3317 -0.8242 -0.4591
vn 0.3560 -0.7499 -0.5576
vn 0.5904 -0.3088 -0.7457
vn 0.3964 -0.7580 -0.5179
vn 0.4108 -0.6514 -0.6379
vn 0.6454 -0.4452 -0.6207
vn 0.6051 0.2801 -0.7453
vn 0.4053 -0.7981 -0.4459
vn 0.6756 0.3369 -0.6558
vn 0.4379 -0.5633 -0.7007
vn 0.4519 -0.7029 -0.5493
vn 0.4569 -0.8224 -0.3390
vn 0.4832 -0.6111 -0.6269
vn 0.7530 0.1573 -0.6389
vn 0.6663 0.4259 -0.6121
vn 0.5428 -0.7391 -0.3989
vn 0.5115 -0.5254 -0.6799
vn 0.4966 -0.4203 -0.7594
vn 0.7863 -0.1825 -0.5903
vn 0.4953 -0.8173 -0.2945
vn 0.5020 -0.7440 -0.4410
vn 0.5332 -0.6414 -0.5517
vn 0.5475 -0.5691 -0.6135
vn 0.5512 -0.4418 -0.7078
vn 0.5701 -0.3278 -0.7534
vn 0.7542 -0.4589 -0.4696
vn 0.4540 0.6052 -0.6539
vn -0.0992 0.5982 -0.7952
vn 0.5691 -0.7506 -0.3357
vn 0.6043 -0.5034 -0.6175
vn 0.5646 -0.7811 -0.2668
vn 0.3870 -0.5965 -0.7031
vn 0.6246 -0.6344 -0.4554
vn 0.6468 -0.5451 -0.5334
vn 0.5898 -0.4134 -0.6937
vn 0.6328 0.0035 -0.7743
vn 0.5335 -0.0720 -0.8427
vn 0.5488 0.0262 -0.8355
vn 0.7196 0.2759 -0.6372
vn 0.6320 -0.3075 -0.7113
vn 0.6360 -0.2065 -0.7435
vn 0.6366 -0.0897 -0.7660
vn 0.6811 -0.7049 -0.1981
vn 0.6703 -0.7027 -0.2385
vn 0.8685 -0.3571 -0.3438
vn 0.6722 -0.6413 -0.3699
vn 0.7182 -0.4493 -0.5314
vn 0.7455 -0.5137 -0.4247
vn 0.7095 -0.3917 -0.5858
vn 0.7113 0.0973 -0.6961
vn 0.7316 -0.6702 -0.1251
vn 0.8844 -0.4573 -0.0931
vn 0.7425 -0.2522 -0.6206
vn 0.7388 -0.1446 -0.6582
vn 0.7612 -0.5757 -0.2986
vn 0.7719 -0.3214 -0.5485
vn 0.7137 -0.0260 -0.7000
vn 0.6553 0.3828 -0.6512
vn 0.7506 -0.6604 -0.0191
vn 0.7651 -0.6189 -0.1778
vn 0.7620 0.1884 -0.6196
vn 0.7956 -0.1031 -0.5970
vn 0.7864 0.0008 -0.6177
vn 0.7803 -0.6165 -0.1051
vn 0.8122 -0.4990 -0.3023
vn 0.8002 -0.1906 -0.5686
vn 0.7709 0.1110 -0.6272
vn 0.7638 0.2941 -0.5746
vn 0.7718 -0.6351 0.0311
vn 0.8276 -0.4222 -0.3699
vn 0.8023 -0.3928 -0.4494
vn 0.8422 -0.2707 -0.4663
vn 0.8240 -0.1105 -0.5557
vn 0.8513 0.2305 -0.4714
vn 0.7942 0.3542 -0.4937
vn 0.5224 0.2814 -0.8049
vn 0.2405 -0.0966 -0.9658
vn 0.8470 -0.5314 -0.0130
vn 0.8228 -0.5407 -0.1750
vn 0.8654 -0.0416 -0.4993
vn 0.8393 0.1340 -0.5269
vn 0.8775 -0.4659 -0.1138
vn 0.8872 -0.4194 -0.1924
vn 0.8741 -0.3120 -0.3723
vn 0.8629 -0.1716 -0.4754
vn 0.8789 0.2761 -0.3889
vn 0.8651 -0.3885 -0.3173
vn 0.9078 -0.2018 -0.3676
vn 0.9128 -0.4084 0.0089
vn 0.9034 -0.1139 -0.4134
vn 0.9128 0.0814 -0.4003
vn 0.9111 0.1779 -0.3718
vn 0.9338 -0.3350 -0.1256
vn 0.9221 -0.2804 -0.2667
vn 0.9279 -0.0033 -0.3729
vn 0.9149 0.2036 -0.3486
vn 0.1655 -0.3994 -0.9017
vn 0.4340 -0.3658 -0.8233
vn 0.9285 -0.1252 -0.3496
vn 0.9649 -0.2156 -0.1499
vn 0.9523 -0.1590 -0.2604
vn 0.9408 0.1330 -0.3117
vn 0.9663 -0.2571 0.0129
vn 0.9737 -0.2029 -0.1036
vn 0.9685 -0.0502 -0.2438
vn 0.9658 0.1655 -0.1998
vn 0.9830 -0.1355 -0.1237
vn 0.9864 -0.1570 0.0480
vn 0.9813 0.1071 -0.1598
vn 0.9881 0.1136 -0.1039
vn 0.8682 -0.2611 -0.4220
vn 0.9969 -0.0738 0.0266
vn 0.9934 -0.0126 -0.1138
vn 0.9974 0.0701 0.0156
vn 0.9777 -0.2099 0.0101
vn 0.7098 -0.6223 -0.3302
vn 0.2219 -0.7467 -0.6270
vn 0.4427 -0.8951 -0.0535
vn 0.2877 -0.8615 -0.4185
vn 0.3561 -0.7519 -0.5548
vn 0.4659 -0.7532 -0.4643
vn 0.4529 -0.8873 -0.0873
vn 0.3829 -0.9211 0.0709
vn 0.4867 -0.8662 0.1129
vn 0.5607 -0.8062 -0.1887
vn 0.5157 -0.8475 -0.1255
vn 0.6684 -0.6736 -0.3155
vn 0.6290 -0.7029 -0.3321
vn 0.5500 -0.6735 -0.4938
vn 0.6752 -0.2177 -0.7047
vn 0.4305 -0.3163 -0.8453
vn 0.7187 0.0422 -0.6941
vn 0.5272 -0.1398 -0.8382
vn 0.7228 0.2172 -0.6561
vn 0.7241 -0.6861 -0.0711
vn 0.7915 -0.5417 -0.2831
vn 0.7374 -0.4416 -0.5111
vn 0.7002 -0.5849 -0.4094
vn 0.8032 -0.4655 -0.3716
vn 0.8441 -0.0387 -0.5347
vn 0.7625 0.2917 -0.5775
vn 0.7680 0.5232 -0.3695
vn 0.6715 0.5545 -0.4915
vn 0.6339 0.6811 -0.3664
vn 0.7688 0.6392 -0.0201
vn 0.8700 -0.2899 -0.3987
vn 0.8373 0.1444 -0.5273
vn 0.8529 -0.4926 -0.1728
vn 0.8151 -0.5615 0.1427
vn 0.8096 0.3346 -0.4822
vn 0.8595 0.4938 -0.1324
vn 0.8470 -0.2116 0.4877
vn 0.9321 -0.3533 0.0799
vn 0.6001 -0.4303 0.6743
vn 0.8681 -0.2900 -0.4029
vn 0.8809 -0.0827 -0.4660
vn 0.9640 -0.1221 0.2363
vn 0.9214 -0.2936 -0.2546
vn 0.8764 -0.0197 0.4812
vn 0.9253 0.0889 0.3686
vn 0.9314 0.1526 -0.3304
vn 0.9956 -0.0531 0.0774
vn 0.9247 -0.0837 -0.3713
vn 0.9132 0.3240 0.2473
vn -0.4780 0.2035 0.8545
vn 0.1598 0.5509 0.8191
vn 0.1725 0.3897 0.9046
vn 0.3843 0.5496 0.7418
vn -0.5009 0.4788 0.7210
vn -0.4902 0.4372 0.7540
vn -0.6259 0.3687 0.6872
vn -0.6782 0.1190 0.7252
vn -0.0727 0.3328 0.9402
vn -0.5046 0.1144 0.8557
vn -0.4177 0.2176 0.8822
vn -0.4682 0.3184 0.8242
vn 0.4390 0.2823 0.8530
vn -0.4361 -0.0244 0.8996
vn -0.3658 0.4621 0.8079
vn -0.4442 0.4644 0.7661
vn 0.1173 0.0535 0.9917
vn -0.5974 -0.2059 0.7751
vn -0.0380 -0.0287 0.9989
vn -0.7077 -0.3230 0.6284
vn -0.6294 -0.0031 0.7771
vn -0.2365 0.4705 0.8501
vn -0.1275 0.6636 0.7371
vn -0.7222 -0.1945 0.6637
vn -0.3553 0.3399 0.8708
vn -0.0437 0.4911 0.8700
vn 0.0703 0.6140 0.7862
vn 0.1061 0.8044 0.5846
vn -0.5886 -0.4741 0.6548
vn -0.7647 -0.2794 0.5807
vn -0.7593 -0.0907 0.6444
vn -0.5244 0.2265 0.8208
vn -0.6774 0.1613 0.7177
vn 0.3271 0.0339 0.9444
vn 0.6355 -0.0953 0.7662
vn -0.7424 -0.4153 0.5256
vn -0.2600 0.5779 0.7736
vn -0.0651 0.6004 0.7970
vn -0.4501 0.4962 0.7424
vn 0.1185 0.7720 0.6244
vn -0.5926 0.3560 0.7226
vn -0.7017 -0.5614 0.4386
vn -0.7628 -0.4242 0.4880
vn -0.7978 -0.2273 0.5584
vn -0.2038 0.7381 0.6432
vn 0.0017 0.6600 0.7513
vn -0.7478 0.1080 0.6551
vn -0.6855 0.3141 0.6568
vn -0.5747 0.4914 0.6544
vn -0.7080 -0.5778 0.4060
vn -0.7779 -0.1259 0.6157
vn -0.0339 0.7500 0.6606
vn -0.3666 0.6453 0.6703
vn -0.7628 -0.3365 0.5522
vn -0.7119 0.2508 0.6559
vn -0.4681 0.6416 0.6077
vn -0.6819 -0.5539 0.4778
vn -0.7150 0.0629 0.6963
vn -0.6405 0.4617 0.6137
vn -0.7288 -0.3870 0.5648
vn -0.7298 -0.1512 0.6668
vn -0.2831 0.7976 0.5326
vn -0.0576 0.8796 0.4722
vn 0.2983 0.9225 0.2449
vn -0.5370 0.5985 0.5945
vn -0.6715 -0.6212 0.4040
vn -0.7395 0.3257 0.5891
vn -0.6024 0.4994 0.6226
vn -0.8374 -0.2746 0.4726
vn -0.8473 -0.0387 0.5297
vn -0.8837 0.0711 0.4626
vn -0.4109 0.7285 0.5482
vn -0.1234 0.9079 0.4007
vn -0.8091 -0.4314 0.3991
vn -0.8267 -0.4603 0.3236
vn -0.9154 -0.2285 0.3315
vn -0.9222 -0.0066 0.3867
vn -0.8777 0.2078 0.4319
vn -0.2456 0.8579 0.4512
vn -0.8727 -0.1249 0.4720
vn -0.8402 0.1083 0.5313
vn -0.7134 0.3655 0.5979
vn -0.7081 0.4965 0.5020
vn -0.4671 0.6899 0.5530
vn -0.7108 -0.6503 0.2679
vn -0.8117 -0.4112 0.4148
vn -0.8019 0.0217 0.5971
vn -0.6136 0.5795 0.5364
vn -0.7965 -0.1222 0.5922
vn -0.7235 0.2282 0.6515
vn -0.7237 -0.5940 0.3513
vn -0.5980 0.5553 0.5780
vn -0.0907 0.9331 0.3481
vn -0.4931 0.7250 0.4809
vn -0.2647 0.8272 0.4957
vn -0.0674 0.9057 0.4186
vn -0.7489 -0.4755 0.4616
vn -0.7500 0.1562 0.6428
vn -0.6514 0.3983 0.6458
vn -0.2987 0.8640 0.4054
vn -0.7686 -0.0230 0.6393
vn -0.5210 0.6775 0.5191
vn -0.7166 -0.3059 0.6268
vn -0.6396 -0.6385 0.4281
vn -0.3790 0.8213 0.4264
vn -0.4293 -0.4323 0.7930
vn -0.5027 -0.3417 0.7940
vn -0.5125 0.5813 0.6320
vn -0.4724 0.6843 0.5555
vn -0.7370 0.1280 0.6637
vn -0.3690 -0.2566 0.8933
vn -0.6605 0.3547 0.6617
vn -0.2949 -0.6479 0.7023
vn -0.5590 0.5060 0.6569
vn -0.3450 0.8144 0.4666
vn -0.1963 0.9328 0.3022
vn -0.2220 -0.3644 0.9044
vn -0.2171 0.0482 0.9750
vn -0.3524 0.6544 0.6690
vn -0.1757 -0.4860 0.8561
vn -0.1957 0.2306 0.9532
vn -0.1621 0.4116 0.8968
vn -0.3574 0.7333 0.5785
vn -0.1669 0.9041 0.3933
vn -0.0358 -0.1216 0.9919
vn 0.0141 -0.1730 0.9848
vn 0.0631 0.0811 0.9947
vn 0.0795 0.1123 0.9905
vn -0.1953 0.7711 0.6060
vn 0.0193 -0.3607 0.9325
vn 0.0646 0.5369 0.8412
vn -0.1146 0.6924 0.7123
vn 0.0135 0.8794 0.4758
vn 0.3211 0.5582 0.7650
vn 0.2138 0.7181 0.6622
vn 0.2113 0.6947 -0.6876
vn 0.6663 0.4260 -0.6120
vn -0.3223 0.7246 -0.6091
vn -0.0992 0.5983 -0.7951
vn -0.2071 0.6345 -0.7446
vn -0.4994 0.4339 -0.7499
vn -0.3693 0.5426 -0.7545
vn -0.2442 0.7113 -0.6592
vn -0.1417 0.7832 -0.6055
vn -0.2594 0.7191 -0.6447
vn 0.3870 -0.5965 -0.7032
vn -0.3145 0.6173 -0.7212
vn -0.5839 0.3230 -0.7448
vn -0.3929 0.6200 -0.6791
vn -0.0806 0.3622 -0.9286
vn -0.6194 0.2387 -0.7479
vn -0.1661 0.7602 -0.6281
vn -0.1253 0.6614 -0.7395
vn -0.2378 0.1221 -0.9636
vn 0.0764 0.4793 -0.8743
vn -0.3137 0.8590 -0.4045
vn 0.0797 0.7343 -0.6741
vn 0.2216 0.9211 -0.3200
vn 0.6437 0.6129 0.4583
vn 0.6724 -0.3350 0.6601
vn 0.2165 0.7259 -0.6528
vn -0.1945 0.5424 -0.8173
vn 0.1536 0.6701 -0.7262
vn 0.7028 0.6336 -0.3234
vn 0.1663 0.8514 -0.4975
vn 0.3192 0.9232 -0.2142
vn 0.8685 -0.3570 -0.3438
vn 0.2297 0.3629 -0.9031
vn 0.4176 0.6419 -0.6431
vn 0.2805 0.9514 -0.1271
vn 0.7618 0.6359 -0.1237
vn 0.6280 0.7780 -0.0190
vn 0.2272 0.9644 0.1351
vn 0.0587 0.7491 -0.6599
vn 0.3724 0.5874 -0.7185
vn 0.0748 0.6710 -0.7376
vn 0.2357 0.6988 -0.6753
vn 0.2864 0.7615 -0.5814
vn 0.3536 0.8461 -0.3989
vn 0.1185 0.7721 0.6243
vn 0.3369 0.9300 -0.1472
vn 0.3022 0.9231 -0.2380
vn 0.3532 0.9320 -0.0810
vn 0.0874 0.6470 -0.7575
vn 0.1579 0.7845 -0.5997
vn 0.3881 0.7602 -0.5210
vn 0.3585 0.8841 -0.2998
vn 0.4318 0.7824 -0.4487
vn -0.0338 0.7500 0.6606
vn 0.4229 0.7027 -0.5721
vn 0.3092 0.9445 -0.1114
vn 0.3368 0.9404 -0.0459
vn 0.3166 0.7610 -0.5663
vn 0.5459 0.3931 -0.7399
vn 0.2540 0.9632 0.0885
vn 0.5478 0.3035 -0.7796
vn 0.5477 0.5080 -0.6648
vn 0.5118 0.6811 -0.5236
vn 0.2836 0.9541 -0.0960
vn 0.1449 0.9817 0.1237
vn 0.4082 0.8526 -0.3262
vn 0.2478 0.9685 -0.0250
vn 0.4900 0.7361 -0.4670
vn 0.6232 0.4105 -0.6656
vn 0.4689 0.7889 -0.3972
vn 0.6153 0.5462 -0.5684
vn 0.3754 0.9048 -0.2012
vn 0.2365 0.9716 0.0063
vn 0.1297 0.9836 0.1254
vn 0.5299 0.6784 -0.5088
vn 0.3375 0.9316 -0.1347
vn -0.0655 0.9083 0.4131
vn -0.2646 0.8272 0.4957
vn -0.2986 0.8640 0.4054
vn 0.4568 0.8366 -0.3023
vn 0.6580 0.4749 -0.5843
vn 0.1219 0.9697 0.2116
vn 0.2413 0.9704 0.0059
vn 0.5561 0.6951 -0.4556
vn -0.1538 0.9460 0.2852
vn 0.0640 0.9587 0.2771
vn 0.4683 0.8543 -0.2256
vn 0.3381 0.9389 -0.0646
vn 0.6617 0.4957 -0.5625
vn 0.5535 0.7431 -0.3761
vn 0.0086 0.9779 0.2091
vn 0.2161 0.9675 0.1313
vn 0.3129 0.9408 -0.1306
vn 0.6438 0.6242 -0.4427
vn 0.4763 0.8552 -0.2042
vn 0.3259 0.9453 -0.0121
vn 0.5592 0.7771 -0.2888
vn 0.2037 0.9710 0.1250
vn 0.3035 0.9459 0.1147
vn 0.7084 0.4261 -0.5627
vn 0.4768 0.8595 -0.1842
vn 0.0501 0.9593 0.2779
vn 0.5904 0.7396 -0.3231
vn 0.4118 0.9111 -0.0189
vn 0.2053 0.9744 0.0918
vn 0.3104 0.9504 0.0203
vn 0.6687 0.5675 -0.4804
vn 0.2869 0.8334 0.4723
vn 0.2555 0.9384 0.2325
vn 0.5540 0.8088 -0.1976
vn 0.7016 0.5839 -0.4084
vn 0.2139 0.7181 0.6622
vn 0.6590 0.6902 -0.2989
vn 0.5498 0.8206 -0.1559
vn 0.7232 0.4073 -0.5578
vn 0.3732 0.9243 0.0802
vn 0.4342 0.8515 0.2938
vn 0.4759 0.8764 -0.0732
vn 0.5179 0.6485 0.5579
vn 0.7002 0.6497 -0.2960
vn 0.7584 0.5187 -0.3948
vn 0.6623 0.7201 -0.2070
vn 0.5703 0.8182 0.0737
vn 0.6477 0.7546 -0.1056
vn 0.7714 0.5513 -0.3178
vn 0.6413 0.6873 0.3412
vn 0.8131 0.3699 -0.4495
vn 0.7536 0.6532 0.0732
vn 0.7579 0.6278 -0.1775
vn 0.8522 0.3494 -0.3895
vn 0.8257 0.4904 -0.2788
vn 0.8076 0.5092 0.2974
vn 0.8639 0.5036 0.0005
vn 0.9142 0.3785 -0.1448
vn -0.1903 0.0860 0.9779
vn -0.7156 0.3813 0.5853
vn -0.4499 0.7456 0.4917
vn 0.3458 0.7381 0.5793
vn 0.5128 0.4595 0.7252
vn 0.1424 -0.2511 0.9574
vn 0.0239 -0.1226 0.9922
vn -0.2115 0.0587 0.9756
vn -0.6476 0.5422 0.5354
vn -0.3020 0.2608 0.9170
vn 0.6467 -0.0111 0.7627
vn -0.0073 -0.1904 0.9817
vn -0.5437 0.5941 0.5928
vn 0.8219 0.4544 0.3434
vn 0.5619 -0.5101 0.6512
vn 0.4017 -0.5165 0.7562
vn 0.2165 -0.3184 0.9229
vn -0.2716 0.5672 0.7775
vn 0.2280 -0.2711 0.9352
vn 0.2479 -0.5190 0.8180
vn -0.0354 -0.0739 0.9966
vn 0.7120 -0.2299 0.6635
vn 0.3417 -0.6732 0.6558
vn 0.1375 -0.3488 0.9271
vn 0.1996 -0.7075 0.6780
vn -0.0051 0.5447 0.8386
vn 0.1584 -0.2205 0.9624
vn 0.1837 -0.5028 0.8447
vn 0.7009 0.1235 0.7025
vn -0.0039 -0.5539 0.8326
vn 0.1348 -0.7031 0.6982
vn -0.0483 -0.3406 0.9390
vn 0.1422 0.0560 0.9882
vn 0.7011 0.5803 0.4143
vn -0.1463 0.4887 0.8601
vn -0.0413 0.0453 0.9981
vn -0.1523 -0.6711 0.7255
vn -0.1994 -0.6944 0.6914
vn -0.0087 -0.2182 0.9759
vn -0.2813 -0.1816 0.9423
vn -0.5387 0.3137 0.7820
vn -0.4477 0.5575 0.6991
vn -0.6398 -0.1046 0.7614
vn -0.5170 -0.5034 0.6923
vn -0.2013 -0.4678 0.8606
vn -0.4656 -0.5755 0.6723
vn 0.1887 -0.0733 0.9793
vn 0.0217 -0.3070 0.9515
vn 0.2250 0.2326 0.9462
vn -0.1516 0.1651 0.9746
vn 0.6106 0.4877 0.6240
vn 0.7904 0.3467 0.5050
vn -0.6545 0.3767 0.6556
vn -0.7503 -0.0005 0.6611
vn -0.2367 0.1570 0.9588
vn -0.3909 0.4575 0.7987
vn -0.5663 0.4540 0.6879
vn -0.6507 -0.3551 0.6711
vn 0.0159 -0.1372 0.9904
vn -0.1907 -0.2270 0.9550
vn 0.3651 0.6349 0.6809
vn 0.9191 0.1222 0.3746
vn 0.8595 -0.3801 0.3418
vn 0.1759 -0.5323 0.8281
vn -0.0077 -0.0192 0.9998
vn -0.6288 0.2276 0.7435
vn -0.6809 -0.0842 0.7275
vn 0.3648 -0.8540 0.3709
vn 0.1059 -0.3275 0.9389
vn -0.0972 -0.0332 0.9947
vn -0.3088 0.2200 0.9253
vn -0.4644 -0.4048 0.7877
vn 0.3190 0.2259 0.9204
vn 0.3459 -0.6400 0.6861
vn -0.2557 -0.1556 0.9542
vn -0.0172 -0.0730 0.9972
vn 0.1741 0.0360 0.9841
vn -0.0982 0.0864 0.9914
vn -0.4417 0.0353 0.8965
vn 0.2994 -0.3911 0.8703
vn -0.2991 0.1580 0.9411
vn 0.1841 -0.1377 0.9732
vn -0.1866 0.0335 0.9819
vn 0.0925 -0.0164 0.9956
vn 0.3844 0.1155 0.9159
vn 0.1844 -0.0800 0.9796
vn -0.0649 0.1035 0.9925
vn 0.6060 0.3707 0.7038
vn 0.5465 -0.5677 0.6156
vn 0.3949 -0.2778 0.8757
vn -0.0312 0.0585 0.9978
vn -0.0705 0.1075 0.9917
vn 0.0673 0.1221 0.9902
vn 0.0219 -0.0340 0.9992
vn 0.4617 0.2227 0.8586
vn 0.6852 0.3363 0.6461
vn 0.2177 0.0699 0.9735
vn 0.4126 0.0574 0.9091
vn 0.4417 0.2213 0.8695
vn 0.4046 -0.1758 0.8974
vn 0.2497 -0.0059 0.9683
vn 0.5171 -0.0714 0.8529
vn 0.4305 0.1277 0.8935
vn 0.7047 0.3390 0.6232
vn 0.5532 0.0445 0.8318
vn 0.7826 0.1393 0.6067
vn 0.6718 0.1492 0.7256
vn 0.5854 0.5816 -0.5648
vn 0.7835 0.0814 -0.6160
vn 0.3724 0.5874 -0.7186
vn 0.7029 0.6336 -0.3234
vn 0.8195 -0.5715 0.0430
vn -0.9607 -0.2383 -0.1421
vn -0.9094 -0.1338 0.3937
vn -0.8981 -0.3558 0.2584
vn -0.9183 0.1536 0.3648
vn -0.8910 0.0789 0.4471
vn -0.8774 0.2946 0.3787
vn -0.8487 -0.5171 -0.1108
vn -0.8787 -0.2289 0.4190
vn -0.9007 -0.0544 0.4310
vn -0.8617 0.4960 0.1075
vn -0.7797 -0.5928 0.2016
vn -0.9209 -0.0797 0.3815
vn -0.8539 0.2875 0.4338
vn -0.7577 -0.5047 0.4138
vn -0.8116 -0.3044 0.4987
vn -0.9136 0.1418 0.3812
vn -0.7972 0.4087 0.4444
vn -0.6292 -0.7079 0.3210
vn -0.7963 -0.1106 0.5947
vn -0.8352 0.1316 0.5339
vn -0.7576 0.6085 0.2363
vn -0.6555 -0.1834 0.7326
vn -0.7258 0.3900 0.5667
vn -0.7110 0.4528 0.5380
vn -0.6647 -0.4938 0.5607
vn -0.6320 0.0861 0.7702
vn -0.6316 0.5966 0.4951
vn -0.5689 -0.6959 0.4383
vn -0.5756 -0.3520 0.7381
vn -0.5509 0.3898 0.7380
vn -0.5593 0.5308 0.6368
vn -0.4584 -0.6325 0.6244
vn -0.4295 0.1771 0.8855
vn -0.3687 -0.8070 0.4612
vn -0.4041 -0.2034 0.8918
vn -0.5024 -0.0077 0.8646
vn -0.3829 0.4472 0.8083
vn -0.4350 0.5235 0.7326
vn -0.5106 0.6261 0.5893
vn -0.4321 -0.4126 0.8019
vn -0.4285 0.6428 0.6350
vn -0.3057 -0.7863 0.5369
vn -0.2916 0.0095 0.9565
vn -0.3161 -0.6034 0.7321
vn -0.2260 -0.3673 0.9022
vn -0.2786 0.3634 0.8890
vn -0.3452 0.4394 0.8293
vn -0.1499 -0.7729 0.6166
vn -0.3698 0.5228 0.7680
vn -0.1693 -0.1799 0.9690
vn -0.2241 0.1799 0.9578
vn -0.1734 0.5368 0.8257
vn -0.0240 -0.6083 0.7933
vn -0.0851 0.0188 0.9962
vn -0.2137 0.4054 0.8888
vn 0.0691 0.6904 0.7201
vn -0.2302 0.2777 0.9327
vn -0.1811 0.0595 0.9817
vn -0.3694 -0.0729 0.9264
vn -0.0294 -0.0462 0.9985
vn 0.3478 0.4837 0.8032
vn 0.4511 -0.1460 0.8804
vn -0.8411 0.5062 -0.1906
vn -0.7875 0.5309 -0.3132
vn -0.7340 0.6383 -0.2318
vn -0.7109 0.7007 -0.0598
vn -0.5742 0.7946 0.1974
vn -0.6659 0.7024 -0.2513
vn -0.6243 0.7652 -0.1574
vn -0.4842 0.8747 -0.0224
vn -0.4033 0.8378 0.3681
vn -0.4955 0.8624 -0.1038
vn -0.3350 0.9299 0.1515
vn -0.6445 0.7036 -0.2993
vn -0.2858 0.9563 0.0614
vn -0.5894 0.7369 -0.3310
vn -0.5505 0.8192 -0.1611
vn -0.2526 0.8640 0.4356
vn -0.1843 0.9558 0.2293
vn -0.1332 0.8101 0.5710
vn -0.5320 0.8024 -0.2705
vn -0.3889 0.9213 0.0021
vn 0.0060 0.9083 0.4183
vn -0.0924 0.9826 0.1611
vn -0.6371 0.6581 -0.4013
vn -0.4861 0.8358 -0.2553
vn -0.4448 0.8850 -0.1376
vn -0.2104 0.9682 0.1355
vn 0.0214 0.9595 0.2808
vn -0.6762 0.5128 -0.5290
vn -0.5484 0.7625 -0.3432
vn -0.2825 0.9575 0.0588
vn -0.4844 0.8485 -0.2133
vn -0.1137 0.9505 0.2891
vn 0.1407 0.9513 0.2744
vn -0.0073 0.9775 0.2110
vn -0.3221 0.9415 -0.0994
vn -0.1742 0.9844 0.0241
vn 0.0927 0.9474 0.3064
vn -0.4299 0.8691 -0.2446
vn -0.0673 0.9637 0.2584
vn -0.4725 0.8137 -0.3386
vn -0.0036 0.9120 0.4103
vn -0.2849 0.9565 -0.0623
vn -0.2260 0.9741 0.0040
vn 0.3526 0.8454 0.4013
vn -0.4980 0.7607 -0.4164
vn -0.3352 0.9295 -0.1541
vn -0.1469 0.9819 0.1198
vn -0.4301 0.8586 -0.2788
vn 0.0214 0.9641 0.2648
vn -0.2357 0.9718 0.0014
vn -0.4421 0.7971 -0.4114
vn -0.4543 0.7365 -0.5012
vn -0.2772 0.9578 -0.0754
vn -0.3387 0.9191 -0.2013
vn -0.0998 0.9588 0.2660
vn -0.5375 0.5545 -0.6353
vn -0.3122 0.9459 -0.0879
vn -0.3199 0.9474 -0.0095
vn -0.3842 0.7235 -0.5736
vn -0.3715 0.7911 -0.4860
vn -0.3408 0.9135 -0.2224
vn -0.3594 0.8449 -0.3963
vn -0.2912 0.5770 -0.7630
vn -0.3394 0.9312 -0.1330
vn -0.2774 0.9307 -0.2384
vn -0.3009 0.9450 -0.1283
vn -0.3231 0.9418 0.0931
vn -0.3044 0.7638 -0.5691
vn -0.2620 0.8777 -0.4013
vn -0.1909 0.9814 -0.0190
vn -0.3227 0.9328 -0.1603
vn -0.1341 0.8945 0.4266
vn -0.3065 0.9472 -0.0946
vn -0.2135 0.9360 -0.2798
vn 0.0527 0.8559 -0.5144
vn -0.2531 0.9133 0.3190
vn 0.2487 0.7114 -0.6573
vn -0.2073 0.6329 -0.7460
vn 0.1054 0.7755 -0.6225
vn -0.0558 0.7869 0.6145
vn -0.8135 0.2606 -0.5199
vn -0.8335 0.5467 -0.0800
vn -0.9073 -0.4125 -0.0811
vn -0.9562 0.2901 -0.0396
vn -0.9314 0.0236 0.3632
vn -0.0116 0.8856 -0.4642
vn -0.1658 0.8956 -0.4127
vn 0.2698 0.7595 -0.5919
vn 0.5545 0.4497 -0.7002
vn 0.2201 0.7568 -0.6155
vn -0.6857 -0.6139 -0.3910
vn -0.3643 0.7321 -0.5756
vn -0.2656 0.7506 -0.6050
vn -0.5192 -0.4989 -0.6939
vn -0.6141 -0.7366 -0.2833
vn -0.3853 0.4909 -0.7814
vn -0.1385 0.6433 -0.7530
vn -0.6842 -0.7293 -0.0060
vn -0.6108 -0.7559 -0.2354
vn -0.5089 -0.8516 0.1255
vn -0.4682 -0.8780 -0.0993
vn -0.5197 -0.7474 -0.4139
vn -0.4200 -0.8688 -0.2624
vn -0.3764 -0.8763 0.3007
vn -0.4594 -0.7360 -0.4972
vn -0.2740 -0.9599 0.0593
vn -0.2543 -0.9614 -0.1050
vn -0.3184 -0.8735 -0.3684
vn -0.2247 -0.9534 -0.2012
vn -0.0801 -0.9963 -0.0318
vn -0.1268 -0.9760 0.1770
vn -0.1615 -0.9180 0.3621
vn -0.1366 -0.9498 -0.2816
vn -0.2638 -0.8632 -0.4305
vn -0.0768 -0.8857 0.4578
vn -0.0620 -0.9868 -0.1496
vn 0.0375 -0.9939 0.1035
vn 0.0357 -0.9680 0.2483
vn 0.1128 -0.9387 0.3257
vn -0.2450 -0.8385 -0.4867
vn -0.3979 -0.6872 -0.6079
vn -0.0969 -0.9412 -0.3236
vn 0.0910 -0.9958 -0.0040
vn 0.1911 -0.9665 0.1714
vn 0.1304 -0.8110 0.5704
vn -0.3623 -0.7692 -0.5264
vn 0.0364 -0.9856 -0.1650
vn -0.2180 -0.8788 -0.4245
vn 0.3612 -0.9021 0.2361
vn 0.2912 -0.9497 0.1151
vn 0.2246 -0.9739 -0.0320
vn 0.3728 -0.9086 0.1881
vn 0.3660 -0.8690 0.3330
vn 0.1429 -0.9856 -0.0906
vn -0.2270 -0.8921 -0.3907
vn -0.3670 -0.7523 -0.5472
vn 0.4479 -0.8773 0.1723
vn 0.0566 -0.9788 -0.1966
vn -0.0840 -0.9469 -0.3103
vn 0.3426 -0.9384 0.0460
vn 0.4440 -0.8903 0.1012
vn 0.5753 -0.7646 0.2904
vn 0.5368 -0.8093 0.2387
vn 0.2375 -0.9707 -0.0358
vn -0.0044 -0.9609 -0.2770
vn -0.1752 -0.8779 -0.4456
vn -0.3408 -0.7285 -0.5942
vn 0.3069 -0.9419 0.1366
vn 0.5177 -0.8228 0.2347
vn 0.1465 -0.9780 -0.1488
vn 0.6303 -0.7475 0.2096
vn 0.5387 -0.7684 0.3455
vn 0.0022 -0.9455 -0.3257
vn 0.4013 -0.9070 0.1278
vn -0.1306 -0.8676 -0.4798
vn 0.3328 -0.9424 0.0342
vn 0.1903 -0.9758 -0.1080
vn 0.1533 -0.9737 -0.1684
vn 0.5160 -0.8227 0.2386
vn 0.0381 -0.9595 -0.2793
vn -0.1327 -0.9006 -0.4138
vn -0.2669 -0.7951 -0.5446
vn 0.2630 -0.9647 0.0130
vn -0.2981 -0.8289 -0.4733
vn 0.0923 -0.9888 -0.1175
vn -0.7376 -0.6301 -0.2427
vn 0.6038 -0.7075 0.3672
vn -0.8079 -0.5889 -0.0211
vn -0.9461 -0.1933 0.2600
vn 0.4512 -0.8652 0.2189
vn -0.7997 -0.4742 -0.3684
vn -0.1429 -0.8990 0.4139
vn -0.8646 -0.3091 -0.3962
vn -0.0481 -0.6396 0.7672
vn 0.6340 -0.5633 0.5298
vn -0.5401 -0.4684 -0.6992
vn -0.4697 -0.5526 -0.6885
vn -0.5372 -0.4601 -0.7069
vn -0.3308 -0.7163 -0.6144
vn -0.4828 -0.4924 -0.7242
vn -0.5583 -0.3978 -0.7281
vn -0.4348 -0.6142 -0.6585
vn -0.4052 -0.4682 -0.7852
vn -0.2950 -0.1893 -0.9366
vn -0.3958 -0.5072 -0.7656
vn -0.3319 -0.4224 -0.8435
vn -0.3651 -0.7166 -0.5943
vn -0.2556 -0.3317 -0.9081
vn -0.3573 -0.2837 -0.8899
vn -0.3159 -0.6559 -0.6856
vn -0.1482 -0.4351 -0.8881
vn -0.3608 -0.4528 -0.8153
vn -0.6908 -0.4944 -0.5276
vn -0.3100 -0.6425 -0.7008
vn -0.8372 0.0783 -0.5412
vn -0.3398 -0.3591 -0.8692
vn -0.4274 -0.3932 -0.8141
vn -0.7855 0.0056 -0.6188
vn -0.2633 -0.1327 -0.9555
vn -0.5152 -0.1897 -0.8358
vn -0.9933 0.0767 0.0866
vn -0.9330 -0.1116 -0.3422
vn -0.9692 -0.1750 0.1734
vn -0.9395 -0.1323 0.3158
vn -0.9248 -0.3565 0.1326
vn -0.9005 0.0792 0.4277
vn -0.9267 0.1782 -0.3310
vn -0.9640 0.1830 0.1931
vn -0.9134 0.3601 -0.1899
vn -0.8304 0.2253 0.5096
vn -0.8634 0.3457 0.3674
vn -0.8034 -0.3562 0.4771
vn -0.6760 -0.1669 0.7178
vn -0.8154 0.0533 0.5764
vn -0.5981 0.1576 0.7858
vn -0.8208 0.3031 -0.4841
vn -0.8351 0.4578 -0.3050
vn -0.8526 0.4744 0.2192
vn -0.7489 0.4622 -0.4749
vn -0.6825 0.2153 0.6985
vn -0.7772 0.5663 0.2744
vn -0.7762 0.6113 -0.1544
vn -0.6881 0.6386 -0.3446
vn -0.7578 0.4858 0.4356
vn -0.6446 0.7573 -0.1051
vn -0.6715 0.6886 0.2738
vn -0.5171 0.7265 0.4526
vn -0.3651 0.3897 0.8455
vn -0.5186 0.8418 0.1496
vn -0.4777 0.8436 -0.2451
vn -0.3725 0.7887 0.4890
vn -0.2551 0.9631 -0.0861
vn -0.1871 0.2262 0.9559
vn -0.3114 0.9182 0.2446
vn -0.9167 -0.3440 -0.2033
vn -0.8898 -0.2345 -0.3915
vn -0.8982 -0.0263 -0.4387
vn -0.8768 0.0978 -0.4708
vn -0.8289 -0.5396 -0.1472
vn -0.8214 -0.4389 -0.3643
vn -0.8952 -0.0603 -0.4416
vn -0.7303 -0.5931 -0.3390
vn -0.8052 -0.5775 0.1348
vn -0.8443 -0.3478 -0.4077
vn -0.7906 0.1023 -0.6037
vn -0.7202 -0.6720 -0.1723
vn -0.7468 -0.1030 -0.6570
vn -0.7203 0.1888 -0.6675
vn -0.6826 -0.7188 0.1318
vn -0.7330 -0.5042 -0.4567
vn -0.5951 -0.2695 -0.7571
vn -0.6463 -0.0262 -0.7627
vn -0.6862 0.3652 -0.6291
vn -0.5977 -0.6651 -0.4477
vn -0.5426 -0.6914 -0.4770
vn -0.6186 -0.7294 -0.2921
vn -0.5584 -0.8110 -0.1744
vn -0.4550 -0.5066 -0.7324
vn -0.4496 -0.2923 -0.8441
vn -0.5958 0.0934 -0.7977
vn -0.4424 -0.8942 0.0688
vn -0.4291 -0.8813 -0.1978
vn -0.2776 -0.4882 -0.8274
vn -0.6236 0.3159 -0.7150
vn -0.5084 -0.7903 -0.3421
vn -0.2621 -0.7356 -0.6247
vn -0.1449 -0.6071 -0.7813
vn -0.2164 -0.7553 -0.6186
vn -0.4912 -0.0679 -0.8684
vn -0.2020 -0.4446 -0.8727
vn -0.4783 0.2702 -0.8356
vn -0.3705 -0.9274 0.0517
vn -0.2810 -0.9105 -0.3035
vn -0.0991 -0.6495 -0.7539
vn -0.1492 -0.8215 -0.5504
vn -0.3251 0.0586 -0.9438
vn -0.1862 -0.2619 -0.9470
vn -0.8074 -0.5878 -0.0513
vn -0.1123 -0.6696 -0.7342
vn -0.9855 -0.1253 -0.1147
vn -0.9756 -0.1836 -0.1204
vn -0.9860 0.0992 -0.1344
vn -0.9843 -0.0595 -0.1660
vn -0.9800 -0.0573 -0.1907
vn -0.7703 -0.3129 -0.5557
vn -0.3354 -0.8654 -0.3722
vn -0.0781 -0.5525 -0.8298
vn -0.9776 -0.1662 -0.1289
vn -0.9339 -0.1129 -0.3392
vn -0.9662 -0.1723 -0.1920
vn -0.9668 0.0357 -0.2529
vn -0.9404 0.1743 -0.2920
vn -0.9728 0.1115 -0.2028
vn -0.4357 -0.6728 -0.5979
vn -0.3669 -0.5494 -0.7507
vn -0.9529 -0.2731 -0.1319
vn -0.9194 -0.3427 -0.1932
vn -0.9152 -0.2411 -0.3230
vn -0.9241 0.0351 -0.3805
vn -0.8306 -0.2711 -0.4864
vn -0.9046 0.1991 -0.3770
vn -0.0007 -0.0888 -0.9960
vn -0.9130 -0.3865 -0.1302
vn -0.9123 -0.1130 -0.3937
vn -0.9095 0.1521 -0.3869
vn 0.0158 -0.3871 -0.9219
vn -0.8845 -0.2989 -0.3581
vn -0.8966 -0.1961 -0.3971
vn -0.9046 0.0017 -0.4263
vn -0.8869 0.2543 -0.3857
vn -0.8615 0.1962 -0.4683
vn -0.5805 -0.2519 -0.7743
vn 0.1663 -0.2354 -0.9576
vn -0.8597 -0.4898 -0.1447
vn -0.8645 -0.4095 -0.2916
vn -0.8438 -0.4926 -0.2129
vn -0.1717 -0.4176 -0.8923
vn -0.8045 -0.5937 -0.0171
vn -0.8442 -0.2446 -0.4770
vn -0.8622 -0.1334 -0.4886
vn -0.8438 0.0286 -0.5360
vn -0.8631 0.1730 -0.4744
vn -0.8326 -0.4035 -0.3793
vn -0.8289 0.3307 -0.4512
vn -0.3061 -0.0997 -0.9468
vn -0.7977 -0.4943 -0.3455
vn -0.8146 -0.3578 -0.4566
vn -0.8014 -0.1673 -0.5743
vn -0.7811 0.1550 -0.6048
vn -0.8014 0.3019 -0.5163
vn -0.7674 -0.6312 -0.1125
vn -0.7620 -0.6450 0.0576
vn -0.7621 -0.6051 -0.2304
vn -0.7878 -0.2596 -0.5586
vn -0.7944 -0.0825 -0.6017
vn -0.1783 0.0545 -0.9825
vn -0.7217 0.3109 -0.6185
vn -0.7690 -0.6059 0.2041
vn -0.7574 -0.4440 -0.4787
vn -0.7581 -0.3671 -0.5391
vn -0.7574 0.0579 -0.6504
vn -0.7437 0.2822 -0.6060
vn -0.7280 0.4264 -0.5368
vn -0.6749 0.4525 -0.5829
vn -0.7574 -0.6525 -0.0225
vn -0.7166 -0.6028 -0.3509
vn -0.7585 -0.2078 -0.6177
vn -0.7057 -0.0383 -0.7075
vn -0.7262 0.1847 -0.6622
vn -0.7089 -0.6832 -0.1750
vn -0.7679 -0.6366 0.0709
vn -0.6837 -0.5618 -0.4657
vn -0.6754 -0.4734 -0.5654
vn -0.7381 -0.1385 -0.6603
vn -0.6859 0.3414 -0.6426
vn -0.7356 -0.6625 0.1414
vn -0.6799 -0.6920 -0.2428
vn -0.7139 -0.3503 -0.6064
vn -0.6457 0.2742 -0.7127
vn -0.9561 0.2902 -0.0395
vn -0.7823 -0.3749 0.4975
vn -0.6158 -0.6877 -0.3846
vn -0.6383 -0.2472 -0.7290
vn -0.6390 -0.1191 -0.7599
vn -0.6392 -0.0222 -0.7687
vn -0.6681 0.0614 -0.7415
vn -0.6587 0.1310 -0.7409
vn -0.6858 -0.6139 -0.3910
vn -0.6061 -0.7742 -0.1824
vn -0.6146 -0.4261 -0.6639
vn -0.5731 -0.7780 -0.2573
vn -0.5994 -0.5842 -0.5472
vn -0.5976 0.2097 -0.7738
vn -0.6142 -0.7366 -0.2833
vn -0.5320 -0.8236 -0.1965
vn -0.5789 -0.5231 -0.6255
vn -0.5808 -0.3528 -0.7336
vn -0.5850 0.0554 -0.8092
vn -0.5481 -0.2214 -0.8066
vn -0.5550 -0.0215 -0.8316
vn -0.5053 -0.8214 -0.2647
vn -0.5513 -0.6814 -0.4815
vn -0.5609 -0.1196 -0.8192
vn -0.7829 -0.4596 -0.4193
vn -0.4837 -0.7832 -0.3907
vn -0.5247 -0.4715 -0.7088
vn -0.5013 -0.3515 -0.7907
vn -0.5654 -0.7813 -0.2644
vn -0.4656 -0.6935 -0.5498
vn -0.5030 0.1640 -0.8486
vn -0.5105 -0.5959 -0.6199
vn -0.4608 -0.0983 -0.8820
vn -0.4614 0.0169 -0.8870
vn -0.4297 -0.2200 -0.8758
vn -0.6083 -0.6900 -0.3923
vn -0.3994 -0.7792 -0.4830
vn -0.4588 -0.8031 -0.3802
vn -0.4459 -0.5474 -0.7081
vn -0.4472 -0.4196 -0.7899
vn -0.4171 -0.0694 -0.9062
vn -0.4202 -0.6894 -0.5900
vn -0.3896 -0.3269 -0.8610
vn -0.3914 -0.4797 -0.7853
vn -0.3522 -0.0879 -0.9318
vn -0.3817 -0.7784 -0.4984
vn -0.3819 -0.6031 -0.7003
vn -0.3541 -0.1722 -0.9192
vn -0.3713 -0.7282 -0.5761
vn -0.3058 -0.3979 -0.8650
vn -0.3220 -0.8110 -0.4885
vn -0.2984 -0.5154 -0.8033
vn -0.3017 -0.2464 -0.9210
vn -0.4381 -0.5469 -0.7134
vn -0.3197 -0.6612 -0.6787
vn -0.2845 -0.6229 -0.7287
vn -0.2730 -0.7467 -0.6065
vn -0.2228 -0.5526 -0.8031
vn -0.1876 -0.2444 -0.9513
vn -0.3716 -0.6075 -0.7020
vn -0.2453 -0.6455 -0.7233
vn -0.2215 -0.7650 -0.6048
vn -0.1298 -0.5070 -0.8521
vn -0.1832 -0.6662 -0.7229
vn -0.1024 -0.5847 -0.8047
vn -0.0818 -0.6829 -0.7259
vn -0.0006 -0.3772 -0.9261
vn -0.6059 0.4970 -0.6211
vn -0.5821 0.6505 -0.4878
vn -0.5416 0.7490 -0.3817
vn -0.5383 0.4570 -0.7081
vn -0.5021 0.5848 -0.6371
vn -0.3654 0.7561 -0.5429
vn -0.3856 0.8164 -0.4299
vn -0.3899 0.6101 -0.6898
vn -0.3911 0.4505 -0.8026
vn -0.2564 0.8771 -0.4061
vn -0.1752 0.8511 -0.4950
vn -0.2402 0.2628 -0.9345
vn -0.2031 0.7414 -0.6396
vn -0.1440 0.9235 -0.3556
vn 0.0094 0.4175 -0.9086
vn -0.2279 0.6016 -0.7656
vn -0.0137 0.1370 -0.9905
vn -0.0602 0.8951 -0.4417
vn 0.0058 0.8230 -0.5681
vn -0.0116 0.9768 -0.2140
vn 0.0896 0.6533 -0.7518
vn -0.0000 0.9040 -0.4276
vn 0.2641 -0.0455 -0.9634
vn 0.1873 0.2560 -0.9484
vn 0.0866 0.8790 -0.4689
vn 0.2724 0.5053 -0.8188
vn 0.2365 0.8764 -0.4196
vn 0.2943 0.7078 -0.6422
vn 0.1881 0.8524 -0.4879
vn 0.2705 0.9436 -0.1912
vn -0.6958 0.4201 -0.5825
vn 0.2596 -0.0777 -0.9626
vn -0.6511 0.5117 -0.5606
vn -0.4079 0.4527 -0.7929
vn 0.3475 0.1817 -0.9199
vn 0.3441 0.8100 -0.4748
vn -0.5967 0.5485 -0.5858
vn 0.2309 0.0695 -0.9705
vn 0.4140 0.3890 -0.8230
vn 0.4502 0.6641 -0.5969
vn 0.4172 0.8260 -0.3790
vn -0.5250 0.6550 -0.5435
vn 0.4143 0.5634 -0.7148
vn -0.6269 0.5724 -0.5286
vn -0.2969 0.5978 -0.7446
vn 0.2628 0.3526 -0.8981
vn 0.4267 0.8242 -0.3724
vn -0.6033 0.3799 -0.7012
vn 0.5253 0.7326 -0.4328
vn -0.6284 0.4845 -0.6085
vn -0.2702 0.7067 -0.6539
vn 0.3109 0.5448 -0.7788
vn 0.4827 0.6316 -0.6067
vn 0.6125 0.6643 -0.4283
vn 0.5815 0.7078 -0.4011
vn -0.5702 0.6849 -0.4536
vn 0.6164 0.7697 -0.1663
vn -0.5142 0.3731 -0.7723
vn -0.4811 0.7373 -0.4742
vn -0.2883 0.8066 -0.5161
vn -0.4869 0.4654 -0.7391
vn -0.5749 0.6067 -0.5490
vn -0.0390 0.8936 -0.4472
vn 0.3400 0.8535 -0.3950
vn 0.7322 0.6315 -0.2554
vn 0.6415 0.6629 -0.3859
vn -0.4304 0.7978 -0.4223
vn -0.3860 0.8184 -0.4257
vn -0.5049 0.5582 -0.6584
vn -0.3169 0.8902 -0.3273
vn -0.3033 0.9349 -0.1843
vn 0.3505 0.8874 -0.2994
vn -0.3649 0.6761 -0.6401
vn 0.5457 0.7782 -0.3108
vn -0.4381 0.2840 -0.8529
vn -0.4445 0.7342 -0.5133
vn -0.2463 0.9679 -0.0511
vn -0.3711 0.4874 -0.7904
vn -0.3190 0.9218 -0.2202
vn -0.3178 0.2924 -0.9019
vn -0.3779 0.4176 -0.8263
vn -0.3717 0.5778 -0.7266
vn -0.3055 0.7765 -0.5511
vn -0.3162 0.8499 -0.4214
vn -0.3556 0.9291 -0.1014
vn -0.3357 0.8752 -0.3483
vn -0.2964 0.5958 -0.7465
vn -0.3095 0.6890 -0.6554
vn -0.2788 0.9103 -0.3061
vn -0.3089 0.9447 -0.1098
vn -0.2657 0.3958 -0.8790
vn -0.2281 0.7673 -0.5994
vn -0.2407 0.8206 -0.5184
vn -0.2652 0.9402 -0.2139
vn -0.2331 0.8966 -0.3765
vn -0.2731 0.5181 -0.8106
vn -0.2048 0.4194 -0.8844
vn -0.2506 0.6797 -0.6893
vn -0.2224 0.8615 -0.4564
vn -0.2160 0.9380 -0.2710
vn -0.2028 0.6214 -0.7568
vn -0.1812 0.8262 -0.5334
vn -0.2395 0.9543 -0.1789
vn -0.1778 0.8854 -0.4294
vn -0.2697 0.9612 0.0571
vn -0.1881 0.7043 -0.6845
vn -0.1830 0.9231 -0.3383
vn -0.1743 0.5277 -0.8313
vn -0.1909 0.7867 -0.5871
vn -0.2020 0.9342 -0.2940
vn -0.2583 0.9427 -0.2112
vn -0.1631 0.5806 -0.7977
vn -0.1639 0.6435 -0.7477
vn -0.1670 0.7386 -0.6531
vn -0.1634 0.9120 -0.3762
vn -0.1519 0.8074 -0.5702
vn -0.1681 0.8569 -0.4873
vn -0.2779 0.9559 -0.0955
vn -0.2777 0.9560 0.0943
vn -0.1119 0.8921 -0.4378
vn -0.1866 0.9316 -0.3119
vn -0.1480 0.9269 -0.3448
vn -0.0808 0.6076 -0.7902
vn -0.0956 0.7526 -0.6515
vn -0.0970 0.6495 -0.7541
vn -0.0916 0.8480 -0.5220
vn -0.0735 0.9183 -0.3890
vn -0.0382 0.8216 -0.5687
vn -0.1647 0.9825 -0.0868
vn 0.0345 0.8775 -0.4783
vn -0.0543 0.9335 -0.3544
vn 0.0359 0.6787 -0.7336
vn -0.0522 0.9322 -0.3581
vn 0.0793 0.7551 -0.6508
vn 0.0832 0.6009 -0.7950
vn 0.0660 0.8310 -0.5523
vn 0.0865 0.9194 -0.3836
vn 0.1223 0.9293 -0.3485
vn 0.1671 0.9684 -0.1854
vn 0.1491 0.6385 -0.7550
vn 0.1497 0.8946 -0.4210
vn 0.1315 0.8610 -0.4913
vn 0.1842 0.9255 -0.3309
vn 0.2331 0.9317 -0.2787
vn 0.1623 0.7999 -0.5778
vn 0.1625 0.7158 -0.6791
vn 0.1778 0.6504 -0.7385
vn 0.1898 0.7552 -0.6274
vn 0.1791 0.9250 -0.3352
vn 0.1825 0.8440 -0.5043
vn 0.2065 0.9357 -0.2862
vn 0.1869 0.8976 -0.3992
vn 0.2386 0.7658 -0.5972
vn 0.2317 0.9299 -0.2855
vn 0.2342 0.6746 -0.7000
vn 0.2205 0.8427 -0.4912
vn 0.2625 0.8902 -0.3722
vn 0.3111 0.6365 -0.7058
vn 0.2688 0.7980 -0.5394
vn 0.2850 0.7184 -0.6345
vn 0.3167 0.9000 -0.2996
vn 0.3426 0.8475 -0.4055
vn 0.3519 0.6696 -0.6541
vn 0.3432 0.7673 -0.5418
vn 0.3930 0.8496 -0.3517
vn 0.4599 0.7805 -0.4235
vn -0.7700 0.5857 -0.2529
vn -0.4613 0.7888 -0.4061
vn -0.0306 0.9891 -0.1440
vn -0.6855 0.7066 0.1756
vn 0.4509 0.7849 -0.4249
vn 0.2721 0.9399 -0.2061
vn -0.7554 0.5127 -0.4081
vn -0.7899 0.6067 0.0894
vn 0.3020 0.8289 -0.4709
vn -0.5183 0.7234 -0.4561
vn 0.2950 0.9055 -0.3050
vn -0.6968 0.6017 -0.3903
vn -0.2112 0.8099 -0.5472
vn -0.6067 0.5296 -0.5928
vn -0.6609 0.6015 -0.4489
vn -0.6495 0.7552 -0.0886
vn -0.4727 0.8019 -0.3655
vn 0.2070 0.6249 -0.7528
vn -0.5691 0.6098 -0.5516
vn -0.4902 0.7327 -0.4721
vn -0.3273 0.6166 -0.7160
vn -0.5865 0.8078 0.0580
vn -0.4748 0.4747 -0.7411
vn -0.4215 0.6145 -0.6669
vn -0.4493 0.7587 -0.4718
vn -0.3720 0.2738 -0.8869
vn -0.2698 0.8423 -0.4666
vn -0.4630 0.8863 -0.0110
vn -0.2652 0.9098 -0.3193
vn -0.3377 0.5193 -0.7850
vn -0.2398 0.7898 -0.5646
vn -0.2659 0.6658 -0.6972
vn -0.0637 0.9330 -0.3542
vn -0.0630 0.5982 -0.7989
vn -0.0308 0.8737 -0.4856
vn 0.0205 0.7891 -0.6139
vn 0.1560 0.9131 -0.3766
vn 0.2443 0.6849 -0.6865
vn 0.2066 0.8156 -0.5404
vn 0.1194 0.9908 -0.0634
vn 0.3661 0.5120 -0.7770
vn 0.2816 0.8679 -0.4092
vn 0.3618 0.9109 -0.1985
vn 0.3183 0.7965 -0.5141
vn 0.4390 0.8098 -0.3891
vn 0.5597 0.7964 -0.2293
vn 0.5096 0.6897 -0.5143
vn -0.8039 0.5208 0.2871
vn -0.6645 0.6693 0.3324
vn -0.7025 0.7018 0.1184
vn -0.5437 0.5941 0.5927
vn -0.7024 0.6680 0.2458
vn -0.5576 0.8292 -0.0394
vn -0.5224 0.8370 0.1631
vn -0.3253 0.9456 -0.0079
vn -0.2279 0.7789 0.5843
vn -0.1240 0.9910 -0.0501
vn -0.0123 0.7704 0.6375
vn -0.0439 0.9765 0.2109
vn -0.0051 0.5448 0.8386
vn 0.1618 0.9770 0.1392
vn 0.1762 0.8906 0.4193
vn 0.1601 0.7947 0.5855
vn 0.3043 0.8790 0.3670
vn 0.2250 0.2327 0.9462
vn 0.3432 0.9166 0.2053
vn 0.3650 0.6349 0.6809
vn 0.4418 0.8205 0.3627
vn 0.5790 0.7001 0.4179
vn 0.3190 0.2260 0.9204
vn 0.5936 0.7911 0.1477
vn 0.7431 0.5994 0.2977
vn 0.7687 0.6392 -0.0200
vn 0.6852 0.3364 0.6460
vn 0.7048 0.3390 0.6232
vn 0.8243 0.4956 0.2736
vn 0.8476 0.2460 0.4702
vn 0.6718 0.1492 0.7255
vn 0.9131 0.3240 0.2474
vn -0.9372 -0.3013 0.1757
vn -0.8835 -0.4652 0.0543
vn -0.7844 -0.5313 0.3200
vn -0.8389 -0.3364 0.4278
vn -0.9202 -0.1414 0.3650
vn -0.8538 -0.1441 0.5002
vn -0.9158 0.0129 0.4013
vn -0.9843 0.1380 0.1103
vn -0.9598 0.2583 0.1101
vn -0.8812 0.2714 0.3870
vn -0.8656 0.1025 0.4901
vn -0.6455 -0.2689 0.7149
vn -0.5821 -0.3624 0.7279
vn -0.7792 0.4251 0.4606
vn -0.8574 0.4729 0.2031
vn -0.5895 -0.4844 0.6465
vn -0.5983 -0.1110 0.7935
vn -0.7711 0.3330 0.5427
vn -0.7216 0.6683 0.1805
vn -0.7289 0.4092 0.5489
vn -0.6744 0.6486 0.3529
vn -0.4819 0.8762 -0.0007
vn -0.6687 0.7409 -0.0629
vn -0.7167 0.2536 0.6496
vn -0.4819 -0.2138 0.8498
vn -0.6849 0.4646 0.5613
vn -0.6429 0.3359 0.6884
vn -0.5423 0.6422 0.5418
vn -0.5250 0.8219 0.2211
vn -0.9311 0.0439 0.3621
vn -0.9779 0.0487 0.2032
vn -0.9602 0.0519 0.2745
vn -0.9368 0.0715 0.3425
vn -0.9875 0.0860 0.1322
vn -0.9042 0.1062 0.4137
vn -0.9444 0.2230 0.2417
vn -0.9437 0.0076 0.3307
vn -0.9633 0.0532 0.2629
vn -0.4241 0.8369 0.3461
vn -0.9089 0.0366 0.4155
vn -0.4659 0.6509 0.5994
vn -0.7470 0.6624 0.0567
vn -0.3595 0.9331 0.0130
vn -0.9107 0.0099 0.4130
vn -0.9479 0.1358 0.2881
vn -0.4852 0.5387 0.6887
vn -0.3786 -0.3163 0.8698
vn -0.7969 0.1329 0.5893
vn -0.8143 -0.0148 0.5802
vn -0.9065 -0.0389 0.4205
vn -0.8960 0.1591 0.4146
vn -0.8603 0.2615 0.4375
vn -0.9194 0.2007 0.3383
vn -0.6982 0.6377 0.3252
vn -0.7857 -0.0629 0.6154
vn -0.8278 0.0842 0.5547
vn -0.8467 0.2272 0.4812
vn -0.9372 0.1781 0.2998
vn -0.8965 0.2137 0.3881
vn -0.9641 0.1770 0.1980
vn -0.9143 0.3760 0.1506
vn -0.9221 0.3849 0.0390
vn -0.2966 -0.1707 0.9396
vn -0.4010 0.7077 0.5816
vn -0.7159 0.2431 0.6545
vn -0.7068 0.0041 0.7075
vn -0.7574 -0.0024 0.6530
vn -0.7866 0.2320 0.5722
vn -0.7631 0.3344 0.5530
vn -0.8466 0.1778 0.5016
vn -0.9546 0.0425 0.2949
vn -0.3580 0.7210 0.5933
vn -0.2902 0.9168 0.2742
vn -0.3889 0.9185 0.0712
vn -0.3962 0.9143 -0.0835
vn -0.7075 -0.0958 0.7002
vn -0.7119 0.1134 0.6930
vn -0.8800 0.0500 0.4723
vn -0.6700 -0.0209 0.7420
vn -0.6512 0.2105 0.7291
vn -0.7323 0.3326 0.5942
vn -0.7902 0.1518 0.5938
vn -0.9072 -0.1108 0.4058
vn -0.9506 0.0007 0.3103
vn -0.9192 0.1503 0.3639
vn -0.9628 0.1546 0.2216
vn -0.2438 0.9678 0.0623
vn -0.6278 0.0572 0.7763
vn -0.8180 0.1200 0.5626
vn -0.8900 0.0036 0.4559
vn -0.9415 0.2179 0.2571
vn -0.6657 0.3228 0.6728
vn -0.8295 0.0895 0.5513
vn -0.8472 -0.1706 0.5032
vn -0.8924 0.1710 0.4175
vn -0.9338 0.1992 0.2971
vn -0.2515 0.8150 0.5220
vn -0.6524 0.3809 0.6552
vn -0.7866 0.0819 0.6120
vn -0.8861 0.1928 0.4215
vn -0.8476 -0.0339 0.5295
vn -0.8987 0.1054 0.4257
vn -0.2191 0.7812 0.5846
vn -0.1784 0.9564 0.2312
vn -0.2479 0.9600 0.1303
vn -0.6785 -0.0545 0.7326
vn -0.6146 -0.0509 0.7872
vn -0.5350 0.1012 0.8388
vn -0.5107 0.0608 0.8576
vn -0.7908 -0.0379 0.6109
vn -0.8343 0.2195 0.5058
vn -0.8495 0.1380 0.5092
vn -0.1429 -0.8991 0.4138
vn -0.2194 0.8809 0.4194
vn -0.6011 0.1802 0.7786
vn -0.7527 0.1342 0.6446
vn -0.7810 -0.2380 0.5774
vn -0.8066 0.1781 0.5636
vn -0.5941 0.3753 0.7115
vn -0.4724 0.0612 0.8793
vn -0.7737 0.0373 0.6325
vn -0.2139 0.9558 0.2016
vn -0.5878 -0.0133 0.8089
vn -0.6324 0.0631 0.7720
vn -0.6670 0.1024 0.7380
vn -0.6775 0.1468 0.7207
vn -0.7330 -0.2202 0.6436
vn -0.6712 -0.2835 0.6849
vn -0.7846 0.1758 0.5945
vn -0.3523 0.0244 0.9356
vn -0.7944 0.2474 0.5547
vn -0.7729 0.2470 0.5845
vn -0.5741 0.0699 0.8158
vn -0.1233 0.9645 0.2337
vn -0.3145 0.0614 0.9473
vn 0.0848 0.6922 0.7167
vn -0.1239 0.8239 0.5530
vn -0.4899 0.1205 0.8634
vn -0.5927 -0.0186 0.8052
vn -0.6438 0.1140 0.7566
vn -0.6771 0.2308 0.6988
vn -0.7201 0.2756 0.6367
vn -0.1756 0.0885 0.9805
vn -0.4433 0.2030 0.8731
vn -0.5860 -0.2289 0.7773
vn -0.6164 -0.3613 0.6997
vn -0.6299 0.2831 0.7232
vn 0.5396 -0.3286 0.7751
vn 0.1576 0.6884 0.7080
vn -0.6550 -0.3336 0.6780
vn -0.6461 0.2644 0.7159
vn 0.1391 0.9157 0.3771
vn -0.7100 0.3238 0.6254
vn -0.7106 0.3538 0.6082
vn -0.6294 0.3163 0.7098
vn 0.1343 0.9583 0.2522
vn 0.2112 0.4154 0.8848
vn -0.5350 0.0462 0.8436
vn -0.5315 0.2678 0.8036
vn 0.3788 0.3815 0.8432
vn -0.5360 -0.1405 0.8324
vn -0.5378 0.1636 0.8271
vn -0.5874 0.2251 0.7773
vn -0.5621 0.3502 0.7493
vn 0.2766 0.8937 0.3532
vn -0.5717 -0.3050 0.7616
vn -0.5843 -0.0171 0.8113
vn -0.5610 0.2510 0.7888
vn -0.5152 0.2707 0.8132
vn -0.6512 0.3905 0.6507
vn 0.2794 0.9222 0.2674
vn -0.5419 -0.1401 0.8287
vn -0.5876 0.1338 0.7980
vn -0.5865 0.2724 0.7627
vn -0.7191 0.4257 0.5493
vn -0.3573 0.2136 0.9092
vn -0.5896 0.4135 0.6938
vn 0.4039 0.6760 0.6164
vn -0.5689 0.4815 0.6667
vn -0.2496 0.5068 0.8251
vn -0.5611 0.3383 0.7555
vn -0.5384 0.0914 0.8377
vn -0.5362 0.3152 0.7830
vn -0.0909 -0.0684 0.9935
vn -0.4780 0.2761 0.8339
vn -0.6059 0.4549 0.6527
vn -0.6596 0.3654 0.6568
vn -0.5342 0.1852 0.8248
vn -0.5842 0.4347 0.6854
vn -0.5148 -0.0158 0.8572
vn -0.5261 0.2620 0.8090
vn -0.4881 0.3502 0.7995
vn -0.4055 0.3333 0.8512
vn -0.6160 0.4240 0.6639
vn -0.4596 -0.1078 0.8815
vn -0.4586 0.1308 0.8790
vn -0.4624 0.3034 0.8332
vn -0.3143 0.1930 0.9295
vn -0.5753 0.3817 0.7234
vn -0.6826 0.2961 0.6681
vn -0.4657 0.2298 0.8546
vn -0.4830 0.3492 0.8030
vn -0.3032 0.1154 0.9459
vn -0.4022 0.3987 0.8242
vn -0.4528 0.4083 0.7927
vn -0.4344 0.0176 0.9005
vn -0.3665 0.2345 0.9004
vn -0.5980 -0.5960 0.5359
vn -0.4203 0.1949 0.8862
vn -0.4581 0.3517 0.8164
vn -0.6355 0.3272 0.6993
vn -0.3478 0.1024 0.9320
vn -0.4805 0.2504 0.8405
vn -0.5534 0.3023 0.7761
vn -0.3572 -0.0243 0.9337
vn -0.4212 0.2758 0.8640
vn -0.5654 -0.5782 0.5882
vn -0.3757 0.3259 0.8675
vn -0.4106 0.3459 0.8437
vn -0.4453 0.2908 0.8469
vn -0.3294 0.1203 0.9365
vn -0.4036 0.1594 0.9010
vn -0.5879 0.2380 0.7732
vn -0.3305 0.3235 0.8866
vn -0.3154 0.1627 0.9349
vn -0.4068 0.2479 0.8792
vn -0.4194 0.2429 0.8747
vn -0.3646 0.3236 0.8731
vn -0.4062 0.2494 0.8791
vn -0.2534 0.1125 0.9608
vn -0.2756 0.0476 0.9601
vn -0.3204 0.3337 0.8866
vn -0.3785 0.2190 0.8993
vn -0.3109 0.3136 0.8972
vn -0.3271 0.3017 0.8955
vn -0.1437 0.1412 0.9795
vn -0.1963 0.2917 0.9362
vn -0.2679 0.2951 0.9172
vn -0.2464 0.2872 0.9257
vn -0.1681 0.1211 0.9783
vn -0.2153 0.3437 0.9141
vn -0.2429 0.2151 0.9459
vn -0.2869 0.1833 0.9403
vn -0.2984 0.1859 0.9361
vn -0.1423 0.2158 0.9660
vn -0.1069 -0.7890 0.6050
vn -0.1402 0.3428 0.9289
vn -0.2107 0.1645 0.9636
vn -0.3000 -0.1224 0.9460
vn -0.1427 0.2483 0.9581
vn -0.0952 0.3137 0.9447
vn -0.2039 -0.3165 0.9264
vn -0.1875 0.2941 0.9372
vn -0.0801 0.1574 0.9843
vn 0.0292 0.1479 0.9886
vn -0.0834 0.3799 0.9213
vn -0.1375 0.3589 0.9232
vn -0.1567 0.3664 0.9172
vn 0.0155 0.1788 0.9838
vn -0.0345 0.3651 0.9303
vn 0.0590 0.2399 0.9690
vn 0.0745 0.2645 0.9615
vn 0.1434 0.3365 0.9307
vn 0.1207 0.3114 0.9426
vn 0.1697 0.1609 0.9723
vn -0.7877 -0.6138 0.0525
vn -0.5824 -0.7363 0.3445
vn -0.6045 -0.7894 0.1069
vn -0.7041 -0.6577 -0.2677
vn -0.4264 -0.8966 -0.1192
vn -0.3999 -0.8810 0.2528
vn -0.5206 -0.7380 -0.4294
vn -0.7017 -0.5659 -0.4328
vn -0.7908 -0.5928 -0.1523
vn -0.5827 -0.7907 -0.1876
vn -0.6571 -0.7453 -0.1127
vn -0.3650 -0.9105 -0.1942
vn -0.2689 -0.9626 0.0316
vn -0.5417 -0.8392 -0.0485
vn -0.2025 -0.9793 -0.0016
vn -0.5474 -0.8199 -0.1679
vn -0.2306 -0.9324 0.2782
vn -0.2704 -0.7891 0.5516
vn -0.5032 -0.8532 -0.1371
vn -0.1847 -0.9826 0.0174
vn -0.4456 -0.8934 -0.0572
vn -0.7111 -0.6578 -0.2484
vn -0.7279 -0.5021 -0.4670
vn -0.4850 -0.8348 -0.2605
vn -0.2697 -0.9538 0.1326
vn -0.5404 -0.7201 -0.4352
vn -0.2806 -0.9590 0.0403
vn -0.1464 -0.9881 0.0478
vn -0.2234 -0.9745 -0.0207
vn -0.3337 -0.9275 -0.1686
vn -0.1437 -0.9895 -0.0127
vn -0.1803 -0.8830 0.4334
vn -0.2187 -0.8238 0.5230
vn -0.3338 -0.9395 -0.0771
vn -0.3678 -0.8852 -0.2850
vn -0.0410 -0.9992 0.0040
vn -0.2071 -0.7245 0.6574
vn 0.0019 -1.0000 0.0037
vn -0.1367 -0.9906 -0.0091
vn -0.0683 -0.9711 0.2289
vn -0.1111 -0.8614 0.4957
vn -0.2300 -0.9396 -0.2535
vn 0.0367 -0.9020 0.4302
vn -0.4127 -0.8221 -0.3923
vn -0.5736 -0.4978 -0.6505
vn -0.0062 -0.9984 -0.0570
vn 0.0323 -0.9984 -0.0461
vn -0.0229 -0.9994 0.0266
vn 0.0300 -0.9959 -0.0853
vn 0.0411 -0.9473 0.3177
vn -0.0783 -0.9934 -0.0844
vn -0.1486 -0.9572 -0.2482
vn -0.2665 -0.9254 -0.2696
vn -0.0766 -0.8726 0.4824
vn -0.2780 -0.8159 -0.5070
vn 0.0197 -0.9201 0.3912
vn -0.0694 -0.9974 0.0213
vn -0.3954 -0.5534 -0.7331
vn -0.0888 -0.9957 0.0265
vn 0.0121 -0.9875 0.1570
vn -0.1142 -0.9912 -0.0671
vn 0.0255 -0.9995 -0.0205
vn -0.1373 -0.7160 -0.6844
vn 0.0169 -0.8944 0.4470
vn -0.0276 -0.9995 0.0169
vn -0.0632 -0.9618 -0.2663
vn -0.0883 -0.8787 -0.4692
vn -0.0064 -0.8867 -0.4624
vn -0.0263 -0.9930 -0.1154
vn -0.0345 -0.9927 -0.1154
vn 0.0587 -0.9269 0.3706
vn 0.0298 -0.9875 0.1546
vn 0.0544 -0.9586 0.2795
vn 0.0307 -0.9990 -0.0318
vn 0.0427 -0.9988 -0.0236
vn 0.0599 -0.9980 -0.0221
vn 0.0937 -0.9252 -0.3677
vn -0.0241 -0.7948 -0.6064
vn 0.1239 -0.8776 0.4631
vn 0.1077 -0.9450 -0.3087
vn 0.0506 -0.9424 -0.3306
vn 0.1094 -0.9828 0.1489
vn 0.0886 -0.9759 0.1996
vn 0.0517 -0.9923 -0.1127
vn 0.0421 -0.9897 -0.1367
vn 0.0941 -0.8829 0.4601
vn 0.1593 -0.9872 0.0035
vn 0.0935 -0.9909 -0.0972
vn 0.1079 -0.9822 0.1539
vn 0.0363 -0.9982 -0.0480
vn 0.0586 -0.9520 0.3003
vn 0.1037 -0.7034 -0.7032
vn 0.0458 -0.9799 -0.1941
vn -0.0679 -0.9977 0.0085
vn 0.1784 -0.7982 -0.5753
vn 0.1198 -0.9408 -0.3172
vn -0.0169 -0.9865 0.1631
vn 0.0777 -0.9874 -0.1379
vn 0.0548 -0.9768 -0.2070
vn 0.1018 -0.9742 0.2012
vn 0.0688 -0.9625 0.2625
vn 0.1705 -0.9852 -0.0159
vn 0.1787 -0.9824 -0.0552
vn 0.1292 -0.9867 0.0987
vn 0.1909 -0.9799 -0.0576
vn 0.2013 -0.9655 -0.1649
vn 0.3422 -0.6972 -0.6299
vn 0.1991 -0.9779 -0.0639
vn 0.1921 -0.9771 0.0918
vn 0.2481 -0.9435 0.2198
vn 0.2347 -0.8673 0.4390
vn 0.2757 -0.9612 -0.0031
vn 0.3304 -0.8845 -0.3295
vn 0.3565 -0.9174 -0.1767
vn 0.5159 -0.6146 -0.5968
vn 0.4124 -0.9052 0.1028
vn 0.4079 -0.8697 0.2779
vn 0.3414 -0.9375 -0.0667
vn 0.3565 -0.9341 -0.0185
vn 0.2664 -0.7817 0.5639
vn 0.5138 -0.8571 0.0380
vn 0.6272 -0.6575 -0.4175
vn 0.6103 -0.7165 0.3379
vn 0.6456 -0.7297 -0.2251
vn 0.6097 -0.7909 -0.0520
vn 0.7052 -0.7071 0.0522
vn 0.6804 -0.7307 0.0561
vn 0.6417 -0.7492 0.1642
vn -0.1796 0.9615 0.2079
vn -0.3114 0.9183 0.2446
vn -0.2550 0.9631 -0.0861
vn 0.0377 0.9990 -0.0227
vn -0.0116 0.9768 -0.2139
vn 0.0525 0.9876 0.1479
vn 0.0547 0.8150 0.5769
vn 0.2705 0.9436 -0.1911
vn 0.3193 0.9439 -0.0842
vn 0.1360 0.5422 0.8292
vn 0.3972 0.9009 0.1748
vn 0.4543 0.5834 0.6732
vn 0.4752 0.8786 -0.0484
vn 0.5984 0.6609 0.4529
vn 0.2728 0.3257 0.9053
vn 0.6227 0.7818 0.0325
vn 0.7988 0.5317 0.2813
vn 0.7856 0.6046 0.1313
vn 0.8881 0.4314 0.1585
vn 0.8520 0.4400 0.2838
vn 0.0690 0.8428 0.5337
vn 0.5368 0.7618 0.3626
vn 0.7322 0.6315 -0.2553
vn -0.3479 0.8991 0.2656
vn 0.7103 0.6921 0.1283
vn -0.2035 0.9615 0.1845
vn -0.4653 0.8169 0.3409
vn -0.3933 0.8817 0.2605
vn -0.3573 0.9151 0.1868
vn -0.3667 0.9281 0.0647
vn -0.3202 0.9225 0.2156
vn -0.3056 0.9175 0.2544
vn -0.3253 0.9395 0.1076
vn -0.2936 0.9392 0.1783
vn -0.3039 0.8981 0.3180
vn -0.2696 0.9385 0.2159
vn -0.2697 0.9612 0.0572
vn -0.2669 0.9470 0.1786
vn -0.2643 0.9126 0.3119
vn -0.2536 0.9370 0.2404
vn -0.2515 0.9444 0.2119
vn -0.2437 0.9047 0.3494
vn -0.2583 0.9427 -0.2111
vn -0.2431 0.9399 0.2399
vn -0.2598 0.9435 0.2056
vn -0.2363 0.9449 0.2264
vn -0.2779 0.9559 -0.0954
vn -0.1386 0.9282 0.3453
vn -0.1603 0.9594 0.2321
vn -0.0864 0.9642 0.2508
vn -0.0878 0.9604 0.2643
vn -0.1461 0.9648 0.2188
vn 0.1292 0.9473 0.2930
vn 0.0880 0.9623 0.2572
vn 0.1372 0.9680 0.2100
vn 0.1671 0.9684 -0.1853
vn 0.1675 0.9557 0.2419
vn 0.2261 0.9419 0.2485
vn 0.2306 0.8504 0.4729
vn 0.2158 0.9185 0.3312
vn 0.2819 0.9471 0.1533
vn 0.2223 0.9436 0.2454
vn 0.2976 0.9530 -0.0569
vn 0.2635 0.9412 0.2113
vn 0.2685 0.9506 0.1555
vn 0.2454 0.9462 0.2111
vn 0.2655 0.9624 -0.0569
vn 0.2628 0.8824 0.3903
vn 0.2407 0.9366 0.2547
vn 0.2288 0.8231 0.5198
vn 0.2407 0.9452 -0.2207
vn 0.2630 0.9548 0.1382
vn 0.2702 0.9369 0.2220
vn 0.2703 0.9454 0.1819
vn 0.2840 0.9139 0.2901
vn 0.2777 0.9571 -0.0832
vn 0.2852 0.9376 -0.1990
vn 0.3015 0.9511 0.0675
vn 0.3096 0.8046 0.5068
vn 0.3554 0.8566 0.3741
vn 0.3499 0.9003 0.2591
vn 0.3774 0.7183 0.5845
vn 0.3160 0.9308 0.1836
vn 0.4007 0.7859 0.4710
vn 0.3379 0.9397 -0.0529
vn 0.4337 0.8439 0.3157
vn 0.3707 0.9038 0.2138
vn 0.3480 0.9309 -0.1111
vn 0.4503 0.7272 0.5180
vn 0.4692 0.7773 0.4191
vn 0.3514 0.9085 -0.2260
vn 0.3657 0.9242 0.1098
vn 0.4447 0.6505 0.6157
vn 0.4391 0.8551 0.2757
vn 0.1701 0.9807 0.0965
vn 0.2646 0.9374 0.2266
vn 0.4999 0.7019 0.5074
vn -0.0305 0.9891 -0.1440
vn 0.5987 0.6030 0.5272
vn 0.5387 0.7738 0.3332
vn -0.4499 0.7455 0.4917
vn 0.5711 0.7059 0.4190
vn 0.3457 0.7382 0.5793
vn 0.5943 0.4834 0.6428
vn 0.6600 0.6734 0.3331
vn 0.5790 0.7580 0.3004
vn 0.6852 0.4844 0.5439
vn 0.6715 0.6138 0.4152
vn 0.7163 0.5229 0.4621
vn 0.6964 0.6560 0.2911
vn 0.6466 -0.0111 0.7627
vn 0.7230 0.6225 0.2997
vn 0.7298 0.5720 0.3745
vn 0.7663 0.6037 0.2197
vn 0.7750 0.4702 0.4222
vn 0.7629 0.5620 0.3196
vn 0.8097 0.5425 0.2239
vn 0.8012 0.5736 0.1705
vn 0.8144 0.5338 0.2276
vn 0.4469 0.7090 0.5455
vn 0.8308 0.5162 0.2080
vn 0.8656 0.4056 0.2937
vn 0.0412 0.7429 0.6682
vn 0.1851 -0.4756 0.8599
vn -0.1779 -0.6675 0.7231
vn 0.1748 -0.5354 0.8263
vn 0.4496 -0.6203 0.6426
vn 0.3819 -0.3606 0.8509
vn 0.2616 0.1253 0.9570
vn 0.2819 -0.1042 0.9538
vn 0.2157 -0.1796 0.9598
vn 0.4277 -0.3853 0.8177
vn 0.3926 -0.1370 0.9094
vn 0.6301 -0.4703 0.6180
vn 0.3639 -0.1762 0.9146
vn 0.5318 -0.2359 0.8133
vn 0.5994 0.2821 0.7491
vn 0.4277 -0.0396 0.9031
vn 0.0756 -0.8416 0.5348
vn 0.4134 -0.2036 0.8875
vn 0.5481 -0.1732 0.8183
vn 0.8067 -0.1477 0.5722
vn 0.4331 -0.1429 0.8899
vn 0.8856 -0.1348 0.4445
vn 0.8544 0.2575 0.4513
vn 0.5395 0.6636 0.5183
vn 0.7024 0.6288 0.3335
vn 0.5450 0.7861 0.2914
vn 0.4555 -0.0225 0.8900
vn 0.5823 0.0968 0.8072
vn 0.5745 -0.2475 0.7802
vn 0.5697 0.1704 0.8040
vn 0.5582 -0.1429 0.8173
vn 0.6284 0.0736 0.7744
vn 0.4181 -0.7037 0.5744
vn 0.4259 -0.3053 0.8517
vn 0.6947 -0.3583 0.6237
vn 0.7800 0.0102 0.6257
vn 0.5052 -0.8093 0.2996
vn 0.7217 -0.1348 0.6789
vn 0.7580 0.1033 0.6440
vn 0.7481 0.2221 0.6253
vn 0.8184 -0.1725 0.5482
vn 0.8220 0.2133 0.5280
vn 0.6599 0.0509 0.7496
vn 0.5486 -0.8272 -0.1211
vn 0.5442 -0.8052 0.2357
vn 0.7255 -0.6775 0.1208
vn 0.7158 -0.4788 0.5083
vn 0.8531 0.0187 0.5215
vn 0.5068 -0.0805 0.8583
vn 0.7749 -0.6071 0.1759
vn 0.8302 -0.2286 0.5085
vn 0.6887 -0.0489 0.7234
vn 0.5641 0.0324 0.8250
vn 0.3477 0.3274 0.8786
vn 0.5443 0.7823 0.3028
vn 0.5068 -0.4523 0.7339
vn 0.4911 -0.1196 0.8629
vn 0.6045 -0.7685 -0.2096
vn 0.8667 0.4982 -0.0250
vn 0.4198 0.3575 0.8342
vn 0.7364 -0.3113 0.6007
vn 0.7374 -0.1335 0.6621
vn 0.8946 -0.4352 -0.1018
vn 0.9456 0.1831 0.2689
vn 0.8508 0.1774 0.4947
vn 0.4773 -0.3045 0.8243
vn 0.5372 -0.1645 0.8272
vn 0.5181 0.0041 0.8553
vn 0.9505 -0.3099 -0.0217
vn 0.9801 -0.0093 -0.1982
vn 0.4768 -0.4441 0.7586
vn 0.5104 -0.0442 0.8588
vn 0.5105 -0.1720 0.8425
vn 0.5171 -0.2134 0.8289
vn 0.4709 0.0785 0.8787
vn 0.5408 -0.3059 0.7836
vn 0.5230 -0.1768 0.8338
vn 0.5382 -0.1472 0.8299
vn 0.5863 -0.4990 0.6382
vn 0.5555 0.0630 0.8291
vn 0.5257 0.2232 0.8209
vn 0.6066 -0.1849 0.7732
vn 0.5898 -0.0376 0.8067
vn 0.5998 0.3249 0.7312
vn 0.5369 0.3940 0.7460
vn 0.6617 -0.3981 0.6354
vn 0.5939 -0.1476 0.7909
vn 0.6279 0.1662 0.7604
vn 0.6423 0.0473 0.7650
vn 0.6146 -0.1101 0.7811
vn 0.7008 -0.2195 0.6788
vn 0.7170 -0.5963 0.3609
vn 0.6941 -0.5000 0.5178
vn 0.7159 -0.1716 0.6767
vn 0.6923 -0.0485 0.7199
vn 0.6969 0.3957 0.5981
vn 0.6724 -0.3350 0.6600
vn 0.7164 -0.6734 0.1822
vn 0.7397 -0.3993 0.5416
vn 0.6891 -0.1573 0.7074
vn 0.7077 0.2721 0.6520
vn 0.7651 0.3969 0.5070
vn 0.8693 -0.4811 0.1135
vn 0.7688 -0.5944 0.2358
vn 0.7114 0.1350 0.6897
vn 0.7831 0.3226 0.5317
vn 0.7390 -0.6705 0.0659
vn 0.7912 -0.4976 0.3555
vn 0.7669 -0.2395 0.5953
vn 0.7475 0.0505 0.6623
vn 0.7931 0.1751 0.5834
vn 0.7518 -0.6441 0.1413
vn 0.7744 -0.5858 0.2390
vn 0.8135 -0.3753 0.4443
vn 0.7506 -0.1306 0.6477
vn 0.7856 -0.6132 0.0824
vn 0.7816 0.0293 0.6231
vn 0.8262 0.3450 0.4453
vn 0.8128 -0.5512 0.1884
vn 0.8514 -0.4144 0.3214
vn 0.7843 -0.1957 0.5888
vn 0.8057 0.1533 0.5721
vn 0.8704 -0.2834 0.4025
vn 0.8459 -0.0407 0.5318
vn 0.8263 0.2763 0.4908
vn 0.8278 0.4341 0.3554
vn 0.8461 -0.5249 0.0926
vn 0.8450 -0.1392 0.5163
vn 0.8932 -0.1860 0.4094
vn 0.8610 0.0681 0.5041
vn 0.8766 0.1958 0.4396
vn 0.8699 0.2857 0.4022
vn 0.8659 0.3389 0.3678
vn 0.8751 -0.4447 0.1910
vn 0.8924 -0.2313 0.3874
vn 0.9016 -0.1265 0.4137
vn 0.9046 -0.0301 0.4253
vn 0.9146 -0.3866 0.1185
vn 0.8851 -0.3361 0.3218
vn 0.9067 0.0974 0.4105
vn 0.9355 -0.3248 0.1393
vn 0.9002 0.1801 0.3965
vn 0.8858 0.2950 0.3582
vn 0.8823 0.3420 0.3235
vn 0.9398 -0.3134 0.1361
vn 0.9407 -0.2137 0.2636
vn 0.9131 -0.1376 0.3838
vn 0.9646 -0.2207 0.1441
vn 0.9451 0.0601 0.3213
vn 0.9421 0.1428 0.3035
vn 0.9709 -0.1416 0.1930
vn 0.9821 -0.1121 0.1513
vn 0.9443 -0.0648 0.3228
vn 0.9843 -0.0283 0.1743
vn 0.9813 0.0505 0.1856
vn 0.9891 0.0033 0.1469
vn 0.9903 0.0591 0.1254
vn 0.4998 -0.8247 0.2648
vn 0.5465 -0.5678 0.6155
vn 0.7240 -0.6861 -0.0711
vn 0.7128 -0.6671 0.2164
vn -0.9745 -0.0761 -0.2113
vn -0.9538 -0.2245 -0.1998
vn -0.9372 -0.3013 0.1756
vn -0.9207 -0.0246 -0.3894
vn -0.9993 -0.0368 0.0042
vn -0.9770 0.1001 -0.1882
vn -0.9278 0.1976 -0.3164
vn -0.9392 0.3027 -0.1623
vn -0.8907 -0.2681 -0.3671
vn -0.8285 -0.5204 -0.2069
vn -0.8081 0.4430 -0.3881
vn -0.8690 0.4831 -0.1066
vn -0.8574 0.4729 0.2030
vn -0.7877 -0.6138 0.0523
vn -0.8269 0.1836 -0.5316
vn -0.8298 -0.0215 -0.5576
vn -0.7903 -0.2246 -0.5701
vn -0.6974 -0.5600 -0.4472
vn -0.7276 0.5863 -0.3562
vn -0.7217 0.6683 0.1805
vn -0.8388 0.1974 -0.5074
vn -0.7002 0.5056 -0.5040
vn -0.6113 0.6198 -0.4921
vn -0.8372 -0.2578 -0.4823
vn -0.9257 -0.0392 -0.3762
vn -0.5107 0.8064 -0.2982
vn -0.5206 -0.7379 -0.4294
vn -0.9062 -0.2890 -0.3086
vn -0.9455 0.1952 -0.2608
vn -0.9338 -0.1654 -0.3172
vn -0.9585 0.0537 -0.2800
vn -0.8791 0.4055 -0.2504
vn -0.7364 0.6095 -0.2937
vn -0.4759 0.7812 -0.4041
vn -0.9608 0.1635 -0.2239
vn -0.9644 0.2330 -0.1248
vn -0.8681 -0.4181 -0.2676
vn -0.9474 -0.0408 -0.3174
vn -0.8862 -0.2056 -0.4153
vn -0.9450 0.1094 -0.3083
vn -0.9890 0.0743 -0.1279
vn -0.9726 0.2307 0.0270
vn -0.9942 0.0759 0.0767
vn -0.4021 0.8985 -0.1763
vn -0.8699 -0.3041 -0.3884
vn -0.8890 -0.0297 -0.4569
vn -0.9608 0.0892 -0.2626
vn -0.9781 0.0310 -0.2057
vn -0.9996 0.0183 -0.0235
vn -0.9757 0.0356 -0.2160
vn -0.9780 0.0487 0.2031
vn -0.9943 0.0646 -0.0843
vn -0.9843 0.0730 -0.1605
vn -0.7111 -0.6577 -0.2484
vn -0.9135 0.0958 -0.3954
vn -0.9508 0.0338 -0.3081
vn -0.9520 0.0277 -0.3049
vn -0.9494 0.0557 -0.3091
vn -0.9437 0.0619 -0.3250
vn -0.9763 0.1014 -0.1911
vn -0.9939 0.1073 -0.0266
vn -0.9810 0.1188 0.1536
vn -0.9634 0.0532 0.2629
vn -0.7722 -0.3294 -0.5433
vn -0.8112 -0.1709 -0.5592
vn -0.8685 0.0750 -0.4900
vn -0.8974 0.0520 -0.4381
vn -0.8779 0.0579 -0.4753
vn -0.8706 0.0653 -0.4876
vn -0.9330 0.0765 -0.3517
vn -0.9890 0.1408 -0.0460
vn -0.9612 0.1661 -0.2204
vn -0.9784 0.1416 0.1509
vn -0.9561 0.1830 -0.2288
vn -0.9860 0.1276 -0.1069
vn -0.7717 0.0237 -0.6355
vn -0.7762 0.0692 -0.6267
vn -0.3962 0.9144 -0.0835
vn -0.8643 0.0551 -0.4999
vn -0.9859 0.1433 0.0864
vn -0.9379 0.1600 -0.3077
vn -0.9426 0.1602 -0.2930
vn -0.9832 0.1751 -0.0507
vn -0.7368 0.0579 -0.6736
vn -0.8437 0.0323 -0.5359
vn -0.9184 0.1161 -0.3782
vn -0.9224 0.2161 -0.3201
vn -0.9003 0.3668 -0.2345
vn -0.9221 0.3849 0.0389
vn -0.7011 -0.0430 -0.7118
vn -0.6982 0.6378 0.3252
vn -0.7459 0.0683 -0.6625
vn -0.8456 0.1084 -0.5228
vn -0.9155 0.1985 -0.3500
vn -0.8852 0.2943 -0.3604
vn -0.9284 0.3689 -0.0455
vn -0.6873 -0.4319 -0.5840
vn -0.6882 -0.2770 -0.6705
vn -0.5980 0.0545 -0.7996
vn -0.7511 0.0557 -0.6579
vn -0.9443 0.1900 -0.2688
vn -0.9899 0.1064 0.0938
vn -0.9989 0.0211 -0.0422
vn -0.9945 0.1046 0.0036
vn -0.9856 0.0210 -0.1677
vn -0.9900 0.0459 0.1333
vn -0.6514 -0.3688 -0.6631
vn -0.6464 0.0543 -0.7611
vn -0.5943 0.0623 -0.8018
vn -0.8956 0.2088 -0.3928
vn -0.9589 -0.0561 -0.2783
vn -0.9660 0.0758 -0.2473
vn -0.9801 0.1436 -0.1371
vn -0.9729 0.1849 0.1391
vn -0.9774 0.2113 0.0075
vn -0.5466 -0.0551 -0.8356
vn -0.3889 0.9185 0.0711
vn -0.5850 0.0724 -0.8078
vn -0.6823 0.1992 -0.7034
vn -0.9172 0.1618 -0.3641
vn -0.9384 -0.0558 -0.3411
vn -0.9565 0.1883 -0.2227
vn -0.9683 0.2330 0.0901
vn -0.9701 0.2331 -0.0670
vn -0.5121 0.0381 -0.8581
vn -0.9263 0.0854 -0.3669
vn -0.9252 0.1935 -0.3264
vn -0.9363 0.2426 -0.2540
vn -0.9493 0.2620 -0.1737
vn -0.9616 0.2374 0.1378
vn -0.9678 0.2512 -0.0159
vn -0.5737 -0.4977 -0.6505
vn -0.5524 -0.2729 -0.7877
vn -0.8168 0.2030 -0.5401
vn -0.9209 -0.0891 -0.3794
vn -0.8890 -0.0287 -0.4570
vn -0.9745 0.2226 0.0284
vn -0.9706 0.2117 -0.1142
vn -0.9696 0.1861 0.1586
vn -0.8588 0.0886 -0.5046
vn -0.8778 0.1921 -0.4389
vn -0.9146 0.2559 -0.3132
vn -0.9435 0.2270 -0.2413
vn -0.9461 -0.1932 0.2600
vn -0.7376 -0.6301 -0.2428
vn -0.7996 -0.4742 -0.3684
vn -0.4809 -0.3418 -0.8074
vn -0.4795 0.0649 -0.8751
vn -0.4604 0.0456 -0.8865
vn -0.8367 -0.1835 -0.5160
vn -0.7351 0.1026 -0.6702
vn -0.8446 -0.0932 -0.5272
vn -0.8805 0.2337 -0.4125
vn -0.9051 0.2432 -0.3487
vn -0.8645 -0.3092 -0.3962
vn -0.7321 -0.2093 -0.6483
vn -0.7661 -0.2393 -0.5965
vn -0.8520 0.2529 -0.4584
vn -0.3938 0.0311 -0.9187
vn -0.8114 -0.0274 -0.5839
vn -0.8251 0.1788 -0.5360
vn -0.8245 0.2318 -0.5162
vn -0.7611 -0.1764 -0.6242
vn -0.7960 0.0756 -0.6006
vn -0.8402 0.2851 -0.4613
vn -0.7239 -0.2887 -0.6265
vn -0.7753 0.1919 -0.6018
vn -0.7741 0.2503 -0.5815
vn -0.8039 0.2816 -0.5239
vn -0.3910 0.0758 -0.9173
vn -0.3841 -0.2420 -0.8910
vn -0.4466 -0.1226 -0.8863
vn -0.3481 0.0504 -0.9361
vn -0.2385 -0.4408 -0.8654
vn -0.1373 -0.7160 -0.6845
vn -0.2443 0.0022 -0.9697
vn -0.2915 -0.0076 -0.9565
vn -0.3567 0.0102 -0.9342
vn -0.2058 -0.3666 -0.9073
vn -0.1577 0.0882 -0.9835
vn -0.1202 0.0083 -0.9927
vn -0.1664 -0.1803 -0.9694
vn -0.0958 -0.5511 -0.8289
vn 0.0512 0.0307 -0.9982
vn 0.0813 0.0666 -0.9945
vn -0.1729 -0.0524 -0.9835
vn -0.0241 -0.7948 -0.6065
vn -0.0580 -0.0743 -0.9955
vn 0.0244 -0.4925 -0.8700
vn 0.0663 -0.2254 -0.9720
vn 0.1032 -0.0968 -0.9899
vn -0.0572 -0.1189 -0.9913
vn 0.1483 -0.0524 -0.9876
vn 0.0299 -0.0754 -0.9967
vn 0.1838 -0.3316 -0.9254
vn 0.2153 -0.0767 -0.9735
vn 0.2553 0.0284 -0.9664
vn 0.2248 -0.1047 -0.9688
vn 0.1424 -0.0759 -0.9869
vn 0.2449 0.1056 -0.9638
vn 0.1650 -0.5120 -0.8430
vn 0.0171 -0.2078 -0.9780
vn 0.3176 -0.1371 -0.9383
vn 0.2712 -0.1041 -0.9569
vn 0.2584 -0.1156 -0.9591
vn 0.3713 -0.0822 -0.9249
vn 0.1284 -0.1946 -0.9724
vn -0.4028 -0.3675 -0.8383
vn 0.2814 -0.5186 -0.8074
vn 0.1784 -0.7982 -0.5754
vn 0.3344 0.0561 -0.9408
vn 0.3030 -0.0506 -0.9516
vn 0.3778 0.0282 -0.9255
vn 0.4077 -0.0963 -0.9080
vn 0.3509 -0.2743 -0.8953
vn 0.3413 -0.3517 -0.8717
vn 0.4656 -0.1159 -0.8774
vn 0.3829 -0.0655 -0.9215
vn 0.5002 -0.1531 -0.8523
vn 0.5278 -0.0553 -0.8476
vn 0.4587 -0.4933 -0.7391
vn 0.4320 0.0607 -0.8998
vn 0.4142 -0.0160 -0.9100
vn 0.5251 -0.2375 -0.8172
vn 0.4744 -0.0510 -0.8788
vn 0.5840 -0.0245 -0.8114
vn 0.5707 -0.0255 -0.8208
vn 0.5491 0.0146 -0.8356
vn 0.5172 -0.0372 -0.8551
vn 0.6424 -0.3199 -0.6964
vn 0.6576 -0.4415 -0.6105
vn 0.6480 -0.1301 -0.7505
vn 0.6235 -0.0771 -0.7780
vn 0.6236 -0.0215 -0.7814
vn 0.6095 -0.0261 -0.7924
vn 0.7744 -0.2342 -0.5878
vn 0.7962 -0.4263 -0.4294
vn 0.8050 -0.0495 -0.5912
vn 0.7567 -0.0208 -0.6534
vn 0.7117 -0.0327 -0.7017
vn 0.6071 -0.3236 -0.7258
vn 0.8163 -0.0543 -0.5751
vn 0.7423 -0.0141 -0.6700
vn 0.7324 -0.0450 -0.6794
vn 0.8431 -0.0504 -0.5353
vn 0.4112 -0.6841 -0.6024
vn 0.8242 -0.0633 -0.5628
vn 0.2794 0.9222 0.2673
vn 0.4353 0.8923 0.1199
vn 0.3728 0.3903 0.8419
vn 0.4014 0.8714 0.2821
vn 0.4635 0.5348 0.7065
vn 0.5110 0.6765 0.5303
vn 0.5809 0.7468 0.3238
vn 0.5619 0.5312 0.6341
vn 0.5289 0.8472 0.0499
vn 0.5749 0.7751 0.2622
vn 0.6489 0.3647 0.6678
vn 0.6916 0.6987 0.1830
vn 0.6853 0.7241 0.0775
vn 0.7487 0.1400 0.6479
vn 0.6773 0.5706 0.4644
vn 0.7390 -0.0913 0.6675
vn 0.7062 0.1415 0.6937
vn 0.8646 0.4385 0.2453
vn 0.7760 -0.0202 0.6304
vn 0.7912 0.4885 0.3678
vn 0.7541 0.6531 -0.0697
vn 0.8002 0.5907 0.1036
vn 0.6457 -0.7297 -0.2251
vn 0.7991 -0.5279 0.2876
vn 0.8465 -0.0034 0.5323
vn 0.7331 -0.0641 0.6771
vn 0.6098 -0.7909 -0.0520
vn 0.8129 -0.5314 -0.2385
vn 0.8147 -0.5786 0.0387
vn 0.8735 -0.4835 0.0564
vn 0.6417 -0.7491 0.1642
vn 0.8374 -0.5360 0.1069
vn 0.8129 -0.5483 0.1964
vn 0.7270 -0.5147 0.4545
vn 0.8538 0.0327 0.5195
vn 0.6904 -0.2585 0.6757
vn 0.8356 0.2653 0.4811
vn 0.8603 0.5096 0.0108
vn 0.8408 0.5411 0.0146
vn 0.8104 -0.1139 0.5748
vn 0.5972 -0.0385 0.8012
vn 0.8177 -0.5723 0.0619
vn 0.9095 -0.0245 -0.4150
vn 0.9084 0.3753 0.1841
vn 0.9187 0.2543 0.3022
vn 0.8077 -0.1171 0.5779
vn 0.7481 0.0206 0.6632
vn 0.8448 -0.5304 -0.0706
vn 0.9246 -0.3482 0.1548
vn 0.8852 -0.3498 -0.3068
vn 0.8796 -0.1619 -0.4473
vn 0.9263 -0.2907 0.2399
vn 0.9397 -0.1084 0.3242
vn 0.9623 0.1372 0.2347
vn 0.9282 0.3555 0.1098
vn 0.9066 0.4199 -0.0425
vn 0.9007 -0.0881 0.4255
vn 0.8561 -0.0610 0.5132
vn 0.9320 -0.3280 -0.1543
vn 0.9401 -0.3406 0.0160
vn 0.9208 -0.3845 0.0649
vn 0.9167 -0.0385 -0.3976
vn 0.9830 -0.0372 0.1798
vn 0.9588 0.2032 0.1985
vn 0.9833 0.1687 0.0681
vn 0.9518 0.2997 0.0655
vn 0.9317 -0.0931 -0.3511
vn 0.9155 -0.1451 0.3752
vn 0.8273 -0.1182 0.5493
vn 0.9645 -0.2589 0.0526
vn 0.9523 -0.1572 -0.2616
vn 0.9944 -0.0690 0.0795
vn 0.9950 -0.0421 0.0911
vn 0.9891 0.1114 0.0959
vn 0.9643 -0.0476 0.2604
vn 0.9432 -0.0925 -0.3191
vn 0.9002 -0.1056 0.4224
vn 0.8748 -0.0564 -0.4812
vn 0.9888 -0.1210 -0.0876
vn 0.9881 -0.1459 0.0497
vn 0.9735 -0.0063 -0.2284
vn 0.9902 -0.1115 0.0836
vn 0.9914 0.0512 0.1204
vn 0.9794 -0.0524 -0.1950
vn 0.9962 0.0135 -0.0860
vn 0.9819 0.1018 0.1595
vn 0.9984 -0.0417 0.0383
vn 0.9507 -0.1301 0.2814
vn 0.9231 -0.0895 0.3741
vn 0.9993 0.0222 0.0289
vn 0.9785 -0.1230 -0.1654
vn 0.9869 -0.1511 0.0568
vn 0.9564 -0.1551 0.2474
vn 0.9818 -0.1167 -0.1498
vn 0.9591 -0.1021 -0.2639
vn 0.9065 -0.1844 -0.3797
vn 0.8128 -0.3639 0.4549
vn 0.9888 -0.1253 0.0811
vn 0.9789 -0.1228 0.1631
vn 0.9924 -0.1067 -0.0614
vn 0.6626 -0.7355 0.1412
vn 0.0503 -0.9640 0.2611
vn 0.0378 0.2263 -0.9733
vn -0.0006 -0.3773 -0.9261
vn -0.1047 0.3752 -0.9210
vn -0.0002 -0.3061 -0.9520
vn 0.0323 -0.1753 -0.9840
vn 0.0633 0.1549 -0.9859
vn -0.0015 0.2713 -0.9625
vn -0.0176 0.3071 -0.9515
vn 0.1110 -0.1451 -0.9832
vn -0.2554 0.2297 -0.9392
vn 0.0862 0.2185 -0.9720
vn -0.1060 0.5576 -0.8233
vn -0.2785 0.7064 -0.6507
vn 0.1834 0.7866 -0.5896
vn -0.2083 0.8103 -0.5478
vn 0.0373 0.0431 -0.9984
vn 0.1084 0.1232 -0.9864
vn 0.1395 0.4007 -0.9055
vn 0.0883 -0.5866 -0.8050
vn 0.2129 0.4689 -0.8572
vn 0.2086 0.6595 -0.7222
vn 0.1404 0.1840 -0.9728
vn 0.0843 0.3525 -0.9320
vn 0.1691 0.3752 -0.9114
vn 0.3551 0.4826 -0.8006
vn 0.2347 0.3311 -0.9140
vn 0.0807 -0.2128 -0.9738
vn 0.1570 0.0289 -0.9872
vn 0.1493 0.2732 -0.9503
vn 0.2298 0.3255 -0.9172
vn 0.2096 0.3846 -0.8990
vn 0.4070 0.1125 -0.9065
vn 0.4485 0.6599 -0.6028
vn 0.1880 0.2399 -0.9524
vn 0.2595 0.4090 -0.8749
vn 0.3424 0.3827 -0.8581
vn 0.3983 0.3555 -0.8455
vn 0.4781 -0.1515 -0.8651
vn 0.4491 0.4213 -0.7879
vn 0.4632 0.7566 -0.4615
vn 0.1700 -0.3255 -0.9301
vn 0.1340 -0.2077 -0.9690
vn 0.1902 0.1192 -0.9745
vn 0.1778 0.1498 -0.9726
vn 0.3753 0.4428 -0.8143
vn 0.5583 0.1826 -0.8093
vn 0.2876 0.3049 -0.9079
vn 0.3290 0.3876 -0.8611
vn 0.7027 -0.0858 -0.7063
vn 0.7349 0.5755 -0.3587
vn 0.2387 0.2049 -0.9492
vn 0.7932 -0.2695 -0.5460
vn 0.6622 -0.5403 -0.5191
vn 0.6088 0.3529 -0.7106
vn 0.2298 0.1605 -0.9599
vn 0.2821 0.2590 -0.9238
vn 0.4642 0.3861 -0.7971
vn 0.8609 0.1156 -0.4954
vn 0.7728 0.4733 -0.4229
vn 0.2288 -0.1267 -0.9652
vn 0.2607 0.0593 -0.9636
vn 0.4679 0.2121 -0.8580
vn 0.9393 0.2632 -0.2199
vn 0.3468 0.3402 -0.8741
vn 0.9358 -0.0366 -0.3506
vn 0.8406 0.3829 -0.3831
vn 0.2471 -0.4339 -0.8664
vn 0.2395 -0.3196 -0.9168
vn 0.2530 0.1440 -0.9567
vn 0.4951 0.3146 -0.8099
vn 0.9775 0.0875 -0.1921
vn 0.5666 -0.2355 -0.7896
vn 0.2662 0.1748 -0.9479
vn 0.4251 0.4628 -0.7779
vn 0.3688 -0.5163 -0.7729
vn 0.3227 0.1666 -0.9317
vn 0.3529 0.3097 -0.8829
vn 0.4229 0.3731 -0.8258
vn 0.4244 0.4224 -0.8009
vn 0.4733 0.4585 -0.7522
vn 0.5477 0.3661 -0.7524
vn 0.5665 0.2440 -0.7871
vn 0.3259 0.2381 -0.9149
vn 0.4945 -0.3912 -0.7761
vn 0.3687 -0.0723 -0.9267
vn 0.3399 0.0809 -0.9370
vn 0.3845 -0.4281 -0.8178
vn 0.3673 -0.3164 -0.8746
vn 0.4926 0.4490 -0.7455
vn 0.4153 0.2954 -0.8604
vn 0.4711 -0.2406 -0.8486
vn 0.5306 0.4687 -0.7063
vn 0.3997 0.1083 -0.9102
vn 0.4939 0.3795 -0.7824
vn 0.4378 -0.0267 -0.8987
vn 0.4257 0.2231 -0.8769
vn 0.5098 0.4250 -0.7480
vn 0.5335 0.4565 -0.7120
vn 0.5547 0.4167 -0.7202
vn 0.5335 0.4792 -0.6969
vn 0.6756 0.3370 -0.6558
vn 0.6049 0.3680 -0.7062
vn 0.4638 0.1679 -0.8699
vn 0.5143 0.3198 -0.7957
vn 0.5551 0.4208 -0.7175
vn 0.5516 0.4474 -0.7040
vn 0.5540 0.4540 -0.6979
vn 0.5228 -0.1092 -0.8454
vn 0.4641 -0.0055 -0.8858
vn 0.4854 0.0843 -0.8702
vn 0.6077 0.4370 -0.6631
vn 0.5246 0.2275 -0.8204
vn 0.5718 0.2756 -0.7727
vn 0.5913 0.3632 -0.7200
vn 0.6054 -0.0093 -0.7959
vn 0.6214 0.1320 -0.7723
vn 0.5154 0.4580 -0.7243
vn 0.6662 0.4260 -0.6121
vn 0.6477 0.2184 -0.7299
vn 0.4600 0.5140 -0.7240
vn 0.5087 0.4739 -0.7188
vn 0.6620 0.2742 -0.6975
vn 0.6385 0.3710 -0.6743
vn 0.6001 0.4180 -0.6820
vn 0.0443 0.4898 -0.8707
vn -0.0245 0.5099 -0.8599
vn -0.3693 0.5425 -0.7545
vn 0.6058 0.2945 -0.7391
vn 0.2074 0.1649 -0.9643
vn 0.0493 0.4598 -0.8866
vn -0.5910 0.2953 -0.7507
vn 0.7081 0.3683 -0.6024
vn -0.4337 0.1789 -0.8831
vn -0.6194 0.2386 -0.7479
vn 0.3802 -0.0841 -0.9211
vn 0.7325 0.2654 -0.6269
vn 0.0682 -0.2635 -0.9622
vn 0.1471 -0.0713 -0.9865
vn 0.2733 -0.3009 -0.9137
vn 0.2111 -0.4146 -0.8852
vn 0.3315 -0.1528 -0.9310
vn -0.9962 -0.0848 -0.0192
vn -0.9878 -0.0932 -0.1247
vn -0.9827 -0.1474 0.1117
vn -0.9680 -0.1251 0.2176
vn -0.9506 -0.0750 -0.3013
vn -0.9669 -0.2115 0.1430
vn -0.9518 -0.0979 0.2907
vn -0.9763 -0.1748 -0.1279
vn -0.8870 -0.2849 -0.3633
vn -0.8263 -0.4097 0.3865
vn -0.9867 -0.1383 -0.0854
vn -0.9486 -0.0731 -0.3079
vn -0.9181 -0.1165 0.3789
vn -0.9052 -0.1027 0.4123
vn -0.9949 -0.0291 0.0967
vn -0.9942 -0.1066 -0.0122
vn -0.9586 -0.2828 0.0348
vn -0.9997 0.0110 -0.0221
vn -0.9866 -0.1204 -0.1103
vn -0.9723 -0.0331 -0.2312
vn -0.9895 0.1045 0.0999
vn -0.9803 -0.1850 0.0691
vn -0.9776 0.1191 0.1736
vn -0.9909 -0.0097 0.1345
vn -0.9946 -0.0783 -0.0674
vn -0.9817 -0.1380 0.1313
vn -0.9595 -0.0921 -0.2661
vn -0.9482 -0.1455 0.2823
vn -0.7813 -0.2811 0.5573
vn -0.9339 -0.2541 -0.2514
vn -0.9082 -0.4042 -0.1088
vn -0.9078 -0.4152 0.0596
vn -0.9647 -0.0669 -0.2548
vn -0.9971 -0.0522 0.0552
vn -0.9879 -0.0446 0.1487
vn -0.9414 -0.3189 0.1095
vn -0.9782 0.1892 0.0857
vn -0.9482 0.2842 0.1417
vn -0.9556 -0.0577 0.2891
vn -0.9025 -0.1167 0.4146
vn -0.8436 -0.0822 0.5307
vn -0.7527 -0.0534 0.6562
vn -0.8232 -0.0778 0.5624
vn -0.8390 -0.5435 0.0254
vn -0.9579 -0.2852 0.0336
vn -0.8394 -0.5345 0.0989
vn -0.8780 -0.3743 0.2984
vn -0.9720 0.0955 0.2147
vn -0.9222 -0.1944 0.3343
vn -0.9229 0.0454 0.3824
vn -0.8203 -0.1112 0.5610
vn -0.8243 -0.5162 0.2326
vn -0.8555 -0.1603 0.4924
vn -0.9477 0.2975 0.1159
vn -0.9202 0.3906 0.0264
vn -0.8512 0.5230 0.0435
vn -0.8126 -0.1013 0.5739
vn -0.7166 0.0098 0.6974
vn -0.7995 -0.5687 -0.1936
vn -0.6014 -0.7975 -0.0473
vn -0.7129 -0.6990 0.0560
vn -0.7109 -0.4387 0.5498
vn -0.8773 0.0937 0.4707
vn -0.9217 0.2319 0.3109
vn -0.7404 0.2632 0.6185
vn -0.8822 0.1531 0.4452
vn -0.7444 -0.0758 0.6634
vn -0.6481 -0.0480 0.7601
vn -0.5976 -0.7911 0.1306
vn -0.6526 -0.7276 0.2117
vn -0.6251 -0.5851 0.5167
vn -0.6760 -0.0359 0.7360
vn -0.6483 -0.2435 0.7214
vn -0.8493 0.3894 0.3564
vn -0.8610 0.4992 0.0972
vn -0.8391 0.5427 -0.0373
vn -0.7399 -0.0633 0.6697
vn -0.5432 -0.7443 0.3886
vn -0.7100 0.4675 0.5266
vn -0.8860 0.3483 0.3060
vn -0.7286 0.6181 0.2951
vn -0.7118 0.7015 0.0365
vn -0.3967 -0.3872 0.8323
vn -0.4363 -0.4153 0.7982
vn -0.3511 -0.2378 0.9056
vn -0.6287 -0.0048 0.7776
vn -0.2919 -0.6325 0.7175
vn -0.6219 0.1053 0.7760
vn -0.6117 0.0628 0.7886
vn -0.5642 -0.0756 0.8222
vn -0.5871 0.4006 0.7034
vn -0.6088 0.7794 0.1481
vn -0.7887 0.4408 0.4286
vn -0.6669 -0.0180 0.7450
vn 0.0307 -0.4276 0.9034
vn -0.0075 -0.2841 0.9588
vn -0.1765 -0.2370 0.9553
vn -0.1454 -0.2787 0.9493
vn -0.5237 0.5418 0.6574
vn -0.5404 0.6763 0.5006
vn -0.5378 0.8383 0.0898
vn -0.1415 -0.3528 0.9249
vn -0.4194 0.1034 0.9019
vn -0.0691 -0.2381 0.9688
vn -0.0108 -0.3391 0.9407
vn -0.4257 0.5803 0.6943
vn -0.6095 0.4251 0.6692
vn -0.4562 0.8651 0.2085
vn -0.4959 0.0045 0.8683
vn -0.5193 0.0320 0.8540
vn -0.5613 0.0326 0.8270
vn -0.0922 -0.3907 0.9159
vn -0.1094 -0.6716 0.7328
vn -0.3180 -0.4641 0.8267
vn -0.3393 -0.3384 0.8777
vn -0.3409 -0.1302 0.9310
vn -0.1652 -0.1575 0.9736
vn -0.4597 0.4379 0.7726
vn -0.4110 0.6718 0.6162
vn -0.2127 -0.2014 0.9561
vn -0.4281 0.8890 0.1628
vn -0.3635 0.8472 0.3875
vn -0.5280 0.5827 0.6179
vn -0.2908 -0.5032 0.8138
vn -0.2610 -0.1709 0.9501
vn -0.4289 0.5118 0.7444
vn -0.2959 0.7005 0.6494
vn -0.3693 -0.2106 0.9051
vn -0.3509 -0.0497 0.9351
vn -0.2821 -0.4066 0.8689
vn -0.2721 -0.1041 0.9566
vn -0.3307 0.6840 0.6502
vn -0.2182 0.4081 0.8865
vn -0.2978 -0.0339 0.9540
vn -0.2031 -0.1218 0.9716
vn -0.2775 0.0551 0.9591
vn -0.2403 -0.1968 0.9505
vn -0.1848 -0.0389 0.9820
vn -0.2665 0.2788 0.9226
vn -0.2446 0.8573 0.4530
vn -0.2775 0.6683 0.6902
vn -0.2123 -0.1314 0.9683
vn -0.1305 0.7872 0.6027
vn -0.1288 -0.3965 0.9090
vn -0.4255 0.0569 0.9032
vn -0.0031 0.9098 0.4151
vn -0.0037 -0.2164 0.9763
vn -0.2304 0.6598 0.7152
vn -0.1774 -0.3240 0.9293
vn -0.0417 -0.3255 0.9446
vn 0.0341 -0.0731 0.9967
vn 0.0162 0.5252 0.8508
vn -0.8707 -0.0641 -0.4876
vn -0.9106 -0.0655 -0.4081
vn -0.9024 -0.0621 -0.4264
vn -0.8631 -0.0399 -0.5034
vn -0.9014 -0.1108 -0.4185
vn -0.8870 -0.0223 -0.4613
vn -0.8201 -0.0442 -0.5705
vn -0.7539 -0.0207 -0.6566
vn -0.8606 -0.3535 -0.3665
vn -0.7942 -0.0693 -0.6037
vn -0.8297 -0.0445 -0.5564
vn -0.6902 -0.0656 -0.7206
vn -0.7604 -0.2538 -0.5978
vn -0.7164 -0.0310 -0.6970
vn -0.7143 -0.0222 -0.6995
vn -0.2311 -0.7302 -0.6429
vn -0.7336 -0.5804 -0.3536
vn -0.7198 -0.4577 -0.5219
vn -0.7249 -0.0095 -0.6888
vn -0.6596 -0.0116 -0.7515
vn -0.5143 -0.8439 -0.1529
vn -0.6644 -0.0095 -0.7473
vn -0.5368 -0.0268 -0.8433
vn -0.6258 -0.0186 -0.7797
vn -0.5457 -0.7643 -0.3435
vn -0.6087 -0.4828 -0.6296
vn -0.5783 -0.0910 -0.8107
vn -0.5773 -0.3181 -0.7520
vn -0.6405 -0.1571 -0.7517
vn -0.4961 -0.7146 -0.4932
vn -0.5001 0.0322 -0.8654
vn -0.5288 -0.0450 -0.8475
vn -0.4802 0.0088 -0.8771
vn -0.3775 -0.0013 -0.9260
vn -0.4644 -0.0522 -0.8841
vn -0.4188 -0.3996 -0.8154
vn -0.3451 -0.7647 -0.5442
vn -0.4409 -0.1673 -0.8818
vn -0.2208 -0.4607 -0.8597
vn -0.4132 -0.5441 -0.7302
vn -0.3461 0.0954 -0.9333
vn -0.3533 -0.0680 -0.9330
vn 0.1044 -0.5877 -0.8023
vn -0.3669 -0.0052 -0.9302
vn -0.3569 -0.0989 -0.9289
vn -0.4922 -0.1458 -0.8582
vn -0.1241 -0.2884 -0.9494
vn -0.4061 -0.4025 -0.8204
vn -0.4618 -0.0751 -0.8838
vn -0.3330 -0.2725 -0.9027
vn -0.2763 -0.5622 -0.7795
vn -0.2062 -0.7233 -0.6590
vn -0.2765 -0.3538 -0.8935
vn -0.2927 -0.0018 -0.9562
vn -0.3072 -0.0968 -0.9467
vn -0.1410 -0.5827 -0.8004
vn -0.2490 -0.1611 -0.9550
vn -0.1888 -0.0989 -0.9770
vn -0.2349 -0.0953 -0.9673
vn -0.1190 -0.1540 -0.9809
vn -0.1018 -0.3410 -0.9345
vn -0.2679 0.0761 -0.9604
vn -0.1914 0.0954 -0.9769
vn 0.0218 -0.1407 -0.9898
vn -0.2076 -0.0478 -0.9770
vn 0.2098 -0.1125 -0.9712
vn -0.1020 -0.8446 -0.5256
vn -0.0984 -0.1121 -0.9888
vn -0.0601 -0.0609 -0.9963
vn -0.1128 -0.0285 -0.9932
vn 0.1481 -0.0779 -0.9859
vn 0.0181 -0.7824 -0.6225
vn -0.0089 -0.5942 -0.8043
vn 0.0015 -0.2681 -0.9634
vn -0.0453 -0.0402 -0.9982
vn 0.2342 -0.0847 -0.9685
vn 0.0620 0.1082 -0.9922
vn -0.0035 0.0189 -0.9998
vn 0.1357 -0.0496 -0.9895
vn 0.1630 -0.0315 -0.9861
vn 0.1040 -0.4795 -0.8714
vn 0.1349 -0.0542 -0.9894
vn 0.1439 -0.7077 -0.6917
vn 0.2060 -0.0009 -0.9786
vn 0.2063 -0.3047 -0.9298
vn 0.3348 0.0543 -0.9407
vn 0.2836 0.0802 -0.9556
vn 0.3474 -0.4577 -0.8184
vn 0.4419 -0.4002 -0.8028
vn 0.4967 -0.4396 -0.7483
vn 0.5298 -0.3334 -0.7798
vn 0.5592 -0.3345 -0.7586
vn 0.5635 -0.2764 -0.7785
vn 0.5186 -0.3464 -0.7817
vn 0.6324 -0.2789 -0.7227
vn 0.4509 0.0882 -0.8882
vn 0.6623 -0.1884 -0.7252
vn 0.6225 -0.2854 -0.7287
vn 0.6126 -0.4035 -0.6796
vn 0.6519 -0.3168 -0.6889
vn 0.7119 0.0050 -0.7022
vn 0.7014 0.1118 -0.7040
vn 0.7080 0.2244 -0.6696
vn 0.7137 0.2842 -0.6402
vn 0.3682 -0.0093 -0.9297
vn 0.4140 0.0539 -0.9087
vn 0.6570 -0.2393 -0.7149
vn 0.4075 -0.0690 -0.9106
vn 0.4844 0.2139 -0.8483
vn 0.7036 -0.2417 -0.6682
vn 0.7270 0.3197 -0.6077
vn 0.3622 0.0090 -0.9321
vn 0.7310 -0.1368 -0.6685
vn 0.7536 0.1690 -0.6353
vn 0.3134 0.0082 -0.9496
vn 0.7059 -0.3395 -0.6217
vn 0.7694 0.0298 -0.6380
vn 0.7680 0.2228 -0.6004
vn 0.3120 -0.4111 -0.8566
vn 0.3626 -0.1906 -0.9123
vn 0.3904 0.0335 -0.9200
vn 0.4901 -0.0168 -0.8715
vn 0.5218 -0.0047 -0.8531
vn 0.4945 0.2105 -0.8433
vn 0.7952 0.2410 -0.5563
vn 0.8013 0.2797 -0.5288
vn 0.8132 0.3148 -0.4895
vn 0.2231 0.1130 -0.9682
vn 0.4647 0.0385 -0.8846
vn 0.6691 -0.0684 -0.7400
vn 0.7686 -0.1711 -0.6164
vn 0.7786 0.1100 -0.6178
vn 0.5171 0.2771 -0.8098
vn 0.7580 -0.2524 -0.6015
vn 0.8006 0.1591 -0.5776
vn 0.8340 0.2083 -0.5109
vn 0.8584 0.2748 -0.4333
vn 0.4655 -0.2763 -0.8408
vn 0.4180 0.0363 -0.9077
vn 0.8132 -0.0519 -0.5796
vn 0.8553 0.2545 -0.4513
vn 0.4544 -0.4552 -0.7657
vn 0.6693 -0.1862 -0.7193
vn 0.2297 0.3628 -0.9031
vn 0.3595 -0.7114 -0.6038
vn 0.5306 -0.3867 -0.7543
vn 0.5341 -0.0811 -0.8415
vn 0.4740 0.0772 -0.8771
vn 0.4732 0.0555 -0.8792
vn 0.8457 0.0662 -0.5296
vn 0.4922 -0.3773 -0.7845
vn 0.2984 -0.0469 -0.9533
vn 0.4788 0.0433 -0.8768
vn 0.5706 0.0413 -0.8202
vn 0.5487 -0.0144 -0.8359
vn 0.5443 0.1816 -0.8190
vn 0.8508 -0.1185 -0.5119
vn 0.8911 0.2306 -0.3908
vn 0.8935 0.1444 -0.4252
vn 0.4233 -0.5606 -0.7117
vn 0.3033 -0.3911 -0.8690
vn 0.5190 0.0624 -0.8525
vn 0.6927 0.0166 -0.7210
vn 0.8773 0.1759 -0.4466
vn 0.9109 0.2561 -0.3235
vn 0.6953 -0.5112 -0.5051
vn 0.1981 -0.5355 -0.8210
vn 0.3680 -0.2889 -0.8838
vn 0.5814 -0.5182 -0.6272
vn 0.3530 -0.8405 -0.4110
vn 0.6150 -0.3215 -0.7200
vn 0.5886 0.0544 -0.8066
vn 0.6033 0.0556 -0.7956
vn 0.5743 0.0123 -0.8185
vn 0.6203 0.2658 -0.7380
vn 0.8877 -0.0313 -0.4594
vn 0.9483 0.1943 -0.2511
vn 0.6534 0.0147 -0.7569
vn 0.8147 0.0937 -0.5723
vn 0.9223 -0.0949 -0.3746
vn 0.9067 0.0732 -0.4154
vn 0.9269 0.2364 -0.2916
vn 0.9506 0.2565 -0.1747
vn 0.9696 0.1948 -0.1484
vn 0.7565 -0.5481 -0.3567
vn 0.3380 -0.6901 -0.6399
vn 0.5266 -0.7197 -0.4525
vn 0.5906 0.0542 -0.8051
vn 0.6375 0.0713 -0.7672
vn 0.8591 0.1947 -0.4733
vn 0.9300 0.1783 -0.3213
vn 0.9597 0.2223 -0.1720
vn 0.9702 0.2396 -0.0369
vn 0.7047 -0.6766 -0.2136
vn 0.9820 0.1886 0.0062
vn 0.2988 0.2025 -0.9326
vn 0.0874 0.6469 -0.7575
vn 0.6699 -0.3521 -0.6537
vn 0.6711 -0.0055 -0.7414
vn 0.7229 0.1487 -0.6748
vn 0.7848 0.2826 -0.5516
vn 0.8286 0.3623 -0.4269
vn 0.9152 0.1856 -0.3576
vn 0.9409 0.0123 -0.3385
vn 0.9717 0.2258 0.0695
vn 0.2582 -0.4383 -0.8609
vn 0.2314 -0.3191 -0.9190
vn 0.7219 0.0588 -0.6895
vn 0.8406 0.2344 -0.4883
vn 0.9587 -0.0266 -0.2831
vn 0.9578 0.1204 -0.2609
vn 0.9675 0.2519 -0.0233
vn 0.9660 0.2350 0.1080
vn 0.2002 -0.2465 -0.9482
vn 0.3531 0.0627 -0.9335
vn 0.6696 -0.4740 -0.5719
vn 0.6753 -0.0849 -0.7326
vn 0.7951 0.0189 -0.6062
vn 0.8211 0.0459 -0.5689
vn 0.9025 0.2033 -0.3796
vn 0.9909 -0.0030 -0.1345
vn 0.9568 0.2113 -0.1997
vn 0.9800 0.0836 -0.1808
vn 0.9707 0.2048 -0.1257
vn 0.9770 0.2124 0.0171
vn 0.7672 -0.3243 -0.5534
vn 0.6980 0.0817 -0.7114
vn 0.7244 0.0649 -0.6863
vn 0.7600 0.0635 -0.6469
vn 0.7802 0.0612 -0.6225
vn 0.8913 0.1620 -0.4235
vn 0.9092 0.2303 -0.3468
vn 0.8878 0.3787 -0.2615
vn 0.9900 0.0343 0.1368
vn 0.9785 0.2021 0.0406
vn 0.9957 0.0930 -0.0030
vn 0.4396 -0.4596 -0.7717
vn 0.2620 -0.2107 -0.9418
vn 0.5508 0.1924 -0.8122
vn 0.5918 -0.7393 -0.3211
vn 0.7026 -0.3081 -0.6414
vn 0.7780 0.0046 -0.6282
vn 0.7105 0.0425 -0.7024
vn 0.8975 0.0715 -0.4352
vn 0.9235 0.2254 -0.3104
vn 0.9399 0.1681 -0.2972
vn 0.4780 -0.5541 -0.6816
vn 0.4133 -0.6409 -0.6468
vn 0.3933 -0.4094 -0.8233
vn 0.7821 -0.4222 -0.4584
vn 0.8306 -0.1828 -0.5260
vn 0.8513 0.0795 -0.5186
vn 0.8786 0.0840 -0.4701
vn 0.9040 0.0465 -0.4249
vn 0.8602 0.0581 -0.5067
vn 0.8820 0.0591 -0.4676
vn 0.9199 0.3885 -0.0538
vn 0.8989 0.0445 -0.4359
vn 0.9419 0.0855 -0.3247
vn 0.9495 0.1592 -0.2704
vn 0.9682 0.1566 -0.1950
vn 0.9692 0.1708 -0.1775
vn 0.9759 0.1378 -0.1692
vn 0.9740 0.1686 0.1514
vn 0.5136 -0.4551 -0.7274
vn 0.4935 -0.3179 -0.8096
vn 0.8014 -0.5343 -0.2687
vn 0.5794 -0.8037 -0.1356
vn 0.8821 -0.2632 -0.3906
vn 0.8945 -0.2020 -0.3989
vn 0.9041 -0.0056 -0.4272
vn 0.9462 0.0765 -0.3143
vn 0.9316 0.1057 -0.3479
vn 0.9561 0.0594 -0.2868
vn 0.9838 0.1390 0.1129
vn 0.5478 0.5079 -0.6648
vn 0.4926 0.8213 -0.2879
vn 0.7910 0.6019 -0.1096
vn 0.7845 0.5762 0.2294
vn 0.9566 0.0329 -0.2896
vn 0.9598 0.0390 -0.2781
vn 0.9781 0.0915 -0.1871
vn 0.9923 0.1195 0.0322
vn 0.5193 -0.4952 -0.6965
vn 0.5866 -0.2645 -0.7655
vn 0.7950 -0.5792 -0.1803
vn 0.9623 0.1337 -0.2370
vn 0.9724 0.0565 -0.2263
vn 0.9877 0.0798 -0.1346
vn 0.9934 0.0898 -0.0708
vn 0.3942 -0.6442 -0.6554
vn 0.5161 -0.7442 -0.4240
vn 0.4865 -0.8356 -0.2551
vn 0.7024 -0.6591 -0.2687
vn 0.9105 -0.2779 -0.3062
vn 0.9353 -0.1429 -0.3237
vn 0.9504 0.0218 -0.3104
vn 0.5307 0.7386 -0.4158
vn 0.7708 0.5427 -0.3338
vn 0.9733 0.0349 0.2270
vn 0.9936 0.0486 0.1023
vn 0.9952 0.0126 -0.0975
vn 0.9912 0.0285 -0.1294
vn 0.9857 0.0643 0.1558
vn 0.9725 0.0858 0.2164
vn 0.6643 0.1982 -0.7208
vn 0.7038 -0.5529 -0.4461
vn 0.8834 -0.3572 -0.3032
vn 0.9538 0.0795 -0.2896
vn 0.9374 0.2649 -0.2262
vn 0.9884 0.1154 -0.0986
vn 0.9557 0.2943 -0.0076
vn 0.5871 0.7575 -0.2854
vn 0.4983 0.8623 -0.0903
vn 0.9240 -0.0938 -0.3707
vn 0.6908 0.5586 -0.4592
vn 0.3975 -0.6669 -0.6303
vn 0.4946 -0.5248 -0.6928
vn 0.5675 -0.4226 -0.7066
vn 0.7019 0.3542 -0.6179
vn 0.6450 -0.7146 -0.2708
vn 0.7580 -0.4399 -0.4816
vn 0.9042 0.1058 -0.4138
vn 0.8195 0.3425 -0.4595
vn 0.7068 0.4668 -0.5315
vn 0.7138 -0.0647 -0.6974
vn 0.6584 0.6630 -0.3563
vn 0.7020 0.7117 -0.0262
vn 0.6346 -0.3298 -0.6990
vn 0.7012 -0.7121 0.0341
vn 0.7743 -0.5773 -0.2592
vn 0.7689 -0.2887 -0.5705
vn 0.8341 -0.0898 -0.5442
vn 0.8076 0.0504 -0.5876
vn 0.8414 0.2459 -0.4813
vn 0.8293 0.5142 -0.2187
vn 0.4248 -0.6726 -0.6059
vn 0.7362 0.0435 -0.6753
vn 0.8320 0.4005 -0.3839
vn 0.8264 0.4479 -0.3412
vn 0.8526 -0.5212 -0.0371
vn 0.9237 -0.3290 -0.1961
vn 0.8713 -0.3317 -0.3616
vn 0.9031 0.0028 -0.4295
vn 0.5226 -0.5157 -0.6790
vn 0.5982 -0.3527 -0.7195
vn 0.9674 -0.0874 -0.2377
vn 0.9516 0.1640 -0.2599
vn 0.9185 0.3283 -0.2205
vn 0.9115 0.4113 -0.0080
vn 0.7063 0.3140 -0.6345
vn 0.9669 -0.2518 0.0421
vn 0.9751 0.2130 -0.0608
vn 0.7098 -0.0174 -0.7042
vn 0.9960 0.0075 -0.0895
vn 0.9683 -0.0596 0.2426
vn 0.4822 -0.6145 -0.6244
vn 0.3815 -0.7566 -0.5311
vn 0.3659 -0.7491 -0.5522
vn 0.6079 -0.3852 -0.6943
vn 0.6876 -0.1910 -0.7005
vn 0.7132 0.1635 -0.6816
vn 0.5746 -0.4558 -0.6798
vn 0.7186 0.3136 -0.6207
vn 0.7431 0.0430 -0.6678
vn 0.6839 -0.2142 -0.6975
vn 0.5278 -0.5370 -0.6581
vn 0.4670 -0.6664 -0.5812
vn 0.6454 -0.2933 -0.7053
vn 0.7273 0.2586 -0.6358
vn 0.7201 -0.0173 -0.6936
vn 0.6687 0.5675 -0.4805
vn 0.6037 -0.5096 -0.6131
vn 0.6682 -0.3081 -0.6772
vn 0.7232 0.4072 -0.5578
vn 0.7380 0.1654 -0.6542
vn 0.6296 -0.5681 -0.5300
vn 0.4803 -0.7296 -0.4869
vn 0.7359 -0.1260 -0.6653
vn 0.7952 0.3449 -0.4986
vn 0.5532 -0.7323 -0.3970
vn 0.7234 -0.3364 -0.6029
vn 0.7918 0.1013 -0.6024
vn 0.7834 -0.1189 -0.6101
vn 0.8267 0.1495 -0.5424
vn 0.7052 -0.5585 -0.4368
vn 0.7631 -0.3856 -0.5186
vn 0.8353 -0.0974 -0.5411
vn 0.8638 0.1502 -0.4809
vn 0.6354 -0.7289 -0.2548
vn 0.8754 -0.1782 -0.4494
vn 0.8945 0.0753 -0.4407
vn 0.7894 -0.5364 -0.2986
vn 0.7757 -0.6306 -0.0248
vn 0.8511 -0.3417 -0.3986
vn 0.9037 0.2174 -0.3689
vn 0.8672 -0.4951 0.0533
vn 0.8850 -0.3865 -0.2596
vn 0.9266 -0.1343 -0.3513
vn 0.9619 -0.2510 -0.1086
vn 0.8981 -0.2662 0.3502
vn 0.8640 0.5036 0.0005
vn 0.9555 0.2233 0.1927
vn 0.9162 -0.0451 0.3982
vn 0.9983 -0.0471 -0.0342
vn 0.9697 0.1427 -0.1984
vn 0.1008 0.4348 0.8949
vn -0.0832 0.3800 0.9213
vn -0.0304 -0.6592 0.7513
vn 0.0325 -0.3260 0.9448
vn 0.2660 0.3404 0.9019
vn 0.2404 0.2125 0.9471
vn 0.2532 0.2683 0.9295
vn 0.2149 0.3556 0.9096
vn 0.2424 0.2353 0.9412
vn 0.2575 0.1672 0.9517
vn 0.1760 0.1636 0.9707
vn 0.2900 0.2212 0.9311
vn 0.2362 0.0996 0.9666
vn 0.3210 0.3078 0.8957
vn 0.3229 0.2727 0.9063
vn 0.2991 0.3169 0.9001
vn 0.3151 0.3437 0.8846
vn 0.3203 0.1788 0.9303
vn 0.2531 0.1630 0.9536
vn 0.3422 0.2688 0.9003
vn 0.3768 0.2321 0.8968
vn 0.3074 0.2099 0.9281
vn 0.3963 0.3516 0.8481
vn 0.4098 0.2890 0.8652
vn 0.4230 0.2456 0.8722
vn 0.2895 0.1403 0.9468
vn 0.3772 0.3319 0.8646
vn 0.4650 0.2513 0.8489
vn 0.5564 0.2877 0.7795
vn 0.5469 0.2918 0.7847
vn 0.3793 0.1142 0.9182
vn 0.3508 0.1770 0.9196
vn 0.4094 0.2848 0.8668
vn 0.3666 0.3536 0.8606
vn 0.4532 0.3231 0.8308
vn 0.3943 0.2255 0.8909
vn 0.4175 0.4222 0.8046
vn 0.6177 0.3185 0.7190
vn 0.4221 -0.0120 0.9065
vn 0.6117 0.3810 0.6933
vn 0.4536 0.2856 0.8442
vn 0.3472 0.3671 0.8630
vn 0.4879 0.3731 0.7892
vn 0.5320 0.3459 0.7729
vn 0.6880 0.2151 0.6931
vn 0.4335 0.1675 0.8854
vn 0.4821 0.1045 0.8699
vn 0.4235 0.2967 0.8559
vn 0.4969 0.2100 0.8420
vn 0.5003 0.2849 0.8176
vn 0.5340 0.0979 0.8398
vn 0.4621 0.5583 0.6890
vn 0.5261 0.4254 0.7364
vn 0.6305 0.4197 0.6529
vn 0.5108 -0.1293 0.8500
vn 0.5153 0.2947 0.8048
vn 0.3221 0.2121 0.9226
vn 0.2968 0.3514 0.8879
vn 0.5755 0.4311 0.6950
vn 0.5654 0.3025 0.7673
vn 0.6262 0.3341 0.7044
vn 0.7645 0.4493 0.4623
vn 0.5072 0.3676 0.7795
vn 0.1395 0.1926 0.9713
vn 0.5177 0.0036 0.8556
vn 0.5924 0.4064 0.6956
vn 0.5485 0.1068 0.8293
vn 0.2744 0.0929 0.9571
vn 0.2256 0.0933 0.9697
vn 0.5499 0.4132 0.7259
vn 0.5560 0.5072 0.6585
vn 0.5350 0.2114 0.8180
vn 0.4558 0.2816 0.8444
vn 0.6670 0.4075 0.6238
vn 0.6469 0.3718 0.6658
vn 0.5732 -0.0413 0.8184
vn 0.5207 0.4424 0.7302
vn 0.5660 -0.2160 0.7956
vn 0.5493 0.2821 0.7866
vn 0.6401 0.3603 0.6786
vn 0.5568 0.3545 0.7512
vn 0.1599 0.5509 0.8191
vn 0.2254 0.3925 0.8917
vn 0.5515 0.2596 0.7928
vn 0.5048 0.2828 0.8156
vn 0.5712 0.2376 0.7856
vn 0.6764 0.3641 0.6403
vn 0.5781 0.1678 0.7985
vn 0.5597 0.0306 0.8281
vn 0.7200 0.3858 0.5768
vn 0.6106 0.2615 0.7475
vn 0.6943 0.3117 0.6487
vn 0.5896 0.3053 0.7477
vn 0.1174 0.0535 0.9916
vn 0.6021 -0.0448 0.7972
vn -0.2403 -0.1968 0.9506
vn 0.7003 0.2433 0.6711
vn 0.7459 0.2545 0.6155
vn 0.6413 0.3201 0.6973
vn 0.2408 0.7251 0.6452
vn 0.1051 0.9475 0.3019
vn 0.4755 0.0861 0.8755
vn 0.6262 -0.0628 0.7771
vn 0.6167 0.0830 0.7828
vn 0.0324 -0.4640 0.8852
vn -0.0349 0.7813 0.6232
vn 0.2172 0.0793 0.9729
vn 0.4645 0.1694 0.8692
vn 0.7445 0.1759 0.6440
vn 0.1033 0.6847 0.7215
vn 0.0265 0.8594 0.5107
vn 0.4779 0.0738 0.8753
vn 0.2850 0.0673 0.9562
vn 0.3941 0.0066 0.9190
vn 0.6868 0.0673 0.7237
vn 0.6814 -0.3110 0.6626
vn 0.7380 -0.2338 0.6330
vn 0.7725 0.0511 0.6330
vn 0.8160 0.2190 0.5350
vn 0.7337 0.2653 0.6256
vn 0.1133 -0.2862 0.9515
vn -0.1773 -0.3240 0.9293
vn 0.6019 0.1359 0.7869
vn 0.5210 0.0712 0.8506
vn 0.2042 0.0112 0.9789
vn 0.8075 0.1959 0.5564
vn 0.1975 -0.3863 0.9010
vn 0.1711 -0.1567 0.9727
vn 0.1096 0.7775 0.6193
vn 0.0838 0.7812 0.6186
vn 0.1398 0.9310 0.3373
vn 0.3222 0.8754 0.3603
vn 0.5666 -0.0588 0.8219
vn 0.5447 0.0468 0.8373
vn 0.6882 0.1651 0.7065
vn 0.7166 0.1281 0.6856
vn 0.6356 -0.0954 0.7661
vn 0.1517 -0.2867 0.9459
vn 0.1915 0.9755 0.1087
vn 0.6563 -0.0924 0.7488
vn 0.8205 0.0133 0.5715
vn 0.8270 -0.1225 0.5487
vn 0.8443 0.1653 0.5098
vn 0.6674 0.1760 0.7236
vn 0.5914 0.0643 0.8038
vn 0.5875 0.0738 0.8058
vn 0.6333 0.1889 0.7505
vn 0.7833 0.1732 0.5971
vn 0.8079 0.0255 0.5887
vn 0.7620 0.1642 0.6265
vn 0.7968 -0.2383 0.5553
vn 0.8736 0.1914 0.4474
vn 0.1796 -0.2729 0.9451
vn 0.2094 0.4292 0.8786
vn 0.2751 0.7303 0.6253
vn 0.2816 0.7533 0.5943
vn 0.4388 0.8537 0.2804
vn 0.8145 0.0323 0.5793
vn 0.8673 0.2059 0.4533
vn 0.7327 -0.3421 0.5883
vn 0.2879 -0.0953 0.9529
vn 0.6744 -0.0572 0.7361
vn 0.6708 0.3134 0.6722
vn 0.7646 0.1794 0.6190
vn 0.8062 0.0899 0.5847
vn 0.3429 -0.1649 0.9248
vn 0.1881 -0.4335 0.8813
vn 0.6990 0.2074 0.6844
vn 0.8702 -0.1330 0.4744
vn 0.8954 0.0733 0.4392
vn 0.9057 0.1820 0.3828
vn 0.9382 0.1608 0.3064
vn 0.3661 0.5867 0.7223
vn 0.3455 0.8094 0.4749
vn 0.3475 0.8057 0.4797
vn 0.3199 0.9474 -0.0132
vn 0.6720 0.1657 0.7218
vn 0.6619 -0.0705 0.7463
vn 0.8818 -0.0531 0.4686
vn 0.9179 0.2133 0.3347
vn 0.5320 -0.7666 0.3596
vn 0.4204 -0.9072 0.0150
vn 0.1556 -0.5706 0.8064
vn 0.3268 -0.4851 0.8111
vn 0.3774 -0.2809 0.8824
vn 0.7085 0.0243 0.7053
vn 0.7602 0.3126 0.5696
vn 0.8307 0.1528 0.5353
vn 0.9527 0.2289 0.2000
vn 0.9734 0.1658 0.1580
vn 0.3876 -0.1430 0.9107
vn 0.3284 -0.2745 0.9038
vn 0.4104 0.6887 0.5977
vn 0.5501 0.7994 0.2416
vn 0.2848 0.9505 0.1241
vn 0.7946 0.1872 0.5775
vn 0.9421 0.1432 0.3031
vn 0.9448 0.2097 0.2519
vn 0.7439 -0.0388 0.6672
vn 0.8177 0.1266 0.5615
vn 0.9331 -0.0379 0.3577
vn 0.4081 0.5791 0.7058
vn 0.7672 0.1325 0.6276
vn 0.7961 -0.0488 0.6032
vn 0.8547 0.2439 0.4583
vn 0.8603 0.1908 0.4728
vn 0.9080 0.2052 0.3653
vn 0.9529 0.0919 0.2890
vn 0.9699 0.1818 0.1618
vn 0.3065 -0.3890 0.8688
vn 0.2870 -0.3497 0.8918
vn 0.4231 0.9020 0.0856
vn 0.8262 0.2548 0.5025
vn 0.9785 0.2022 0.0406
vn 0.9957 0.0930 -0.0029
vn 0.4639 -0.4068 0.7870
vn 0.4666 0.7734 0.4291
vn 0.8621 0.0785 0.5006
vn 0.8566 -0.0209 0.5155
vn 0.8817 0.0040 0.4717
vn 0.9139 0.2196 0.3414
vn 0.9366 0.1763 0.3028
vn 0.9245 0.3304 0.1901
vn 0.4123 -0.6307 0.6574
vn 0.4554 -0.2225 0.8620
vn 0.3991 0.9145 -0.0673
vn 0.9131 -0.0266 0.4069
vn 0.9257 0.1289 0.3557
vn 0.9440 0.1851 0.2732
vn 0.4940 -0.3354 0.8022
vn 0.6010 0.4837 0.6362
vn 0.5418 0.6219 0.5655
vn 0.3873 0.9214 -0.0323
vn 0.9053 0.2086 0.3701
vn 0.9209 0.0896 0.3793
vn 0.9135 0.0327 0.4055
vn 0.9618 0.0350 0.2714
vn 0.4308 -0.3002 0.8511
vn 0.5630 0.7472 0.3532
vn 0.9421 0.0330 0.3336
vn 0.9736 0.1244 0.1913
vn 0.5384 -0.4653 0.7026
vn 0.5423 -0.3294 0.7729
vn 0.6468 0.5020 0.5741
vn 0.5891 0.7925 0.1578
vn 0.9297 0.0555 0.3640
vn 0.9768 0.0925 0.1932
vn 0.9923 0.1195 0.0323
vn 0.4309 -0.5479 0.7170
vn 0.3674 -0.2768 0.8879
vn 0.5408 0.0141 0.8411
vn 0.9553 0.1493 0.2553
vn 0.5076 -0.4005 0.7629
vn 0.7708 0.5427 -0.3337
vn 0.6483 0.5772 0.4965
vn 0.3464 -0.4198 0.8389
vn 0.7065 0.2628 0.6571
vn 0.7524 0.3424 0.5627
vn 0.5800 -0.3467 0.7372
vn 0.6371 -0.1550 0.7550
vn 0.5543 -0.3165 0.7698
vn 0.7265 0.5611 0.3967
vn 0.4412 -0.5777 0.6867
vn 0.4212 -0.4342 0.7963
vn 0.7758 0.0748 0.6266
vn 0.6821 -0.3909 0.6181
vn 0.7936 0.3407 0.5041
vn 0.7817 0.5865 0.2123
vn 0.7819 -0.5162 0.3495
vn 0.7994 -0.1297 0.5866
vn 0.8526 -0.5212 -0.0370
vn 0.9669 -0.2518 0.0422
vn 0.8297 -0.2956 0.4735
vn 0.9114 0.2127 0.3523
vn 0.9115 0.4113 -0.0079
vn 0.9577 0.0481 0.2837
vn 0.9752 0.2130 -0.0608
vn -0.6014 -0.7976 -0.0473
vn -0.5217 -0.8530 0.0113
vn -0.7129 -0.6991 0.0560
vn -0.7994 -0.5687 -0.1936
vn -0.4415 -0.8949 0.0646
vn -0.3216 -0.9464 -0.0292
vn -0.3076 -0.9460 -0.1019
vn -0.3681 -0.9290 0.0391
vn -0.6525 -0.7276 0.2117
vn -0.3129 -0.8795 0.3587
vn -0.5457 -0.7644 -0.3434
vn -0.2937 -0.9405 0.1711
vn -0.2596 -0.7894 0.5563
vn -0.6250 -0.5851 0.5167
vn -0.2282 -0.9736 0.0094
vn -0.3065 -0.9239 -0.2289
vn -0.2554 -0.9657 0.0473
vn 0.0164 -0.7437 0.6683
vn -0.0074 -0.2841 0.9588
vn -0.1276 -0.9837 -0.1264
vn -0.1163 -0.8054 0.5813
vn -0.1415 -0.3528 0.9250
vn -0.1422 -0.9842 -0.1056
vn -0.2074 -0.9776 0.0356
vn -0.1883 -0.9817 0.0290
vn -0.1430 -0.9826 0.1185
vn -0.1372 -0.9492 -0.2832
vn -0.1822 -0.9667 -0.1795
vn -0.2180 -0.9749 0.0460
vn -0.1548 -0.9746 0.1619
vn -0.1997 -0.9071 0.3705
vn -0.1120 -0.7562 0.6447
vn -0.0634 -0.9949 -0.0780
vn -0.2335 -0.9566 -0.1741
vn -0.1559 -0.9754 -0.1559
vn -0.2062 -0.7234 -0.6590
vn -0.1164 -0.7367 0.6661
vn -0.2232 -0.9745 0.0239
vn -0.2141 -0.8195 0.5316
vn -0.2723 -0.6799 0.6808
vn -0.0010 -0.9992 -0.0395
vn -0.1410 -0.9830 0.1173
vn -0.0015 -0.9933 -0.1159
vn -0.1170 -0.9826 0.1441
vn -0.1240 -0.9858 0.1134
vn -0.1856 -0.9281 -0.3227
vn -0.0673 -0.9029 0.4246
vn -0.0738 -0.9969 -0.0268
vn -0.1110 -0.9938 -0.0089
vn -0.1020 -0.8446 -0.5255
vn -0.0709 -0.8159 0.5738
vn -0.1859 -0.7017 0.6878
vn 0.0202 -0.9973 -0.0708
vn -0.0375 -0.9447 0.3259
vn -0.0356 -0.9987 0.0355
vn 0.0423 -0.9933 -0.1073
vn -0.0617 -0.8855 -0.4606
vn -0.0652 -0.9519 -0.2995
vn -0.0278 -0.9942 0.1036
vn -0.0638 -0.8882 0.4550
vn -0.1397 -0.5630 0.8146
vn -0.2821 -0.4067 0.8689
vn 0.1141 -0.9880 -0.1040
vn 0.0876 -0.9915 -0.0961
vn -0.0660 -0.9863 0.1512
vn -0.0299 -0.9806 0.1937
vn -0.1043 -0.8460 0.5228
vn -0.0678 -0.7019 0.7090
vn -0.0150 -0.9059 0.4232
vn 0.1432 -0.8769 -0.4589
vn 0.0654 -0.9908 -0.1185
vn -0.0010 -1.0000 0.0012
vn -0.0427 -0.9849 0.1677
vn 0.0457 -0.8903 0.4531
vn 0.0035 -0.5985 0.8011
vn 0.1043 -0.9938 0.0373
vn 0.1422 -0.9739 -0.1771
vn 0.1173 -0.9894 -0.0853
vn 0.0707 -0.9934 0.0907
vn -0.0467 -0.9979 0.0438
vn 0.0194 -0.9226 0.3852
vn -0.0054 -1.0000 0.0078
vn 0.0374 -0.9814 0.1881
vn 0.1646 -0.9448 -0.2833
vn 0.2361 -0.8906 -0.3886
vn 0.1768 -0.8864 -0.4278
vn 0.1339 -0.9879 -0.0787
vn 0.0279 -0.8050 0.5926
vn 0.0695 -0.6885 0.7219
vn 0.0887 -0.9958 0.0238
vn -0.0406 -0.9978 -0.0531
vn 0.0431 -0.9984 -0.0372
vn 0.0194 -0.9690 0.2465
vn 0.1553 -0.7767 0.6104
vn -0.0512 -0.9956 0.0789
vn 0.2694 -0.8862 -0.3769
vn -0.0055 -0.9992 0.0395
vn 0.0781 -0.9032 0.4220
vn 0.3595 -0.7115 -0.6038
vn 0.2131 -0.9485 -0.2343
vn 0.2754 -0.9576 -0.0851
vn 0.0580 -0.9964 0.0624
vn 0.4181 -0.8529 -0.3126
vn 0.1601 -0.8542 0.4947
vn 0.2557 -0.6454 0.7197
vn 0.0343 -0.9990 0.0298
vn 0.1040 -0.9916 -0.0765
vn 0.2943 -0.9525 -0.0782
vn 0.1561 -0.9872 -0.0339
vn 0.1062 -0.9874 0.1176
vn 0.4899 -0.8465 -0.2085
vn 0.1244 -0.9922 -0.0071
vn 0.2864 -0.7692 0.5712
vn 0.4154 -0.9072 -0.0662
vn 0.1519 -0.8755 0.4587
vn 0.0906 -0.9958 0.0130
vn 0.3539 -0.9268 0.1257
vn 0.2551 -0.9643 -0.0708
vn 0.5918 -0.7394 -0.3211
vn 0.2836 -0.7760 0.5634
vn 0.5454 -0.8360 -0.0599
vn 0.6121 -0.7850 -0.0952
vn 0.4608 -0.8809 -0.1082
vn 0.3011 -0.9524 -0.0481
vn 0.5746 -0.8136 -0.0886
vn 0.2695 -0.9440 0.1903
vn 0.5758 -0.8156 -0.0572
vn 0.3936 -0.8820 -0.2592
vn 0.2775 -0.8065 0.5220
vn 0.3414 -0.6832 0.6455
vn 0.7949 -0.5793 -0.1802
vn 0.4645 -0.8779 -0.1162
vn 0.3901 -0.8990 0.1991
vn 0.5161 -0.7443 -0.4239
vn 0.4260 -0.7188 0.5494
vn 0.6449 -0.7147 -0.2708
vn -0.5886 -0.4742 0.6548
vn 0.6356 -0.0955 0.7661
vn -0.5241 -0.7424 0.4173
vn -0.5083 -0.8456 0.1632
vn -0.2419 -0.9367 0.2530
vn -0.6222 -0.7231 0.2999
vn 0.3380 -0.6902 -0.6399
vn -0.2754 -0.9613 -0.0029
vn 0.4204 -0.9072 0.0149
vn -0.4897 -0.8532 0.1795
vn 0.7566 -0.5481 -0.3567
vn 0.2771 -0.8314 -0.4817
vn -0.0817 -0.9698 -0.2297
vn 0.7048 -0.6765 -0.2136
vn -0.3762 -0.9259 0.0351
vn 0.0315 -0.9399 -0.3399
vn 0.1226 -0.8962 -0.4263
vn -0.5809 -0.7397 0.3397
vn -0.2308 -0.9661 -0.1154
vn 0.0669 -0.9049 -0.4203
vn 0.2280 -0.8072 -0.5445
vn -0.0872 -0.9702 -0.2261
vn -0.2142 -0.9728 -0.0878
vn -0.3250 -0.9449 0.0399
vn 0.4133 -0.6410 -0.6468
vn -0.5599 -0.7154 0.4180
vn -0.4403 -0.8739 0.2058
vn 0.0744 -0.9210 -0.3824
vn 0.2469 -0.8086 -0.5341
vn 0.3942 -0.6443 -0.6554
vn -0.7108 -0.6504 0.2679
vn -0.2220 -0.9750 0.0027
vn -0.5833 -0.7659 0.2705
vn -0.0634 -0.9792 -0.1927
vn -0.1403 -0.9854 -0.0963
vn -0.5738 -0.7940 0.2008
vn -0.6206 -0.7402 0.2589
vn -0.2559 -0.9662 -0.0308
vn 0.1120 -0.9364 -0.3326
vn 0.2646 -0.8363 -0.4803
vn -0.4058 -0.9015 0.1507
vn 0.0693 -0.9557 -0.2862
vn -0.4804 -0.8526 0.2059
vn -0.5916 -0.7542 0.2850
vn -0.7488 -0.4756 0.4616
vn -0.0909 -0.9835 -0.1561
vn 0.2674 -0.8762 -0.4009
vn -0.4129 -0.8797 0.2358
vn -0.2780 -0.9425 0.1853
vn -0.2250 -0.9742 -0.0179
vn -0.1554 -0.9797 -0.1263
vn 0.0265 -0.9764 -0.2143
vn 0.1258 -0.9275 -0.3519
vn 0.2004 -0.8689 -0.4527
vn -0.2649 -0.8979 0.3515
vn -0.0253 -0.9936 -0.1099
vn -0.1569 -0.9854 0.0664
vn -0.0987 -0.9570 0.2729
vn 0.0339 -0.8335 0.5514
vn 0.3659 -0.7492 -0.5522
vn -0.0726 -0.9868 0.1445
vn 0.2643 -0.8164 -0.5134
vn 0.0702 -0.5982 0.7983
vn 0.0787 -0.9927 -0.0917
vn 0.1588 -0.9644 -0.2117
vn 0.1775 -0.9265 -0.3319
vn 0.0199 -0.9560 0.2928
vn 0.1229 -0.8881 0.4430
vn 0.3007 -0.8425 -0.4469
vn 0.1178 -0.9914 0.0565
vn 0.2102 -0.7571 0.6186
vn 0.2467 -0.8847 0.3956
vn 0.3386 -0.7861 0.5172
vn 0.1089 -0.9701 0.2167
vn 0.3391 -0.8746 -0.3464
vn 0.3932 -0.6042 0.6931
vn 0.3743 -0.9018 -0.2158
vn 0.3268 -0.9446 -0.0316
vn 0.3544 -0.9151 0.1925
vn 0.4423 -0.7843 0.4351
vn 0.5532 -0.7324 -0.3970
vn 0.5593 -0.7732 0.2988
vn 0.5281 -0.8491 0.0112
vn 0.6354 -0.7290 -0.2548
vn 0.7096 -0.6669 0.2273
vn -0.0357 -0.1216 0.9919
vn -0.2219 -0.3644 0.9044
vn 0.0796 0.1123 0.9905
vn 0.1931 0.2286 0.9542
vn 0.2687 0.1591 0.9500
vn 0.0646 0.5368 0.8412
vn 0.3034 -0.2047 0.9306
vn 0.0142 -0.1730 0.9848
vn 0.2572 0.0074 0.9663
vn 0.2905 -0.4608 0.8386
vn 0.3244 0.3851 0.8640
vn 0.3671 0.5267 0.7667
vn 0.2140 0.7181 0.6622
vn 0.3744 0.1296 0.9182
vn 0.3480 0.3796 0.8572
vn 0.4329 0.6128 0.6611
vn 0.2869 0.8334 0.4724
vn 0.4845 -0.3539 0.8000
vn 0.4838 -0.0441 0.8741
vn 0.5179 0.6484 0.5580
vn 0.5104 -0.6158 0.6002
vn 0.5230 0.1892 0.8311
vn 0.4966 0.4957 0.7126
vn 0.6358 -0.1787 0.7509
vn 0.6223 0.5179 0.5869
vn 0.6298 -0.6405 0.4394
vn 0.6613 -0.4117 0.6271
vn 0.6483 0.0108 0.7613
vn 0.6547 0.2497 0.7135
vn 0.7015 -0.6149 0.3602
vn 0.7403 0.4386 0.5094
vn 0.7159 0.4254 0.5536
vn 0.7765 -0.1997 0.5977
vn 0.7791 -0.4588 0.4272
vn 0.7919 0.0785 0.6056
vn 0.8099 0.3582 0.4646
vn 0.9031 0.2001 0.3799
vn 0.8235 -0.4707 0.3167
vn 0.9008 -0.2464 0.3576
vn 0.9073 -0.0790 0.4129
vn 0.8644 0.3035 0.4009
vn 0.8810 -0.1973 0.4300
vn 0.9350 -0.0267 0.3537
vn 0.8902 0.1406 0.4333
vn 0.8672 -0.4951 0.0534
vn 0.8980 -0.2662 0.3502
vn 0.9162 -0.0451 0.3983
vn 0.9619 -0.2510 -0.1085
vn 0.9983 -0.0471 -0.0341
vt 0.808687 0.911325
vt 0.809341 0.901900
vt 0.797326 0.910820
vt 0.801502 0.900056
vt 0.805617 0.892187
vt 0.817655 0.905197
vt 0.790250 0.901197
vt 0.787702 0.910792
vt 0.795527 0.893907
vt 0.815084 0.890605
vt 0.781218 0.903803
vt 0.799743 0.883179
vt 0.806826 0.880244
vt 0.782503 0.887041
vt 0.790720 0.877052
vt 0.813881 0.873787
vt 0.822905 0.877973
vt 0.798157 0.868914
vt 0.772280 0.892958
vt 0.808293 0.862810
vt 0.779751 0.863860
vt 0.790271 0.860954
vt 0.821637 0.856769
vt 0.772181 0.877855
vt 0.794561 0.849561
vt 0.804066 0.847629
vt 0.769369 0.861199
vt 0.811562 0.841617
vt 0.785437 0.851557
vt 0.776189 0.848050
vt 0.793162 0.836497
vt 0.819780 0.837199
vt 0.778658 0.835940
vt 0.806418 0.826431
vt 0.814260 0.828533
vt 0.766580 0.841083
vt 0.797927 0.825232
vt 0.759219 0.850768
vt 0.775553 0.821302
vt 0.788279 0.825113
vt 0.792620 0.815068
vt 0.801798 0.813900
vt 0.815821 0.816675
vt 0.783537 0.817883
vt 0.758484 0.838422
vt 0.764624 0.824805
vt 0.812704 0.801505
vt 0.787262 0.806737
vt 0.775315 0.806937
vt 0.793946 0.797190
vt 0.804638 0.793654
vt 0.766205 0.813142
vt 0.756045 0.811503
vt 0.782188 0.786650
vt 0.772922 0.792889
vt 0.814525 0.782201
vt 0.784531 0.772769
vt 0.794618 0.780752
vt 0.757531 0.796161
vt 0.805444 0.778573
vt 0.771967 0.780622
vt 0.800611 0.767330
vt 0.777096 0.769503
vt 0.791425 0.764005
vt 0.811393 0.771247
vt 0.780844 0.752013
vt 0.810023 0.756761
vt 0.790396 0.749880
vt 0.802239 0.749520
vt 0.797441 0.738662
vt 0.781746 0.735079
vt 0.775897 0.742786
vt 0.789834 0.737407
vt 0.772825 0.733750
vt 0.794522 0.729397
vt 0.801640 0.729797
vt 0.776955 0.727928
vt 0.786081 0.726575
vt 0.795654 0.725021
vt 0.647264 0.753120
vt 0.635601 0.759016
vt 0.644658 0.764315
vt 0.658329 0.757738
vt 0.788687 0.718575
vt 0.614002 0.754173
vt 0.605536 0.764180
vt 0.613351 0.768556
vt 0.625561 0.761018
vt 0.633014 0.747743
vt 0.639303 0.749448
vt 0.665189 0.754329
vt 0.666579 0.761944
vt 0.779744 0.715931
vt 0.769970 0.720043
vt 0.799102 0.719821
vt 0.624036 0.752392
vt 0.656422 0.748477
vt 0.794248 0.710396
vt 0.597457 0.753444
vt 0.594372 0.766769
vt 0.806887 0.717284
vt 0.803137 0.709762
vt 0.588645 0.747779
vt 0.622639 0.736288
vt 0.646492 0.742633
vt 0.649743 0.738162
vt 0.771464 0.707899
vt 0.782394 0.705801
vt 0.789548 0.707203
vt 0.599757 0.737767
vt 0.610976 0.738023
vt 0.632390 0.732762
vt 0.639965 0.732292
vt 0.813108 0.707803
vt 0.799077 0.705800
vt 0.804237 0.703347
vt 0.777052 0.700477
vt 0.044288 0.741444
vt 0.050230 0.745800
vt 0.039897 0.745800
vt 0.799526 0.703933
vt 0.794697 0.703418
vt 0.797345 0.705695
vt 0.643774 0.725975
vt 0.771855 0.699931
vt 0.764251 0.700893
vt 0.791271 0.699920
vt 0.786973 0.699807
vt 0.797106 0.701211
vt 0.586823 0.734345
vt 0.704366 0.697638
vt 0.690518 0.704856
vt 0.701838 0.710415
vt 0.610587 0.727241
vt 0.629312 0.722256
vt 0.635657 0.719175
vt 0.652096 0.724761
vt 0.648670 0.715278
vt 0.677212 0.710388
vt 0.668815 0.702588
vt 0.661638 0.712801
vt 0.761016 0.696530
vt 0.750596 0.700552
vt 0.758023 0.704012
vt 0.781147 0.697948
vt 0.785594 0.695754
vt 0.621187 0.720824
vt 0.655380 0.702917
vt 0.677333 0.697321
vt 0.690946 0.692150
vt 0.734083 0.686007
vt 0.724571 0.696480
vt 0.738998 0.695730
vt 0.766821 0.693492
vt 0.777319 0.695168
vt 0.791595 0.696254
vt 0.639341 0.714428
vt 0.750943 0.685039
vt 0.773418 0.690541
vt 0.781895 0.690441
vt 0.795724 0.687843
vt 0.790018 0.689806
vt 0.797478 0.695308
vt 0.806114 0.688223
vt 0.601332 0.724569
vt 0.618682 0.712252
vt 0.632505 0.707098
vt 0.641393 0.702588
vt 0.682738 0.686630
vt 0.714769 0.690850
vt 0.759977 0.685461
vt 0.766542 0.680675
vt 0.589771 0.725329
vt 0.578358 0.729160
vt 0.668145 0.689939
vt 0.697973 0.680629
vt 0.785122 0.684940
vt 0.798914 0.684308
vt 0.626714 0.711828
vt 0.656306 0.691150
vt 0.744093 0.674150
vt 0.755470 0.671242
vt 0.793390 0.682170
vt 0.808828 0.682302
vt 0.816088 0.682044
vt 0.815099 0.685150
vt 0.822905 0.686227
vt 0.821433 0.681923
vt 0.707554 0.676406
vt 0.718945 0.676123
vt 0.731287 0.671024
vt 0.779128 0.671677
vt 0.787690 0.679038
vt 0.800163 0.679827
vt 0.807633 0.675358
vt 0.813223 0.671874
vt 0.646816 0.684883
vt 0.672301 0.680877
vt 0.683889 0.675978
vt 0.623429 0.704741
vt 0.631358 0.689451
vt 0.767847 0.663998
vt 0.794623 0.667412
vt 0.625501 0.697865
vt 0.658880 0.679141
vt 0.714807 0.663919
vt 0.674229 0.671377
vt 0.701314 0.661966
vt 0.738729 0.652638
vt 0.807574 0.662323
vt 0.659540 0.668458
vt 0.684489 0.659589
vt 0.756063 0.650441
vt 0.783917 0.657969
vt 0.638625 0.675468
vt 0.648233 0.670735
vt 0.796394 0.651935
vt 0.617741 0.687739
vt 0.726436 0.648446
vt 0.805208 0.651494
vt 0.715975 0.653111
vt 0.777209 0.647081
vt 0.622608 0.675220
vt 0.640153 0.661279
vt 0.669267 0.657781
vt 0.696328 0.649675
vt 0.706966 0.648005
vt 0.650927 0.656524
vt 0.658462 0.657016
vt 0.744632 0.636499
vt 0.801915 0.641872
vt 0.770089 0.638054
vt 0.786429 0.638502
vt 0.609311 0.681827
vt 0.629147 0.663525
vt 0.678259 0.647710
vt 0.795946 0.637803
vt 0.713719 0.634815
vt 0.734271 0.636509
vt 0.661665 0.647810
vt 0.700745 0.637910
vt 0.754097 0.629933
vt 0.793572 0.626300
vt 0.798798 0.630252
vt 0.611553 0.667112
vt 0.620432 0.660520
vt 0.724202 0.632506
vt 0.778238 0.624542
vt 0.649471 0.641620
vt 0.685150 0.636605
vt 0.765517 0.623959
vt 0.628560 0.654360
vt 0.708460 0.622948
vt 0.607640 0.661049
vt 0.619560 0.655661
vt 0.626992 0.650318
vt 0.638865 0.643502
vt 0.654017 0.633115
vt 0.668552 0.626747
vt 0.742121 0.623509
vt 0.601015 0.662845
vt 0.615522 0.641184
vt 0.609221 0.639710
vt 0.610030 0.647262
vt 0.620456 0.647050
vt 0.631487 0.642798
vt 0.694206 0.625534
vt 0.727356 0.622516
vt 0.795536 0.617184
vt 0.790674 0.616511
vt 0.625507 0.638238
vt 0.752746 0.613629
vt 0.769467 0.613885
vt 0.599043 0.657965
vt 0.611126 0.632181
vt 0.618216 0.634046
vt 0.642502 0.632654
vt 0.680121 0.624357
vt 0.783700 0.609208
vt 0.605858 0.628347
vt 0.602359 0.638095
vt 0.739310 0.611290
vt 0.614851 0.625062
vt 0.622287 0.630399
vt 0.633805 0.633947
vt 0.700704 0.615367
vt 0.792426 0.606215
vt 0.598983 0.628495
vt 0.594052 0.636419
vt 0.654125 0.619884
vt 0.630014 0.629928
vt 0.689790 0.609496
vt 0.722776 0.608244
vt 0.789699 0.598868
vt 0.600905 0.620119
vt 0.621351 0.622313
vt 0.630086 0.621299
vt 0.643008 0.622053
vt 0.674046 0.614734
vt 0.711795 0.608794
vt 0.745701 0.599175
vt 0.765705 0.598734
vt 0.776979 0.602957
vt 0.606400 0.617404
vt 0.635707 0.625192
vt 0.663440 0.613021
vt 0.638857 0.625745
vt 0.781997 0.593964
vt 0.614352 0.614543
vt 0.624644 0.615212
vt 0.640055 0.617189
vt 0.606086 0.993082
vt 0.600834 0.989049
vt 0.604213 0.980048
vt 0.597627 0.979687
vt 0.614109 0.994966
vt 0.598188 0.969909
vt 0.607312 0.973055
vt 0.596906 0.941570
vt 0.585247 0.939199
vt 0.591116 0.930494
vt 0.589554 0.949205
vt 0.601912 0.965987
vt 0.617136 0.979348
vt 0.634550 0.993373
vt 0.628093 0.999689
vt 0.597088 0.960275
vt 0.627959 0.982628
vt 0.602297 0.932401
vt 0.598032 0.951273
vt 0.601821 0.958273
vt 0.601411 0.925458
vt 0.603121 0.941558
vt 0.607442 0.950720
vt 0.615385 0.959710
vt 0.623739 0.966912
vt 0.641186 0.982746
vt 0.645307 0.993978
vt 0.612392 0.927556
vt 0.609354 0.937693
vt 0.635791 0.970587
vt 0.652933 0.983012
vt 0.656055 0.992979
vt 0.620304 0.946934
vt 0.621592 0.936858
vt 0.623731 0.919548
vt 0.621687 0.928870
vt 0.627353 0.953913
vt 0.644596 0.971788
vt 0.666246 0.987084
vt 0.672621 0.997663
vt 0.662871 0.973703
vt 0.634468 0.944124
vt 0.636494 0.958929
vt 0.652195 0.970646
vt 0.683745 0.984477
vt 0.686436 0.995341
vt 0.634131 0.928811
vt 0.636901 0.916366
vt 0.643800 0.963363
vt 0.642930 0.951877
vt 0.650133 0.959401
vt 0.643718 0.910365
vt 0.645709 0.921652
vt 0.641524 0.933344
vt 0.661850 0.961573
vt 0.675041 0.975108
vt 0.656629 0.913904
vt 0.648962 0.930678
vt 0.646317 0.940439
vt 0.649162 0.950493
vt 0.656537 0.923512
vt 0.657053 0.951021
vt 0.694215 0.986639
vt 0.694756 0.997980
vt 0.659249 0.933395
vt 0.677181 0.961420
vt 0.703727 0.986574
vt 0.707817 0.999689
vt 0.668872 0.952338
vt 0.692553 0.966109
vt 0.668926 0.943227
vt 0.713009 0.994014
vt 0.719234 0.994920
vt 0.666817 0.904066
vt 0.668312 0.917570
vt 0.702171 0.974140
vt 0.674267 0.931415
vt 0.680672 0.952255
vt 0.679661 0.908827
vt 0.682891 0.916791
vt 0.715313 0.984865
vt 0.685216 0.939489
vt 0.693522 0.954513
vt 0.723280 0.984934
vt 0.716187 0.975388
vt 0.689487 0.905882
vt 0.688730 0.925295
vt 0.697016 0.945708
vt 0.705471 0.958787
vt 0.711821 0.963933
vt 0.692528 0.903236
vt 0.695802 0.910795
vt 0.697534 0.921420
vt 0.696028 0.932916
vt 0.722068 0.972905
vt 0.728496 0.977421
vt 0.705130 0.942465
vt 0.720645 0.966408
vt 0.731768 0.982396
vt 0.701930 0.919330
vt 0.705186 0.927878
vt 0.715129 0.953263
vt 0.728327 0.969641
vt 0.735715 0.975833
vt 0.736889 0.980901
vt 0.720580 0.959148
vt 0.709503 0.926112
vt 0.712025 0.936484
vt 0.712493 0.932861
vt 0.734008 0.971773
vt 0.738036 0.974313
vt 0.719732 0.949422
vt 0.727607 0.956294
vt 0.728791 0.963209
vt 0.736157 0.966356
vt 0.739587 0.970757
vt 0.718664 0.940884
vt 0.725944 0.949171
vt 0.735083 0.960738
vt 0.741964 0.967018
vt 0.722611 0.939672
vt 0.731753 0.947376
vt 0.734522 0.952964
vt 0.740263 0.957569
vt 0.745408 0.963630
vt 0.739044 0.952793
vt 0.164245 0.688961
vt 0.170951 0.699737
vt 0.165450 0.702542
vt 0.161070 0.694813
vt 0.157693 0.686278
vt 0.151308 0.687851
vt 0.152997 0.682811
vt 0.146683 0.682427
vt 0.154417 0.693938
vt 0.138849 0.677878
vt 0.139923 0.686552
vt 0.145771 0.690655
vt 0.131453 0.682009
vt 0.132185 0.676294
vt 0.127729 0.678477
vt 0.159597 0.704669
vt 0.117631 0.674206
vt 0.125006 0.671749
vt 0.123266 0.677007
vt 0.174824 0.709210
vt 0.148439 0.702899
vt 0.145027 0.697885
vt 0.126822 0.687215
vt 0.126180 0.682891
vt 0.119449 0.681110
vt 0.136613 0.694471
vt 0.112751 0.680149
vt 0.108188 0.677851
vt 0.109107 0.672118
vt 0.173668 0.716656
vt 0.178230 0.718407
vt 0.162014 0.715109
vt 0.167867 0.719963
vt 0.156317 0.710932
vt 0.123210 0.695162
vt 0.116100 0.686999
vt 0.098910 0.676929
vt 0.173149 0.725524
vt 0.145470 0.710127
vt 0.133255 0.704558
vt 0.180289 0.727596
vt 0.165040 0.726155
vt 0.156256 0.721766
vt 0.122558 0.702750
vt 0.109096 0.695013
vt 0.100921 0.685345
vt 0.148553 0.722088
vt 0.137071 0.715217
vt 0.123151 0.716020
vt 0.171355 0.733604
vt 0.181114 0.733612
vt 0.160897 0.729132
vt 0.142559 0.725676
vt 0.129382 0.721370
vt 0.115664 0.706516
vt 0.090335 0.682401
vt 0.164564 0.733976
vt 0.092675 0.691783
vt 0.155452 0.732195
vt 0.149421 0.731119
vt 0.131785 0.727322
vt 0.113722 0.718449
vt 0.101972 0.702180
vt 0.137728 0.731623
vt 0.121257 0.724071
vt 0.122339 0.728211
vt 0.106799 0.708558
vt 0.126833 0.733233
vt 0.117018 0.724450
vt 0.080060 0.689916
vt 0.079823 0.683912
vt 0.103614 0.714819
vt 0.095913 0.711042
vt 0.088342 0.697808
vt 0.120433 0.733976
vt 0.117178 0.729341
vt 0.111059 0.727269
vt 0.085582 0.704528
vt 0.113038 0.733099
vt 0.101021 0.723961
vt 0.088806 0.712578
vt 0.079097 0.697531
vt 0.105219 0.731063
vt 0.071100 0.697014
vt 0.076563 0.703510
vt 0.090745 0.722388
vt 0.081592 0.713530
vt 0.071498 0.705174
vt 0.083894 0.721929
vt 0.074725 0.715232
vt 0.079165 0.727595
vt 0.086224 0.729797
vt 0.070094 0.712459
vt 0.085485 0.732382
vt 0.079481 0.732743
vt 0.069964 0.722687
vt 0.066877 0.714419
vt 0.073782 0.731012
vt 0.067851 0.729565
vt 0.070549 0.733301
vt 0.067698 0.724066
vt 0.257727 0.293922
vt 0.256463 0.301216
vt 0.251874 0.293501
vt 0.259185 0.284974
vt 0.253950 0.277527
vt 0.258426 0.271629
vt 0.250255 0.264897
vt 0.255987 0.261216
vt 0.249967 0.306532
vt 0.249231 0.255424
vt 0.247929 0.278279
vt 0.243572 0.301766
vt 0.241566 0.290652
vt 0.243506 0.257069
vt 0.244344 0.249993
vt 0.241909 0.277846
vt 0.242437 0.266204
vt 0.243882 0.314362
vt 0.232622 0.283507
vt 0.230846 0.272231
vt 0.236023 0.247788
vt 0.234740 0.258625
vt 0.240429 0.244026
vt 0.231629 0.316428
vt 0.231062 0.295961
vt 0.233384 0.242420
vt 0.224612 0.250483
vt 0.226819 0.244856
vt 0.226145 0.238907
vt 0.219009 0.281517
vt 0.222722 0.257882
vt 0.220905 0.266985
vt 0.220177 0.242834
vt 0.214616 0.295744
vt 0.215101 0.251032
vt 0.216932 0.235414
vt 0.205714 0.257542
vt 0.212459 0.245486
vt 0.213750 0.240118
vt 0.207146 0.283221
vt 0.204399 0.298494
vt 0.207668 0.271046
vt 0.199810 0.247570
vt 0.208316 0.235246
vt 0.208770 0.229055
vt 0.218403 0.231981
vt 0.202769 0.241099
vt 0.197350 0.289410
vt 0.198537 0.268660
vt 0.203606 0.234373
vt 0.202826 0.227961
vt 0.197006 0.236017
vt 0.196974 0.230954
vt 0.190125 0.299440
vt 0.191474 0.279972
vt 0.194079 0.257431
vt 0.195259 0.224525
vt 0.190599 0.240624
vt 0.188507 0.263465
vt 0.182575 0.285782
vt 0.181457 0.272728
vt 0.185666 0.253257
vt 0.189565 0.234722
vt 0.189634 0.230487
vt 0.179689 0.244970
vt 0.185467 0.233288
vt 0.186500 0.227016
vt 0.178586 0.295778
vt 0.176932 0.261641
vt 0.177865 0.235703
vt 0.173983 0.231810
vt 0.181386 0.219975
vt 0.169785 0.240680
vt 0.166484 0.292865
vt 0.171137 0.304736
vt 0.171081 0.283309
vt 0.168730 0.270754
vt 0.169847 0.252060
vt 0.173471 0.314898
vt 0.161847 0.316428
vt 0.160503 0.303419
vt 0.159284 0.242138
vt 0.163367 0.261189
vt 0.162485 0.248709
vt 0.161875 0.230814
vt 0.155764 0.307994
vt 0.160913 0.280983
vt 0.158174 0.272322
vt 0.152228 0.315003
vt 0.156615 0.289636
vt 0.154734 0.262754
vt 0.151854 0.293191
vt 0.154733 0.256203
vt 0.152213 0.252147
vt 0.152277 0.277255
vt 0.148526 0.303783
vt 0.145601 0.291255
vt 0.146709 0.281465
vt 0.147384 0.274050
vt 0.148653 0.259823
vt 0.144015 0.299664
vt 0.144496 0.269635
vt 0.138699 0.292168
vt 0.138060 0.283437
vt 0.139078 0.275652
vt 0.399910 0.885802
vt 0.395071 0.870845
vt 0.408558 0.875148
vt 0.412036 0.884712
vt 0.421210 0.862522
vt 0.429700 0.871399
vt 0.426144 0.884198
vt 0.423783 0.897770
vt 0.409882 0.901021
vt 0.403048 0.897048
vt 0.395088 0.891922
vt 0.400887 0.899532
vt 0.426055 0.850375
vt 0.434943 0.857402
vt 0.436052 0.893070
vt 0.416252 0.909244
vt 0.404472 0.909232
vt 0.407859 0.914775
vt 0.437970 0.843381
vt 0.446049 0.869281
vt 0.442689 0.881194
vt 0.434285 0.903831
vt 0.424819 0.913134
vt 0.416412 0.920743
vt 0.403471 0.916604
vt 0.448452 0.858228
vt 0.457071 0.867875
vt 0.444539 0.897557
vt 0.405286 0.924285
vt 0.397384 0.924304
vt 0.443979 0.835117
vt 0.452568 0.847542
vt 0.456140 0.884059
vt 0.447054 0.914634
vt 0.434347 0.923641
vt 0.421327 0.929232
vt 0.396670 0.931626
vt 0.405280 0.943283
vt 0.392070 0.927770
vt 0.466769 0.854631
vt 0.467322 0.878815
vt 0.453621 0.904438
vt 0.416760 0.939296
vt 0.383159 0.935587
vt 0.380894 0.932294
vt 0.458422 0.834782
vt 0.474866 0.865317
vt 0.461751 0.895941
vt 0.464825 0.906093
vt 0.393920 0.944064
vt 0.466229 0.843445
vt 0.458457 0.915430
vt 0.453979 0.924909
vt 0.444109 0.928605
vt 0.434527 0.939345
vt 0.371253 0.938668
vt 0.383584 0.948258
vt 0.371844 0.948526
vt 0.478965 0.844986
vt 0.477236 0.880576
vt 0.471602 0.894473
vt 0.420257 0.951663
vt 0.396921 0.954952
vt 0.366942 0.944099
vt 0.480810 0.901202
vt 0.468341 0.925053
vt 0.451254 0.941216
vt 0.408779 0.957109
vt 0.365320 0.952110
vt 0.485570 0.853308
vt 0.486693 0.875597
vt 0.484072 0.888809
vt 0.444724 0.952419
vt 0.431300 0.956143
vt 0.384739 0.961817
vt 0.490119 0.866381
vt 0.477328 0.913810
vt 0.460852 0.939780
vt 0.422175 0.962805
vt 0.369830 0.958791
vt 0.367225 0.960877
vt 0.479737 0.833541
vt 0.488568 0.835510
vt 0.401189 0.968998
vt 0.373147 0.969958
vt 0.377146 0.969681
vt 0.364811 0.969217
vt 0.369932 0.979408
vt 0.501260 0.842829
vt 0.495364 0.857495
vt 0.494240 0.883802
vt 0.492335 0.909473
vt 0.476707 0.928113
vt 0.455703 0.953330
vt 0.438888 0.963021
vt 0.414718 0.974023
vt 0.387302 0.978301
vt 0.500619 0.871967
vt 0.493778 0.893521
vt 0.469955 0.943328
vt 0.428789 0.976321
vt 0.378152 0.979878
vt 0.505911 0.853457
vt 0.506845 0.863905
vt 0.507341 0.887099
vt 0.504462 0.901012
vt 0.486298 0.921515
vt 0.452229 0.964444
vt 0.403588 0.981313
vt 0.381530 0.980476
vt 0.373048 0.986442
vt 0.485982 0.931982
vt 0.464982 0.957943
vt 0.442300 0.975012
vt 0.393843 0.986777
vt 0.513200 0.874936
vt 0.482574 0.943686
vt 0.416225 0.985754
vt 0.377898 0.987955
vt 0.503771 0.920450
vt 0.480529 0.954987
vt 0.466048 0.974370
vt 0.452553 0.978593
vt 0.381069 0.987233
vt 0.495220 0.935638
vt 0.471849 0.965707
vt 0.442451 0.987449
vt 0.428630 0.993466
vt 0.521211 0.885415
vt 0.517789 0.902472
vt 0.493999 0.949981
vt 0.479506 0.972346
vt 0.510287 0.937109
vt 0.509226 0.953609
vt 0.497343 0.961821
vt 0.532146 0.895004
vt 0.520819 0.916194
vt 0.516162 0.930287
vt 0.491254 0.972730
vt 0.529230 0.904258
vt 0.526359 0.915175
vt 0.522398 0.924620
vt 0.534836 0.913093
vt 0.530564 0.927742
vt 0.523207 0.934472
vt 0.518405 0.946753
vt 0.507367 0.963241
vt 0.501236 0.968427
vt 0.504100 0.972514
vt 0.510144 0.970251
vt 0.507349 0.973280
vt 0.541166 0.901343
vt 0.529466 0.940733
vt 0.508080 0.966627
vt 0.515362 0.967661
vt 0.516249 0.970118
vt 0.513890 0.972179
vt 0.496673 0.976692
vt 0.503783 0.977316
vt 0.498598 0.977669
vt 0.541724 0.928105
vt 0.541158 0.916141
vt 0.523120 0.955195
vt 0.498293 0.982452
vt 0.545565 0.908848
vt 0.536700 0.937906
vt 0.517334 0.961698
vt 0.518823 0.965677
vt 0.550384 0.918032
vt 0.533726 0.951679
vt 0.518023 0.958491
vt 0.523561 0.968295
vt 0.520638 0.971578
vt 0.492439 0.985391
vt 0.554014 0.908063
vt 0.523306 0.963376
vt 0.552908 0.928739
vt 0.545457 0.940994
vt 0.533530 0.963278
vt 0.528779 0.972377
vt 0.563454 0.915059
vt 0.545517 0.950816
vt 0.531484 0.969174
vt 0.557163 0.940485
vt 0.554994 0.950004
vt 0.544808 0.965624
vt 0.563454 0.926058
vt 0.559831 0.932458
vt 0.536469 0.972845
vt 0.560164 0.961301
vt 0.544151 0.974578
vt 0.569718 0.937826
vt 0.568923 0.931822
vt 0.551007 0.969494
vt 0.571415 0.952366
vt 0.552568 0.976559
vt 0.548660 0.983475
vt 0.542203 0.979307
vt 0.533939 0.979164
vt 0.576714 0.939215
vt 0.576155 0.934198
vt 0.561024 0.970477
vt 0.557038 0.986216
vt 0.541084 0.985650
vt 0.560653 0.980213
vt 0.550628 0.990716
vt 0.530250 0.983919
vt 0.570910 0.967138
vt 0.582379 0.941043
vt 0.579255 0.948978
vt 0.572109 0.976001
vt 0.558587 0.993466
vt 0.566048 0.983767
vt 0.583394 0.946835
vt 0.580163 0.964310
vt 0.567236 0.989628
vt 0.574486 0.983456
vt 0.583562 0.956263
vt 0.588673 0.954059
vt 0.580393 0.971939
vt 0.589839 0.963622
vt 0.582177 0.979112
vt 0.577222 0.992362
vt 0.580422 0.986127
vt 0.587237 0.976594
vt 0.072044 0.419142
vt 0.077210 0.416760
vt 0.075068 0.419494
vt 0.077210 0.422838
vt 0.072739 0.412259
vt 0.944515 0.624910
vt 0.941412 0.635656
vt 0.948671 0.624816
vt 0.931813 0.624680
vt 0.938922 0.618327
vt 0.947495 0.617996
vt 0.923021 0.607553
vt 0.921551 0.622544
vt 0.912542 0.612085
vt 0.912256 0.623418
vt 0.948861 0.620645
vt 0.950669 0.614195
vt 0.947582 0.611316
vt 0.933944 0.604582
vt 0.901828 0.617942
vt 0.901935 0.604354
vt 0.892309 0.609598
vt 0.953467 0.608271
vt 0.954503 0.611881
vt 0.958381 0.608749
vt 0.944890 0.603315
vt 0.909437 0.600849
vt 0.884366 0.597317
vt 0.953812 0.601861
vt 0.923586 0.596143
vt 0.915900 0.591081
vt 0.900562 0.589686
vt 0.941007 0.592617
vt 0.895531 0.595441
vt 0.944939 0.588737
vt 0.926216 0.587934
vt 0.912259 0.585618
vt 0.889166 0.583259
vt 0.903687 0.580427
vt 0.879148 0.587390
vt 0.929889 0.578403
vt 0.936743 0.578745
vt 0.913684 0.577641
vt 0.921948 0.573097
vt 0.909436 0.567966
vt 0.884995 0.573069
vt 0.872306 0.573976
vt 0.895851 0.570628
vt 0.930922 0.569804
vt 0.879926 0.560908
vt 0.865731 0.563921
vt 0.924493 0.559633
vt 0.900271 0.560519
vt 0.890380 0.561797
vt 0.920363 0.559877
vt 0.910841 0.553145
vt 0.871542 0.553393
vt 0.855737 0.563435
vt 0.858101 0.554605
vt 0.850882 0.557375
vt 0.897026 0.549837
vt 0.886165 0.547141
vt 0.920318 0.549091
vt 0.849470 0.549544
vt 0.852476 0.545940
vt 0.910424 0.542841
vt 0.877632 0.546402
vt 0.863648 0.541595
vt 0.893492 0.540211
vt 0.844706 0.541743
vt 0.917189 0.538742
vt 0.902732 0.534958
vt 0.882753 0.536364
vt 0.873656 0.534638
vt 0.910598 0.525939
vt 0.852720 0.531841
vt 0.847378 0.535326
vt 0.842651 0.535358
vt 0.840510 0.538123
vt 0.916377 0.530836
vt 0.860613 0.525947
vt 0.837830 0.529510
vt 0.895069 0.526056
vt 0.882440 0.526574
vt 0.843259 0.527403
vt 0.870039 0.522604
vt 0.918409 0.526600
vt 0.917170 0.522241
vt 0.891356 0.516337
vt 0.883725 0.516356
vt 0.849178 0.516970
vt 0.838171 0.522283
vt 0.873454 0.513478
vt 0.900547 0.510881
vt 0.859334 0.513154
vt 0.912799 0.510329
vt 0.917564 0.512193
vt 0.842883 0.512992
vt 0.846191 0.510247
vt 0.891156 0.505280
vt 0.881575 0.507426
vt 0.852909 0.503665
vt 0.919378 0.501485
vt 0.861621 0.504577
vt 0.848942 0.501531
vt 0.882955 0.497545
vt 0.873583 0.500890
vt 0.911916 0.494403
vt 0.894289 0.493832
vt 0.865543 0.491856
vt 0.857221 0.496003
vt 0.875527 0.487850
vt 0.924624 0.493519
vt 0.922314 0.487183
vt 0.851289 0.491789
vt 0.854427 0.485872
vt 0.905227 0.488370
vt 0.884866 0.485763
vt 0.929747 0.482975
vt 0.895480 0.482487
vt 0.914853 0.476442
vt 0.864413 0.479100
vt 0.904402 0.473449
vt 0.927620 0.475551
vt 0.883324 0.474964
vt 0.936817 0.469932
vt 0.891626 0.470681
vt 0.876175 0.470741
vt 0.925184 0.464752
vt 0.883378 0.466425
vt 0.940289 0.460903
vt 0.913545 0.465235
vt 0.947117 0.459673
vt 0.916223 0.460543
vt 0.899943 0.459584
vt 0.890576 0.455665
vt 0.930352 0.455718
vt 0.910318 0.453974
vt 0.921884 0.456093
vt 0.952487 0.450386
vt 0.947664 0.443738
vt 0.938540 0.443798
vt 0.901651 0.444499
vt 0.958381 0.444411
vt 0.955323 0.444368
vt 0.927033 0.446143
vt 0.917034 0.444101
vt 0.956952 0.441046
vt 0.950958 0.436627
vt 0.933057 0.436162
vt 0.948312 0.432590
vt 0.922524 0.432297
vt 0.943153 0.428182
vt 0.912177 0.431997
vt 0.948905 0.428468
vt 0.949159 0.425191
vt 0.932179 0.419726
vt 0.879553 0.435334
vt 0.870235 0.441216
vt 0.880241 0.445304
vt 0.838605 0.426817
vt 0.827199 0.429477
vt 0.843730 0.431686
vt 0.892522 0.445651
vt 0.891703 0.438709
vt 0.859730 0.427906
vt 0.856408 0.432756
vt 0.831349 0.424430
vt 0.897483 0.436194
vt 0.896382 0.446484
vt 0.848684 0.425595
vt 0.823756 0.420312
vt 0.818185 0.420903
vt 0.844941 0.415980
vt 0.890802 0.428822
vt 0.871836 0.424412
vt 0.834302 0.415849
vt 0.822626 0.412700
vt 0.813587 0.415787
vt 0.853270 0.414269
vt 0.866892 0.414036
vt 0.828922 0.407341
vt 0.881894 0.419532
vt 0.838469 0.405508
vt 0.817131 0.403160
vt 0.809440 0.398677
vt 0.902166 0.426057
vt 0.826215 0.402537
vt 0.895119 0.420320
vt 0.849667 0.403601
vt 0.903832 0.415748
vt 0.907090 0.419150
vt 0.838317 0.396853
vt 0.827606 0.393713
vt 0.890682 0.409795
vt 0.877620 0.407956
vt 0.862880 0.399475
vt 0.845684 0.395931
vt 0.835074 0.392039
vt 0.818353 0.387046
vt 0.800014 0.396868
vt 0.796785 0.384837
vt 0.855261 0.391122
vt 0.911985 0.407906
vt 0.886477 0.399339
vt 0.809840 0.376419
vt 0.874706 0.393272
vt 0.847051 0.389437
vt 0.841169 0.385184
vt 0.900422 0.399155
vt 0.833953 0.382183
vt 0.866044 0.386484
vt 0.821471 0.376931
vt 0.800388 0.373026
vt 0.792207 0.369166
vt 0.879554 0.383859
vt 0.852082 0.376193
vt 0.908474 0.394093
vt 0.918772 0.400050
vt 0.892764 0.383853
vt 0.861852 0.381906
vt 0.844053 0.373273
vt 0.835154 0.371693
vt 0.871788 0.378037
vt 0.865736 0.373678
vt 0.808056 0.359172
vt 0.820284 0.363469
vt 0.882640 0.372638
vt 0.794290 0.356278
vt 0.877376 0.370339
vt 0.849688 0.360292
vt 0.888829 0.374293
vt 0.859835 0.358100
vt 0.835027 0.355604
vt 0.783396 0.363247
vt 0.890360 0.366519
vt 0.876218 0.360272
vt 0.824197 0.350492
vt 0.782428 0.352324
vt 0.896431 0.364488
vt 0.886689 0.364723
vt 0.806876 0.346768
vt 0.792283 0.343694
vt 0.894582 0.358347
vt 0.769979 0.351436
vt 0.781803 0.340842
vt 0.897386 0.357834
vt 0.901680 0.357394
vt 0.888290 0.356021
vt 0.848447 0.348235
vt 0.904668 0.351952
vt 0.873561 0.347180
vt 0.862847 0.346366
vt 0.818803 0.341675
vt 0.908670 0.352597
vt 0.882765 0.344948
vt 0.834763 0.338637
vt 0.768142 0.339699
vt 0.798554 0.335799
vt 0.789044 0.335183
vt 0.888931 0.340479
vt 0.855315 0.337087
vt 0.846791 0.335477
vt 0.806643 0.333533
vt 0.778091 0.332026
vt 0.826031 0.334200
vt 0.792111 0.332438
vt 0.770720 0.332316
vt 0.878362 0.335755
vt 0.868557 0.334495
vt 0.814272 0.331564
vt 0.797781 0.330802
vt 0.790577 0.328173
vt 0.785024 0.328326
vt 0.774599 0.324621
vt 0.770062 0.327020
vt 0.765516 0.324507
vt 0.764481 0.330028
vt 0.759759 0.324837
vt 0.817859 0.321625
vt 0.804296 0.326964
vt 0.799748 0.325316
vt 0.795145 0.327296
vt 0.780367 0.320975
vt 0.831363 0.326932
vt 0.787486 0.323268
vt 0.888329 0.331153
vt 0.855782 0.327267
vt 0.849789 0.326371
vt 0.840220 0.324097
vt 0.793707 0.323428
vt 0.771697 0.320674
vt 0.762444 0.317745
vt 0.876823 0.326163
vt 0.863743 0.328405
vt 0.803826 0.319407
vt 0.796207 0.321202
vt 0.768525 0.318527
vt 0.789775 0.312951
vt 0.775241 0.314342
vt 0.769382 0.312797
vt 0.867389 0.319224
vt 0.888391 0.318496
vt 0.858406 0.317936
vt 0.851419 0.313102
vt 0.831252 0.316020
vt 0.797757 0.311051
vt 0.842223 0.309136
vt 0.809778 0.307775
vt 0.877397 0.310692
vt 0.821542 0.308356
vt 0.864475 0.308301
vt 0.777682 0.301064
vt 0.902525 0.309503
vt 0.902444 0.313046
vt 0.910999 0.313457
vt 0.830506 0.302139
vt 0.800248 0.298709
vt 0.883599 0.301518
vt 0.891942 0.307956
vt 0.789604 0.291276
vt 0.893415 0.304020
vt 0.856185 0.299056
vt 0.818640 0.297732
vt 0.838358 0.295478
vt 0.870923 0.297720
vt 0.846758 0.290449
vt 0.810432 0.290647
vt 0.774593 0.290432
vt 0.882637 0.293336
vt 0.860724 0.289544
vt 0.871987 0.288509
vt 0.825702 0.287487
vt 0.799272 0.282363
vt 0.835481 0.277626
vt 0.872098 0.282035
vt 0.810153 0.280278
vt 0.860031 0.279117
vt 0.850360 0.281914
vt 0.818934 0.274843
vt 0.791297 0.273920
vt 0.863764 0.276918
vt 0.803507 0.271669
vt 0.865392 0.272304
vt 0.877181 0.273206
vt 0.847852 0.272598
vt 0.854522 0.271184
vt 0.869207 0.260641
vt 0.855931 0.265658
vt 0.827202 0.262178
vt 0.847023 0.264308
vt 0.837555 0.262436
vt 0.816603 0.257272
vt 0.858713 0.257543
vt 0.846056 0.256884
vt 0.890478 0.250717
vt 0.887585 0.263022
vt 0.903205 0.261965
vt 0.831311 0.252953
vt 0.878186 0.254451
vt 0.917742 0.262686
vt 0.908226 0.248331
vt 0.848822 0.251841
vt 0.840408 0.248293
vt 0.866031 0.244911
vt 0.833429 0.245728
vt 0.818862 0.245013
vt 0.918772 0.251880
vt 0.916681 0.240874
vt 0.876415 0.241822
vt 0.852100 0.242456
vt 0.899119 0.240210
vt 0.826468 0.241599
vt 0.911584 0.239793
vt 0.820784 0.231976
vt 0.904186 0.236053
vt 0.887051 0.238270
vt 0.860196 0.237272
vt 0.840947 0.237204
vt 0.832022 0.236557
vt 0.811949 0.231251
vt 0.806056 0.237554
vt 0.910538 0.230513
vt 0.868954 0.236928
vt 0.851478 0.236000
vt 0.917226 0.233697
vt 0.893460 0.229932
vt 0.879937 0.232806
vt 0.901451 0.231308
vt 0.861531 0.231003
vt 0.852483 0.198822
vt 0.850648 0.214847
vt 0.861550 0.209418
vt 0.866093 0.194598
vt 0.838587 0.222224
vt 0.841376 0.226547
vt 0.852841 0.226820
vt 0.837131 0.212736
vt 0.853861 0.181332
vt 0.834746 0.226566
vt 0.867014 0.177872
vt 0.879441 0.167291
vt 0.864212 0.161567
vt 0.830658 0.224836
vt 0.890747 0.145922
vt 0.891608 0.160616
vt 0.900168 0.147512
vt 0.880397 0.154446
vt 0.838158 0.198486
vt 0.842526 0.183945
vt 0.894675 0.126423
vt 0.905426 0.133304
vt 0.871987 0.147444
vt 0.880595 0.135078
vt 0.907303 0.119852
vt 0.857727 0.148216
vt 0.846924 0.165466
vt 0.827846 0.185390
vt 0.869258 0.131703
vt 0.914070 0.101882
vt 0.914881 0.104495
vt 0.918708 0.096752
vt 0.908735 0.106530
vt 0.904513 0.112413
vt 0.844472 0.154750
vt 0.832430 0.167489
vt 0.915081 0.095828
vt 0.910185 0.101657
vt 0.900638 0.105215
vt 0.900388 0.108649
vt 0.857435 0.134559
vt 0.910719 0.092099
vt 0.906885 0.096305
vt 0.903036 0.102338
vt 0.893053 0.111746
vt 0.883783 0.120157
vt 0.914533 0.085943
vt 0.919920 0.088718
vt 0.904499 0.099065
vt 0.915935 0.080690
vt 0.893804 0.101785
vt 0.871844 0.116203
vt 0.903748 0.092623
vt 0.897146 0.097540
vt 0.888951 0.102536
vt 0.881394 0.110208
vt 0.899940 0.093775
vt 0.840427 0.140765
vt 0.830877 0.150772
vt 0.819607 0.163082
vt 0.908731 0.083131
vt 0.905474 0.087411
vt 0.858010 0.121258
vt 0.902892 0.088861
vt 0.820347 0.151345
vt 0.909039 0.077555
vt 0.911411 0.073732
vt 0.902554 0.085202
vt 0.895764 0.089326
vt 0.892727 0.093039
vt 0.889198 0.093779
vt 0.882853 0.095933
vt 0.847351 0.128434
vt 0.916611 0.077514
vt 0.913886 0.063421
vt 0.902838 0.079159
vt 0.871008 0.100469
vt 0.893947 0.086371
vt 0.887062 0.090121
vt 0.859660 0.109233
vt 0.820036 0.135499
vt 0.811063 0.144340
vt 0.906303 0.072198
vt 0.897707 0.080365
vt 0.843975 0.119613
vt 0.835674 0.127463
vt 0.900884 0.074196
vt 0.890204 0.084337
vt 0.884814 0.085510
vt 0.899367 0.070739
vt 0.910673 0.064362
vt 0.893323 0.077771
vt 0.894904 0.079635
vt 0.872433 0.086297
vt 0.846107 0.108753
vt 0.854824 0.096851
vt 0.824559 0.124388
vt 0.897641 0.063794
vt 0.907043 0.062155
vt 0.889430 0.072079
vt 0.834648 0.112537
vt 0.905607 0.051662
vt 0.912316 0.051869
vt 0.881027 0.075659
vt 0.906555 0.043858
vt 0.914587 0.042952
vt 0.898985 0.050392
vt 0.861917 0.085331
vt 0.891135 0.055896
vt 0.882076 0.067188
vt 0.868305 0.074832
vt 0.812356 0.118302
vt 0.919920 0.034164
vt 0.913761 0.031561
vt 0.884294 0.061577
vt 0.839993 0.092627
vt 0.824520 0.110856
vt 0.803629 0.128884
vt 0.799365 0.139198
vt 0.908563 0.036966
vt 0.848809 0.087845
vt 0.895390 0.038648
vt 0.878303 0.056923
vt 0.872991 0.059895
vt 0.853413 0.074779
vt 0.828903 0.095697
vt 0.916036 0.023450
vt 0.889102 0.043006
vt 0.905794 0.030374
vt 0.901055 0.034514
vt 0.882564 0.049191
vt 0.813197 0.104241
vt 0.799873 0.115931
vt 0.788866 0.124675
vt 0.909685 0.024286
vt 0.863999 0.054349
vt 0.840581 0.078869
vt 0.902735 0.020645
vt 0.896218 0.030757
vt 0.897483 0.024563
vt 0.869232 0.045728
vt 0.856644 0.060784
vt 0.877786 0.039896
vt 0.888332 0.031970
vt 0.846601 0.062190
vt 0.826697 0.079542
vt 0.819421 0.090337
vt 0.806990 0.094725
vt 0.791931 0.112890
vt 0.890038 0.024624
vt 0.792387 0.100273
vt 0.894411 0.018005
vt 0.879034 0.029217
vt 0.854038 0.050071
vt 0.834174 0.064482
vt 0.872243 0.030469
vt 0.859166 0.041114
vt 0.815638 0.079921
vt 0.880824 0.023664
vt 0.865294 0.036515
vt 0.842847 0.050555
vt 0.817830 0.065052
vt 0.805548 0.082846
vt 0.867821 0.029660
vt 0.861242 0.031362
vt 0.859693 0.035062
vt 0.853822 0.040060
vt 0.847655 0.042947
vt 0.795751 0.086042
vt 0.870115 0.020587
vt 0.852347 0.037056
vt 0.807236 0.072269
vt 0.876685 0.022728
vt 0.865319 0.025604
vt 0.854661 0.032926
vt 0.849333 0.033825
vt 0.826621 0.052397
vt 0.859227 0.028242
vt 0.844991 0.038921
vt 0.862797 0.019979
vt 0.845358 0.035311
vt 0.836511 0.039127
vt 0.795403 0.073397
vt 0.865911 0.015799
vt 0.857046 0.026757
vt 0.850475 0.030854
vt 0.852815 0.023701
vt 0.783219 0.082956
vt 0.857183 0.022860
vt 0.849078 0.027694
vt 0.844635 0.027867
vt 0.838262 0.032985
vt 0.860032 0.012309
vt 0.859730 0.016238
vt 0.842162 0.029053
vt 0.809330 0.053722
vt 0.799276 0.062704
vt 0.856751 0.016668
vt 0.848694 0.021620
vt 0.846200 0.023669
vt 0.819196 0.041969
vt 0.786021 0.070300
vt 0.862378 0.009599
vt 0.855423 0.012789
vt 0.850508 0.016739
vt 0.843061 0.020166
vt 0.834908 0.025568
vt 0.847021 0.016525
vt 0.839418 0.022995
vt 0.829062 0.024215
vt 0.787363 0.056590
vt 0.852287 0.009650
vt 0.806710 0.040634
vt 0.793810 0.048308
vt 0.853473 0.005912
vt 0.844639 0.012985
vt 0.840339 0.015826
vt 0.817347 0.026299
vt 0.848118 0.007531
vt 0.843640 0.008908
vt 0.834634 0.018974
vt 0.831802 0.014337
vt 0.822928 0.012050
vt 0.799209 0.037556
vt 0.777555 0.046825
vt 0.801680 0.029218
vt 0.807424 0.020006
vt 0.792141 0.030419
vt 0.810547 0.008914
vt 0.781778 0.035715
vt 0.795809 0.021460
vt 0.783889 0.023781
vt 0.853168 0.855320
vt 0.859857 0.857239
vt 0.851799 0.864345
vt 0.853507 0.874551
vt 0.848684 0.874643
vt 0.863153 0.870276
vt 0.862473 0.881420
vt 0.847332 0.886487
vt 0.840788 0.890958
vt 0.842499 0.877420
vt 0.855445 0.891447
vt 0.831685 0.897003
vt 0.835337 0.887589
vt 0.843025 0.901669
vt 0.824665 0.911474
vt 0.833481 0.912671
vt 0.823568 0.906771
vt 0.860852 0.903011
vt 0.870908 0.900848
vt 0.874655 0.889046
vt 0.817397 0.916387
vt 0.845034 0.915616
vt 0.823067 0.921460
vt 0.812904 0.926676
vt 0.855197 0.916098
vt 0.873585 0.905484
vt 0.868876 0.909076
vt 0.809211 0.925974
vt 0.757326 0.943607
vt 0.750546 0.935911
vt 0.761553 0.941071
vt 0.749590 0.948112
vt 0.747130 0.938705
vt 0.863734 0.918344
vt 0.803899 0.932317
vt 0.795057 0.934629
vt 0.804825 0.926725
vt 0.794213 0.938370
vt 0.764463 0.950077
vt 0.771691 0.941847
vt 0.822721 0.933556
vt 0.831989 0.928015
vt 0.873937 0.909726
vt 0.870380 0.917224
vt 0.782643 0.939350
vt 0.811820 0.936028
vt 0.801624 0.942512
vt 0.782803 0.945333
vt 0.846347 0.932407
vt 0.854346 0.926280
vt 0.780056 0.956395
vt 0.752137 0.964832
vt 0.797097 0.952873
vt 0.836227 0.943220
vt 0.889290 0.909952
vt 0.884333 0.901766
vt 0.892284 0.902825
vt 0.881217 0.910624
vt 0.896403 0.906250
vt 0.898929 0.896357
vt 0.902583 0.900417
vt 0.765412 0.965591
vt 0.821580 0.951576
vt 0.827765 0.945267
vt 0.884120 0.914665
vt 0.861242 0.930131
vt 0.867735 0.927334
vt 0.911823 0.899190
vt 0.907320 0.894378
vt 0.878171 0.918852
vt 0.894795 0.912288
vt 0.907358 0.907218
vt 0.866468 0.930142
vt 0.809895 0.956443
vt 0.753512 0.974916
vt 0.889392 0.919061
vt 0.872070 0.924309
vt 0.877476 0.925727
vt 0.794317 0.965776
vt 0.776106 0.968227
vt 0.847847 0.944255
vt 0.885356 0.923276
vt 0.859627 0.944195
vt 0.901407 0.913094
vt 0.865324 0.934204
vt 0.869915 0.932315
vt 0.893875 0.916824
vt 0.804906 0.967220
vt 0.832816 0.957624
vt 0.772195 0.978753
vt 0.899982 0.919668
vt 0.877639 0.931508
vt 0.869033 0.943756
vt 0.906589 0.914771
vt 0.872324 0.937096
vt 0.914179 0.910736
vt 0.817009 0.966383
vt 0.788011 0.977696
vt 0.757921 0.987817
vt 0.842803 0.959397
vt 0.895072 0.925817
vt 0.887424 0.931362
vt 0.883041 0.934928
vt 0.879787 0.938566
vt 0.797969 0.973803
vt 0.907551 0.924352
vt 0.878549 0.942897
vt 0.809544 0.970835
vt 0.816681 0.972577
vt 0.851385 0.958381
vt 0.913097 0.919261
vt 0.827243 0.971376
vt 0.834447 0.968086
vt 0.774387 0.987989
vt 0.865422 0.956623
vt 0.901425 0.927529
vt 0.885311 0.941243
vt 0.883814 0.945614
vt 0.878566 0.954857
vt 0.894150 0.934266
vt 0.889980 0.946499
vt 0.765118 0.997200
vt 0.894925 0.941091
vt 0.884547 0.951299
vt 0.852589 0.968918
vt 0.862820 0.968732
vt 0.901398 0.935633
vt 0.905782 0.933492
vt 0.892244 0.953598
vt 0.834530 0.973605
vt 0.846524 0.973135
vt 0.897711 0.949947
vt 0.844730 0.976238
vt 0.876348 0.966451
vt 0.887498 0.965751
vt 0.906234 0.939969
vt 0.901865 0.943055
vt 0.906397 0.947966
vt 0.903343 0.954883
vt 0.903827 0.958064
vt 0.895271 0.967648
vt 0.909829 0.955440
vt 0.906602 0.966174
vt 0.855030 0.979843
vt 0.856789 0.976546
vt 0.867142 0.978838
vt 0.881100 0.979262
vt 0.892490 0.981461
vt 0.877718 0.982902
vt 0.884091 0.991609
vt 0.886319 0.988287
vt 0.892704 0.997200
vt 0.260114 0.868704
vt 0.274460 0.853112
vt 0.273273 0.873367
vt 0.262165 0.853914
vt 0.266930 0.836002
vt 0.251270 0.857126
vt 0.242392 0.866318
vt 0.252860 0.842689
vt 0.256231 0.824635
vt 0.270503 0.823239
vt 0.261246 0.813752
vt 0.272391 0.811455
vt 0.235483 0.847793
vt 0.233056 0.873367
vt 0.229518 0.859384
vt 0.260524 0.800014
vt 0.273016 0.798775
vt 0.245122 0.832096
vt 0.266104 0.785180
vt 0.278986 0.790758
vt 0.248337 0.813184
vt 0.231763 0.829165
vt 0.286165 0.780354
vt 0.220922 0.850299
vt 0.206626 0.856240
vt 0.216866 0.871935
vt 0.257028 0.790838
vt 0.239731 0.800113
vt 0.206034 0.872264
vt 0.231944 0.812072
vt 0.221651 0.834709
vt 0.246141 0.790041
vt 0.255867 0.780640
vt 0.267107 0.770332
vt 0.211093 0.841820
vt 0.197286 0.864485
vt 0.257825 0.762000
vt 0.270314 0.755232
vt 0.247182 0.768085
vt 0.246442 0.781249
vt 0.214081 0.819633
vt 0.259261 0.749446
vt 0.273108 0.737110
vt 0.202471 0.825826
vt 0.186706 0.857048
vt 0.258820 0.736807
vt 0.233938 0.783787
vt 0.194569 0.841840
vt 0.265505 0.726460
vt 0.277120 0.722291
vt 0.244082 0.755988
vt 0.226475 0.795229
vt 0.218444 0.804918
vt 0.234327 0.767893
vt 0.244799 0.746441
vt 0.174425 0.839212
vt 0.257201 0.720286
vt 0.225993 0.776008
vt 0.212127 0.793313
vt 0.199306 0.807342
vt 0.188150 0.831927
vt 0.175466 0.853602
vt 0.246304 0.731682
vt 0.188526 0.817432
vt 0.230741 0.742916
vt 0.227817 0.755168
vt 0.210828 0.781718
vt 0.201586 0.797452
vt 0.162798 0.847665
vt 0.216834 0.763701
vt 0.179012 0.824559
vt 0.228316 0.724311
vt 0.197528 0.786355
vt 0.191987 0.797195
vt 0.159021 0.835317
vt 0.213521 0.746372
vt 0.181920 0.804016
vt 0.168927 0.824193
vt 0.201979 0.775535
vt 0.173219 0.812559
vt 0.208025 0.755375
vt 0.197646 0.766375
vt 0.214520 0.728589
vt 0.188044 0.781558
vt 0.179484 0.794733
vt 0.158222 0.821159
vt 0.169887 0.799633
vt 0.158808 0.810497
vt 0.203523 0.737146
vt 0.201735 0.746754
vt 0.189832 0.754258
vt 0.174152 0.776631
vt 0.171891 0.787577
vt 0.148010 0.820937
vt 0.144575 0.831158
vt 0.182421 0.767465
vt 0.158818 0.796827
vt 0.191342 0.739323
vt 0.139655 0.809542
vt 0.147033 0.801926
vt 0.134952 0.828966
vt 0.171907 0.759627
vt 0.158978 0.784281
vt 0.126077 0.827217
vt 0.111425 0.830663
vt 0.116374 0.838248
vt 0.176009 0.745509
vt 0.162392 0.772601
vt 0.128123 0.812470
vt 0.146515 0.791774
vt 0.117939 0.819782
vt 0.149645 0.777407
vt 0.136571 0.794849
vt 0.139707 0.780346
vt 0.124848 0.800144
vt 0.119612 0.809318
vt 0.110002 0.810374
vt 0.101721 0.820640
vt 0.098105 0.835624
vt 0.088576 0.833562
vt 0.094206 0.827290
vt 0.126466 0.786333
vt 0.097150 0.806330
vt 0.114335 0.797126
vt 0.084955 0.823289
vt 0.088838 0.820389
vt 0.083257 0.830074
vt 0.102017 0.790261
vt 0.088341 0.808972
vt 0.078379 0.821716
vt 0.075778 0.828231
vt 0.084101 0.810384
vt 0.069260 0.826531
vt 0.089030 0.794722
vt 0.077197 0.806588
vt 0.069282 0.815519
vt 0.082512 0.799373
vt 0.088628 0.787467
vt 0.092540 0.781413
vt 0.082347 0.790889
vt 0.060434 0.814362
vt 0.061077 0.823911
vt 0.082834 0.780703
vt 0.065939 0.801790
vt 0.091280 0.775476
vt 0.074027 0.796074
vt 0.052031 0.817601
vt 0.086078 0.768542
vt 0.093334 0.762227
vt 0.072382 0.783717
vt 0.059608 0.804333
vt 0.087961 0.759210
vt 0.068318 0.792057
vt 0.052504 0.805583
vt 0.079838 0.759286
vt 0.060481 0.794881
vt 0.073504 0.769374
vt 0.044136 0.808277
vt 0.040050 0.822142
vt 0.060256 0.781230
vt 0.033903 0.811697
vt 0.027149 0.818864
vt 0.053897 0.790425
vt 0.065650 0.773313
vt 0.041546 0.797849
vt 0.070201 0.762485
vt 0.025545 0.807186
vt 0.026239 0.798683
vt 0.350484 0.948064
vt 0.340362 0.948645
vt 0.347065 0.941215
vt 0.344558 0.957951
vt 0.343561 0.967622
vt 0.337946 0.959331
vt 0.327124 0.955049
vt 0.351501 0.960881
vt 0.333061 0.944257
vt 0.333555 0.939950
vt 0.355541 0.950874
vt 0.355626 0.942414
vt 0.335369 0.969279
vt 0.328574 0.969416
vt 0.327979 0.949441
vt 0.350563 0.973019
vt 0.355626 0.966651
vt 0.334763 0.977846
vt 0.343131 0.979433
vt 0.324759 0.944579
vt 0.319519 0.963694
vt 0.319132 0.956133
vt 0.320912 0.947839
vt 0.318957 0.942292
vt 0.322462 0.974786
vt 0.311395 0.951916
vt 0.334559 0.986849
vt 0.314072 0.946657
vt 0.341869 0.989393
vt 0.349815 0.982533
vt 0.312996 0.970630
vt 0.323945 0.984257
vt 0.309722 0.960146
vt 0.333159 0.991599
vt 0.306276 0.964418
vt 0.305441 0.954095
vt 0.305109 0.947106
vt 0.028868 0.864150
vt 0.025263 0.874034
vt 0.016124 0.867005
vt 0.019500 0.880832
vt 0.014638 0.872203
vt 0.036766 0.871966
vt 0.028098 0.888678
vt 0.036445 0.883784
vt 0.035154 0.893700
vt 0.034796 0.901701
vt 0.026325 0.893128
vt 0.051485 0.880688
vt 0.049825 0.862213
vt 0.066856 0.874206
vt 0.044071 0.907370
vt 0.047009 0.895345
vt 0.041380 0.914394
vt 0.056534 0.910056
vt 0.063393 0.892616
vt 0.047550 0.927651
vt 0.033244 0.925289
vt 0.055428 0.920444
vt 0.044111 0.933355
vt 0.076202 0.886976
vt 0.066281 0.910775
vt 0.081938 0.873993
vt 0.060638 0.934233
vt 0.076821 0.899454
vt 0.051389 0.942004
vt 0.052276 0.954108
vt 0.055408 0.943073
vt 0.086062 0.891830
vt 0.091863 0.882182
vt 0.095516 0.869541
vt 0.107300 0.872927
vt 0.100502 0.860921
vt 0.058197 0.954116
vt 0.061880 0.949589
vt 0.070359 0.925961
vt 0.076926 0.916981
vt 0.084266 0.909662
vt 0.098082 0.891372
vt 0.111024 0.884018
vt 0.062548 0.961492
vt 0.055723 0.961908
vt 0.062456 0.964578
vt 0.074348 0.940424
vt 0.097237 0.905039
vt 0.069346 0.955920
vt 0.124098 0.875717
vt 0.066533 0.964848
vt 0.084257 0.926639
vt 0.092211 0.918311
vt 0.104996 0.899198
vt 0.148441 0.874846
vt 0.135110 0.866354
vt 0.150261 0.862393
vt 0.162789 0.868383
vt 0.070934 0.966899
vt 0.115681 0.895622
vt 0.125414 0.886046
vt 0.136387 0.885240
vt 0.076694 0.965146
vt 0.084456 0.955619
vt 0.074518 0.973218
vt 0.088050 0.940222
vt 0.108140 0.918559
vt 0.102309 0.933117
vt 0.111197 0.905255
vt 0.161193 0.884363
vt 0.171768 0.874241
vt 0.082264 0.972249
vt 0.078468 0.981662
vt 0.125054 0.900577
vt 0.135469 0.895907
vt 0.096592 0.949402
vt 0.122331 0.915758
vt 0.149636 0.889547
vt 0.199595 0.885561
vt 0.184704 0.881443
vt 0.195910 0.874340
vt 0.086912 0.982916
vt 0.095144 0.962610
vt 0.177930 0.893307
vt 0.143992 0.900074
vt 0.156579 0.899139
vt 0.100950 0.973666
vt 0.110129 0.950457
vt 0.135589 0.911824
vt 0.167335 0.898197
vt 0.191475 0.896384
vt 0.201103 0.900706
vt 0.099030 0.984552
vt 0.117553 0.938880
vt 0.117940 0.928531
vt 0.129679 0.924139
vt 0.149849 0.914484
vt 0.184556 0.909198
vt 0.211939 0.908087
vt 0.216435 0.896983
vt 0.223254 0.903677
vt 0.212884 0.913095
vt 0.110682 0.982512
vt 0.108156 0.963753
vt 0.160353 0.912935
vt 0.171486 0.910526
vt 0.116321 0.974999
vt 0.119382 0.961679
vt 0.130119 0.939058
vt 0.142840 0.921609
vt 0.197152 0.915134
vt 0.122134 0.950103
vt 0.140984 0.933409
vt 0.202594 0.921848
vt 0.129004 0.985999
vt 0.151382 0.926606
vt 0.169480 0.921028
vt 0.181755 0.924766
vt 0.131369 0.970046
vt 0.135680 0.952085
vt 0.165711 0.931048
vt 0.193247 0.931694
vt 0.209088 0.918952
vt 0.201372 0.928747
vt 0.156309 0.937772
vt 0.144947 0.959969
vt 0.152732 0.949719
vt 0.180866 0.937728
vt 0.195155 0.941054
vt 0.143447 0.982571
vt 0.148234 0.974106
vt 0.169026 0.947496
vt 0.190034 0.945576
vt 0.160690 0.964591
vt 0.158052 0.982330
vt 0.178347 0.950307
vt 0.184596 0.959422
vt 0.190680 0.953853
vt 0.170086 0.975305
vt 0.172912 0.960983
vt 0.180941 0.971354
vt 0.189078 0.971606
vt 0.189769 0.959676
vt 0.195929 0.951458
vt 0.200327 0.944334
vt 0.193541 0.965576
vt 0.194754 0.958776
vt 0.203407 0.952541
vt 0.202664 0.958685
vt 0.197981 0.963608
vt 0.197644 0.973626
vt 0.191138 0.976273
vt 0.208123 0.944895
vt 0.201121 0.965428
vt 0.205425 0.972771
vt 0.209770 0.965158
vt 0.210463 0.958502
vt 0.214217 0.951345
vt 0.217475 0.943519
vt 0.227346 0.945066
vt 0.224834 0.936294
vt 0.239922 0.941256
vt 0.232315 0.932634
vt 0.241304 0.929821
vt 0.247037 0.939749
vt 0.253429 0.933771
vt 0.212770 0.973906
vt 0.220429 0.957060
vt 0.222196 0.951424
vt 0.217982 0.967800
vt 0.224733 0.963621
vt 0.236857 0.948646
vt 0.255329 0.944579
vt 0.262488 0.944794
vt 0.269418 0.951681
vt 0.268454 0.940923
vt 0.276931 0.946187
vt 0.278129 0.953859
vt 0.229553 0.952342
vt 0.248745 0.950703
vt 0.225253 0.971494
vt 0.223402 0.979504
vt 0.258651 0.954709
vt 0.262426 0.960917
vt 0.230553 0.984662
vt 0.230246 0.978309
vt 0.224816 0.985999
vt 0.231768 0.961304
vt 0.240292 0.958500
vt 0.238087 0.974236
vt 0.235235 0.968443
vt 0.240861 0.982840
vt 0.251954 0.972398
vt 0.252703 0.964006
vt 0.245566 0.969148
vt 0.243714 0.964771
vt 0.260421 0.966692
vt 0.946134 0.906831
vt 0.947360 0.912288
vt 0.952024 0.906906
vt 0.938955 0.920322
vt 0.939864 0.914439
vt 0.933485 0.924393
vt 0.936466 0.907794
vt 0.931327 0.916080
vt 0.931192 0.922150
vt 0.926371 0.917189
vt 0.948507 0.899262
vt 0.954480 0.902668
vt 0.953052 0.892592
vt 0.948415 0.903533
vt 0.941937 0.900261
vt 0.964467 0.899350
vt 0.960564 0.895080
vt 0.929774 0.905433
vt 0.926712 0.912025
vt 0.967001 0.894939
vt 0.967624 0.890344
vt 0.978933 0.887995
vt 0.921858 0.910965
vt 0.978883 0.883428
vt 0.960937 0.884239
vt 0.937076 0.895166
vt 0.922688 0.906934
vt 0.917901 0.911657
vt 0.924156 0.914151
vt 0.971344 0.881819
vt 0.944632 0.885832
vt 0.929385 0.898295
vt 0.921459 0.899126
vt 0.915898 0.905251
vt 0.992458 0.878669
vt 0.978932 0.870134
vt 0.969439 0.867510
vt 0.951680 0.879111
vt 0.960053 0.866035
vt 0.989991 0.884181
vt 0.999713 0.880434
vt 0.988045 0.874861
vt 0.936260 0.880777
vt 0.928544 0.891648
vt 0.942112 0.872276
vt 0.912401 0.893586
vt 0.950841 0.868294
vt 0.995618 0.868480
vt 0.987162 0.858335
vt 0.980278 0.855978
vt 0.923123 0.879403
vt 0.918937 0.889864
vt 0.966746 0.852073
vt 0.956211 0.854886
vt 0.944405 0.857602
vt 0.997360 0.857505
vt 0.973963 0.844190
vt 0.914819 0.884196
vt 0.928569 0.870235
vt 0.983151 0.844482
vt 0.958189 0.842661
vt 0.933420 0.860399
vt 0.994064 0.843661
vt 0.968501 0.833904
vt 0.948916 0.845691
vt 0.986305 0.833710
vt 0.977805 0.834717
vt 0.922077 0.862470
vt 0.911084 0.877017
vt 0.907865 0.890723
vt 0.937571 0.844197
vt 0.995684 0.831662
vt 0.956451 0.825806
vt 0.947274 0.833482
vt 0.981846 0.826924
vt 0.974174 0.826493
vt 0.965035 0.828156
vt 0.929060 0.843950
vt 0.910408 0.861551
vt 0.991689 0.824260
vt 0.990094 0.814703
vt 0.980938 0.818537
vt 0.972453 0.818567
vt 0.964425 0.819176
vt 0.920524 0.849477
vt 0.978903 0.808095
vt 0.969206 0.808922
vt 0.960017 0.809496
vt 0.954460 0.816199
vt 0.935460 0.831320
vt 0.998676 0.819645
vt 0.986342 0.803705
vt 0.973838 0.801367
vt 0.943051 0.822005
vt 0.980873 0.795948
vt 0.966692 0.799884
vt 0.996847 0.799465
vt 0.949993 0.800695
vt 0.911209 0.849008
vt 0.935322 0.819107
vt 0.923071 0.835150
vt 0.912688 0.837891
vt 0.989396 0.788006
vt 0.969540 0.785215
vt 0.959319 0.789182
vt 0.926504 0.821896
vt 0.976283 0.779894
vt 0.938338 0.806986
vt 0.985385 0.781703
vt 0.998619 0.779584
vt 0.928732 0.810784
vt 0.990821 0.776634
vt 0.980154 0.774980
vt 0.946494 0.787883
vt 0.937892 0.794533
vt 0.970216 0.772750
vt 0.975429 0.770670
vt 0.963972 0.772400
vt 0.999713 0.772308
vt 0.955567 0.775086
vt 0.928833 0.800449
vt 0.920882 0.808166
vt 0.984592 0.766421
vt 0.967304 0.768236
vt 0.945953 0.772760
vt 0.996184 0.764490
vt 0.961155 0.768444
vt 0.953579 0.766663
vt 0.934049 0.786465
vt 0.922931 0.792260
vt 0.973537 0.763038
vt 0.979979 0.755046
vt 0.972722 0.754385
vt 0.964454 0.757762
vt 0.931334 0.779006
vt 0.987217 0.752645
vt 0.941831 0.763493
vt 0.937020 0.769898
vt 0.921479 0.780611
vt 0.935605 0.765447
vt 0.927077 0.771357
vt 0.958302 0.355651
vt 0.948799 0.361500
vt 0.955884 0.363605
vt 0.954884 0.353597
vt 0.963606 0.350935
vt 0.938800 0.358109
vt 0.933043 0.362295
vt 0.942736 0.361725
vt 0.945026 0.354134
vt 0.959174 0.341896
vt 0.951413 0.348402
vt 0.964168 0.346895
vt 0.926326 0.357681
vt 0.926015 0.362381
vt 0.932192 0.354882
vt 0.920897 0.358006
vt 0.919943 0.366210
vt 0.936973 0.352137
vt 0.941517 0.347636
vt 0.963824 0.342016
vt 0.916378 0.365344
vt 0.927556 0.354690
vt 0.933060 0.350466
vt 0.946503 0.342054
vt 0.959921 0.333135
vt 0.990916 0.308406
vt 0.989248 0.314327
vt 0.994546 0.314207
vt 0.922974 0.354273
vt 0.929033 0.350124
vt 0.935783 0.346257
vt 0.931936 0.348147
vt 0.953862 0.336281
vt 0.967116 0.328725
vt 0.967460 0.336224
vt 0.917752 0.346901
vt 0.926660 0.350602
vt 0.971933 0.328855
vt 0.974554 0.316724
vt 0.976659 0.324550
vt 0.983519 0.315717
vt 0.981884 0.307185
vt 0.922266 0.346227
vt 0.929422 0.347399
vt 0.927579 0.339723
vt 0.934812 0.333683
vt 0.943836 0.332534
vt 0.950258 0.328318
vt 0.984645 0.297510
vt 0.964940 0.311550
vt 0.959105 0.321069
vt 0.972216 0.302970
vt 0.919701 0.334752
vt 0.924468 0.331654
vt 0.936907 0.323614
vt 0.978765 0.295294
vt 0.950371 0.310294
vt 0.938772 0.311904
vt 0.984850 0.287314
vt 0.921625 0.325476
vt 0.957060 0.303981
vt 0.967082 0.294062
vt 0.920448 0.329189
vt 0.915644 0.329997
vt 0.973209 0.284800
vt 0.979469 0.280691
vt 0.911593 0.324560
vt 0.916394 0.320707
vt 0.923428 0.312291
vt 0.956168 0.291812
vt 0.972504 0.271351
vt 0.978126 0.264946
vt 0.947332 0.298624
vt 0.961845 0.278242
vt 0.932994 0.298366
vt 0.911309 0.309445
vt 0.940229 0.286435
vt 0.919971 0.298740
vt 0.948792 0.281805
vt 0.963611 0.263374
vt 0.971103 0.258314
vt 0.927670 0.289541
vt 0.952737 0.267017
vt 0.978973 0.252060
vt 0.987109 0.229591
vt 0.990968 0.237415
vt 0.994422 0.223949
vt 0.941054 0.273438
vt 0.922376 0.281332
vt 0.980444 0.240618
vt 0.971483 0.241968
vt 0.964177 0.244903
vt 0.932463 0.274132
vt 0.983983 0.220980
vt 0.973272 0.228025
vt 0.946683 0.255585
vt 0.955778 0.251418
vt 0.989640 0.209558
vt 0.924675 0.265975
vt 0.937411 0.261062
vt 0.980549 0.206924
vt 0.963594 0.232902
vt 0.956966 0.239655
vt 0.929574 0.251911
vt 0.946985 0.241134
vt 0.958334 0.235700
vt 0.992222 0.193449
vt 0.938244 0.247005
vt 0.970688 0.214326
vt 0.960030 0.226339
vt 0.920286 0.246865
vt 0.952511 0.232359
vt 0.990222 0.181631
vt 0.982711 0.190435
vt 0.939733 0.232895
vt 0.956431 0.218012
vt 0.973087 0.194861
vt 0.964397 0.204823
vt 0.926026 0.234964
vt 0.980970 0.176152
vt 0.975066 0.185092
vt 0.946429 0.219401
vt 0.929198 0.223172
vt 0.994546 0.171295
vt 0.936545 0.214833
vt 0.948272 0.203324
vt 0.920334 0.228112
vt 0.965537 0.184801
vt 0.969304 0.176133
vt 0.958582 0.190289
vt 0.972024 0.166836
vt 0.935350 0.201041
vt 0.926292 0.204533
vt 0.944754 0.190817
vt 0.960213 0.176149
vt 0.952672 0.177135
vt 0.934039 0.187855
vt 0.962483 0.167109
vt 0.922337 0.195203
vt 0.954320 0.168717
vt 0.944069 0.174896
vt 0.924523 0.181964
vt 0.933928 0.174452
vt 0.953032 0.160236
vt 0.943111 0.163982
vt 0.931660 0.164692
vt 0.748583 0.874865
vt 0.743227 0.879730
vt 0.751190 0.879912
vt 0.752824 0.873732
vt 0.751538 0.868052
vt 0.747920 0.866258
vt 0.741870 0.868554
vt 0.738543 0.875978
vt 0.734221 0.879874
vt 0.731211 0.876024
vt 0.750921 0.859403
vt 0.731508 0.869973
vt 0.726784 0.881456
vt 0.753452 0.851553
vt 0.748915 0.849556
vt 0.745079 0.858562
vt 0.741657 0.862160
vt 0.721012 0.873942
vt 0.736714 0.861919
vt 0.737350 0.855318
vt 0.722463 0.868780
vt 0.752992 0.839228
vt 0.741213 0.849778
vt 0.729158 0.860377
vt 0.746087 0.839236
vt 0.715911 0.868563
vt 0.719903 0.865660
vt 0.749901 0.831156
vt 0.754966 0.830844
vt 0.729507 0.849435
vt 0.734592 0.844326
vt 0.722817 0.856437
vt 0.753656 0.826004
vt 0.757463 0.823777
vt 0.754061 0.819561
vt 0.711948 0.862724
vt 0.745053 0.829777
vt 0.733812 0.837259
vt 0.715377 0.856278
vt 0.749113 0.824776
vt 0.749236 0.817511
vt 0.751037 0.804545
vt 0.745088 0.822083
vt 0.741507 0.825508
vt 0.722593 0.838526
vt 0.729075 0.830383
vt 0.707905 0.849249
vt 0.716893 0.846690
vt 0.708731 0.857124
vt 0.752880 0.780888
vt 0.754590 0.789056
vt 0.756236 0.777716
vt 0.744629 0.809823
vt 0.739778 0.815736
vt 0.746388 0.781980
vt 0.749745 0.789559
vt 0.743385 0.795608
vt 0.732720 0.821452
vt 0.711185 0.840064
vt 0.716821 0.830767
vt 0.703722 0.852129
vt 0.756970 0.769820
vt 0.757463 0.757001
vt 0.754029 0.766480
vt 0.753646 0.772587
vt 0.734829 0.801205
vt 0.729609 0.814505
vt 0.749212 0.760135
vt 0.746307 0.768799
vt 0.745352 0.773862
vt 0.736946 0.789478
vt 0.722669 0.823675
vt 0.701705 0.840810
vt 0.743795 0.763815
vt 0.718876 0.815073
vt 0.710135 0.827974
vt 0.703596 0.834533
vt 0.736587 0.780678
vt 0.726136 0.807139
vt 0.738083 0.768053
vt 0.724654 0.798520
vt 0.735698 0.772729
vt 0.719397 0.804629
vt 0.709938 0.815547
vt 0.704822 0.826048
vt 0.727667 0.780016
vt 0.725362 0.787954
vt 0.699044 0.832143
vt 0.730707 0.764600
vt 0.729996 0.772200
vt 0.720956 0.792070
vt 0.720108 0.797740
vt 0.715049 0.800078
vt 0.711863 0.804630
vt 0.703918 0.816803
vt 0.698575 0.821259
vt 0.714984 0.793264
vt 0.707413 0.808117
vt 0.705470 0.812803
vt 0.720353 0.778070
vt 0.719741 0.785762
vt 0.715413 0.783056
vt 0.709817 0.798975
vt 0.698888 0.812712
vt 0.720364 0.769953
vt 0.711882 0.788872
vt 0.706100 0.794536
vt 0.701948 0.805617
vt 0.715248 0.774143
vt 0.709083 0.784614
vt 0.696039 0.794324
vt 0.599024 0.707399
vt 0.607635 0.717175
vt 0.607119 0.706792
vt 0.607635 0.697884
vt 0.888995 0.196329
vt 0.886191 0.199587
vt 0.888717 0.199788
vt 0.891791 0.198900
vt 0.891791 0.203733
vt 0.886051 0.203871
vt 0.886371 0.208774
vt 0.148967 0.333230
vt 0.138038 0.333230
vt 0.140467 0.328251
vt 0.131745 0.332442
vt 0.492547 0.079955
vt 0.482282 0.080962
vt 0.488518 0.075065
vt 0.479380 0.072587
vt 0.497510 0.074773
vt 0.495904 0.068379
vt 0.503064 0.080018
vt 0.505115 0.068176
vt 0.474531 0.078983
vt 0.483092 0.067648
vt 0.489356 0.069061
vt 0.510666 0.071062
vt 0.474831 0.069316
vt 0.489778 0.062433
vt 0.501316 0.059616
vt 0.476707 0.062761
vt 0.482289 0.057493
vt 0.496007 0.059612
vt 0.510008 0.058048
vt 0.470448 0.062512
vt 0.488991 0.055187
vt 0.494569 0.053600
vt 0.515742 0.061218
vt 0.485552 0.047433
vt 0.500608 0.051097
vt 0.504845 0.053500
vt 0.476955 0.052536
vt 0.493078 0.047315
vt 0.514290 0.052071
vt 0.470759 0.054126
vt 0.480727 0.046562
vt 0.500143 0.043540
vt 0.509178 0.044417
vt 0.473542 0.045579
vt 0.494072 0.036040
vt 0.466839 0.051674
vt 0.481698 0.037286
vt 0.487656 0.038436
vt 0.499828 0.035927
vt 0.506222 0.036189
vt 0.518027 0.044660
vt 0.477550 0.040535
vt 0.516555 0.036197
vt 0.467431 0.043993
vt 0.485548 0.029480
vt 0.472212 0.036904
vt 0.473723 0.032037
vt 0.497201 0.026674
vt 0.503768 0.026153
vt 0.466707 0.036720
vt 0.513676 0.026848
vt 0.478423 0.025634
vt 0.490964 0.022627
vt 0.506422 0.019507
vt 0.466785 0.030883
vt 0.484969 0.018366
vt 0.498679 0.014582
vt 0.513224 0.019503
vt 0.471332 0.023367
vt 0.495295 0.017629
vt 0.462901 0.024170
vt 0.477336 0.016184
vt 0.489698 0.012571
vt 0.492270 0.011584
vt 0.482733 0.010981
vt 0.492321 0.008520
vt 0.484149 0.008061
vt 0.476763 0.007714
vt 0.516577 0.076488
vt 0.512538 0.090355
vt 0.526438 0.088297
vt 0.526335 0.077242
vt 0.521907 0.066334
vt 0.522892 0.056806
vt 0.543758 0.079651
vt 0.533256 0.070048
vt 0.546294 0.095135
vt 0.533115 0.058461
vt 0.523142 0.045097
vt 0.546464 0.066067
vt 0.530237 0.048835
vt 0.562702 0.085559
vt 0.565988 0.100556
vt 0.548789 0.051606
vt 0.587166 0.090111
vt 0.563216 0.073252
vt 0.524616 0.034192
vt 0.534172 0.038161
vt 0.518670 0.028129
vt 0.574921 0.108145
vt 0.574543 0.079696
vt 0.563175 0.063087
vt 0.587944 0.106312
vt 0.527986 0.028163
vt 0.550799 0.039483
vt 0.599734 0.098703
vt 0.588174 0.073954
vt 0.579733 0.068136
vt 0.566175 0.051559
vt 0.522060 0.018599
vt 0.542639 0.032393
vt 0.605477 0.110511
vt 0.537899 0.021950
vt 0.611386 0.092779
vt 0.582145 0.056716
vt 0.601480 0.075575
vt 0.575871 0.045909
vt 0.556893 0.026462
vt 0.564833 0.036914
vt 0.628271 0.106507
vt 0.596949 0.065164
vt 0.545942 0.015261
vt 0.594346 0.050715
vt 0.570522 0.031657
vt 0.619145 0.075655
vt 0.591345 0.042715
vt 0.629861 0.090623
vt 0.580529 0.032256
vt 0.616820 0.064886
vt 0.605357 0.056917
vt 0.558456 0.017328
vt 0.646006 0.095807
vt 0.642270 0.109455
vt 0.571628 0.018267
vt 0.632807 0.070439
vt 0.591940 0.026002
vt 0.610819 0.043299
vt 0.660840 0.109195
vt 0.648203 0.079749
vt 0.605809 0.034866
vt 0.631703 0.051019
vt 0.668830 0.090500
vt 0.610479 0.025494
vt 0.681171 0.109348
vt 0.671570 0.119793
vt 0.648672 0.062028
vt 0.621687 0.030574
vt 0.663422 0.073695
vt 0.639875 0.034635
vt 0.686863 0.124767
vt 0.666458 0.055779
vt 0.653083 0.043618
vt 0.697475 0.115448
vt 0.697376 0.091567
vt 0.678522 0.070088
vt 0.708558 0.101533
vt 0.690866 0.076208
vt 0.709592 0.115235
vt 0.705351 0.124087
vt 0.670714 0.037130
vt 0.656510 0.026498
vt 0.695085 0.063004
vt 0.683372 0.050528
vt 0.663870 0.030504
vt 0.717844 0.086205
vt 0.711018 0.066432
vt 0.675943 0.023548
vt 0.697627 0.042369
vt 0.673965 0.015384
vt 0.683881 0.024488
vt 0.707280 0.053053
vt 0.661431 0.010964
vt 0.719879 0.069258
vt 0.681924 0.011760
vt 0.734195 0.091404
vt 0.734271 0.105426
vt 0.729927 0.097317
vt 0.725514 0.081200
vt 0.673900 0.005734
vt 0.710575 0.042696
vt 0.694612 0.026755
vt 0.702912 0.037200
vt 0.687932 0.020357
vt 0.685442 0.013443
vt 0.720337 0.054760
vt 0.717667 0.050718
vt 0.681232 0.002178
vt 0.744388 0.097461
vt 0.746285 0.114018
vt 0.740209 0.105168
vt 0.737051 0.067830
vt 0.750262 0.109341
vt 0.729727 0.052444
vt 0.717122 0.043797
vt 0.721628 0.046900
vt 0.758611 0.102295
vt 0.724949 0.049140
vt 0.729094 0.046596
vt 0.722845 0.046330
vt 0.744691 0.078086
vt 0.735697 0.046917
vt 0.741972 0.059470
vt 0.749298 0.068421
vt 0.745791 0.055786
vt 0.468796 0.070209
vt 0.467832 0.081032
vt 0.461152 0.075413
vt 0.457918 0.082694
vt 0.463677 0.062236
vt 0.459112 0.068185
vt 0.450949 0.079869
vt 0.449736 0.089371
vt 0.452017 0.073519
vt 0.464153 0.056761
vt 0.440603 0.084582
vt 0.439150 0.093524
vt 0.457366 0.060506
vt 0.454333 0.065637
vt 0.445263 0.075072
vt 0.448697 0.068665
vt 0.449414 0.059693
vt 0.456272 0.054923
vt 0.460539 0.047825
vt 0.438545 0.069815
vt 0.434023 0.079117
vt 0.429866 0.089456
vt 0.462392 0.039060
vt 0.442010 0.062411
vt 0.450947 0.050943
vt 0.455005 0.045395
vt 0.456095 0.038368
vt 0.421413 0.083384
vt 0.422134 0.092025
vt 0.424439 0.071453
vt 0.440907 0.055538
vt 0.447342 0.046324
vt 0.459124 0.030585
vt 0.412455 0.088833
vt 0.415024 0.099525
vt 0.432477 0.062174
vt 0.416314 0.078380
vt 0.448598 0.036978
vt 0.404851 0.096153
vt 0.438527 0.049174
vt 0.430788 0.053308
vt 0.442272 0.040851
vt 0.453503 0.029582
vt 0.421125 0.061802
vt 0.405670 0.081331
vt 0.400349 0.087579
vt 0.453640 0.022833
vt 0.434091 0.041076
vt 0.414201 0.065370
vt 0.410173 0.072524
vt 0.395440 0.100180
vt 0.422121 0.054224
vt 0.427835 0.048293
vt 0.443963 0.027696
vt 0.436918 0.034064
vt 0.445224 0.019317
vt 0.409441 0.058704
vt 0.398029 0.073371
vt 0.393508 0.083652
vt 0.388956 0.092866
vt 0.417644 0.049532
vt 0.421012 0.044040
vt 0.402615 0.065723
vt 0.428551 0.036394
vt 0.435734 0.025164
vt 0.420072 0.033432
vt 0.412474 0.042551
vt 0.386919 0.076578
vt 0.425284 0.028216
vt 0.408721 0.051013
vt 0.377930 0.084355
vt 0.397052 0.055037
vt 0.393693 0.063113
vt 0.387335 0.067812
vt 0.401671 0.047535
vt 0.409895 0.030733
vt 0.378063 0.072474
vt 0.371286 0.082498
vt 0.370153 0.092096
vt 0.401931 0.038462
vt 0.386785 0.058094
vt 0.362019 0.089319
vt 0.382374 0.063490
vt 0.372334 0.075257
vt 0.392083 0.043177
vt 0.378428 0.066843
vt 0.381713 0.059377
vt 0.387817 0.049695
vt 0.367338 0.081610
vt 0.383884 0.053755
vt 0.360905 0.085674
vt 0.391791 0.035054
vt 0.383847 0.046118
vt 0.384011 0.037236
vt 0.381398 0.038993
vt 0.396150 0.112278
vt 0.389059 0.106131
vt 0.388183 0.113736
vt 0.381959 0.119369
vt 0.393811 0.120324
vt 0.384690 0.101063
vt 0.379979 0.111948
vt 0.379404 0.094428
vt 0.370303 0.108683
vt 0.368768 0.117866
vt 0.371121 0.124767
vt 0.364517 0.121694
vt 0.371459 0.099671
vt 0.361775 0.115515
vt 0.358566 0.118805
vt 0.360048 0.102220
vt 0.356728 0.106539
vt 0.362099 0.097514
vt 0.355836 0.113401
vt 0.354130 0.121219
vt 0.349590 0.114363
vt 0.357238 0.094113
vt 0.353979 0.097179
vt 0.348101 0.101982
vt 0.356995 0.088513
vt 0.350517 0.099230
vt 0.352891 0.091588
vt 0.343355 0.105110
vt 0.349478 0.095185
vt 0.345216 0.095784
vt 0.340787 0.114190
vt 0.339453 0.100732
vt 0.337167 0.107059
vt 0.334386 0.103707
vt 0.122683 0.033132
vt 0.121162 0.036548
vt 0.118245 0.034167
vt 0.113153 0.031012
vt 0.110256 0.037591
vt 0.120488 0.026545
vt 0.129567 0.033364
vt 0.127743 0.028323
vt 0.134356 0.027606
vt 0.127060 0.020373
vt 0.133040 0.022199
vt 0.105591 0.034375
vt 0.108658 0.028821
vt 0.112475 0.025339
vt 0.116418 0.020948
vt 0.123623 0.017714
vt 0.138033 0.038517
vt 0.140615 0.027208
vt 0.138587 0.022613
vt 0.136489 0.014463
vt 0.144736 0.033972
vt 0.129254 0.014777
vt 0.144604 0.019698
vt 0.145014 0.023680
vt 0.148588 0.030118
vt 0.131175 0.010387
vt 0.144624 0.013487
vt 0.141474 0.009179
vt 0.153361 0.021036
vt 0.135436 0.009631
vt 0.152504 0.013958
vt 0.149166 0.008661
vt 0.156810 0.009291
vt 0.157758 0.004086
vt 0.162122 0.014384
vt 0.161211 0.022966
vt 0.167380 0.005130
vt 0.169511 0.017921
vt 0.165346 0.000311
vt 0.167805 0.012542
vt 0.114906 0.042313
vt 0.120302 0.043343
vt 0.125921 0.038823
vt 0.132064 0.038193
vt 0.109143 0.045319
vt 0.114369 0.049225
vt 0.126604 0.047399
vt 0.113094 0.055280
vt 0.103266 0.043243
vt 0.098829 0.041806
vt 0.121536 0.053239
vt 0.132687 0.047574
vt 0.104213 0.052856
vt 0.127668 0.052839
vt 0.138251 0.047371
vt 0.096962 0.050899
vt 0.120424 0.058138
vt 0.124746 0.058472
vt 0.133176 0.056423
vt 0.144817 0.042906
vt 0.117149 0.061823
vt 0.093792 0.047784
vt 0.111154 0.062376
vt 0.105864 0.061643
vt 0.099397 0.057922
vt 0.120920 0.063102
vt 0.129946 0.062407
vt 0.141218 0.053876
vt 0.095218 0.058873
vt 0.098978 0.066612
vt 0.124536 0.068064
vt 0.145309 0.051344
vt 0.106565 0.066275
vt 0.090591 0.054516
vt 0.117523 0.068746
vt 0.106060 0.071425
vt 0.111438 0.067133
vt 0.138688 0.062891
vt 0.088030 0.060999
vt 0.132255 0.072655
vt 0.148139 0.056576
vt 0.092330 0.064218
vt 0.102516 0.071003
vt 0.108399 0.074623
vt 0.113680 0.073674
vt 0.146859 0.063885
vt 0.139258 0.070373
vt 0.091979 0.068962
vt 0.119873 0.077213
vt 0.074224 0.085698
vt 0.067543 0.093566
vt 0.064198 0.085624
vt 0.077107 0.077834
vt 0.086719 0.085060
vt 0.098121 0.082297
vt 0.088646 0.095518
vt 0.086942 0.072157
vt 0.095128 0.073378
vt 0.103299 0.077460
vt 0.086149 0.065010
vt 0.100040 0.073918
vt 0.128032 0.080419
vt 0.058487 0.095271
vt 0.074874 0.100022
vt 0.087034 0.109630
vt 0.078878 0.106552
vt 0.098307 0.096473
vt 0.109286 0.089064
vt 0.107916 0.081301
vt 0.109472 0.078517
vt 0.119479 0.082729
vt 0.062193 0.104869
vt 0.047834 0.100543
vt 0.064729 0.114141
vt 0.076141 0.114522
vt 0.101124 0.105479
vt 0.113872 0.081813
vt 0.117002 0.088575
vt 0.149172 0.072159
vt 0.052154 0.110371
vt 0.092781 0.117734
vt 0.114653 0.102884
vt 0.139473 0.080526
vt 0.042585 0.107644
vt 0.073786 0.126746
vt 0.083653 0.122606
vt 0.103604 0.114354
vt 0.126363 0.098409
vt 0.128917 0.088900
vt 0.126290 0.085954
vt 0.149902 0.079941
vt 0.043638 0.119486
vt 0.064061 0.125955
vt 0.050466 0.129263
vt 0.133693 0.085011
vt 0.034854 0.118060
vt 0.030162 0.108862
vt 0.083815 0.136143
vt 0.095877 0.128155
vt 0.109471 0.123641
vt 0.120476 0.114584
vt 0.067744 0.136304
vt 0.140009 0.094747
vt 0.139683 0.087043
vt 0.060484 0.143481
vt 0.076070 0.139689
vt 0.094999 0.138855
vt 0.123440 0.123308
vt 0.134446 0.108588
vt 0.035511 0.132107
vt 0.022684 0.120095
vt 0.022734 0.102232
vt 0.047694 0.140578
vt 0.087657 0.145325
vt 0.106017 0.137013
vt 0.150829 0.086047
vt 0.145241 0.089211
vt 0.011687 0.102848
vt 0.067605 0.149535
vt 0.080457 0.149286
vt 0.119092 0.138060
vt 0.135038 0.117928
vt 0.144313 0.102622
vt 0.152136 0.091471
vt 0.012938 0.112687
vt 0.024538 0.134137
vt 0.051300 0.150543
vt 0.094617 0.152553
vt 0.112192 0.144953
vt 0.130238 0.132567
vt 0.030767 0.142843
vt 0.013790 0.125942
vt 0.059474 0.156173
vt 0.072622 0.160029
vt 0.102792 0.150368
vt 0.145048 0.125751
vt 0.008967 0.122158
vt 0.005144 0.112849
vt 0.041059 0.151119
vt 0.087971 0.156915
vt 0.139510 0.136586
vt 0.019136 0.138019
vt 0.013473 0.132302
vt 0.010165 0.127554
vt 0.007195 0.124275
vt 0.020939 0.143700
vt 0.000287 0.123569
vt 0.048235 0.163250
vt 0.095484 0.161339
vt 0.106598 0.159586
vt 0.117292 0.153997
vt 0.123724 0.147609
vt 0.132700 0.143690
vt 0.022499 0.147720
vt 0.029263 0.150433
vt 0.082680 0.167030
vt 0.037920 0.160053
vt 0.061130 0.169639
vt 0.139643 0.149173
vt 0.023379 0.151835
vt 0.027723 0.159341
vt 0.022076 0.155524
vt 0.022267 0.153572
vt 0.021448 0.151122
vt 0.072474 0.174558
vt 0.090499 0.169826
vt 0.129342 0.156237
vt 0.102158 0.173406
vt 0.119528 0.163486
vt 0.033945 0.172328
vt 0.052238 0.174430
vt 0.111875 0.168092
vt 0.022752 0.162504
vt 0.020152 0.159175
vt 0.041123 0.177358
vt 0.080266 0.181236
vt 0.093148 0.179868
vt 0.027150 0.168464
vt 0.054492 0.182652
vt 0.140683 0.158721
vt 0.026242 0.174728
vt 0.065057 0.184173
vt 0.113366 0.176507
vt 0.130296 0.170194
vt 0.103764 0.187086
vt 0.029244 0.176953
vt 0.044489 0.186264
vt 0.034421 0.184545
vt 0.072719 0.190247
vt 0.088479 0.190585
vt 0.029976 0.184697
vt 0.121494 0.183275
vt 0.144468 0.170089
vt 0.134755 0.185551
vt 0.059695 0.195286
vt 0.097146 0.197685
vt 0.035612 0.193240
vt 0.081843 0.204426
vt 0.119058 0.192681
vt 0.045982 0.198870
vt 0.069800 0.205458
vt 0.111115 0.200517
vt 0.038932 0.202216
vt 0.056128 0.206195
vt 0.093181 0.211274
vt 0.132135 0.202473
vt 0.047593 0.211104
vt 0.079506 0.214728
vt 0.105887 0.210968
vt 0.042803 0.212874
vt 0.062262 0.213495
vt 0.123112 0.209508
vt 0.070743 0.217607
vt 0.054283 0.221280
vt 0.115499 0.216402
vt 0.088941 0.225903
vt 0.099481 0.224882
vt 0.075471 0.225967
vt 0.107911 0.224176
vt 0.046607 0.224923
vt 0.067059 0.229870
vt 0.053424 0.232498
vt 0.082658 0.234563
vt 0.048932 0.235436
vt 0.061337 0.236108
vt 0.070740 0.238836
vt 0.056903 0.244944
vt 0.080552 0.249461
vt 0.092492 0.245116
vt 0.102950 0.238475
vt 0.049753 0.242836
vt 0.066495 0.254860
vt 0.049875 0.250354
vt 0.054226 0.257443
vt 0.050209 0.258556
vt 0.149590 0.040651
vt 0.152139 0.035286
vt 0.155591 0.028540
vt 0.151282 0.047592
vt 0.155767 0.039755
vt 0.160922 0.037873
vt 0.161446 0.030903
vt 0.157354 0.046640
vt 0.155768 0.053984
vt 0.166232 0.025739
vt 0.167639 0.036163
vt 0.154684 0.060333
vt 0.165347 0.048717
vt 0.172314 0.023129
vt 0.162155 0.059405
vt 0.161888 0.054638
vt 0.156269 0.067621
vt 0.174391 0.028572
vt 0.172914 0.046020
vt 0.180178 0.022534
vt 0.168984 0.053833
vt 0.175945 0.035033
vt 0.157836 0.076004
vt 0.164020 0.069402
vt 0.182315 0.027996
vt 0.172754 0.062562
vt 0.184494 0.034663
vt 0.177684 0.053126
vt 0.179812 0.041135
vt 0.188785 0.026904
vt 0.149101 0.115709
vt 0.159187 0.082337
vt 0.155128 0.106636
vt 0.163370 0.084801
vt 0.170381 0.073017
vt 0.186081 0.045255
vt 0.162794 0.093338
vt 0.168436 0.080519
vt 0.176984 0.071185
vt 0.186077 0.056754
vt 0.192088 0.040899
vt 0.172103 0.091456
vt 0.181676 0.065418
vt 0.168623 0.109483
vt 0.174345 0.084609
vt 0.175630 0.079044
vt 0.195471 0.033537
vt 0.151564 0.134855
vt 0.191613 0.049534
vt 0.160258 0.123565
vt 0.182801 0.081472
vt 0.185386 0.075037
vt 0.190735 0.066067
vt 0.196103 0.057155
vt 0.198543 0.044773
vt 0.179513 0.101467
vt 0.204019 0.037573
vt 0.153658 0.145621
vt 0.185361 0.088921
vt 0.190326 0.076646
vt 0.165928 0.133305
vt 0.176835 0.114989
vt 0.195876 0.071643
vt 0.199127 0.065048
vt 0.206922 0.044904
vt 0.204657 0.049531
vt 0.191762 0.101130
vt 0.197274 0.086873
vt 0.174427 0.125671
vt 0.202112 0.079297
vt 0.206756 0.068181
vt 0.206301 0.059968
vt 0.183925 0.124095
vt 0.211362 0.052167
vt 0.154769 0.155687
vt 0.188006 0.112134
vt 0.214608 0.053969
vt 0.175495 0.150130
vt 0.216538 0.076201
vt 0.158315 0.169800
vt 0.164936 0.158039
vt 0.179710 0.134695
vt 0.198382 0.119605
vt 0.206854 0.104547
vt 0.219838 0.060314
vt 0.211655 0.089445
vt 0.154691 0.180057
vt 0.189398 0.148116
vt 0.192807 0.135835
vt 0.222370 0.090504
vt 0.233645 0.064947
vt 0.171643 0.170064
vt 0.205946 0.134178
vt 0.212439 0.123537
vt 0.234789 0.077648
vt 0.225387 0.105348
vt 0.188328 0.163587
vt 0.186690 0.174003
vt 0.200811 0.145100
vt 0.170867 0.189000
vt 0.220862 0.116958
vt 0.236939 0.091968
vt 0.199423 0.158854
vt 0.224904 0.129761
vt 0.249201 0.075677
vt 0.233587 0.116729
vt 0.246728 0.063460
vt 0.182057 0.185394
vt 0.209523 0.153384
vt 0.239046 0.104571
vt 0.196899 0.174062
vt 0.218361 0.145299
vt 0.254041 0.097609
vt 0.261976 0.081259
vt 0.207123 0.176740
vt 0.216510 0.169120
vt 0.219990 0.156719
vt 0.248474 0.119622
vt 0.197378 0.191263
vt 0.232284 0.149960
vt 0.238330 0.135039
vt 0.181925 0.200957
vt 0.275025 0.078554
vt 0.265182 0.067927
vt 0.250711 0.131429
vt 0.273238 0.098087
vt 0.264089 0.110232
vt 0.188496 0.212962
vt 0.219692 0.190969
vt 0.232089 0.168336
vt 0.209171 0.193421
vt 0.226110 0.176269
vt 0.247058 0.144564
vt 0.264518 0.127382
vt 0.243460 0.158211
vt 0.287788 0.086161
vt 0.260922 0.144473
vt 0.275050 0.114405
vt 0.218324 0.203474
vt 0.235820 0.181591
vt 0.286197 0.098810
vt 0.245577 0.176413
vt 0.230958 0.196530
vt 0.253941 0.167243
vt 0.276469 0.131194
vt 0.288922 0.111603
vt 0.298191 0.095051
vt 0.242422 0.198063
vt 0.280974 0.147065
vt 0.230433 0.212505
vt 0.267415 0.162260
vt 0.293793 0.129568
vt 0.305137 0.114925
vt 0.267803 0.177970
vt 0.253072 0.189922
vt 0.256752 0.208251
vt 0.269865 0.193625
vt 0.297193 0.146968
vt 0.243717 0.216287
vt 0.285504 0.175593
vt 0.310842 0.137958
vt 0.259182 0.222278
vt 0.301591 0.164124
vt 0.285053 0.200902
vt 0.318036 0.154441
vt 0.271625 0.211608
vt 0.301714 0.183794
vt 0.312501 0.177811
vt 0.285413 0.225304
vt 0.265234 0.236443
vt 0.303473 0.197754
vt 0.296554 0.212066
vt 0.330156 0.172055
vt 0.282997 0.238355
vt 0.319735 0.193854
vt 0.303769 0.221898
vt 0.310376 0.209664
vt 0.294877 0.238453
vt 0.305792 0.237856
vt 0.340679 0.190918
vt 0.321962 0.206360
vt 0.314055 0.221549
vt 0.376448 0.159576
vt 0.367971 0.167003
vt 0.369001 0.158380
vt 0.375707 0.151203
vt 0.336972 0.216849
vt 0.334939 0.205976
vt 0.362925 0.168049
vt 0.372494 0.170669
vt 0.388085 0.157483
vt 0.322674 0.228430
vt 0.348123 0.201511
vt 0.363414 0.179912
vt 0.355233 0.184724
vt 0.384126 0.167151
vt 0.358006 0.193004
vt 0.366304 0.194090
vt 0.378638 0.177919
vt 0.391440 0.165210
vt 0.395791 0.173251
vt 0.350071 0.216328
vt 0.379085 0.188059
vt 0.388412 0.179026
vt 0.355606 0.208706
vt 0.401673 0.163066
vt 0.362892 0.210779
vt 0.377901 0.203797
vt 0.387931 0.189940
vt 0.356154 0.222552
vt 0.401395 0.188224
vt 0.408427 0.170014
vt 0.408650 0.176549
vt 0.373523 0.219950
vt 0.391551 0.199840
vt 0.364611 0.229445
vt 0.372879 0.234045
vt 0.388397 0.216387
vt 0.415820 0.186417
vt 0.385381 0.227444
vt 0.407742 0.202542
vt 0.396006 0.217523
vt 0.383606 0.239458
vt 0.424733 0.194432
vt 0.398331 0.229049
vt 0.411791 0.212308
vt 0.425962 0.184145
vt 0.396695 0.246652
vt 0.411249 0.236427
vt 0.425492 0.207481
vt 0.437436 0.199492
vt 0.423516 0.221973
vt 0.435463 0.219982
vt 0.444744 0.217164
vt 0.429468 0.233851
vt 0.447426 0.232125
vt 0.439375 0.247050
vt 0.391676 0.144467
vt 0.378475 0.141628
vt 0.381788 0.128503
vt 0.393297 0.133343
vt 0.397271 0.154077
vt 0.405698 0.139875
vt 0.413159 0.149313
vt 0.407035 0.152341
vt 0.409616 0.159827
vt 0.416845 0.160100
vt 0.417789 0.164362
vt 0.426386 0.150705
vt 0.420820 0.159566
vt 0.418331 0.173622
vt 0.431295 0.162694
vt 0.426649 0.167650
vt 0.435717 0.156676
vt 0.431103 0.178201
vt 0.434046 0.171897
vt 0.443298 0.169181
vt 0.444218 0.162505
vt 0.444283 0.178718
vt 0.451662 0.168742
vt 0.443001 0.192185
vt 0.454750 0.179677
vt 0.453735 0.189350
vt 0.464312 0.197178
vt 0.466699 0.191838
vt 0.452665 0.207751
vt 0.472927 0.204535
vt 0.468347 0.216435
vt 0.459172 0.228523
vt 0.482578 0.218534
vt 0.491378 0.229299
vt 0.479930 0.232154
vt 0.495547 0.242083
vt 0.478884 0.253856
vt 0.502891 0.235566
vt 0.519805 0.245948
vt 0.488959 0.252487
vt 0.506745 0.258556
vt 0.133288 0.655236
vt 0.126097 0.655735
vt 0.126755 0.647027
vt 0.133417 0.644189
vt 0.141025 0.651723
vt 0.141871 0.643584
vt 0.152284 0.647533
vt 0.147055 0.655080
vt 0.155542 0.653186
vt 0.158959 0.646516
vt 0.155951 0.637421
vt 0.148960 0.635224
vt 0.137410 0.638802
vt 0.166129 0.641169
vt 0.164591 0.650394
vt 0.129304 0.639462
vt 0.157915 0.631081
vt 0.162800 0.631466
vt 0.173756 0.647957
vt 0.122942 0.641337
vt 0.169392 0.629678
vt 0.177508 0.636249
vt 0.185869 0.646861
vt 0.177092 0.657523
vt 0.166829 0.626038
vt 0.164189 0.624668
vt 0.176334 0.628329
vt 0.169840 0.619986
vt 0.176093 0.617010
vt 0.184204 0.621963
vt 0.188067 0.633282
vt 0.207788 0.685006
vt 0.210079 0.697901
vt 0.197724 0.688747
vt 0.218183 0.692700
vt 0.223866 0.704684
vt 0.200921 0.669269
vt 0.188599 0.672926
vt 0.228221 0.689790
vt 0.240009 0.693405
vt 0.192903 0.625064
vt 0.218836 0.676178
vt 0.184982 0.614881
vt 0.196945 0.660693
vt 0.198825 0.635522
vt 0.242346 0.677441
vt 0.256067 0.693943
vt 0.183814 0.609808
vt 0.178359 0.609359
vt 0.207175 0.659020
vt 0.219895 0.664156
vt 0.230968 0.673517
vt 0.258139 0.683759
vt 0.272031 0.687136
vt 0.268496 0.702789
vt 0.205600 0.653229
vt 0.235189 0.665583
vt 0.255519 0.674486
vt 0.282708 0.700385
vt 0.280145 0.710824
vt 0.295851 0.712358
vt 0.287985 0.721532
vt 0.297230 0.719220
vt 0.292078 0.726509
vt 0.184646 0.603844
vt 0.196772 0.613925
vt 0.212393 0.648540
vt 0.220871 0.649230
vt 0.247745 0.665463
vt 0.267662 0.676857
vt 0.283024 0.687716
vt 0.298144 0.698609
vt 0.306617 0.714160
vt 0.194165 0.606127
vt 0.202351 0.620725
vt 0.211978 0.641147
vt 0.202065 0.647509
vt 0.232765 0.650143
vt 0.261575 0.667486
vt 0.305809 0.701583
vt 0.194020 0.600359
vt 0.244628 0.652083
vt 0.273473 0.664398
vt 0.279262 0.676981
vt 0.292849 0.683139
vt 0.315470 0.700463
vt 0.320584 0.713169
vt 0.331359 0.707668
vt 0.330380 0.717667
vt 0.209522 0.626410
vt 0.257366 0.656064
vt 0.299212 0.688009
vt 0.328257 0.696377
vt 0.341647 0.718224
vt 0.192196 0.597094
vt 0.285852 0.668666
vt 0.308349 0.685297
vt 0.316385 0.689411
vt 0.344374 0.700596
vt 0.358038 0.718669
vt 0.203903 0.608866
vt 0.218398 0.634559
vt 0.301650 0.671951
vt 0.361639 0.704267
vt 0.333425 0.681268
vt 0.372449 0.711281
vt 0.371214 0.722637
vt 0.207026 0.597820
vt 0.215097 0.614951
vt 0.216728 0.628066
vt 0.225979 0.635074
vt 0.239257 0.636542
vt 0.268005 0.652326
vt 0.251455 0.636324
vt 0.312838 0.674557
vt 0.361837 0.692836
vt 0.349334 0.686090
vt 0.375237 0.715502
vt 0.201823 0.593619
vt 0.213283 0.606097
vt 0.279177 0.653468
vt 0.291365 0.660995
vt 0.320251 0.674220
vt 0.378384 0.700537
vt 0.382360 0.708385
vt 0.224406 0.621206
vt 0.270387 0.642381
vt 0.341677 0.670902
vt 0.221592 0.619226
vt 0.230319 0.625023
vt 0.284963 0.647052
vt 0.300234 0.653849
vt 0.310523 0.659849
vt 0.332538 0.662969
vt 0.318566 0.662514
vt 0.358769 0.678081
vt 0.240576 0.623908
vt 0.369139 0.680781
vt 0.380754 0.688217
vt 0.390977 0.703677
vt 0.206402 0.589323
vt 0.223619 0.607704
vt 0.278509 0.636705
vt 0.294610 0.645318
vt 0.214596 0.590483
vt 0.217834 0.600582
vt 0.227680 0.613760
vt 0.251163 0.626607
vt 0.314304 0.656149
vt 0.345931 0.656924
vt 0.356250 0.663316
vt 0.370740 0.670143
vt 0.392969 0.692455
vt 0.230758 0.615974
vt 0.267275 0.628892
vt 0.310882 0.650592
vt 0.335854 0.652638
vt 0.325728 0.648628
vt 0.403406 0.698844
vt 0.399360 0.703745
vt 0.221056 0.595589
vt 0.317884 0.648328
vt 0.387564 0.676173
vt 0.410317 0.703052
vt 0.221756 0.586274
vt 0.226800 0.599944
vt 0.307665 0.642989
vt 0.398302 0.681359
vt 0.408580 0.685008
vt 0.413512 0.696316
vt 0.233021 0.608320
vt 0.236377 0.610385
vt 0.314458 0.640222
vt 0.355886 0.651601
vt 0.383272 0.666921
vt 0.421195 0.700961
vt 0.211008 0.584914
vt 0.218350 0.582763
vt 0.338713 0.643173
vt 0.370210 0.658747
vt 0.228402 0.591547
vt 0.403123 0.674943
vt 0.429801 0.696776
vt 0.428432 0.704239
vt 0.237739 0.595730
vt 0.327756 0.634662
vt 0.354745 0.639310
vt 0.381981 0.653723
vt 0.402236 0.664128
vt 0.426744 0.687225
vt 0.240035 0.601242
vt 0.342328 0.627675
vt 0.370166 0.646969
vt 0.415084 0.675388
vt 0.419994 0.680091
vt 0.441910 0.704269
vt 0.322584 0.623157
vt 0.411266 0.669851
vt 0.447464 0.691361
vt 0.239199 0.588119
vt 0.233884 0.578679
vt 0.245321 0.605270
vt 0.456499 0.702811
vt 0.453945 0.709619
vt 0.468990 0.720090
vt 0.470342 0.726509
vt 0.464621 0.719945
vt 0.332938 0.623210
vt 0.367008 0.635985
vt 0.402053 0.650895
vt 0.424044 0.669019
vt 0.425272 0.671687
vt 0.428681 0.674097
vt 0.462673 0.714741
vt 0.467064 0.709499
vt 0.473311 0.718024
vt 0.378925 0.637625
vt 0.442027 0.676280
vt 0.361653 0.625772
vt 0.390453 0.643605
vt 0.418368 0.657147
vt 0.421306 0.666089
vt 0.465088 0.695604
vt 0.339057 0.611370
vt 0.475989 0.700865
vt 0.354342 0.610377
vt 0.379626 0.621751
vt 0.403265 0.635232
vt 0.435074 0.666528
vt 0.459194 0.678915
vt 0.475044 0.693427
vt 0.388396 0.631677
vt 0.433260 0.653828
vt 0.432196 0.661678
vt 0.442981 0.668216
vt 0.450665 0.667798
vt 0.368224 0.614703
vt 0.443794 0.661452
vt 0.479999 0.687356
vt 0.347860 0.596502
vt 0.391575 0.619374
vt 0.422900 0.638899
vt 0.475417 0.679907
vt 0.377999 0.606295
vt 0.459722 0.657480
vt 0.470576 0.664160
vt 0.368420 0.596681
vt 0.403696 0.618641
vt 0.482038 0.676038
vt 0.358759 0.593720
vt 0.416473 0.623190
vt 0.437735 0.636444
vt 0.449402 0.650009
vt 0.390418 0.604712
vt 0.398668 0.611602
vt 0.480490 0.665347
vt 0.485660 0.663721
vt 0.408742 0.610104
vt 0.402042 0.606200
vt 0.456960 0.639616
vt 0.471673 0.650910
vt 0.376294 0.588146
vt 0.449410 0.631321
vt 0.484349 0.654490
vt 0.363706 0.583047
vt 0.387120 0.589441
vt 0.395691 0.596801
vt 0.440043 0.615308
vt 0.467431 0.633406
vt 0.419783 0.612119
vt 0.482565 0.637034
vt 0.402747 0.591978
vt 0.408112 0.601569
vt 0.427170 0.605525
vt 0.489804 0.652662
vt 0.417619 0.602403
vt 0.383240 0.577722
vt 0.397738 0.583105
vt 0.454113 0.618311
vt 0.464253 0.623926
vt 0.491652 0.642671
vt 0.392045 0.574286
vt 0.417771 0.592227
vt 0.495216 0.642894
vt 0.442985 0.601025
vt 0.477449 0.622040
vt 0.383865 0.569346
vt 0.389995 0.569605
vt 0.431285 0.591772
vt 0.462596 0.613057
vt 0.385714 0.564095
vt 0.401152 0.572443
vt 0.408914 0.577742
vt 0.475123 0.612052
vt 0.486469 0.624503
vt 0.495378 0.633902
vt 0.498565 0.635366
vt 0.396976 0.567891
vt 0.422607 0.577721
vt 0.456409 0.598738
vt 0.408116 0.567171
vt 0.435251 0.584298
vt 0.448482 0.589398
vt 0.469345 0.603373
vt 0.484230 0.615432
vt 0.118526 0.654651
vt 0.116080 0.647478
vt 0.110798 0.653158
vt 0.107657 0.658662
vt 0.104369 0.653272
vt 0.105444 0.643682
vt 0.115869 0.638330
vt 0.099459 0.660963
vt 0.101759 0.670294
vt 0.094950 0.673777
vt 0.092809 0.662837
vt 0.084656 0.674278
vt 0.091816 0.652424
vt 0.107275 0.637170
vt 0.097699 0.644314
vt 0.079312 0.665167
vt 0.090708 0.642944
vt 0.086651 0.658529
vt 0.096391 0.635080
vt 0.098793 0.629313
vt 0.073062 0.673851
vt 0.110599 0.616303
vt 0.114406 0.628468
vt 0.085445 0.649684
vt 0.083622 0.654803
vt 0.076343 0.683536
vt 0.070978 0.688435
vt 0.067144 0.681908
vt 0.089760 0.634648
vt 0.058713 0.688787
vt 0.077637 0.657137
vt 0.077858 0.651630
vt 0.085199 0.637262
vt 0.063756 0.670975
vt 0.079486 0.640152
vt 0.090521 0.628695
vt 0.096753 0.617132
vt 0.072657 0.662011
vt 0.057625 0.681128
vt 0.070918 0.654478
vt 0.100084 0.605434
vt 0.066920 0.662805
vt 0.071493 0.644749
vt 0.085426 0.629933
vt 0.089157 0.623455
vt 0.055945 0.676620
vt 0.084718 0.624538
vt 0.049652 0.689700
vt 0.048324 0.693972
vt 0.061353 0.666107
vt 0.058975 0.662835
vt 0.078373 0.632948
vt 0.055555 0.671729
vt 0.077718 0.624784
vt 0.061583 0.651361
vt 0.050627 0.678019
vt 0.047653 0.681842
vt 0.087605 0.613216
vt 0.043622 0.687736
vt 0.080951 0.617098
vt 0.091610 0.601477
vt 0.071210 0.632938
vt 0.040382 0.695093
vt 0.063083 0.634448
vt 0.071256 0.627814
vt 0.048423 0.673740
vt 0.048902 0.667061
vt 0.035588 0.691209
vt 0.079937 0.604237
vt 0.043780 0.675349
vt 0.041505 0.678364
vt 0.037199 0.686220
vt 0.034242 0.679225
vt 0.045974 0.657761
vt 0.054241 0.643822
vt 0.069791 0.612051
vt 0.080624 0.595145
vt 0.062177 0.626857
vt 0.062284 0.618209
vt 0.037607 0.663193
vt 0.053254 0.634277
vt 0.035973 0.672586
vt 0.034159 0.675739
vt 0.025903 0.683949
vt 0.072300 0.598750
vt 0.031013 0.673162
vt 0.024593 0.675594
vt 0.050742 0.627099
vt 0.056586 0.620751
vt 0.029531 0.666034
vt 0.072924 0.587534
vt 0.038891 0.649437
vt 0.062921 0.601860
vt 0.042659 0.627011
vt 0.038011 0.638790
vt 0.048322 0.617337
vt 0.031105 0.655524
vt 0.054257 0.605571
vt 0.019155 0.679901
vt 0.064394 0.592316
vt 0.022533 0.660206
vt 0.027143 0.656116
vt 0.013968 0.673390
vt 0.016691 0.664898
vt 0.027599 0.650726
vt 0.026945 0.645012
vt 0.053256 0.598647
vt 0.056021 0.588086
vt 0.024109 0.655010
vt 0.048241 0.605447
vt 0.024736 0.651451
vt 0.033134 0.628460
vt 0.021497 0.652597
vt 0.023122 0.649281
vt 0.026025 0.635993
vt 0.017297 0.655423
vt 0.009516 0.666831
vt 0.016851 0.646379
vt 0.037669 0.612927
vt 0.043402 0.602579
vt 0.045871 0.594442
vt 0.030032 0.621575
vt 0.010094 0.658614
vt 0.009436 0.649146
vt 0.005809 0.659891
vt 0.032704 0.606532
vt 0.039014 0.594524
vt 0.013420 0.638588
vt 0.020700 0.626784
vt 0.045109 0.584269
vt 0.024129 0.615611
vt 0.004879 0.651698
vt 0.037710 0.587755
vt 0.006387 0.643976
vt 0.010897 0.632255
vt 0.017693 0.622629
vt 0.025974 0.607127
vt 0.031777 0.598249
vt 0.042012 0.579993
vt 0.702485 0.890435
vt 0.715524 0.892527
vt 0.708467 0.901167
vt 0.717279 0.884025
vt 0.696840 0.897330
vt 0.705524 0.908836
vt 0.699892 0.880436
vt 0.703940 0.872468
vt 0.691386 0.884891
vt 0.685729 0.888089
vt 0.690160 0.900106
vt 0.692103 0.865300
vt 0.683695 0.875182
vt 0.678863 0.889826
vt 0.678860 0.880337
vt 0.673910 0.883013
vt 0.668903 0.888845
vt 0.677841 0.865429
vt 0.681685 0.857132
vt 0.666628 0.874868
vt 0.661069 0.884061
vt 0.669127 0.868948
vt 0.659708 0.878902
vt 0.669112 0.854575
vt 0.649351 0.876784
vt 0.657857 0.870363
vt 0.660005 0.859642
vt 0.645835 0.868046
vt 0.650376 0.862052
vt 0.649056 0.873262
vt 0.639060 0.868570
vt 0.643688 0.860512
vt 0.643933 0.869908
vt 0.662502 0.846592
vt 0.637390 0.863543
vt 0.629536 0.879083
vt 0.650937 0.847858
vt 0.654552 0.840011
vt 0.643253 0.850326
vt 0.616382 0.884821
vt 0.622175 0.868328
vt 0.633713 0.850343
vt 0.651310 0.837707
vt 0.640348 0.838518
vt 0.647772 0.828743
vt 0.619127 0.851834
vt 0.600566 0.876763
vt 0.605830 0.859637
vt 0.634932 0.818698
vt 0.630645 0.827641
vt 0.622031 0.835379
vt 0.590827 0.868721
vt 0.584077 0.886903
vt 0.601126 0.838626
vt 0.621231 0.815782
vt 0.610567 0.826029
vt 0.576853 0.872335
vt 0.582353 0.858289
vt 0.583708 0.844895
vt 0.604515 0.805627
vt 0.622073 0.802581
vt 0.591885 0.822220
vt 0.568918 0.852503
vt 0.556092 0.865174
vt 0.610674 0.793307
vt 0.568093 0.831570
vt 0.588326 0.800431
vt 0.579128 0.817116
vt 0.597279 0.792479
vt 0.548994 0.851454
vt 0.552473 0.839636
vt 0.565906 0.813019
vt 0.572226 0.801185
vt 0.559911 0.825288
vt 0.579133 0.792479
vt 0.586131 0.782160
vt 0.534242 0.839162
vt 0.538580 0.857569
vt 0.545765 0.827320
vt 0.557563 0.809361
vt 0.572804 0.782831
vt 0.576225 0.773016
vt 0.559025 0.794809
vt 0.548547 0.799361
vt 0.520201 0.827403
vt 0.528408 0.818610
vt 0.563122 0.775369
vt 0.521747 0.841805
vt 0.533561 0.806635
vt 0.564100 0.765624
vt 0.566591 0.755291
vt 0.549889 0.781076
vt 0.508704 0.840282
vt 0.550582 0.768896
vt 0.535282 0.779706
vt 0.551437 0.759022
vt 0.507971 0.810664
vt 0.521069 0.801294
vt 0.502844 0.821316
vt 0.550690 0.747944
vt 0.557420 0.735065
vt 0.492645 0.826047
vt 0.535362 0.758460
vt 0.515542 0.778848
vt 0.525559 0.767485
vt 0.509364 0.796679
vt 0.547731 0.722052
vt 0.539518 0.748794
vt 0.533039 0.732230
vt 0.526383 0.748551
vt 0.489449 0.812895
vt 0.494404 0.796871
vt 0.479450 0.826271
vt 0.502817 0.780261
vt 0.465693 0.823766
vt 0.474367 0.815070
vt 0.513812 0.759706
vt 0.481877 0.804352
vt 0.522430 0.738028
vt 0.486791 0.780366
vt 0.533144 0.710179
vt 0.502104 0.758596
vt 0.515499 0.730130
vt 0.471128 0.803548
vt 0.476197 0.788574
vt 0.519076 0.714797
vt 0.511531 0.743433
vt 0.459719 0.809375
vt 0.488779 0.762518
vt 0.519271 0.697884
vt 0.505104 0.738155
vt 0.497224 0.748769
vt 0.460119 0.796720
vt 0.507371 0.722173
vt 0.505070 0.731143
vt 0.499740 0.736608
vt 0.450123 0.794506
vt 0.472130 0.770175
vt 0.509900 0.707397
vt 0.489486 0.751968
vt 0.495604 0.743312
vt 0.448192 0.809637
vt 0.462169 0.785859
vt 0.482963 0.756023
vt 0.437111 0.806815
vt 0.460976 0.766484
vt 0.474471 0.757146
vt 0.477358 0.751993
vt 0.438068 0.793687
vt 0.451992 0.778724
vt 0.438158 0.782676
vt 0.467112 0.749258
vt 0.470448 0.744896
vt 0.452649 0.759434
vt 0.444167 0.771148
vt 0.464584 0.737978
vt 0.452231 0.742824
vt 0.431654 0.772640
vt 0.440402 0.758738
vt 0.456452 0.726901
vt 0.461948 0.724729
vt 0.442541 0.726969
vt 0.456040 0.718269
vt 0.449119 0.718076
vt 0.435001 0.743801
vt 0.437469 0.722333
vt 0.445009 0.714692
vt 0.430463 0.732141
vt 0.425387 0.744590
vt 0.422559 0.734992
vt 0.428905 0.728984
vt 0.431321 0.720867
vt 0.420141 0.730409
vt 0.356499 0.902079
vt 0.351125 0.906707
vt 0.350941 0.901009
vt 0.365603 0.899460
vt 0.363569 0.906183
vt 0.358290 0.906711
vt 0.368684 0.906040
vt 0.373365 0.907664
vt 0.371746 0.898382
vt 0.378183 0.901961
vt 0.378036 0.908836
vt 0.382095 0.906563
vt 0.383951 0.900829
vt 0.352422 0.895442
vt 0.346820 0.893910
vt 0.360658 0.893399
vt 0.370146 0.891645
vt 0.349418 0.887416
vt 0.376854 0.891478
vt 0.359188 0.886849
vt 0.381373 0.896259
vt 0.385602 0.894175
vt 0.346848 0.888233
vt 0.344424 0.891273
vt 0.356189 0.879416
vt 0.372247 0.885706
vt 0.381716 0.890433
vt 0.348156 0.879914
vt 0.344267 0.883843
vt 0.379591 0.885054
vt 0.384989 0.886505
vt 0.390522 0.891642
vt 0.389220 0.884238
vt 0.386344 0.879050
vt 0.392617 0.881747
vt 0.368742 0.878557
vt 0.379527 0.879906
vt 0.392457 0.875910
vt 0.345701 0.875901
vt 0.353140 0.870626
vt 0.380795 0.868950
vt 0.387477 0.873074
vt 0.345605 0.870327
vt 0.362793 0.869383
vt 0.370150 0.867846
vt 0.335487 0.870111
vt 0.341122 0.861671
vt 0.384304 0.865807
vt 0.387793 0.867844
vt 0.388134 0.862393
vt 0.350467 0.858518
vt 0.382561 0.859513
vt 0.384995 0.861114
vt 0.360010 0.856586
vt 0.370224 0.859060
vt 0.378613 0.858392
vt 0.383754 0.855641
vt 0.372649 0.851583
vt 0.380111 0.851988
vt 0.387446 0.856690
vt 0.389864 0.858593
vt 0.386625 0.852985
vt 0.336777 0.850113
vt 0.344933 0.847070
vt 0.364352 0.850377
vt 0.386270 0.848104
vt 0.390060 0.849080
vt 0.333452 0.843627
vt 0.352814 0.847245
vt 0.371247 0.844642
vt 0.392902 0.856530
vt 0.411021 0.841742
vt 0.410854 0.846413
vt 0.406569 0.844659
vt 0.338565 0.837978
vt 0.379986 0.840868
vt 0.391464 0.853728
vt 0.409892 0.850506
vt 0.404258 0.848163
vt 0.404613 0.851083
vt 0.332014 0.832609
vt 0.346889 0.840890
vt 0.357126 0.839691
vt 0.394692 0.851685
vt 0.396436 0.853816
vt 0.400132 0.844237
vt 0.399013 0.851143
vt 0.346323 0.834644
vt 0.363762 0.836981
vt 0.394397 0.841987
vt 0.394844 0.846037
vt 0.399094 0.848775
vt 0.405079 0.840994
vt 0.337930 0.828960
vt 0.388672 0.836161
vt 0.356467 0.829619
vt 0.369697 0.833740
vt 0.398754 0.833139
vt 0.408560 0.833435
vt 0.348115 0.821001
vt 0.327868 0.819383
vt 0.364581 0.826245
vt 0.377436 0.826139
vt 0.335105 0.815934
vt 0.401582 0.824021
vt 0.413445 0.822522
vt 0.368567 0.815370
vt 0.389549 0.818336
vt 0.422502 0.810486
vt 0.422931 0.825792
vt 0.429901 0.816704
vt 0.325947 0.804917
vt 0.344610 0.811431
vt 0.358148 0.817726
vt 0.410526 0.811110
vt 0.398905 0.810528
vt 0.377491 0.816827
vt 0.352764 0.809403
vt 0.318881 0.798797
vt 0.328854 0.794071
vt 0.333234 0.801651
vt 0.362373 0.803495
vt 0.386057 0.804285
vt 0.426108 0.798836
vt 0.308381 0.782029
vt 0.306550 0.776155
vt 0.312454 0.771728
vt 0.319828 0.784603
vt 0.344327 0.801031
vt 0.377289 0.805309
vt 0.417302 0.801909
vt 0.427527 0.783922
vt 0.307789 0.771403
vt 0.308868 0.765978
vt 0.305962 0.766374
vt 0.306598 0.757638
vt 0.330023 0.786704
vt 0.405182 0.800250
vt 0.418620 0.790136
vt 0.300517 0.751812
vt 0.307400 0.749742
vt 0.314177 0.760930
vt 0.337723 0.789759
vt 0.353178 0.793558
vt 0.394344 0.799918
vt 0.408601 0.792845
vt 0.320825 0.768634
vt 0.329931 0.776418
vt 0.345149 0.789721
vt 0.376292 0.794217
vt 0.317216 0.746584
vt 0.322803 0.757612
vt 0.389896 0.790670
vt 0.422728 0.771506
vt 0.333776 0.767674
vt 0.344099 0.776199
vt 0.361958 0.787130
vt 0.401371 0.783453
vt 0.353470 0.783398
vt 0.382379 0.784306
vt 0.410557 0.778405
vt 0.430470 0.758670
vt 0.331004 0.752691
vt 0.373232 0.784046
vt 0.325744 0.741116
vt 0.363605 0.778248
vt 0.395378 0.778169
vt 0.402620 0.772118
vt 0.410081 0.763667
vt 0.421564 0.759552
vt 0.341555 0.763224
vt 0.358958 0.768675
vt 0.375427 0.773832
vt 0.384945 0.768813
vt 0.341407 0.739448
vt 0.342494 0.751890
vt 0.351002 0.764468
vt 0.393479 0.766255
vt 0.349894 0.757144
vt 0.399818 0.757929
vt 0.407470 0.749265
vt 0.415753 0.743449
vt 0.349979 0.742021
vt 0.358491 0.760511
vt 0.371524 0.761697
vt 0.357898 0.748768
vt 0.389018 0.754939
vt 0.399687 0.747544
vt 0.412478 0.737756
vt 0.353193 0.734017
vt 0.370550 0.754140
vt 0.371607 0.739967
vt 0.380867 0.755094
vt 0.381643 0.746958
vt 0.394683 0.742882
vt 0.405441 0.738804
vt 0.365623 0.732569
vt 0.384930 0.737034
vt 0.392154 0.733259
vt 0.397111 0.731927
vt 0.375856 0.725957
vt 0.385347 0.722634
vt 0.392483 0.722997
vt 0.397325 0.726721
vt 0.395070 0.716755
vt 0.403552 0.729476
vt 0.399535 0.720856
vt 0.408753 0.720088
vt 0.403389 0.714917
vt 0.408333 0.728682
vt 0.415163 0.720370
vt 0.408685 0.711107
vt 0.414529 0.716465
vt 0.418895 0.709698
vt 0.422236 0.714249
vt 0.572698 0.384044
vt 0.572620 0.376836
vt 0.566383 0.383785
vt 0.581680 0.379699
vt 0.570177 0.389712
vt 0.565220 0.392372
vt 0.576153 0.392661
vt 0.570170 0.396697
vt 0.583464 0.389530
vt 0.578888 0.400396
vt 0.572526 0.405037
vt 0.577839 0.371315
vt 0.573000 0.369347
vt 0.565844 0.376331
vt 0.589531 0.393322
vt 0.581503 0.407573
vt 0.575494 0.413348
vt 0.569666 0.411362
vt 0.565205 0.368386
vt 0.591565 0.385204
vt 0.589608 0.374027
vt 0.570314 0.358635
vt 0.583914 0.366999
vt 0.578333 0.362768
vt 0.589041 0.407298
vt 0.580109 0.421294
vt 0.597962 0.379087
vt 0.598231 0.388593
vt 0.597200 0.400418
vt 0.587570 0.416541
vt 0.564581 0.360171
vt 0.583550 0.358209
vt 0.588215 0.364031
vt 0.597077 0.366122
vt 0.594091 0.415998
vt 0.575639 0.351469
vt 0.594557 0.355447
vt 0.606952 0.375701
vt 0.588867 0.351657
vt 0.603501 0.354464
vt 0.612583 0.366339
vt 0.608082 0.386378
vt 0.606186 0.403022
vt 0.603135 0.413292
vt 0.590543 0.429310
vt 0.580391 0.345931
vt 0.621067 0.374047
vt 0.617717 0.383418
vt 0.598740 0.345552
vt 0.616216 0.357517
vt 0.617326 0.347835
vt 0.630001 0.363454
vt 0.625815 0.387306
vt 0.611698 0.395524
vt 0.627408 0.398690
vt 0.599856 0.424433
vt 0.592051 0.340084
vt 0.608067 0.340588
vt 0.628502 0.354280
vt 0.634215 0.376916
vt 0.612433 0.408322
vt 0.636849 0.394266
vt 0.627952 0.410856
vt 0.636112 0.407911
vt 0.646663 0.404975
vt 0.639285 0.419542
vt 0.644245 0.414678
vt 0.657154 0.422964
vt 0.649643 0.430443
vt 0.603701 0.333765
vt 0.640150 0.368711
vt 0.643089 0.382508
vt 0.651955 0.394418
vt 0.658476 0.407704
vt 0.668450 0.418001
vt 0.671634 0.433016
vt 0.663397 0.440202
vt 0.659049 0.448484
vt 0.645848 0.450385
vt 0.619997 0.334873
vt 0.630564 0.342397
vt 0.638131 0.359113
vt 0.652678 0.378878
vt 0.608349 0.420916
vt 0.661332 0.391644
vt 0.673969 0.405765
vt 0.682276 0.430246
vt 0.652324 0.466057
vt 0.672927 0.451383
vt 0.683530 0.441471
vt 0.666638 0.464159
vt 0.687127 0.452719
vt 0.682638 0.460241
vt 0.610595 0.330068
vt 0.640872 0.350514
vt 0.651337 0.364257
vt 0.604838 0.434095
vt 0.597409 0.444107
vt 0.681718 0.415746
vt 0.664786 0.474361
vt 0.684125 0.470439
vt 0.696726 0.459106
vt 0.676395 0.482324
vt 0.696816 0.469487
vt 0.693924 0.476512
vt 0.688591 0.485677
vt 0.667081 0.380582
vt 0.691010 0.422976
vt 0.693020 0.434678
vt 0.700442 0.443985
vt 0.703212 0.482378
vt 0.694535 0.487697
vt 0.642136 0.341151
vt 0.609897 0.431388
vt 0.676050 0.389360
vt 0.702702 0.431182
vt 0.707652 0.459679
vt 0.711513 0.470729
vt 0.702186 0.491567
vt 0.690990 0.496411
vt 0.621307 0.321617
vt 0.635684 0.332795
vt 0.669648 0.363403
vt 0.684935 0.401739
vt 0.695017 0.411285
vt 0.712190 0.443307
vt 0.714185 0.485623
vt 0.697214 0.500554
vt 0.706771 0.502280
vt 0.715884 0.516388
vt 0.717059 0.503547
vt 0.701645 0.514598
vt 0.617918 0.317726
vt 0.629431 0.322644
vt 0.652836 0.354787
vt 0.651233 0.344500
vt 0.687233 0.390700
vt 0.707881 0.420737
vt 0.717643 0.460812
vt 0.721091 0.468521
vt 0.690630 0.508379
vt 0.723404 0.488476
vt 0.694125 0.524196
vt 0.734066 0.501570
vt 0.728868 0.514868
vt 0.701908 0.533276
vt 0.711855 0.527712
vt 0.723724 0.525110
vt 0.646959 0.332610
vt 0.610216 0.443542
vt 0.681760 0.378709
vt 0.695049 0.400949
vt 0.714293 0.430982
vt 0.723252 0.457365
vt 0.724586 0.474006
vt 0.736911 0.484257
vt 0.707079 0.545272
vt 0.743958 0.518817
vt 0.724362 0.539484
vt 0.736953 0.528790
vt 0.663091 0.348989
vt 0.748552 0.495070
vt 0.757693 0.509429
vt 0.755563 0.522302
vt 0.749524 0.535103
vt 0.729615 0.553963
vt 0.741449 0.543183
vt 0.629309 0.311857
vt 0.640495 0.324431
vt 0.729011 0.465324
vt 0.737758 0.468727
vt 0.755022 0.479435
vt 0.714630 0.562775
vt 0.743352 0.558033
vt 0.753727 0.553817
vt 0.731270 0.564891
vt 0.765761 0.487390
vt 0.765387 0.500965
vt 0.766384 0.529756
vt 0.766741 0.547383
vt 0.723966 0.575296
vt 0.733569 0.568540
vt 0.746953 0.561517
vt 0.758307 0.558597
vt 0.640602 0.312801
vt 0.658550 0.338391
vt 0.684321 0.365792
vt 0.739104 0.458634
vt 0.732714 0.452554
vt 0.752713 0.462947
vt 0.773051 0.512118
vt 0.779517 0.537182
vt 0.769032 0.554546
vt 0.740354 0.439886
vt 0.748702 0.450253
vt 0.782956 0.522761
vt 0.776051 0.552490
vt 0.676071 0.350164
vt 0.700140 0.375634
vt 0.767209 0.469186
vt 0.777674 0.492582
vt 0.784774 0.506177
vt 0.783837 0.552452
vt 0.636758 0.306325
vt 0.762551 0.452865
vt 0.780309 0.477169
vt 0.789730 0.541077
vt 0.795485 0.553275
vt 0.789774 0.557491
vt 0.755542 0.435834
vt 0.781723 0.457785
vt 0.790224 0.487596
vt 0.798442 0.505135
vt 0.799774 0.529137
vt 0.749802 0.426912
vt 0.809218 0.546296
vt 0.772230 0.440553
vt 0.792533 0.471817
vt 0.804570 0.487284
vt 0.806612 0.556439
vt 0.763073 0.426821
vt 0.812985 0.530741
vt 0.809961 0.512420
vt 0.814294 0.498898
vt 0.658973 0.328775
vt 0.649927 0.316969
vt 0.654539 0.323249
vt 0.670898 0.338909
vt 0.642787 0.304383
vt 0.639692 0.299606
vt 0.662358 0.319380
vt 0.688038 0.350529
vt 0.698259 0.362201
vt 0.653498 0.305641
vt 0.672074 0.329042
vt 0.682616 0.337151
vt 0.659797 0.312061
vt 0.648108 0.296600
vt 0.668355 0.313057
vt 0.677937 0.320323
vt 0.698021 0.351174
vt 0.710232 0.367107
vt 0.647870 0.288092
vt 0.694905 0.340695
vt 0.710174 0.356340
vt 0.656032 0.295406
vt 0.661553 0.302620
vt 0.704952 0.345017
vt 0.735053 0.376060
vt 0.725696 0.375155
vt 0.727935 0.385190
vt 0.693486 0.330354
vt 0.743912 0.385424
vt 0.727496 0.365549
vt 0.719223 0.364826
vt 0.664625 0.292138
vt 0.673895 0.302334
vt 0.689554 0.319787
vt 0.713563 0.342033
vt 0.721860 0.356669
vt 0.679427 0.307739
vt 0.659034 0.286351
vt 0.654749 0.282222
vt 0.746125 0.374038
vt 0.671924 0.291599
vt 0.706006 0.330808
vt 0.731980 0.356807
vt 0.727253 0.345492
vt 0.738630 0.366547
vt 0.752246 0.386682
vt 0.752881 0.377910
vt 0.665333 0.280617
vt 0.660887 0.274807
vt 0.692873 0.306130
vt 0.699610 0.317853
vt 0.683906 0.296620
vt 0.717465 0.329830
vt 0.741573 0.357907
vt 0.748507 0.361609
vt 0.672188 0.283748
vt 0.679331 0.285520
vt 0.711084 0.318367
vt 0.740936 0.346798
vt 0.753333 0.367501
vt 0.667093 0.268288
vt 0.730411 0.335709
vt 0.673612 0.273697
vt 0.693549 0.295892
vt 0.704745 0.305386
vt 0.748480 0.349395
vt 0.677447 0.277568
vt 0.721296 0.321131
vt 0.756546 0.356580
vt 0.673506 0.262312
vt 0.690360 0.286065
vt 0.732830 0.326007
vt 0.701320 0.291433
vt 0.715698 0.309193
vt 0.754435 0.350203
vt 0.682416 0.272750
vt 0.680396 0.264876
vt 0.688940 0.276214
vt 0.746017 0.330589
vt 0.751283 0.340154
vt 0.678863 0.254919
vt 0.710391 0.298381
vt 0.727206 0.313483
vt 0.689619 0.266908
vt 0.687573 0.258490
vt 0.698262 0.274843
vt 0.706238 0.285878
vt 0.724405 0.302625
vt 0.753102 0.327813
vt 0.720406 0.291661
vt 0.740827 0.314602
vt 0.749628 0.318389
vt 0.732938 0.295316
vt 0.756376 0.317415
vt 0.755502 0.311324
vt 0.804991 0.202462
vt 0.805635 0.208418
vt 0.814294 0.209995
vt 0.796632 0.212079
vt 0.803596 0.214444
vt 0.796520 0.215760
vt 0.795850 0.206144
vt 0.800264 0.197509
vt 0.790410 0.194622
vt 0.799292 0.187464
vt 0.788048 0.202657
vt 0.784648 0.218360
vt 0.787407 0.220694
vt 0.782808 0.195871
vt 0.782723 0.187915
vt 0.784483 0.212983
vt 0.784108 0.207065
vt 0.773850 0.193085
vt 0.776572 0.209455
vt 0.775835 0.218867
vt 0.778814 0.222669
vt 0.772445 0.185770
vt 0.776933 0.200641
vt 0.778008 0.232433
vt 0.786179 0.230978
vt 0.765480 0.183655
vt 0.763687 0.188371
vt 0.765373 0.225678
vt 0.770507 0.227296
vt 0.756444 0.183539
vt 0.768334 0.201369
vt 0.768447 0.220087
vt 0.769151 0.211617
vt 0.682946 0.247152
vt 0.728739 0.182016
vt 0.721479 0.187792
vt 0.730183 0.190942
vt 0.760802 0.231587
vt 0.797151 0.244787
vt 0.783774 0.243629
vt 0.689742 0.234679
vt 0.689411 0.246583
vt 0.707375 0.214314
vt 0.698855 0.212128
vt 0.695157 0.222352
vt 0.709610 0.223236
vt 0.706026 0.206491
vt 0.712500 0.196931
vt 0.715419 0.205178
vt 0.720486 0.195207
vt 0.735796 0.186205
vt 0.754343 0.191285
vt 0.749912 0.186586
vt 0.762805 0.196076
vt 0.762049 0.215267
vt 0.759388 0.224170
vt 0.764147 0.236180
vt 0.798452 0.256091
vt 0.808681 0.249014
vt 0.697605 0.232013
vt 0.712697 0.276162
vt 0.760534 0.204381
vt 0.752195 0.231976
vt 0.771359 0.244928
vt 0.789348 0.254628
vt 0.694697 0.240099
vt 0.728673 0.202609
vt 0.695164 0.254102
vt 0.696350 0.262243
vt 0.736502 0.195298
vt 0.743208 0.186523
vt 0.745699 0.192529
vt 0.753173 0.200472
vt 0.749001 0.226544
vt 0.753853 0.220097
vt 0.752286 0.238635
vt 0.781538 0.255010
vt 0.699086 0.245694
vt 0.704340 0.238565
vt 0.722498 0.211519
vt 0.707229 0.266745
vt 0.742705 0.199744
vt 0.740007 0.233903
vt 0.740465 0.220263
vt 0.753263 0.212186
vt 0.725775 0.280764
vt 0.760045 0.248424
vt 0.790225 0.264557
vt 0.715600 0.228631
vt 0.701913 0.255247
vt 0.727036 0.216838
vt 0.737441 0.208553
vt 0.747323 0.206898
vt 0.744244 0.246524
vt 0.739072 0.288515
vt 0.771925 0.255232
vt 0.748628 0.302698
vt 0.710044 0.248279
vt 0.717836 0.238610
vt 0.711685 0.258586
vt 0.723216 0.229243
vt 0.730179 0.232371
vt 0.724053 0.266448
vt 0.722572 0.256088
vt 0.734595 0.243952
vt 0.734126 0.255964
vt 0.765525 0.263482
vt 0.775874 0.269150
vt 0.761607 0.306789
vt 0.724643 0.245435
vt 0.737698 0.273688
vt 0.742226 0.264457
vt 0.751921 0.262338
vt 0.749777 0.280736
vt 0.758110 0.294057
vt 0.760473 0.301255
vt 0.785327 0.271477
vt 0.755627 0.271893
vt 0.769557 0.278059
vt 0.778858 0.276463
vt 0.763774 0.284269
vt 0.767649 0.292388
vt 0.775270 0.282931
vt 0.765011 0.299978
vt 0.782743 0.276310
vt 0.295430 0.536855
vt 0.305289 0.535707
vt 0.300237 0.542606
vt 0.261059 0.538665
vt 0.268817 0.545216
vt 0.260616 0.550040
vt 0.302349 0.529836
vt 0.254321 0.541082
vt 0.184319 0.547892
vt 0.202789 0.553327
vt 0.193527 0.564059
vt 0.179621 0.561500
vt 0.089639 0.563443
vt 0.097811 0.565020
vt 0.090290 0.572783
vt 0.255685 0.530982
vt 0.243010 0.545743
vt 0.248976 0.529780
vt 0.214329 0.538229
vt 0.230828 0.544271
vt 0.220921 0.551345
vt 0.172696 0.551231
vt 0.167546 0.564824
vt 0.155966 0.552710
vt 0.150212 0.573429
vt 0.140147 0.561862
vt 0.295106 0.525079
vt 0.289951 0.536305
vt 0.288416 0.528374
vt 0.282493 0.534065
vt 0.258875 0.528947
vt 0.264203 0.537155
vt 0.265522 0.525978
vt 0.272970 0.532748
vt 0.266374 0.536325
vt 0.240429 0.534033
vt 0.228500 0.533786
vt 0.129355 0.554899
vt 0.117395 0.566314
vt 0.307228 0.522359
vt 0.283977 0.525551
vt 0.276879 0.526273
vt 0.198290 0.532914
vt 0.143705 0.549399
vt 0.111002 0.553999
vt 0.259957 0.519213
vt 0.089958 0.555986
vt 0.300540 0.518804
vt 0.256561 0.521224
vt 0.239657 0.519975
vt 0.164934 0.540403
vt 0.151614 0.540098
vt 0.098422 0.552401
vt 0.086928 0.553694
vt 0.288401 0.519951
vt 0.273855 0.516795
vt 0.178687 0.531622
vt 0.136098 0.543009
vt 0.118280 0.539344
vt 0.099365 0.541908
vt 0.298887 0.512136
vt 0.307072 0.512900
vt 0.293753 0.516405
vt 0.283177 0.518508
vt 0.265144 0.516394
vt 0.256686 0.509013
vt 0.086332 0.543238
vt 0.248131 0.515864
vt 0.227734 0.517128
vt 0.217127 0.523125
vt 0.129181 0.531651
vt 0.262391 0.505786
vt 0.162963 0.523781
vt 0.141895 0.526402
vt 0.288590 0.511491
vt 0.268219 0.508032
vt 0.190123 0.519422
vt 0.293461 0.503591
vt 0.300462 0.504137
vt 0.282512 0.512660
vt 0.208463 0.513774
vt 0.175467 0.518671
vt 0.109014 0.525470
vt 0.283828 0.507612
vt 0.277962 0.508780
vt 0.243936 0.503296
vt 0.232675 0.502904
vt 0.084166 0.528167
vt 0.080750 0.531912
vt 0.295068 0.496432
vt 0.279688 0.502140
vt 0.152369 0.519509
vt 0.285950 0.500646
vt 0.270289 0.498948
vt 0.258745 0.491329
vt 0.249392 0.496513
vt 0.216149 0.504277
vt 0.090174 0.522580
vt 0.289275 0.493887
vt 0.281269 0.492065
vt 0.287205 0.488395
vt 0.275049 0.495319
vt 0.266480 0.493813
vt 0.271132 0.490416
vt 0.196547 0.506836
vt 0.129019 0.513885
vt 0.276084 0.486221
vt 0.273453 0.484304
vt 0.270157 0.477960
vt 0.201875 0.493835
vt 0.167762 0.504410
vt 0.153140 0.504001
vt 0.143417 0.512865
vt 0.114402 0.507708
vt 0.100313 0.506602
vt 0.083574 0.507955
vt 0.186470 0.498991
vt 0.078277 0.516609
vt 0.238176 0.488814
vt 0.221112 0.490550
vt 0.256695 0.479338
vt 0.248827 0.485924
vt 0.130656 0.499280
vt 0.174465 0.489514
vt 0.074897 0.501764
vt 0.237507 0.472555
vt 0.112418 0.493583
vt 0.211061 0.479669
vt 0.160511 0.489047
vt 0.226627 0.477037
vt 0.188621 0.481647
vt 0.146353 0.489859
vt 0.085014 0.491849
vt 0.128594 0.485346
vt 0.097401 0.484071
vt 0.110479 0.477113
vt 0.074857 0.481840
vt 0.085285 0.480492
vt 0.200615 0.473116
vt 0.171849 0.475513
vt 0.144491 0.471428
vt 0.121437 0.472740
vt 0.094683 0.470297
vt 0.225624 0.458492
vt 0.218485 0.467795
vt 0.208842 0.464576
vt 0.079708 0.468134
vt 0.189603 0.469526
vt 0.178016 0.466233
vt 0.162954 0.462923
vt 0.213209 0.457097
vt 0.200920 0.460140
vt 0.113300 0.458725
vt 0.066303 0.460370
vt 0.189403 0.458813
vt 0.099163 0.459198
vt 0.085021 0.458467
vt 0.172011 0.456165
vt 0.146864 0.454759
vt 0.129619 0.452923
vt 0.073136 0.456222
vt 0.081940 0.455759
vt 0.092319 0.454587
vt 0.078611 0.452712
vt 0.121756 0.449330
vt 0.115023 0.447898
vt 0.102913 0.450781
vt 0.095438 0.449704
vt 0.087741 0.448402
vt 0.134338 0.443301
vt 0.109282 0.444986
vt 0.099857 0.444381
vt 0.093317 0.444130
vt 0.121593 0.438318
vt 0.128488 0.435681
vt 0.101504 0.441917
vt 0.116776 0.435362
vt 0.106944 0.437368
vt 0.126918 0.429458
vt 0.121413 0.427608
vt 0.113673 0.426532
vt 0.363447 0.487969
vt 0.368155 0.478888
vt 0.375882 0.484367
vt 0.373031 0.493263
vt 0.356721 0.473787
vt 0.359215 0.497855
vt 0.365387 0.501216
vt 0.354431 0.486726
vt 0.349161 0.486616
vt 0.347342 0.479538
vt 0.354453 0.496110
vt 0.361985 0.510493
vt 0.357488 0.504858
vt 0.377335 0.469730
vt 0.365964 0.466905
vt 0.378137 0.501976
vt 0.367207 0.511603
vt 0.361912 0.518717
vt 0.413768 0.468407
vt 0.412314 0.458755
vt 0.420608 0.455918
vt 0.403495 0.463360
vt 0.410023 0.447997
vt 0.393466 0.449942
vt 0.420672 0.484233
vt 0.425380 0.474486
vt 0.407544 0.480664
vt 0.397738 0.474170
vt 0.387005 0.463757
vt 0.389651 0.478110
vt 0.377033 0.457487
vt 0.388137 0.490495
vt 0.363675 0.519030
vt 0.412537 0.437606
vt 0.420085 0.439884
vt 0.433563 0.463784
vt 0.403881 0.443406
vt 0.430043 0.487684
vt 0.434807 0.496964
vt 0.436796 0.486846
vt 0.426694 0.501174
vt 0.412804 0.493633
vt 0.398375 0.488025
vt 0.391837 0.500344
vt 0.380635 0.512307
vt 0.366691 0.525190
vt 0.373653 0.519598
vt 0.428833 0.447698
vt 0.434279 0.473451
vt 0.442358 0.477328
vt 0.442727 0.495644
vt 0.435186 0.508813
vt 0.439189 0.504231
vt 0.402548 0.494814
vt 0.391027 0.511242
vt 0.364376 0.528723
vt 0.447238 0.490816
vt 0.439942 0.510832
vt 0.424774 0.511473
vt 0.415744 0.507219
vt 0.410765 0.502684
vt 0.398747 0.505201
vt 0.377022 0.528781
vt 0.423264 0.430000
vt 0.431338 0.438643
vt 0.440779 0.459052
vt 0.446451 0.506556
vt 0.435782 0.515128
vt 0.430031 0.516717
vt 0.432905 0.523007
vt 0.404329 0.503782
vt 0.387205 0.523340
vt 0.370175 0.533397
vt 0.450060 0.473281
vt 0.450651 0.482435
vt 0.451705 0.499783
vt 0.438512 0.518576
vt 0.443446 0.513287
vt 0.425266 0.521804
vt 0.420646 0.519510
vt 0.414123 0.515508
vt 0.398988 0.519324
vt 0.453757 0.491302
vt 0.425887 0.527504
vt 0.406672 0.516046
vt 0.419935 0.526305
vt 0.413179 0.521936
vt 0.365642 0.542176
vt 0.448045 0.512995
vt 0.442582 0.520818
vt 0.390639 0.534092
vt 0.456404 0.507101
vt 0.436234 0.527092
vt 0.380539 0.543262
vt 0.372309 0.545996
vt 0.430658 0.533490
vt 0.416795 0.531912
vt 0.405585 0.525853
vt 0.400844 0.529513
vt 0.453059 0.513404
vt 0.447428 0.520253
vt 0.438378 0.527708
vt 0.444830 0.529234
vt 0.424691 0.533792
vt 0.420248 0.536439
vt 0.410453 0.531107
vt 0.365084 0.555879
vt 0.446794 0.525204
vt 0.434666 0.533712
vt 0.441272 0.531763
vt 0.437085 0.534781
vt 0.427155 0.545233
vt 0.406752 0.534535
vt 0.415761 0.540272
vt 0.401726 0.538398
vt 0.388019 0.550119
vt 0.378160 0.554568
vt 0.372480 0.559407
vt 0.454090 0.522006
vt 0.462853 0.519643
vt 0.459318 0.525436
vt 0.451691 0.532415
vt 0.445459 0.536634
vt 0.433546 0.543477
vt 0.431466 0.542062
vt 0.422245 0.544346
vt 0.439465 0.540394
vt 0.410360 0.544684
vt 0.416317 0.551125
vt 0.404845 0.547294
vt 0.407675 0.545048
vt 0.395104 0.554881
vt 0.383813 0.561838
vt 0.463548 0.534276
vt 0.437297 0.547821
vt 0.429967 0.549990
vt 0.421456 0.554706
vt 0.380878 0.572450
vt 0.372011 0.572182
vt 0.453418 0.543979
vt 0.444369 0.546836
vt 0.460498 0.544034
vt 0.432963 0.552504
vt 0.427410 0.554359
vt 0.430493 0.554482
vt 0.409064 0.554625
vt 0.440486 0.554716
vt 0.436223 0.554942
vt 0.402673 0.560501
vt 0.454008 0.552300
vt 0.446730 0.557696
vt 0.431759 0.559476
vt 0.414834 0.560243
vt 0.429733 0.563824
vt 0.436895 0.563160
vt 0.423627 0.569229
vt 0.409353 0.563250
vt 0.461164 0.553799
vt 0.433798 0.565894
vt 0.414163 0.566468
vt 0.458187 0.560527
vt 0.432445 0.569110
vt 0.436425 0.571366
vt 0.440570 0.571500
vt 0.447256 0.568639
vt 0.434775 0.573429
vt 0.343967 0.468684
vt 0.338722 0.473700
vt 0.380464 0.447770
vt 0.367087 0.454723
vt 0.355373 0.457455
vt 0.403346 0.434816
vt 0.390714 0.437327
vt 0.365711 0.445985
vt 0.345914 0.455064
vt 0.334111 0.467473
vt 0.414186 0.429251
vt 0.396476 0.426741
vt 0.378601 0.439835
vt 0.328503 0.459077
vt 0.405754 0.421924
vt 0.370128 0.436283
vt 0.356162 0.442629
vt 0.325314 0.461535
vt 0.418800 0.423277
vt 0.412312 0.420899
vt 0.381672 0.428690
vt 0.337565 0.449598
vt 0.428377 0.426728
vt 0.388430 0.421020
vt 0.365109 0.428502
vt 0.347044 0.440676
vt 0.422092 0.417464
vt 0.411874 0.411262
vt 0.321166 0.447262
vt 0.316460 0.454392
vt 0.403823 0.408137
vt 0.396182 0.414788
vt 0.418404 0.408615
vt 0.378678 0.419096
vt 0.333423 0.437960
vt 0.388235 0.412424
vt 0.367063 0.416929
vt 0.345183 0.432141
vt 0.308879 0.446923
vt 0.303669 0.453581
vt 0.416838 0.399934
vt 0.395262 0.403211
vt 0.301127 0.448172
vt 0.410207 0.401581
vt 0.375356 0.406839
vt 0.355221 0.416949
vt 0.292014 0.449701
vt 0.384677 0.399158
vt 0.336574 0.418653
vt 0.312611 0.437863
vt 0.291497 0.439638
vt 0.402614 0.398679
vt 0.324221 0.427059
vt 0.303053 0.435930
vt 0.283462 0.441285
vt 0.407459 0.392419
vt 0.413525 0.389550
vt 0.398263 0.392135
vt 0.364135 0.402614
vt 0.312022 0.426357
vt 0.402028 0.384797
vt 0.391031 0.391024
vt 0.341842 0.406342
vt 0.319086 0.417751
vt 0.297604 0.427488
vt 0.393999 0.380029
vt 0.379678 0.390660
vt 0.366924 0.392484
vt 0.285901 0.426462
vt 0.353208 0.398213
vt 0.273760 0.426802
vt 0.272280 0.438126
vt 0.411276 0.379119
vt 0.324813 0.407475
vt 0.308354 0.414427
vt 0.378492 0.382571
vt 0.298592 0.413656
vt 0.408450 0.369382
vt 0.401369 0.372108
vt 0.386537 0.375886
vt 0.343330 0.394461
vt 0.284887 0.415202
vt 0.366981 0.377702
vt 0.357126 0.383170
vt 0.330164 0.393103
vt 0.316973 0.402023
vt 0.394755 0.367121
vt 0.377395 0.372489
vt 0.402559 0.357304
vt 0.343234 0.383354
vt 0.387060 0.367298
vt 0.368416 0.363689
vt 0.357118 0.370937
vt 0.267107 0.459277
vt 0.281336 0.470363
vt 0.255244 0.462870
vt 0.279214 0.454418
vt 0.264520 0.446442
vt 0.243883 0.459150
vt 0.251508 0.444548
vt 0.233852 0.456499
vt 0.265591 0.434138
vt 0.236470 0.443604
vt 0.266550 0.424048
vt 0.224243 0.446452
vt 0.260535 0.426390
vt 0.254072 0.429162
vt 0.243389 0.429341
vt 0.215101 0.445697
vt 0.198946 0.446020
vt 0.182078 0.448172
vt 0.165778 0.445772
vt 0.302989 0.399592
vt 0.273020 0.410880
vt 0.251998 0.415169
vt 0.288323 0.405342
vt 0.257451 0.411430
vt 0.233216 0.423454
vt 0.147443 0.442047
vt 0.317234 0.392679
vt 0.219559 0.430069
vt 0.191802 0.437989
vt 0.337430 0.377866
vt 0.242128 0.412142
vt 0.202027 0.429240
vt 0.178352 0.434308
vt 0.391462 0.357296
vt 0.376623 0.364720
vt 0.319298 0.381523
vt 0.287967 0.393231
vt 0.271773 0.396534
vt 0.261685 0.402337
vt 0.166274 0.433204
vt 0.153630 0.431682
vt 0.141021 0.432935
vt 0.100389 0.434490
vt 0.094697 0.439248
vt 0.303402 0.383288
vt 0.242209 0.400779
vt 0.222678 0.415856
vt 0.134723 0.424672
vt 0.247362 0.392587
vt 0.231058 0.401539
vt 0.187681 0.423327
vt 0.177625 0.418319
vt 0.144803 0.419056
vt 0.382270 0.352563
vt 0.348958 0.362266
vt 0.212323 0.412474
vt 0.158946 0.418905
vt 0.126723 0.420598
vt 0.133360 0.416758
vt 0.093300 0.428697
vt 0.398998 0.345816
vt 0.391351 0.347693
vt 0.370604 0.350486
vt 0.361176 0.357724
vt 0.327235 0.370828
vt 0.198077 0.413150
vt 0.118999 0.424115
vt 0.100523 0.423232
vt 0.337801 0.367928
vt 0.294913 0.372654
vt 0.280643 0.383362
vt 0.257547 0.387728
vt 0.220416 0.398233
vt 0.167546 0.410162
vt 0.140057 0.409527
vt 0.135237 0.409872
vt 0.124081 0.415651
vt 0.314197 0.370799
vt 0.232887 0.390440
vt 0.184871 0.406083
vt 0.150535 0.403331
vt 0.138030 0.399752
vt 0.129394 0.410137
vt 0.110684 0.417797
vt 0.393097 0.335963
vt 0.402756 0.328758
vt 0.378570 0.341724
vt 0.340292 0.356097
vt 0.325755 0.356915
vt 0.267035 0.380381
vt 0.245362 0.380138
vt 0.205751 0.396914
vt 0.141308 0.401803
vt 0.284289 0.368019
vt 0.225841 0.385529
vt 0.212546 0.385288
vt 0.191684 0.396717
vt 0.163249 0.394027
vt 0.148544 0.389246
vt 0.142192 0.386233
vt 0.137131 0.386033
vt 0.129059 0.400755
vt 0.396779 0.322131
vt 0.354295 0.346834
vt 0.314216 0.359524
vt 0.219660 0.380450
vt 0.178834 0.392652
vt 0.165665 0.381959
vt 0.149980 0.375806
vt 0.136260 0.370941
vt 0.140349 0.370245
vt 0.091744 0.416969
vt 0.086717 0.419644
vt 0.385094 0.334723
vt 0.269672 0.370822
vt 0.255719 0.374629
vt 0.229423 0.376312
vt 0.220095 0.370414
vt 0.212888 0.366555
vt 0.198652 0.383152
vt 0.145320 0.365021
vt 0.122846 0.405735
vt 0.114588 0.407434
vt 0.302423 0.351971
vt 0.243376 0.369844
vt 0.203660 0.371910
vt 0.186200 0.377633
vt 0.162293 0.367060
vt 0.155950 0.354376
vt 0.104737 0.411206
vt 0.097771 0.412523
vt 0.387622 0.320448
vt 0.365865 0.337343
vt 0.277765 0.357421
vt 0.262196 0.365354
vt 0.227507 0.364370
vt 0.199371 0.354831
vt 0.206438 0.353263
vt 0.187364 0.367486
vt 0.174739 0.370060
vt 0.172095 0.356908
vt 0.091543 0.408097
vt 0.088475 0.413732
vt 0.378282 0.320608
vt 0.340858 0.340372
vt 0.329395 0.343417
vt 0.316769 0.345258
vt 0.288277 0.354347
vt 0.253559 0.359807
vt 0.222690 0.353049
vt 0.212178 0.353136
vt 0.189598 0.338180
vt 0.205322 0.341485
vt 0.186096 0.352512
vt 0.118691 0.400087
vt 0.103663 0.407094
vt 0.098627 0.401011
vt 0.392287 0.308046
vt 0.372218 0.330677
vt 0.357430 0.330481
vt 0.351699 0.338225
vt 0.264829 0.353611
vt 0.242771 0.357662
vt 0.237867 0.348475
vt 0.121356 0.393271
vt 0.128546 0.387487
vt 0.111235 0.401754
vt 0.385111 0.310253
vt 0.366396 0.322944
vt 0.345971 0.331536
vt 0.332322 0.334238
vt 0.308259 0.336645
vt 0.295649 0.343596
vt 0.279733 0.346643
vt 0.211429 0.343224
vt 0.321199 0.334060
vt 0.269131 0.340951
vt 0.253751 0.345833
vt 0.251868 0.335615
vt 0.223793 0.342950
vt 0.239268 0.336567
vt 0.218529 0.336912
vt 0.113061 0.390421
vt 0.103210 0.400074
vt 0.383914 0.297448
vt 0.392772 0.294869
vt 0.378479 0.302928
vt 0.368574 0.309032
vt 0.358294 0.318895
vt 0.331803 0.321425
vt 0.344714 0.320631
vt 0.288384 0.333575
vt 0.237170 0.327485
vt 0.089963 0.394824
vt 0.086619 0.405580
vt 0.306100 0.265280
vt 0.313242 0.273353
vt 0.297381 0.270954
vt 0.314899 0.321626
vt 0.300995 0.322167
vt 0.264044 0.331939
vt 0.254603 0.323680
vt 0.117013 0.375992
vt 0.103308 0.390931
vt 0.382085 0.282284
vt 0.343071 0.305803
vt 0.325415 0.309524
vt 0.289601 0.313733
vt 0.274891 0.316033
vt 0.128938 0.376987
vt 0.382679 0.258795
vt 0.392454 0.264138
vt 0.378301 0.268047
vt 0.373722 0.290809
vt 0.364784 0.294750
vt 0.357078 0.305897
vt 0.319808 0.267661
vt 0.329595 0.276964
vt 0.306845 0.293424
vt 0.321287 0.291575
vt 0.316604 0.302650
vt 0.305442 0.304942
vt 0.294568 0.301784
vt 0.282425 0.302553
vt 0.097947 0.389217
vt 0.372522 0.258978
vt 0.368925 0.276705
vt 0.354503 0.291690
vt 0.342104 0.289063
vt 0.331712 0.296858
vt 0.325149 0.284566
vt 0.312380 0.255101
vt 0.306535 0.250483
vt 0.360489 0.277777
vt 0.329745 0.266079
vt 0.130961 0.365826
vt 0.122401 0.365426
vt 0.107900 0.382469
vt 0.092038 0.379810
vt 0.081893 0.385563
vt 0.379301 0.249785
vt 0.368186 0.267687
vt 0.351356 0.277421
vt 0.343323 0.277264
vt 0.336979 0.271324
vt 0.101087 0.382483
vt 0.323492 0.256962
vt 0.316869 0.243023
vt 0.104510 0.373489
vt 0.079587 0.370103
vt 0.376839 0.239836
vt 0.370610 0.249073
vt 0.361327 0.263154
vt 0.358293 0.267435
vt 0.349547 0.268604
vt 0.343716 0.265436
vt 0.323641 0.247146
vt 0.129024 0.354617
vt 0.098502 0.373396
vt 0.338298 0.261040
vt 0.329733 0.254683
vt 0.366301 0.239135
vt 0.362286 0.247631
vt 0.362424 0.255626
vt 0.352982 0.259552
vt 0.119639 0.351558
vt 0.108703 0.361503
vt 0.353564 0.249512
vt 0.343422 0.251030
vt 0.334335 0.247951
vt 0.325029 0.238718
vt 0.090333 0.363642
vt 0.356528 0.237610
vt 0.335647 0.237067
vt 0.100820 0.356716
vt 0.077739 0.356439
vt 0.346314 0.238726
vt 0.344793 0.231176
vt 0.123771 0.334547
vt 0.133780 0.344497
vt 0.129250 0.326732
vt 0.112780 0.345717
vt 0.106084 0.348392
vt 0.095118 0.351978
vt 0.115673 0.334801
vt 0.089032 0.344226
vt 0.097395 0.340130
vt 0.082439 0.339715
vt 0.107600 0.334212
vt 0.119136 0.323015
vt 0.126243 0.312108
vt 0.110232 0.325517
vt 0.088041 0.330109
vt 0.100036 0.323776
vt 0.078282 0.328707
vt 0.117314 0.309640
vt 0.112201 0.316298
vt 0.083692 0.323030
vt 0.092289 0.318705
vt 0.121547 0.296348
vt 0.129526 0.298025
vt 0.103784 0.313421
vt 0.088190 0.309947
vt 0.076639 0.317409
vt 0.129033 0.282833
vt 0.112106 0.300868
vt 0.096213 0.310339
vt 0.082157 0.301909
vt 0.102886 0.303553
vt 0.097490 0.299896
vt 0.087381 0.294917
vt 0.118949 0.280038
vt 0.111693 0.288674
vt 0.104060 0.292308
vt 0.094101 0.291123
vt 0.126870 0.270647
vt 0.104792 0.281834
vt 0.098481 0.277900
vt 0.088866 0.283196
vt 0.117821 0.269411
vt 0.121825 0.261941
vt 0.111833 0.276454
vt 0.093057 0.272649
vt 0.083529 0.273808
vt 0.114153 0.258022
vt 0.111980 0.264840
vt 0.102247 0.268771
vt 0.088637 0.266968
vt 0.107074 0.260471
vt 0.108527 0.255697
vt 0.080478 0.260699
vt 0.092024 0.256564
vt 0.102336 0.254380
vt 0.100308 0.260514
vt 0.095619 0.264052
vt 0.584101 0.628046
vt 0.591174 0.635621
vt 0.595392 0.621310
vt 0.589583 0.639390
vt 0.585445 0.636161
vt 0.633227 0.514918
vt 0.644374 0.508872
vt 0.638130 0.502479
vt 0.580911 0.634334
vt 0.583036 0.616432
vt 0.592249 0.611415
vt 0.619778 0.549556
vt 0.627066 0.534774
vt 0.613504 0.528639
vt 0.609332 0.546959
vt 0.610300 0.562934
vt 0.597907 0.576714
vt 0.598092 0.589471
vt 0.607846 0.576765
vt 0.574267 0.627485
vt 0.634668 0.493836
vt 0.631891 0.503114
vt 0.641086 0.495112
vt 0.621764 0.517152
vt 0.583937 0.601661
vt 0.597877 0.601469
vt 0.570912 0.630232
vt 0.621079 0.497013
vt 0.584976 0.582285
vt 0.569150 0.611686
vt 0.597904 0.552226
vt 0.591651 0.564327
vt 0.562195 0.621683
vt 0.623560 0.480593
vt 0.613679 0.508386
vt 0.591542 0.530435
vt 0.560026 0.625945
vt 0.570869 0.594669
vt 0.611223 0.482224
vt 0.600737 0.511723
vt 0.574688 0.564151
vt 0.569908 0.579663
vt 0.559547 0.608224
vt 0.607425 0.495683
vt 0.585259 0.546474
vt 0.551343 0.619526
vt 0.556845 0.585164
vt 0.550224 0.614124
vt 0.546206 0.600879
vt 0.597279 0.486306
vt 0.594592 0.500477
vt 0.573837 0.533092
vt 0.574086 0.544612
vt 0.561606 0.564646
vt 0.538455 0.617503
vt 0.584340 0.509309
vt 0.565062 0.546816
vt 0.537006 0.612074
vt 0.614721 0.463065
vt 0.593249 0.470480
vt 0.531663 0.600384
vt 0.574929 0.517335
vt 0.562877 0.537910
vt 0.595857 0.459022
vt 0.553313 0.552850
vt 0.537124 0.581916
vt 0.522862 0.610820
vt 0.522004 0.615762
vt 0.582305 0.491645
vt 0.583973 0.479077
vt 0.545128 0.564236
vt 0.571600 0.497702
vt 0.564028 0.524513
vt 0.559693 0.533558
vt 0.555694 0.542365
vt 0.532647 0.567528
vt 0.513229 0.601841
vt 0.580935 0.451676
vt 0.593856 0.443299
vt 0.555515 0.510847
vt 0.544710 0.545788
vt 0.538626 0.561399
vt 0.515640 0.586733
vt 0.553231 0.529665
vt 0.555934 0.537483
vt 0.552712 0.537442
vt 0.546936 0.538958
vt 0.541404 0.551990
vt 0.506155 0.610003
vt 0.573275 0.467506
vt 0.521551 0.570349
vt 0.564706 0.475027
vt 0.538902 0.538952
vt 0.537898 0.544459
vt 0.536026 0.549348
vt 0.504320 0.593190
vt 0.577888 0.426954
vt 0.559943 0.490495
vt 0.540541 0.527105
vt 0.528948 0.547262
vt 0.496117 0.603817
vt 0.493869 0.610460
vt 0.564471 0.453868
vt 0.506728 0.579605
vt 0.568856 0.437083
vt 0.532233 0.533603
vt 0.517686 0.548693
vt 0.512375 0.564737
vt 0.498594 0.587825
vt 0.490334 0.601293
vt 0.484280 0.608160
vt 0.548163 0.498763
vt 0.538770 0.511516
vt 0.500405 0.577950
vt 0.564489 0.424626
vt 0.531896 0.521101
vt 0.518757 0.532780
vt 0.500728 0.571201
vt 0.556654 0.441309
vt 0.545582 0.480868
vt 0.551147 0.460040
vt 0.526469 0.526100
vt 0.507356 0.558364
vt 0.533710 0.500127
vt 0.520112 0.514612
vt 0.509105 0.541138
vt 0.503443 0.550997
vt 0.500219 0.559221
vt 0.545210 0.414719
vt 0.557334 0.413951
vt 0.552076 0.406874
vt 0.598802 0.273155
vt 0.602768 0.264682
vt 0.594641 0.261898
vt 0.548291 0.422701
vt 0.530176 0.488579
vt 0.521011 0.500198
vt 0.507846 0.525289
vt 0.502955 0.532562
vt 0.567839 0.314222
vt 0.571617 0.318892
vt 0.573841 0.312461
vt 0.568814 0.307569
vt 0.553671 0.396076
vt 0.554845 0.383406
vt 0.548815 0.385600
vt 0.544905 0.442501
vt 0.549342 0.433976
vt 0.540494 0.459069
vt 0.599487 0.256494
vt 0.593022 0.252496
vt 0.594517 0.284091
vt 0.587919 0.273818
vt 0.581331 0.293815
vt 0.588543 0.300265
vt 0.587089 0.293568
vt 0.579608 0.302164
vt 0.562178 0.328416
vt 0.567152 0.326710
vt 0.563598 0.319371
vt 0.569062 0.332829
vt 0.545006 0.404469
vt 0.531747 0.471650
vt 0.584216 0.288709
vt 0.579756 0.287870
vt 0.574517 0.301136
vt 0.551999 0.356582
vt 0.559917 0.363976
vt 0.558963 0.351196
vt 0.551940 0.370758
vt 0.557695 0.373532
vt 0.534017 0.412340
vt 0.534443 0.419763
vt 0.537717 0.434557
vt 0.532561 0.452799
vt 0.518055 0.477985
vt 0.507427 0.510802
vt 0.503330 0.517151
vt 0.581114 0.283825
vt 0.586596 0.286791
vt 0.585851 0.281739
vt 0.560042 0.313207
vt 0.552264 0.339751
vt 0.559692 0.336409
vt 0.506401 0.495302
vt 0.584690 0.252911
vt 0.584555 0.262450
vt 0.576472 0.288339
vt 0.573715 0.292748
vt 0.564874 0.296828
vt 0.560037 0.309845
vt 0.554400 0.327628
vt 0.545519 0.370821
vt 0.540553 0.381483
vt 0.537771 0.398239
vt 0.499667 0.504179
vt 0.581084 0.277082
vt 0.557699 0.302640
vt 0.550657 0.318315
vt 0.524326 0.445519
vt 0.523934 0.434588
vt 0.515422 0.455128
vt 0.549816 0.311637
vt 0.544175 0.343804
vt 0.537779 0.355529
vt 0.536605 0.369225
vt 0.533296 0.387283
vt 0.531415 0.395735
vt 0.528746 0.406886
vt 0.520590 0.421219
vt 0.495986 0.486027
vt 0.571804 0.277709
vt 0.575312 0.283177
vt 0.571892 0.285808
vt 0.566857 0.290684
vt 0.547935 0.306377
vt 0.518035 0.411663
vt 0.505400 0.467208
vt 0.490835 0.492840
vt 0.577383 0.268920
vt 0.539967 0.330632
vt 0.523980 0.384531
vt 0.518558 0.390845
vt 0.517288 0.399092
vt 0.577779 0.258465
vt 0.571448 0.271938
vt 0.523438 0.364753
vt 0.507571 0.427344
vt 0.502912 0.437256
vt 0.496069 0.455789
vt 0.483643 0.484401
vt 0.569221 0.279783
vt 0.567788 0.281906
vt 0.559186 0.288405
vt 0.545500 0.296631
vt 0.539161 0.306248
vt 0.540795 0.314477
vt 0.498075 0.412589
vt 0.486466 0.470569
vt 0.481967 0.488286
vt 0.473470 0.485051
vt 0.585473 0.244733
vt 0.574829 0.243200
vt 0.574079 0.251811
vt 0.525380 0.345626
vt 0.514346 0.378532
vt 0.502818 0.403849
vt 0.473307 0.472313
vt 0.472041 0.481211
vt 0.458667 0.484647
vt 0.567842 0.261289
vt 0.569173 0.267762
vt 0.562202 0.280406
vt 0.534752 0.298735
vt 0.554140 0.290507
vt 0.503738 0.390464
vt 0.485292 0.435423
vt 0.482206 0.454486
vt 0.469353 0.458484
vt 0.462025 0.473040
vt 0.458381 0.479908
vt 0.528744 0.313779
vt 0.519934 0.353920
vt 0.489942 0.423166
vt 0.564508 0.275363
vt 0.530418 0.303112
vt 0.525198 0.326572
vt 0.499718 0.379377
vt 0.495087 0.396409
vt 0.485114 0.397973
vt 0.484132 0.408631
vt 0.476117 0.434919
vt 0.463097 0.441215
vt 0.562337 0.265924
vt 0.565372 0.273012
vt 0.546957 0.285014
vt 0.525913 0.294658
vt 0.511027 0.361896
vt 0.477654 0.419073
vt 0.472603 0.402263
vt 0.464420 0.424781
vt 0.567773 0.245245
vt 0.553347 0.282440
vt 0.520517 0.303215
vt 0.519627 0.317671
vt 0.513280 0.342045
vt 0.500139 0.364653
vt 0.485000 0.383115
vt 0.476008 0.396032
vt 0.568414 0.234348
vt 0.564539 0.252431
vt 0.531468 0.287665
vt 0.512189 0.325304
vt 0.505151 0.352373
vt 0.489831 0.369076
vt 0.468670 0.395634
vt 0.461893 0.404289
vt 0.561913 0.269429
vt 0.560878 0.271758
vt 0.556849 0.274766
vt 0.538897 0.283565
vt 0.517623 0.287472
vt 0.510088 0.293390
vt 0.512458 0.310534
vt 0.500772 0.336821
vt 0.472504 0.386721
vt 0.557642 0.255248
vt 0.548853 0.276276
vt 0.517764 0.280349
vt 0.523805 0.285167
vt 0.500903 0.316650
vt 0.491965 0.353230
vt 0.477117 0.365250
vt 0.561901 0.238199
vt 0.560188 0.244983
vt 0.554794 0.268775
vt 0.539289 0.272403
vt 0.500133 0.300857
vt 0.488395 0.334097
vt 0.477304 0.346608
vt 0.557886 0.230134
vt 0.556011 0.262882
vt 0.556437 0.266305
vt 0.506582 0.280885
vt 0.497733 0.290110
vt 0.492003 0.315174
vt 0.481076 0.324553
vt 0.554971 0.244270
vt 0.509866 0.264981
vt 0.504204 0.270838
vt 0.548186 0.268759
vt 0.498498 0.275386
vt 0.531784 0.275542
vt 0.487807 0.292047
vt 0.491462 0.302766
vt 0.554613 0.235149
vt 0.552929 0.262989
vt 0.548799 0.262774
vt 0.548502 0.239546
vt 0.551906 0.257276
vt 0.549984 0.250070
vt 0.542001 0.265373
vt 0.553194 0.226070
vt 0.551545 0.232386
vt 0.546299 0.253857
vt 0.531589 0.264117
vt 0.548630 0.230433
vt 0.541509 0.257875
vt 0.536458 0.260895
vt 0.548333 0.224240
vt 0.543536 0.246525
vt 0.544111 0.219650
vt 0.539520 0.226958
vt 0.542470 0.235134
vt 0.538427 0.252904
vt 0.532168 0.255605
vt 0.538568 0.238783
vt 0.538240 0.246246
vt 0.533205 0.245847
vt 0.533052 0.235660
vt 0.644374 0.176727
vt 0.638888 0.171215
vt 0.634646 0.181441
vt 0.638682 0.190732
vt 0.640701 0.160900
vt 0.636100 0.162088
vt 0.635285 0.206138
vt 0.632336 0.199865
vt 0.627929 0.173111
vt 0.628698 0.164436
vt 0.631217 0.190431
vt 0.634773 0.222828
vt 0.636683 0.214373
vt 0.627470 0.216457
vt 0.634145 0.153085
vt 0.627050 0.208615
vt 0.630435 0.226816
vt 0.636026 0.230906
vt 0.627192 0.182511
vt 0.628821 0.152526
vt 0.630063 0.146658
vt 0.630019 0.236282
vt 0.625752 0.195763
vt 0.626569 0.228967
vt 0.630879 0.251424
vt 0.630556 0.242996
vt 0.627063 0.246071
vt 0.623043 0.156021
vt 0.624470 0.143345
vt 0.622821 0.222491
vt 0.624583 0.236796
vt 0.627686 0.254430
vt 0.620308 0.167898
vt 0.622083 0.180410
vt 0.619515 0.191365
vt 0.620386 0.204529
vt 0.620616 0.147338
vt 0.621067 0.164123
vt 0.620235 0.176053
vt 0.618854 0.210625
vt 0.618141 0.214954
vt 0.618541 0.227175
vt 0.615890 0.174367
vt 0.616480 0.159450
vt 0.617349 0.155487
vt 0.617505 0.139613
vt 0.615813 0.220389
vt 0.615668 0.182212
vt 0.611958 0.229375
vt 0.622493 0.243194
vt 0.615944 0.238319
vt 0.613576 0.244814
vt 0.611581 0.160780
vt 0.609615 0.198829
vt 0.609013 0.170825
vt 0.610532 0.206548
vt 0.611838 0.209810
vt 0.611787 0.150027
vt 0.611958 0.215686
vt 0.608994 0.154015
vt 0.609962 0.184899
vt 0.610036 0.138261
vt 0.608019 0.219214
vt 0.607429 0.238001
vt 0.603943 0.163842
vt 0.605342 0.211537
vt 0.601559 0.193011
vt 0.605613 0.181902
vt 0.603870 0.144616
vt 0.602464 0.149796
vt 0.602779 0.154210
vt 0.602900 0.137296
vt 0.601851 0.220874
vt 0.601039 0.248830
vt 0.607770 0.252689
vt 0.598586 0.185896
vt 0.598818 0.173175
vt 0.600604 0.202385
vt 0.598464 0.206815
vt 0.599854 0.230921
vt 0.597808 0.238130
vt 0.597861 0.211381
vt 0.597243 0.146455
vt 0.597838 0.153260
vt 0.596575 0.162223
vt 0.596834 0.155265
vt 0.593535 0.135968
vt 0.589765 0.225499
vt 0.594614 0.244971
vt 0.593949 0.198223
vt 0.595508 0.151765
vt 0.591505 0.183368
vt 0.593194 0.203256
vt 0.592604 0.159196
vt 0.591377 0.215837
vt 0.589963 0.171073
vt 0.591084 0.206333
vt 0.590232 0.153329
vt 0.587462 0.148699
vt 0.590892 0.140530
vt 0.585478 0.193204
vt 0.591366 0.232097
vt 0.589289 0.238811
vt 0.587306 0.200627
vt 0.586375 0.159770
vt 0.580928 0.186612
vt 0.582176 0.207883
vt 0.583994 0.233316
vt 0.584570 0.166290
vt 0.584035 0.156194
vt 0.583086 0.176471
vt 0.583445 0.215258
vt 0.585209 0.137892
vt 0.581508 0.160955
vt 0.579973 0.149501
vt 0.579629 0.164497
vt 0.579242 0.171764
vt 0.576895 0.159055
vt 0.578108 0.224324
vt 0.577852 0.237983
vt 0.578082 0.177862
vt 0.578205 0.203196
vt 0.576733 0.167161
vt 0.574120 0.181499
vt 0.577029 0.206700
vt 0.574476 0.165209
vt 0.574519 0.196316
vt 0.575073 0.231630
vt 0.574222 0.173876
vt 0.573895 0.214763
vt 0.573714 0.151084
vt 0.573319 0.188145
vt 0.574007 0.208001
vt 0.572810 0.204302
vt 0.565130 0.169446
vt 0.566687 0.159448
vt 0.571195 0.221688
vt 0.569153 0.179903
vt 0.570056 0.187503
vt 0.570097 0.195076
vt 0.565558 0.204284
vt 0.565583 0.188767
vt 0.567044 0.211812
vt 0.563293 0.194945
vt 0.561335 0.182858
vt 0.560312 0.201465
vt 0.563176 0.217619
vt 0.562736 0.224572
vt 0.555858 0.178311
vt 0.555947 0.208599
vt 0.557088 0.213163
vt 0.554746 0.198342
vt 0.552481 0.189544
vt 0.554446 0.220778
vt 0.551875 0.205805
vt 0.551404 0.214500
vt 0.825455 0.820115
vt 0.832937 0.823974
vt 0.837313 0.819217
vt 0.829712 0.808851
vt 0.845452 0.826926
vt 0.847078 0.818586
vt 0.847799 0.824876
vt 0.839279 0.806622
vt 0.854157 0.830588
vt 0.831935 0.796607
vt 0.883316 0.877261
vt 0.889024 0.887679
vt 0.898712 0.877675
vt 0.857858 0.829225
vt 0.860865 0.836852
vt 0.848880 0.800910
vt 0.878402 0.862947
vt 0.887725 0.871953
vt 0.871952 0.835906
vt 0.870793 0.848777
vt 0.855041 0.812931
vt 0.874780 0.845819
vt 0.880241 0.858594
vt 0.841791 0.787134
vt 0.864109 0.819862
vt 0.828864 0.781201
vt 0.884091 0.844592
vt 0.892950 0.858690
vt 0.875423 0.817953
vt 0.865352 0.806077
vt 0.858352 0.794150
vt 0.901974 0.860721
vt 0.841805 0.772312
vt 0.831427 0.768218
vt 0.852869 0.776045
vt 0.884871 0.823470
vt 0.894129 0.836978
vt 0.903395 0.847176
vt 0.825201 0.749685
vt 0.827173 0.759699
vt 0.834824 0.755279
vt 0.860548 0.781051
vt 0.847001 0.763726
vt 0.874856 0.800666
vt 0.869632 0.787569
vt 0.832501 0.733847
vt 0.845338 0.750918
vt 0.839712 0.738890
vt 0.863342 0.767398
vt 0.885041 0.806777
vt 0.895485 0.815019
vt 0.902694 0.832504
vt 0.858911 0.755065
vt 0.881174 0.790609
vt 0.848247 0.737846
vt 0.838139 0.726034
vt 0.906614 0.818702
vt 0.837190 0.715034
vt 0.826211 0.720965
vt 0.877625 0.775500
vt 0.893181 0.795206
vt 0.845263 0.721699
vt 0.856383 0.730967
vt 0.901521 0.805350
vt 0.866799 0.753711
vt 0.873247 0.760715
vt 0.880694 0.758895
vt 0.888409 0.770682
vt 0.891404 0.783659
vt 0.846415 0.712991
vt 0.840810 0.708315
vt 0.874250 0.749878
vt 0.867024 0.741804
vt 0.855338 0.715584
vt 0.851369 0.706138
vt 0.843939 0.700004
vt 0.907922 0.783791
vt 0.868608 0.728571
vt 0.898760 0.773462
vt 0.851030 0.696832
vt 0.881473 0.736305
vt 0.887268 0.743284
vt 0.889658 0.753097
vt 0.866746 0.715186
vt 0.862928 0.707876
vt 0.901201 0.759930
vt 0.878949 0.726495
vt 0.858184 0.699596
vt 0.911883 0.766168
vt 0.870972 0.709554
vt 0.867959 0.701637
vt 0.875061 0.717289
vt 0.897528 0.743943
vt 0.865016 0.694684
vt 0.893639 0.726873
vt 0.886067 0.722345
vt 0.906823 0.749471
vt 0.879615 0.713623
vt 0.878086 0.705549
vt 0.903997 0.731740
vt 0.885103 0.707614
vt 0.892790 0.712865
vt 0.901696 0.717598
vt 0.892482 0.705259
vt 0.901308 0.705851
vt 0.837334 0.670612
vt 0.830714 0.672810
vt 0.834736 0.682009
vt 0.834299 0.665075
vt 0.838041 0.660360
vt 0.842603 0.661800
vt 0.842793 0.654302
vt 0.854110 0.661098
vt 0.845267 0.670575
vt 0.848943 0.685608
vt 0.851501 0.653628
vt 0.853595 0.649447
vt 0.857120 0.680956
vt 0.845344 0.678364
vt 0.855945 0.673194
vt 0.857832 0.690329
vt 0.858730 0.651681
vt 0.858362 0.645045
vt 0.865695 0.648758
vt 0.864334 0.636837
vt 0.863636 0.667794
vt 0.863867 0.659526
vt 0.874192 0.642899
vt 0.876532 0.631301
vt 0.867156 0.684400
vt 0.866862 0.675534
vt 0.884273 0.640595
vt 0.873839 0.693676
vt 0.872430 0.663842
vt 0.875792 0.656486
vt 0.875429 0.679653
vt 0.882377 0.653057
vt 0.881159 0.696547
vt 0.879459 0.687711
vt 0.877825 0.672135
vt 0.880071 0.664087
vt 0.889159 0.699212
vt 0.884570 0.660644
vt 0.891061 0.651065
vt 0.883880 0.681307
vt 0.893082 0.642401
vt 0.887568 0.690962
vt 0.885303 0.670564
vt 0.892791 0.660114
vt 0.898646 0.652369
vt 0.891164 0.667994
vt 0.897442 0.695237
vt 0.892068 0.687015
vt 0.889165 0.678755
vt 0.903021 0.660991
vt 0.899248 0.685911
vt 0.896689 0.676892
vt 0.900382 0.667401
vt 0.908296 0.655410
vt 0.904111 0.695770
vt 0.905210 0.688311
vt 0.906090 0.680584
vt 0.907500 0.669982
vt 0.910818 0.687722
vt 0.911883 0.679696
s 1
usemtl material_0
f 1/1/1 2/2/2 3/3/3
f 2/2/2 4/4/4 3/3/3
f 5/5/5 4/4/4 2/2/2
f 6/6/6 2/2/2 1/1/1
f 3/3/3 7/7/7 8/8/8
f 3/3/3 9/9/9 7/7/7
f 4/4/4 9/9/9 3/3/3
f 5/5/5 9/9/9 4/4/4
f 2/2/2 10/10/10 5/5/5
f 10/10/10 2/2/2 6/6/6
f 8/8/8 7/7/7 11/11/11
f 5/5/5 12/12/12 9/9/9
f 13/13/13 12/12/12 5/5/5
f 10/10/10 13/13/13 5/5/5
f 11/11/11 7/7/7 14/14/14
f 9/9/9 14/14/14 7/7/7
f 9/9/9 15/15/15 14/14/14
f 9/9/9 12/12/12 15/15/15
f 16/16/16 13/13/13 10/10/10
f 17/17/17 16/16/16 10/10/10
f 12/12/12 18/18/18 15/15/15
f 13/13/13 18/18/18 12/12/12
f 11/11/11 14/14/14 19/19/19
f 20/20/20 18/18/18 13/13/13
f 16/16/16 20/20/20 13/13/13
f 14/14/14 15/15/15 21/21/21
f 18/18/18 22/22/22 15/15/15
f 23/23/23 20/20/20 16/16/16
f 23/23/23 16/16/16 17/17/17
f 19/19/19 14/14/14 24/24/24
f 14/14/14 21/21/21 24/24/24
f 22/22/22 21/21/21 15/15/15
f 25/25/25 22/22/22 18/18/18
f 26/26/26 25/25/25 18/18/18
f 20/20/20 26/26/26 18/18/18
f 24/24/24 21/21/21 27/27/27
f 28/28/28 26/26/26 20/20/20
f 23/23/23 28/28/28 20/20/20
f 22/22/22 29/29/29 21/21/21
f 22/22/22 25/25/25 29/29/29
f 29/29/29 30/30/30 21/21/21
f 26/26/26 31/31/31 25/25/25
f 21/21/21 30/30/30 27/27/27
f 25/25/25 31/31/31 29/29/29
f 32/32/32 28/28/28 23/23/23
f 33/33/33 30/30/30 29/29/29
f 29/29/29 31/31/31 33/33/33
f 34/34/34 31/31/31 26/26/26
f 28/28/28 34/34/34 26/26/26
f 35/35/35 34/34/34 28/28/28
f 32/32/32 35/35/35 28/28/28
f 30/30/30 36/36/36 27/27/27
f 37/37/37 31/31/31 34/34/34
f 38/38/38 27/27/27 36/36/36
f 36/36/36 30/30/30 33/33/33
f 39/39/39 33/33/33 31/31/31
f 40/40/40 39/39/39 31/31/31
f 40/40/40 31/31/31 37/37/37
f 37/37/37 41/41/41 40/40/40
f 34/34/34 42/42/42 37/37/37
f 43/43/43 34/34/34 35/35/35
f 40/40/40 44/44/44 39/39/39
f 41/41/41 44/44/44 40/40/40
f 37/37/37 42/42/42 41/41/41
f 43/43/43 42/42/42 34/34/34
f 36/36/36 45/45/45 38/38/38
f 33/33/33 46/46/46 36/36/36
f 43/43/43 47/47/47 42/42/42
f 36/36/36 46/46/46 45/45/45
f 39/39/39 46/46/46 33/33/33
f 48/48/48 44/44/44 41/41/41
f 49/49/49 39/39/39 44/44/44
f 48/48/48 49/49/49 44/44/44
f 41/41/41 50/50/50 48/48/48
f 42/42/42 50/50/50 41/41/41
f 51/51/51 50/50/50 42/42/42
f 47/47/47 51/51/51 42/42/42
f 46/46/46 39/39/39 52/52/52
f 46/46/46 52/52/52 53/53/53
f 49/49/49 52/52/52 39/39/39
f 48/48/48 54/54/54 49/49/49
f 50/50/50 54/54/54 48/48/48
f 54/54/54 55/55/55 49/49/49
f 56/56/56 51/51/51 47/47/47
f 57/57/57 54/54/54 50/50/50
f 51/51/51 58/58/58 50/50/50
f 59/59/59 53/53/53 52/52/52
f 59/59/59 52/52/52 49/49/49
f 59/59/59 49/49/49 55/55/55
f 50/50/50 58/58/58 57/57/57
f 60/60/60 58/58/58 51/51/51
f 54/54/54 61/61/61 55/55/55
f 56/56/56 60/60/60 51/51/51
f 62/62/62 58/58/58 60/60/60
f 57/57/57 63/63/63 54/54/54
f 58/58/58 64/64/64 57/57/57
f 62/62/62 64/64/64 58/58/58
f 65/65/65 60/60/60 56/56/56
f 62/62/62 60/60/60 65/65/65
f 57/57/57 66/66/66 63/63/63
f 64/64/64 66/66/66 57/57/57
f 67/67/67 62/62/62 65/65/65
f 64/64/64 68/68/68 66/66/66
f 69/69/69 68/68/68 64/64/64
f 62/62/62 69/69/69 64/64/64
f 67/67/67 69/69/69 62/62/62
f 69/69/69 70/70/70 68/68/68
f 71/71/71 72/72/72 66/66/66
f 71/71/71 66/66/66 68/68/68
f 71/71/71 68/68/68 73/73/73
f 73/73/73 68/68/68 70/70/70
f 71/71/71 74/74/74 72/72/72
f 75/75/75 73/73/73 70/70/70
f 76/76/76 75/75/75 70/70/70
f 77/77/77 74/74/74 71/71/71
f 78/78/78 71/71/71 73/73/73
f 78/78/78 73/73/73 75/75/75
f 78/78/78 77/77/77 71/71/71
f 79/79/79 78/78/78 75/75/75
f 76/76/76 79/79/79 75/75/75
f 80/80/80 81/81/81 82/82/82
f 83/83/83 80/80/80 82/82/82
f 84/84/84 78/78/78 79/79/79
f 85/85/85 86/86/86 87/87/87
f 88/88/88 85/85/85 87/87/87
f 89/89/89 88/88/88 81/81/81
f 90/90/90 81/81/81 80/80/80
f 91/91/91 83/83/83 92/92/92
f 93/93/93 94/94/94 77/77/77
f 93/93/93 77/77/77 78/78/78
f 84/84/84 93/93/93 78/78/78
f 95/95/95 84/84/84 79/79/79
f 96/96/96 85/85/85 88/88/88
f 89/89/89 96/96/96 88/88/88
f 90/90/90 89/89/89 81/81/81
f 97/97/97 80/80/80 83/83/83
f 97/97/97 83/83/83 91/91/91
f 95/95/95 98/98/98 84/84/84
f 99/99/99 100/100/100 86/86/86
f 85/85/85 99/99/99 86/86/86
f 101/101/101 102/102/102 95/95/95
f 99/99/99 103/103/103 100/100/100
f 104/104/104 85/85/85 96/96/96
f 104/104/104 96/96/96 89/89/89
f 97/97/97 105/105/105 80/80/80
f 102/102/102 98/98/98 95/95/95
f 105/105/105 90/90/90 80/80/80
f 106/106/106 105/105/105 97/97/97
f 107/107/107 94/94/94 93/93/93
f 93/93/93 108/108/108 107/107/107
f 108/108/108 93/93/93 84/84/84
f 109/109/109 108/108/108 84/84/84
f 109/109/109 84/84/84 98/98/98
f 110/110/110 103/103/103 99/99/99
f 110/110/110 99/99/99 85/85/85
f 111/111/111 110/110/110 85/85/85
f 111/111/111 85/85/85 104/104/104
f 112/112/112 104/104/104 89/89/89
f 113/113/113 89/89/89 90/90/90
f 106/106/106 113/113/113 105/105/105
f 113/113/113 90/90/90 105/105/105
f 114/114/114 102/102/102 101/101/101
f 113/113/113 112/112/112 89/89/89
f 115/115/115 109/109/109 98/98/98
f 115/115/115 98/98/98 102/102/102
f 116/116/116 115/115/115 102/102/102
f 116/116/116 102/102/102 114/114/114
f 117/117/117 107/107/107 108/108/108
f 118/118/118 119/119/109 120/120/119
f 121/121/120 122/122/118 123/123/121
f 124/124/122 113/113/113 106/106/106
f 125/125/123 126/126/124 107/107/107
f 117/117/117 125/125/123 107/107/107
f 127/127/125 128/128/126 108/108/108
f 127/127/125 108/108/108 109/109/109
f 122/122/118 127/127/125 109/109/109
f 129/129/127 127/127/125 122/122/118
f 129/129/127 122/122/118 121/121/120
f 110/110/110 130/130/128 103/103/103
f 131/131/129 132/132/130 133/133/131
f 134/134/132 110/110/110 111/111/111
f 134/134/132 111/111/111 104/104/104
f 135/135/133 104/104/104 112/112/112
f 135/135/133 112/112/112 113/113/113
f 136/136/134 135/135/133 113/113/113
f 113/113/113 124/124/122 136/136/134
f 137/137/135 138/138/136 124/124/122
f 139/139/137 140/140/138 141/141/139
f 142/142/140 143/143/141 144/144/142
f 145/145/143 117/117/117 108/108/108
f 146/146/144 145/145/143 128/128/126
f 145/145/143 108/108/108 128/128/126
f 127/127/125 146/146/144 128/128/126
f 147/147/145 134/134/132 104/104/104
f 147/147/145 104/104/104 135/135/133
f 140/140/138 148/148/146 141/141/139
f 149/149/147 140/140/138 139/139/137
f 132/132/130 149/149/147 139/139/137
f 150/150/148 149/149/147 132/132/130
f 131/131/129 150/150/148 132/132/130
f 151/151/149 152/152/150 153/153/151
f 154/154/152 142/142/140 126/126/124
f 154/154/152 126/126/124 125/125/123
f 155/155/153 125/125/123 117/117/117
f 155/155/153 117/117/117 145/145/143
f 146/146/144 155/155/153 145/145/143
f 156/156/154 146/146/144 127/127/125
f 124/124/122 157/157/155 136/136/134
f 138/138/136 157/157/155 124/124/122
f 141/141/139 148/148/146 138/138/136
f 142/142/140 158/158/156 143/143/141
f 159/159/157 154/154/152 125/125/123
f 159/159/157 125/125/123 155/155/153
f 160/160/158 159/159/157 155/155/153
f 160/160/158 155/155/153 146/146/144
f 161/161/159 162/162/160 163/163/161
f 164/164/162 161/161/159 163/163/161
f 165/165/163 110/110/110 134/134/132
f 166/166/164 134/134/132 147/147/145
f 157/157/155 167/167/165 136/136/134
f 168/168/166 157/157/155 138/138/136
f 148/148/146 168/168/166 138/138/136
f 150/150/148 169/169/167 149/149/147
f 151/151/149 170/170/168 152/152/150
f 171/171/169 158/158/156 142/142/140
f 159/159/157 172/172/170 154/154/152
f 162/162/160 160/160/158 146/146/144
f 162/162/160 146/146/144 156/156/154
f 173/173/171 174/174/172 130/130/128
f 173/173/171 130/130/128 110/110/110
f 173/173/171 110/110/110 165/165/163
f 157/157/155 168/168/166 167/167/165
f 175/175/173 148/148/146 140/140/138
f 149/149/147 175/175/173 140/140/138
f 176/176/174 150/150/148 131/131/129
f 170/170/168 176/176/174 131/131/129
f 158/158/156 153/153/151 143/143/141
f 171/171/169 142/142/140 154/154/152
f 171/171/169 154/154/152 172/172/170
f 177/177/175 159/159/157 160/160/158
f 177/177/175 160/160/158 162/162/160
f 178/178/176 161/161/159 164/164/162
f 179/179/177 147/147/145 135/135/133
f 167/167/165 179/179/177 136/136/134
f 179/179/177 135/135/133 136/136/134
f 148/148/146 175/175/173 180/180/178
f 181/181/179 151/151/149 158/158/156
f 151/151/149 153/153/151 158/158/156
f 171/171/169 182/182/180 158/158/156
f 172/172/170 159/159/157 177/177/175
f 161/161/159 177/177/175 162/162/160
f 183/183/181 177/177/175 161/161/159
f 178/178/176 183/183/181 161/161/159
f 184/184/182 178/178/176 164/164/162
f 185/185/183 184/184/182 186/186/184
f 187/187/185 188/188/186 185/185/183
f 175/175/173 149/149/147 169/169/167
f 176/176/174 169/169/167 150/150/148
f 189/189/187 176/176/174 170/170/168
f 190/190/188 189/189/187 170/170/168
f 190/190/188 170/170/168 151/151/149
f 181/181/179 191/191/189 151/151/149
f 172/172/170 182/182/180 171/171/169
f 192/192/190 172/172/170 177/177/175
f 193/193/191 192/192/190 177/177/175
f 183/183/181 193/193/191 177/177/175
f 194/194/192 183/183/181 178/178/176
f 184/184/182 194/194/192 178/178/176
f 195/195/193 194/194/192 184/184/182
f 185/185/183 195/195/193 184/184/182
f 188/188/186 196/196/194 185/185/183
f 166/166/164 147/147/145 179/179/177
f 180/180/178 197/197/195 148/148/146
f 198/198/196 175/175/173 169/169/167
f 176/176/174 199/199/197 169/169/167
f 191/191/189 190/190/188 151/151/149
f 182/182/180 181/181/179 158/158/156
f 194/194/192 193/193/191 183/183/181
f 196/196/194 195/195/193 185/185/183
f 200/200/198 166/166/164 179/179/177
f 167/167/165 200/200/198 179/179/177
f 168/168/166 201/201/199 167/167/165
f 197/197/195 168/168/166 148/148/146
f 199/199/197 198/198/196 169/169/167
f 202/202/200 182/182/180 172/172/170
f 202/202/200 172/172/170 192/192/190
f 194/194/192 203/203/201 193/193/191
f 195/195/193 203/203/201 194/194/192
f 200/200/198 167/167/165 204/204/202
f 201/201/199 204/204/202 167/167/165
f 205/205/203 180/180/178 175/175/173
f 205/205/203 175/175/173 198/198/196
f 206/206/204 189/189/187 190/190/188
f 192/192/190 193/193/191 203/203/201
f 205/205/203 197/197/195 180/180/178
f 207/207/205 198/198/196 199/199/197
f 208/208/206 176/176/174 189/189/187
f 182/182/180 209/209/207 181/181/179
f 196/196/194 210/210/208 203/203/201
f 203/203/201 195/195/193 196/196/194
f 197/197/195 201/201/199 168/168/166
f 208/208/206 199/199/197 176/176/174
f 208/208/206 189/189/187 206/206/204
f 191/191/189 206/206/204 190/190/188
f 209/209/207 191/191/189 181/181/179
f 211/211/209 205/205/203 198/198/196
f 207/207/205 211/211/209 198/198/196
f 212/212/210 207/207/205 199/199/197
f 213/213/211 209/209/207 182/182/180
f 202/202/200 213/213/211 182/182/180
f 214/214/212 192/192/190 203/203/201
f 197/197/195 215/215/213 201/201/199
f 205/205/203 216/216/214 197/197/195
f 208/208/206 212/212/210 199/199/197
f 210/210/208 217/217/215 203/203/201
f 218/218/216 204/204/202 201/201/199
f 216/216/214 215/215/213 197/197/195
f 219/219/217 206/206/204 191/191/189
f 219/219/217 191/191/189 209/209/207
f 202/202/200 192/192/190 214/214/212
f 217/217/215 214/214/212 203/203/201
f 217/217/215 210/210/208 220/220/218
f 211/211/209 216/216/214 205/205/203
f 221/221/219 208/208/206 206/206/204
f 221/221/219 206/206/204 219/219/217
f 222/222/220 213/213/211 202/202/200
f 214/214/212 222/222/220 202/202/200
f 223/223/221 218/218/216 201/201/199
f 223/223/221 201/201/199 215/215/213
f 216/216/214 224/224/222 215/215/213
f 225/225/223 211/211/209 207/207/205
f 225/225/223 207/207/205 212/212/210
f 226/226/224 212/212/210 208/208/206
f 221/221/219 227/227/225 208/208/206
f 217/217/215 222/222/220 214/214/212
f 228/228/226 216/216/214 211/211/209
f 229/229/227 228/228/226 211/211/209
f 226/226/224 208/208/206 227/227/225
f 230/230/228 209/209/207 213/213/211
f 231/231/229 217/217/215 220/220/218
f 228/228/226 224/224/222 216/216/214
f 225/225/223 229/229/227 211/211/209
f 232/232/230 213/213/211 222/222/220
f 233/233/231 222/222/220 217/217/215
f 223/223/221 234/234/232 218/218/216
f 235/235/233 223/223/221 215/215/213
f 224/224/222 235/235/233 215/215/213
f 236/236/234 225/225/223 212/212/210
f 237/237/235 233/233/231 217/217/215
f 237/237/235 217/217/215 231/231/229
f 226/226/224 236/236/234 212/212/210
f 238/238/236 227/227/225 221/221/219
f 219/219/217 238/238/236 221/221/219
f 239/239/237 219/219/217 209/209/207
f 239/239/237 209/209/207 230/230/228
f 240/240/238 228/228/226 229/229/227
f 240/240/238 229/229/227 225/225/223
f 236/236/234 240/240/238 225/225/223
f 241/241/239 226/226/224 227/227/225
f 232/232/230 242/242/240 213/213/211
f 243/243/241 233/233/231 237/237/235
f 244/244/242 237/237/235 231/231/229
f 245/245/243 234/234/232 223/223/221
f 246/246/244 223/223/221 235/235/233
f 241/241/239 227/227/225 238/238/236
f 247/247/245 238/238/236 219/219/217
f 247/247/245 219/219/217 239/239/237
f 242/242/240 230/230/228 213/213/211
f 248/248/246 232/232/230 222/222/220
f 248/248/246 222/222/220 233/233/231
f 243/243/241 237/237/235 244/244/242
f 246/246/244 245/245/243 223/223/221
f 249/249/247 228/228/226 240/240/238
f 250/250/248 236/236/234 226/226/224
f 250/250/248 226/226/224 241/241/239
f 251/251/249 242/242/240 232/232/230
f 252/252/250 246/246/244 235/235/233
f 252/252/250 235/235/233 224/224/222
f 249/249/247 224/224/222 228/228/226
f 253/253/251 241/241/239 238/238/236
f 251/251/249 232/232/230 248/248/246
f 243/243/241 248/248/246 233/233/231
f 246/246/244 254/254/252 245/245/243
f 255/255/253 246/246/244 252/252/250
f 252/252/250 256/256/254 255/255/253
f 249/249/247 257/257/255 224/224/222
f 258/258/256 249/249/247 240/240/238
f 259/259/257 240/240/238 236/236/234
f 259/259/257 236/236/234 250/250/248
f 260/260/258 239/239/237 230/230/228
f 242/242/240 260/260/258 230/230/228
f 254/254/252 261/261/259 245/245/243
f 255/255/253 254/254/252 246/246/244
f 262/262/260 263/263/261 264/264/262
f 265/265/263 262/262/260 264/264/262
f 266/266/264 252/252/250 224/224/222
f 257/257/255 266/266/264 224/224/222
f 259/259/257 258/258/256 240/240/238
f 267/267/265 250/250/248 241/241/239
f 268/268/266 247/247/245 239/239/237
f 260/260/258 268/268/266 239/239/237
f 269/269/267 270/270/268 243/243/241
f 269/269/267 243/243/241 244/244/242
f 271/271/269 262/262/260 265/265/263
f 266/266/264 271/271/269 256/256/254
f 271/271/269 265/265/263 256/256/254
f 266/266/264 256/256/254 252/252/250
f 253/253/251 267/267/265 241/241/239
f 268/268/266 238/238/236 247/247/245
f 272/272/270 260/260/258 242/242/240
f 251/251/249 272/272/270 242/242/240
f 273/273/271 251/251/249 248/248/246
f 270/270/268 248/248/246 243/243/241
f 254/254/252 274/274/272 261/261/259
f 275/275/273 263/263/261 262/262/260
f 276/276/274 275/275/273 262/262/260
f 276/276/274 262/262/260 271/271/269
f 277/277/275 257/257/255 249/249/247
f 278/278/276 259/259/257 250/250/248
f 279/279/277 248/248/246 270/270/268
f 263/263/261 275/275/273 280/280/278
f 263/263/261 280/280/278 281/281/279
f 267/267/265 278/278/276 250/250/248
f 253/253/251 238/238/236 268/268/266
f 272/272/270 282/282/280 260/260/258
f 273/273/271 272/272/270 251/251/249
f 279/279/277 273/273/271 248/248/246
f 276/276/274 283/283/281 275/275/273
f 271/271/269 284/284/282 276/276/274
f 285/285/283 271/271/269 266/266/264
f 277/277/275 266/266/264 257/257/255
f 258/258/256 277/277/275 249/249/247
f 286/286/284 267/267/265 253/253/251
f 282/282/280 268/268/266 260/260/258
f 287/287/285 270/270/268 269/269/267
f 288/288/286 289/289/287 281/281/279
f 280/280/278 288/288/286 281/281/279
f 283/283/281 276/276/274 284/284/282
f 285/285/283 266/266/264 277/277/275
f 290/290/288 258/258/256 259/259/257
f 287/287/285 279/279/277 270/270/268
f 291/291/289 284/284/282 271/271/269
f 285/285/283 291/291/289 271/271/269
f 292/292/290 278/278/276 267/267/265
f 286/286/284 292/292/290 267/267/265
f 293/293/291 253/253/251 268/268/266
f 293/293/291 268/268/266 282/282/280
f 294/294/292 279/279/277 287/287/285
f 295/295/293 288/288/286 280/280/278
f 283/283/281 280/280/278 275/275/273
f 296/296/294 283/283/281 284/284/282
f 297/297/295 296/296/294 284/284/282
f 291/291/289 297/297/295 284/284/282
f 298/298/296 277/277/275 258/258/256
f 299/299/297 259/259/257 278/278/276
f 300/300/298 286/286/284 253/253/251
f 293/293/291 300/300/298 253/253/251
f 301/301/299 282/282/280 272/272/270
f 302/302/300 272/272/270 273/273/271
f 303/303/301 273/273/271 279/279/277
f 304/304/302 295/295/293 280/280/278
f 304/304/302 280/280/278 283/283/281
f 305/305/303 291/291/289 285/285/283
f 290/290/288 298/298/296 258/258/256
f 306/306/304 290/290/288 259/259/257
f 299/299/297 278/278/276 292/292/290
f 302/302/300 301/301/299 272/272/270
f 303/303/301 302/302/300 273/273/271
f 305/305/303 297/297/295 291/291/289
f 305/305/303 285/285/283 307/307/305
f 308/308/306 303/303/301 279/279/277
f 309/309/307 304/304/302 283/283/281
f 309/309/307 283/283/281 296/296/294
f 297/297/295 310/310/308 296/296/294
f 306/306/304 259/259/257 299/299/297
f 308/308/306 279/279/277 294/294/292
f 310/310/308 309/309/307 296/296/294
f 308/308/306 302/302/300 303/303/301
f 311/311/309 297/297/295 305/305/303
f 312/312/310 313/313/311 314/314/312
f 313/313/311 315/315/313 314/314/312
f 316/316/314 312/312/310 314/314/312
f 317/317/315 314/314/312 315/315/313
f 314/314/312 317/317/315 318/318/316
f 319/319/317 320/320/318 321/321/319
f 322/322/320 320/320/318 319/319/317
f 317/317/315 323/323/321 318/318/316
f 324/324/322 316/316/314 314/314/312
f 325/325/323 326/326/324 316/316/314
f 323/323/321 317/317/315 327/327/325
f 324/324/322 314/314/312 318/318/316
f 328/328/326 316/316/314 324/324/322
f 325/325/323 316/316/314 328/328/326
f 319/319/317 321/321/319 329/329/327
f 330/330/328 322/322/320 319/319/317
f 331/331/329 323/323/321 327/327/325
f 321/321/319 332/332/330 329/329/327
f 330/330/328 319/319/317 333/333/331
f 331/331/329 327/327/325 330/330/328
f 330/330/328 333/333/331 334/334/332
f 331/331/329 330/330/328 334/334/332
f 331/331/329 335/335/333 323/323/321
f 318/318/316 335/335/333 336/336/334
f 318/318/316 323/323/321 335/335/333
f 336/336/334 324/324/322 318/318/316
f 337/337/335 338/338/336 325/325/323
f 319/319/317 329/329/327 333/333/331
f 331/331/329 334/334/332 335/335/333
f 336/336/334 328/328/326 324/324/322
f 328/328/326 337/337/335 325/325/323
f 329/329/327 332/332/330 339/339/337
f 329/329/327 339/339/337 340/340/338
f 333/333/331 329/329/327 340/340/338
f 333/333/331 340/340/338 334/334/332
f 341/341/339 328/328/326 336/336/334
f 337/337/335 342/342/340 338/338/336
f 342/342/340 343/343/341 338/338/336
f 334/334/332 340/340/338 344/344/342
f 328/328/326 341/341/339 337/337/335
f 340/340/338 339/339/337 345/345/343
f 335/335/333 334/334/332 344/344/342
f 339/339/337 346/346/344 347/347/345
f 345/345/343 339/339/337 347/347/345
f 344/344/342 340/340/338 345/345/343
f 335/335/333 344/344/342 348/348/346
f 335/335/333 348/348/346 336/336/334
f 349/349/347 337/337/335 341/341/339
f 349/349/347 342/342/340 337/337/335
f 342/342/340 350/350/348 343/343/341
f 350/350/348 351/351/349 343/343/341
f 342/342/340 352/352/350 350/350/348
f 348/348/346 344/344/342 353/353/351
f 336/336/334 348/348/346 354/354/352
f 336/336/334 354/354/352 341/341/339
f 349/349/347 355/355/353 342/342/340
f 352/352/350 342/342/340 355/355/353
f 350/350/348 356/356/354 351/351/349
f 356/356/354 357/357/355 351/351/349
f 358/358/356 346/346/344 359/359/357
f 347/347/345 346/346/344 358/358/356
f 345/345/343 347/347/345 358/358/356
f 344/344/342 345/345/343 353/353/351
f 349/349/347 360/360/358 355/355/353
f 349/349/347 341/341/339 360/360/358
f 345/345/343 358/358/356 353/353/351
f 348/348/346 353/353/351 361/361/359
f 354/354/352 348/348/346 361/361/359
f 354/354/352 361/361/359 360/360/358
f 354/354/352 360/360/358 341/341/339
f 360/360/358 361/361/359 362/362/360
f 360/360/358 362/362/360 355/355/353
f 359/359/357 363/363/361 364/364/362
f 358/358/356 359/359/357 364/364/362
f 353/353/351 358/358/356 365/365/363
f 355/355/353 362/362/360 366/366/364
f 352/352/350 355/355/353 366/366/364
f 367/367/365 350/350/348 352/352/350
f 350/350/348 367/367/365 356/356/354
f 364/364/362 363/363/361 368/368/366
f 365/365/363 358/358/356 364/364/362
f 365/365/363 364/364/362 369/369/367
f 353/353/351 365/365/363 370/370/368
f 361/361/359 353/353/351 370/370/368
f 361/361/359 370/370/368 371/371/369
f 361/361/359 371/371/369 362/362/360
f 372/372/370 364/364/362 368/368/366
f 364/364/362 372/372/370 369/369/367
f 370/370/368 365/365/363 369/369/367
f 371/371/369 370/370/368 373/373/371
f 362/362/360 371/371/369 373/373/371
f 366/366/364 362/362/360 373/373/371
f 374/374/372 357/357/355 356/356/354
f 374/374/372 375/375/373 357/357/355
f 369/369/367 372/372/370 376/376/374
f 376/376/374 370/370/368 369/369/367
f 373/373/371 370/370/368 376/376/374
f 366/366/364 377/377/375 352/352/350
f 352/352/350 377/377/375 367/367/365
f 374/374/372 378/378/376 375/375/373
f 378/378/376 379/379/377 375/375/373
f 366/366/364 373/373/371 380/380/378
f 381/381/379 356/356/354 367/367/365
f 382/382/380 373/373/371 376/376/374
f 366/366/364 380/380/378 377/377/375
f 378/378/376 383/383/381 379/379/377
f 384/384/382 379/379/377 383/383/381
f 368/368/366 385/385/383 386/386/384
f 372/372/370 368/368/366 386/386/384
f 380/380/378 373/373/371 382/382/380
f 381/381/379 367/367/365 377/377/375
f 356/356/354 387/387/385 374/374/372
f 387/387/385 378/378/376 374/374/372
f 376/376/374 372/372/370 386/386/384
f 376/376/374 388/388/386 382/382/380
f 377/377/375 380/380/378 389/389/387
f 387/387/385 356/356/354 381/381/379
f 386/386/384 385/385/383 390/390/388
f 386/386/384 390/390/388 391/391/389
f 376/376/374 386/386/384 388/388/386
f 380/380/378 382/382/380 389/389/387
f 387/387/385 392/392/390 378/378/376
f 392/392/390 383/383/381 378/378/376
f 388/388/386 386/386/384 391/391/389
f 382/382/380 388/388/386 393/393/391
f 389/389/387 382/382/380 393/393/391
f 394/394/392 381/381/379 377/377/375
f 394/394/392 377/377/375 389/389/387
f 395/395/393 384/384/382 392/392/390
f 384/384/382 383/383/381 392/392/390
f 396/396/394 392/392/390 387/387/385
f 394/394/392 389/389/387 393/393/391
f 390/390/388 397/397/395 391/391/389
f 388/388/386 391/391/389 398/398/396
f 388/388/386 398/398/396 393/393/391
f 399/399/397 394/394/392 393/393/391
f 400/400/398 387/387/385 381/381/379
f 395/395/393 392/392/390 396/396/394
f 400/400/398 381/381/379 394/394/392
f 401/401/399 387/387/385 400/400/398
f 396/396/394 387/387/385 401/401/399
f 397/397/395 402/402/400 403/403/401
f 391/391/389 397/397/395 403/403/401
f 398/398/396 391/391/389 404/404/402
f 405/405/403 393/393/391 398/398/396
f 393/393/391 405/405/403 399/399/397
f 400/400/398 394/394/392 399/399/397
f 395/395/393 396/396/394 406/406/404
f 407/407/405 395/395/393 406/406/404
f 391/391/389 403/403/401 404/404/402
f 398/398/396 404/404/402 405/405/403
f 400/400/398 399/399/397 408/408/406
f 409/409/407 396/396/394 401/401/399
f 406/406/404 396/396/394 409/409/407
f 410/410/408 395/395/393 407/407/405
f 411/411/409 404/404/402 403/403/401
f 408/408/406 399/399/397 405/405/403
f 404/404/402 411/411/409 412/412/410
f 405/405/403 404/404/402 412/412/410
f 401/401/399 400/400/398 413/413/411
f 407/407/405 406/406/404 414/414/412
f 415/415/413 410/410/408 407/407/405
f 416/416/414 410/410/408 415/415/413
f 408/408/406 405/405/403 412/412/410
f 413/413/411 400/400/398 408/408/406
f 417/417/415 409/409/407 401/401/399
f 414/414/412 406/406/404 409/409/407
f 418/418/416 412/412/410 411/411/409
f 419/419/417 412/412/410 420/420/418
f 408/408/406 412/412/410 419/419/417
f 417/417/415 401/401/399 413/413/411
f 414/414/412 421/421/419 407/407/405
f 421/421/419 415/415/413 407/407/405
f 422/422/420 416/416/414 415/415/413
f 420/420/418 412/412/410 418/418/416
f 413/413/411 423/423/421 424/424/422
f 417/417/415 413/413/411 424/424/422
f 425/425/423 409/409/407 417/417/415
f 414/414/412 425/425/423 426/426/424
f 414/414/412 409/409/407 425/425/423
f 415/415/413 421/421/419 427/427/425
f 428/428/426 408/408/406 419/419/417
f 428/428/426 413/413/411 408/408/406
f 423/423/421 413/413/411 428/428/426
f 424/424/422 423/423/421 429/429/427
f 417/417/415 424/424/422 425/425/423
f 426/426/424 421/421/419 414/414/412
f 421/421/419 426/426/424 427/427/425
f 428/428/426 419/419/417 420/420/418
f 423/423/421 428/428/426 429/429/427
f 426/426/424 425/425/423 430/430/428
f 426/426/424 431/431/429 427/427/425
f 428/428/426 420/420/418 432/432/430
f 429/429/427 428/428/426 432/432/430
f 430/430/428 425/425/423 424/424/422
f 433/433/431 429/429/427 432/432/430
f 434/434/432 429/429/427 433/433/431
f 434/434/432 424/424/422 429/429/427
f 430/430/428 434/434/432 435/435/433
f 430/430/428 424/424/422 434/434/432
f 430/430/428 435/435/433 426/426/424
f 426/426/424 435/435/433 436/436/434
f 426/426/424 436/436/434 431/431/429
f 434/434/432 437/437/435 435/435/433
f 437/437/435 434/434/432 433/433/431
f 438/438/436 439/439/437 440/440/438
f 441/441/439 438/438/436 440/440/438
f 442/442/440 438/438/436 441/441/439
f 443/443/441 444/444/442 442/442/440
f 445/445/443 444/444/442 443/443/441
f 446/446/444 442/442/440 441/441/439
f 443/443/441 442/442/440 446/446/444
f 447/447/445 445/445/443 448/448/446
f 449/449/447 445/445/443 443/443/441
f 448/448/446 445/445/443 449/449/447
f 450/450/448 447/447/445 448/448/446
f 451/451/449 447/447/445 450/450/448
f 452/452/450 451/451/449 450/450/448
f 449/449/447 443/443/441 446/446/444
f 453/453/451 441/441/439 440/440/438
f 446/446/444 441/441/439 453/453/451
f 454/454/452 455/455/453 456/456/454
f 440/440/438 439/439/437 457/457/455
f 458/458/456 446/446/444 453/453/451
f 459/459/457 446/446/444 458/458/456
f 449/449/447 446/446/444 459/459/457
f 459/459/457 448/448/446 449/449/447
f 450/450/448 448/448/446 460/460/458
f 461/461/459 452/452/450 450/450/448
f 456/456/454 452/452/450 461/461/459
f 454/454/452 456/456/454 462/462/460
f 463/463/461 448/448/446 459/459/457
f 463/463/461 460/460/458 448/448/446
f 461/461/459 450/450/448 460/460/458
f 462/462/460 456/456/454 461/461/459
f 462/462/460 461/461/459 460/460/458
f 454/454/452 462/462/460 464/464/462
f 465/465/463 466/466/464 454/454/452
f 464/464/462 465/465/463 454/454/452
f 467/467/465 457/457/455 468/468/466
f 440/440/438 457/457/455 467/467/465
f 469/469/467 440/440/438 470/470/468
f 453/453/451 440/440/438 469/469/467
f 458/458/456 453/453/451 471/471/469
f 470/470/468 440/440/438 467/467/465
f 471/471/469 453/453/451 469/469/467
f 459/459/457 458/458/456 463/463/461
f 472/472/470 460/460/458 463/463/461
f 473/473/471 462/462/460 460/460/458
f 474/474/472 466/466/464 465/465/463
f 475/475/473 467/467/465 468/468/466
f 476/476/474 463/463/461 458/458/456
f 477/477/475 463/463/461 476/476/474
f 472/472/470 463/463/461 477/477/475
f 473/473/471 460/460/458 472/472/470
f 464/464/462 462/462/460 473/473/471
f 475/475/473 468/468/466 478/478/476
f 470/470/468 467/467/465 475/475/473
f 476/476/474 458/458/456 471/471/469
f 469/469/467 470/470/468 479/479/477
f 471/471/469 469/469/467 480/480/478
f 481/481/479 472/472/470 477/477/475
f 482/482/480 473/473/471 472/472/470
f 483/483/481 465/465/463 464/464/462
f 483/483/481 464/464/462 473/473/471
f 480/480/478 469/469/467 479/479/477
f 476/476/474 471/471/469 480/480/478
f 484/484/482 485/485/483 476/476/474
f 477/477/475 476/476/474 485/485/483
f 474/474/472 465/465/463 483/483/481
f 479/479/477 470/470/468 475/475/473
f 477/477/475 485/485/483 486/486/484
f 481/481/479 477/477/475 486/486/484
f 482/482/480 472/472/470 481/481/479
f 487/487/485 475/475/473 488/488/486
f 475/475/473 478/478/476 488/488/486
f 479/479/477 475/475/473 487/487/485
f 489/489/487 480/480/478 479/479/477
f 476/476/474 480/480/478 484/484/482
f 485/485/483 484/484/482 490/490/488
f 486/486/484 485/485/483 491/491/489
f 492/492/490 481/481/479 486/486/484
f 482/482/480 481/481/479 492/492/490
f 482/482/480 483/483/481 473/473/471
f 493/493/491 474/474/472 483/483/481
f 494/494/492 479/479/477 487/487/485
f 489/489/487 479/479/477 494/494/492
f 485/485/483 490/490/488 491/491/489
f 495/495/493 483/483/481 482/482/480
f 493/493/491 483/483/481 495/495/493
f 496/496/494 489/489/487 494/494/492
f 496/496/494 480/480/478 489/489/487
f 497/497/495 480/480/478 496/496/494
f 484/484/482 480/480/478 497/497/495
f 491/491/489 490/490/488 498/498/496
f 492/492/490 486/486/484 499/499/497
f 500/500/498 482/482/480 492/492/490
f 495/495/493 482/482/480 500/500/498
f 497/497/495 490/490/488 484/484/482
f 490/490/488 497/497/495 501/501/499
f 498/498/496 490/490/488 501/501/499
f 502/502/500 486/486/484 491/491/489
f 502/502/500 491/491/489 503/503/501
f 504/504/502 492/492/490 499/499/497
f 500/500/498 492/492/490 504/504/502
f 503/503/501 498/498/496 505/505/503
f 503/503/501 491/491/489 498/498/496
f 506/506/504 486/486/484 502/502/500
f 499/499/497 486/486/484 506/506/504
f 507/507/505 493/493/491 495/495/493
f 508/508/506 493/493/491 507/507/505
f 505/505/503 498/498/496 501/501/499
f 506/506/504 502/502/500 503/503/501
f 509/509/507 504/504/502 499/499/497
f 500/500/498 504/504/502 509/509/507
f 510/510/508 500/500/498 509/509/507
f 511/511/509 495/495/493 500/500/498
f 511/511/509 500/500/498 510/510/508
f 512/512/510 503/503/501 505/505/503
f 513/513/511 503/503/501 512/512/510
f 506/506/504 503/503/501 513/513/511
f 507/507/505 495/495/493 511/511/509
f 514/514/512 506/506/504 513/513/511
f 499/499/497 506/506/504 514/514/512
f 509/509/507 499/499/497 514/514/512
f 515/515/513 511/511/509 510/510/508
f 516/516/514 513/513/511 512/512/510
f 514/514/512 513/513/511 516/516/514
f 517/517/515 509/509/507 514/514/512
f 515/515/513 510/510/508 518/518/516
f 519/519/517 511/511/509 515/515/513
f 519/519/517 507/507/505 511/511/509
f 510/510/508 509/509/507 517/517/515
f 520/520/518 514/514/512 516/516/514
f 517/517/515 514/514/512 520/520/518
f 521/521/519 507/507/505 519/519/517
f 521/521/519 519/519/517 522/522/520
f 510/510/508 517/517/515 523/523/521
f 523/523/521 518/518/516 510/510/508
f 515/515/513 518/518/516 524/524/522
f 522/522/520 515/515/513 524/524/522
f 522/522/520 519/519/517 515/515/513
f 525/525/523 521/521/519 522/522/520
f 518/518/516 523/523/521 526/526/524
f 522/522/520 524/524/522 527/527/525
f 524/524/522 518/518/516 526/526/524
f 525/525/523 522/522/520 527/527/525
f 528/528/526 526/526/524 529/529/527
f 527/527/525 524/524/522 528/528/526
f 524/524/522 526/526/524 528/528/526
f 530/530/528 525/525/523 527/527/525
f 528/528/526 531/531/529 532/532/530
f 527/527/525 528/528/526 533/533/531
f 533/533/531 530/530/528 527/527/525
f 534/534/532 530/530/528 533/533/531
f 535/535/533 528/528/526 532/532/530
f 533/533/531 528/528/526 535/535/533
f 536/536/534 535/535/533 537/537/535
f 536/536/534 533/533/531 535/535/533
f 538/538/536 533/533/531 536/536/534
f 539/539/537 540/540/538 541/541/539
f 542/542/540 539/539/537 541/541/539
f 543/543/541 544/544/542 542/542/540
f 543/543/541 542/542/540 541/541/539
f 545/545/543 544/544/542 543/543/541
f 545/545/543 546/546/544 544/544/542
f 541/541/539 540/540/538 547/547/545
f 548/548/546 546/546/544 545/545/543
f 549/549/547 543/543/541 541/541/539
f 545/545/543 543/543/541 549/549/547
f 550/550/548 541/541/539 547/547/545
f 551/551/549 549/549/547 541/541/539
f 552/552/550 548/548/546 545/545/543
f 553/553/551 548/548/546 552/552/550
f 554/554/552 549/549/547 551/551/549
f 555/555/553 545/545/543 549/549/547
f 550/550/548 547/547/545 556/556/554
f 551/551/549 541/541/539 550/550/548
f 555/555/553 549/549/547 554/554/552
f 552/552/550 545/545/543 555/555/553
f 557/557/555 554/554/552 551/551/549
f 558/558/556 555/555/553 554/554/552
f 559/559/557 553/553/551 552/552/550
f 559/559/557 552/552/550 560/560/558
f 561/561/559 553/553/551 559/559/557
f 550/550/548 556/556/554 562/562/560
f 551/551/549 550/550/548 563/563/561
f 558/558/556 554/554/552 557/557/555
f 560/560/558 555/555/553 558/558/556
f 560/560/558 552/552/550 555/555/553
f 561/561/559 559/559/557 564/564/562
f 557/557/555 551/551/549 563/563/561
f 565/565/563 559/559/557 560/560/558
f 566/566/564 564/564/562 559/559/557
f 567/567/565 564/564/562 566/566/564
f 568/568/566 557/557/555 563/563/561
f 558/558/556 557/557/555 568/568/566
f 569/569/567 560/560/558 558/558/556
f 569/569/567 558/558/556 570/570/568
f 565/565/563 560/560/558 569/569/567
f 566/566/564 559/559/557 565/565/563
f 571/571/569 567/567/565 566/566/564
f 570/570/568 558/558/556 568/568/566
f 572/572/570 568/568/566 563/563/561
f 571/571/569 566/566/564 565/565/563
f 573/573/571 565/565/563 569/569/567
f 574/574/572 567/567/565 571/571/569
f 575/575/573 569/569/567 570/570/568
f 573/573/571 569/569/567 575/575/573
f 576/576/574 571/571/569 565/565/563
f 576/576/574 565/565/563 573/573/571
f 574/574/572 571/571/569 577/577/575
f 578/578/576 568/568/566 572/572/570
f 577/577/575 571/571/569 576/576/574
f 578/578/576 572/572/570 579/579/577
f 580/580/578 568/568/566 578/578/576
f 580/580/578 570/570/568 568/568/566
f 575/575/573 570/570/568 580/580/578
f 576/576/574 573/573/571 581/581/579
f 582/582/580 577/577/575 576/576/574
f 582/582/580 574/574/572 577/577/575
f 583/583/581 584/584/582 582/582/580
f 584/584/582 574/574/572 582/582/580
f 581/581/579 573/573/571 575/575/573
f 585/585/583 582/582/580 576/576/574
f 586/586/584 578/578/576 579/579/577
f 587/587/585 580/580/578 578/578/576
f 575/575/573 580/580/578 587/587/585
f 585/585/583 576/576/574 581/581/579
f 583/583/581 582/582/580 588/588/586
f 588/588/586 582/582/580 585/585/583
f 589/589/587 583/583/581 588/588/586
f 590/590/588 588/588/586 585/585/583
f 589/589/587 588/588/586 591/591/589
f 586/586/584 579/579/577 592/592/590
f 593/593/591 578/578/576 586/586/584
f 587/587/585 578/578/576 593/593/591
f 594/594/592 575/575/573 587/587/585
f 581/581/579 575/575/573 594/594/592
f 591/591/589 588/588/586 590/590/588
f 595/595/593 589/589/587 591/591/589
f 596/596/594 585/585/583 581/581/579
f 590/590/588 585/585/583 596/596/594
f 594/594/592 587/587/585 597/597/595
f 593/593/591 586/586/584 598/598/596
f 597/597/595 587/587/585 599/599/597
f 600/600/598 594/594/592 597/597/595
f 601/601/599 590/590/588 596/596/594
f 591/591/589 590/590/588 601/601/599
f 602/602/600 591/591/589 601/601/599
f 598/598/596 586/586/584 592/592/590
f 599/599/597 587/587/585 593/593/591
f 600/600/598 581/581/579 594/594/592
f 596/596/594 581/581/579 600/600/598
f 603/603/601 596/596/594 600/600/598
f 604/604/602 601/601/599 596/596/594
f 604/604/602 596/596/594 603/603/601
f 602/602/600 601/601/599 604/604/602
f 604/604/602 605/605/603 602/602/600
f 598/598/596 592/592/590 606/606/604
f 599/599/597 593/593/591 598/598/596
f 607/607/605 600/600/598 597/597/595
f 608/608/606 604/604/602 603/603/601
f 608/608/606 605/605/603 604/604/602
f 607/607/605 597/597/595 599/599/597
f 605/605/603 608/608/606 609/609/607
f 603/603/601 600/600/598 607/607/605
f 609/609/607 610/610/608 605/605/603
f 608/608/606 603/603/601 611/611/609
f 612/612/610 606/606/604 613/613/611
f 614/614/612 606/606/604 612/612/610
f 598/598/596 606/606/604 614/614/612
f 599/599/597 598/598/596 614/614/612
f 615/615/613 607/607/605 599/599/597
f 615/615/613 599/599/597 614/614/612
f 616/616/614 603/603/601 607/607/605
f 603/603/601 616/616/614 611/611/609
f 609/609/607 608/608/606 611/611/609
f 617/617/615 618/618/616 619/619/617
f 616/616/614 607/607/605 615/615/613
f 609/609/607 611/611/609 620/620/618
f 612/612/610 613/613/611 619/619/617
f 621/621/619 616/616/614 615/615/613
f 622/622/620 616/616/614 621/621/619
f 623/623/621 609/609/607 620/620/618
f 624/624/622 619/619/617 618/618/616
f 625/625/623 614/614/612 612/612/610
f 615/615/613 614/614/612 625/625/623
f 622/622/620 611/611/609 616/616/614
f 621/621/619 615/615/613 626/626/624
f 620/620/618 611/611/609 622/622/620
f 624/624/622 618/618/616 627/627/625
f 628/628/626 612/612/610 619/619/617
f 625/625/623 612/612/610 628/628/626
f 626/626/624 615/615/613 625/625/623
f 629/629/627 621/621/619 626/626/624
f 622/622/620 621/621/619 629/629/627
f 628/628/626 619/619/617 630/630/628
f 626/626/624 625/625/623 628/628/626
f 622/622/620 629/629/627 631/631/629
f 632/632/630 620/620/618 622/622/620
f 630/630/628 619/619/617 624/624/622
f 626/626/624 628/628/626 633/633/631
f 629/629/627 626/626/624 633/633/631
f 622/622/620 631/631/629 632/632/630
f 634/634/632 624/624/622 627/627/625
f 630/630/628 624/624/622 634/634/632
f 633/633/631 628/628/626 630/630/628
f 635/635/633 630/630/628 634/634/632
f 636/636/634 633/633/631 630/630/628
f 636/636/634 630/630/628 635/635/633
f 629/629/627 633/633/631 637/637/635
f 631/631/629 629/629/627 638/638/636
f 632/632/630 631/631/629 638/638/636
f 637/637/635 633/633/631 636/636/634
f 639/639/637 635/635/633 634/634/632
f 629/629/627 637/637/635 640/640/638
f 638/638/636 629/629/627 640/640/638
f 635/635/633 639/639/637 641/641/639
f 640/640/638 637/637/635 636/636/634
f 636/636/634 635/635/633 642/642/640
f 640/640/638 636/636/634 643/643/641
f 642/642/640 635/635/633 641/641/639
f 643/643/641 636/636/634 642/642/640
f 644/644/642 645/645/643 646/646/644
f 644/644/642 646/646/644 647/647/645
f 646/646/644 648/648/646 649/649/647
f 650/650/648 646/646/644 649/649/647
f 650/650/648 647/647/645 646/646/644
f 651/651/649 647/647/645 650/650/648
f 652/652/650 647/647/645 651/651/649
f 644/644/642 647/647/645 652/652/650
f 653/653/651 644/644/642 652/652/650
f 653/653/651 654/654/652 644/644/642
f 655/655/486 654/654/652 653/653/651
f 648/648/646 656/656/653 657/657/654
f 649/649/647 648/648/646 657/657/654
f 651/651/649 650/650/648 658/658/655
f 659/659/656 652/652/650 651/651/649
f 655/655/486 653/653/651 652/652/650
f 660/660/485 655/655/486 652/652/650
f 661/661/657 660/660/485 652/652/650
f 661/661/657 652/652/650 659/659/656
f 657/657/654 656/656/653 662/662/658
f 649/649/647 657/657/654 663/663/659
f 664/664/660 649/649/647 663/663/659
f 650/650/648 649/649/647 664/664/660
f 658/658/655 650/650/648 664/664/660
f 665/665/661 651/651/649 658/658/655
f 666/666/662 659/659/656 651/651/649
f 666/666/662 651/651/649 665/665/661
f 667/667/663 659/659/656 666/666/662
f 667/667/663 661/661/657 659/659/656
f 668/668/492 660/660/485 661/661/657
f 657/657/654 662/662/658 669/669/664
f 663/663/659 657/657/654 669/669/664
f 664/664/660 663/663/659 670/670/665
f 671/671/666 658/658/655 664/664/660
f 671/671/666 665/665/661 658/658/655
f 672/672/667 668/668/492 661/661/657
f 672/672/667 661/661/657 667/667/663
f 673/673/494 668/668/492 672/672/667
f 662/662/658 674/674/668 675/675/669
f 669/669/664 662/662/658 675/675/669
f 670/670/665 663/663/659 669/669/664
f 664/664/660 670/670/665 676/676/670
f 671/671/666 664/664/660 676/676/670
f 665/665/661 671/671/666 677/677/671
f 678/678/672 665/665/661 677/677/671
f 666/666/662 665/665/661 678/678/672
f 679/679/673 666/666/662 678/678/672
f 679/679/673 667/667/663 666/666/662
f 679/679/673 672/672/667 667/667/663
f 680/680/674 673/673/494 672/672/667
f 681/681/675 680/680/674 672/672/667
f 680/680/674 682/682/676 673/673/494
f 669/669/664 675/675/669 683/683/677
f 669/669/664 683/683/677 670/670/665
f 676/676/670 670/670/665 684/684/678
f 685/685/679 671/671/666 676/676/670
f 677/677/671 671/671/666 685/685/679
f 686/686/680 672/672/667 679/679/673
f 686/686/680 681/681/675 672/672/667
f 687/687/681 682/682/676 680/680/674
f 687/687/681 688/688/682 682/682/676
f 675/675/669 674/674/668 689/689/683
f 670/670/665 683/683/677 690/690/684
f 684/684/678 670/670/665 690/690/684
f 685/685/679 676/676/670 691/691/685
f 692/692/686 685/685/679 691/691/685
f 693/693/687 687/687/681 680/680/674
f 681/681/675 693/693/687 680/680/674
f 675/675/669 689/689/683 694/694/688
f 683/683/677 675/675/669 694/694/688
f 691/691/685 676/676/670 684/684/678
f 695/695/689 685/685/679 692/692/686
f 695/695/689 677/677/671 685/685/679
f 696/696/690 677/677/671 695/695/689
f 697/697/691 677/677/671 696/696/690
f 697/697/691 678/678/672 677/677/671
f 698/698/692 679/679/673 678/678/672
f 687/687/681 699/699/693 688/688/682
f 693/693/687 700/700/694 687/687/681
f 701/701/695 699/699/693 687/687/681
f 700/700/694 701/701/695 687/687/681
f 694/694/688 702/702/696 683/683/677
f 684/684/678 690/690/684 703/703/697
f 691/691/685 684/684/678 704/704/698
f 692/692/686 691/691/685 704/704/698
f 698/698/692 678/678/672 697/697/691
f 686/686/680 679/679/673 698/698/692
f 705/705/699 681/681/675 686/686/680
f 706/706/700 693/693/687 681/681/675
f 706/706/700 700/700/694 693/693/687
f 701/701/695 707/707/510 699/699/693
f 690/690/684 683/683/677 702/702/696
f 704/704/698 684/684/678 703/703/697
f 692/692/686 704/704/698 708/708/701
f 709/709/702 695/695/689 692/692/686
f 710/710/703 697/697/691 696/696/690
f 710/710/703 698/698/692 697/697/691
f 705/705/699 686/686/680 698/698/692
f 711/711/704 706/706/700 681/681/675
f 712/712/514 707/707/510 701/701/695
f 690/690/684 702/702/696 713/713/705
f 703/703/697 690/690/684 714/714/706
f 704/704/698 703/703/697 715/715/707
f 696/696/690 695/695/689 709/709/702
f 716/716/708 698/698/692 710/710/703
f 717/717/709 705/705/699 698/698/692
f 705/705/699 711/711/704 681/681/675
f 706/706/700 718/718/710 700/700/694
f 700/700/694 718/718/710 701/701/695
f 690/690/684 713/713/705 719/719/711
f 690/690/684 719/719/711 714/714/706
f 715/715/707 703/703/697 714/714/706
f 720/720/712 692/692/686 708/708/701
f 709/709/702 692/692/686 720/720/712
f 721/721/713 696/696/690 709/709/702
f 721/721/713 710/710/703 696/696/690
f 717/717/709 698/698/692 716/716/708
f 722/722/714 705/705/699 717/717/709
f 711/711/704 705/705/699 722/722/714
f 723/723/715 712/712/514 701/701/695
f 723/723/715 701/701/695 718/718/710
f 724/724/716 712/712/514 723/723/715
f 702/702/696 725/725/717 726/726/718
f 708/708/701 704/704/698 715/715/707
f 727/727/719 706/706/700 711/711/704
f 727/727/719 718/718/710 706/706/700
f 728/728/720 724/724/716 723/723/715
f 729/729/721 728/728/720 723/723/715
f 729/729/721 723/723/715 718/718/710
f 728/728/720 730/730/722 724/724/716
f 731/731/521 730/730/722 728/728/720
f 713/713/705 702/702/696 732/732/723
f 702/702/696 726/726/718 732/732/723
f 719/719/711 713/713/705 733/733/724
f 715/715/707 714/714/706 734/734/725
f 720/720/712 708/708/701 735/735/726
f 736/736/727 709/709/702 720/720/712
f 737/737/728 716/716/708 710/710/703
f 738/738/729 717/717/709 716/716/708
f 739/739/730 711/711/704 722/722/714
f 739/739/730 727/727/719 711/711/704
f 740/740/731 729/729/721 718/718/710
f 713/713/705 732/732/723 733/733/724
f 741/741/732 719/719/711 733/733/724
f 714/714/706 719/719/711 741/741/732
f 734/734/725 714/714/706 741/741/732
f 742/742/733 715/715/707 734/734/725
f 708/708/701 715/715/707 742/742/733
f 743/743/734 721/721/713 709/709/702
f 737/737/728 710/710/703 721/721/713
f 744/744/735 722/722/714 717/717/709
f 740/740/731 718/718/710 727/727/719
f 735/735/726 708/708/701 742/742/733
f 743/743/734 709/709/702 736/736/727
f 744/744/735 717/717/709 738/738/729
f 744/744/735 739/739/730 722/722/714
f 745/745/527 728/728/720 729/729/721
f 731/731/521 728/728/720 745/745/527
f 733/733/724 732/732/723 746/746/736
f 741/741/732 733/733/724 747/747/737
f 748/748/738 734/734/725 741/741/732
f 742/742/733 734/734/725 748/748/738
f 735/735/726 742/742/733 749/749/739
f 750/750/740 720/720/712 735/735/726
f 750/750/740 736/736/727 720/720/712
f 737/737/728 721/721/713 743/743/734
f 751/751/741 716/716/708 737/737/728
f 751/751/741 738/738/729 716/716/708
f 752/752/742 727/727/719 739/739/730
f 752/752/742 740/740/731 727/727/719
f 753/753/529 745/745/527 729/729/721
f 753/753/529 729/729/721 740/740/731
f 754/754/743 731/731/521 745/745/527
f 747/747/737 733/733/724 746/746/736
f 749/749/739 742/742/733 748/748/738
f 755/755/744 736/736/727 750/750/740
f 756/756/745 737/737/728 743/743/734
f 757/757/746 738/738/729 751/751/741
f 744/744/735 738/738/729 757/757/746
f 758/758/747 740/740/731 752/752/742
f 759/759/748 741/741/732 747/747/737
f 748/748/738 741/741/732 759/759/748
f 760/760/749 736/736/727 755/755/744
f 743/743/734 736/736/727 760/760/749
f 751/751/741 737/737/728 756/756/745
f 761/761/750 752/752/742 739/739/730
f 762/762/751 745/745/527 753/753/529
f 763/763/752 750/750/740 735/735/726
f 743/743/734 760/760/749 764/764/753
f 756/756/745 743/743/734 764/764/753
f 751/751/741 756/756/745 765/765/754
f 766/766/755 757/757/746 751/751/741
f 761/761/750 739/739/730 744/744/735
f 767/767/756 753/753/529 740/740/731
f 763/763/752 735/735/726 749/749/739
f 768/768/757 750/750/740 763/763/752
f 768/768/757 755/755/744 750/750/740
f 760/760/749 755/755/744 768/768/757
f 769/769/758 756/756/745 764/764/753
f 765/765/754 756/756/745 769/769/758
f 766/766/755 751/751/741 765/765/754
f 770/770/759 744/744/735 757/757/746
f 771/771/760 761/761/750 744/744/735
f 771/771/760 744/744/735 770/770/759
f 772/772/761 748/748/738 759/759/748
f 749/749/739 748/748/738 773/773/762
f 770/770/759 757/757/746 766/766/755
f 773/773/762 748/748/738 772/772/761
f 763/763/752 749/749/739 773/773/762
f 774/774/763 760/760/749 768/768/757
f 764/764/753 760/760/749 774/774/763
f 769/769/758 764/764/753 775/775/764
f 776/776/765 768/768/757 763/763/752
f 774/774/763 768/768/757 777/777/766
f 764/764/753 774/774/763 778/778/767
f 775/775/764 764/764/753 778/778/767
f 765/765/754 769/769/758 775/775/764
f 773/773/762 772/772/761 779/779/768
f 763/763/752 773/773/762 780/780/769
f 781/781/770 763/763/752 780/780/769
f 777/777/766 768/768/757 776/776/765
f 775/775/764 778/778/767 782/782/771
f 783/783/772 773/773/762 779/779/768
f 780/780/769 773/773/762 783/783/772
f 776/776/765 763/763/752 781/781/770
f 778/778/767 774/774/763 777/777/766
f 784/784/773 780/780/769 783/783/772
f 785/785/774 781/781/770 780/780/769
f 784/784/773 783/783/772 786/786/775
f 787/787/776 784/784/773 786/786/775
f 785/785/774 784/784/773 787/787/776
f 780/780/769 784/784/773 785/785/774
f 788/788/777 785/785/774 787/787/776
f 781/781/770 785/785/774 788/788/777
f 789/789/778 776/776/765 781/781/770
f 777/777/766 776/776/765 789/789/778
f 790/790/779 778/778/767 777/777/766
f 791/791/780 778/778/767 790/790/779
f 792/792/781 793/793/782 794/794/783
f 795/795/784 783/783/772 779/779/768
f 796/796/785 788/788/777 787/787/776
f 789/789/778 781/781/770 788/788/777
f 793/793/782 797/797/786 798/798/787
f 799/799/788 793/793/782 798/798/787
f 800/800/789 793/793/782 799/799/788
f 797/797/786 791/791/780 790/790/779
f 797/797/786 792/792/781 791/791/780
f 797/797/786 793/793/782 792/792/781
f 800/800/789 794/794/783 793/793/782
f 801/801/790 778/778/767 791/791/780
f 782/782/771 778/778/767 801/801/790
f 801/801/790 791/791/780 792/792/781
f 802/802/791 792/792/781 794/794/783
f 803/803/792 801/801/790 792/792/781
f 802/802/791 803/803/792 792/792/781
f 786/786/775 783/783/772 795/795/784
f 804/804/793 786/786/775 805/805/794
f 787/787/776 786/786/775 804/804/793
f 806/806/795 788/788/777 796/796/785
f 806/806/795 789/789/778 788/788/777
f 807/807/796 803/803/792 802/802/791
f 786/786/775 795/795/784 808/808/797
f 809/809/798 787/787/776 804/804/793
f 809/809/798 796/796/785 787/787/776
f 790/790/779 777/777/766 810/810/799
f 798/798/787 790/790/779 810/810/799
f 798/798/787 810/810/799 811/811/800
f 798/798/787 797/797/786 790/790/779
f 805/805/794 786/786/775 808/808/797
f 805/805/794 808/808/797 812/812/801
f 804/804/793 805/805/794 812/812/801
f 813/813/802 806/806/795 796/796/785
f 814/814/803 777/777/766 789/789/778
f 814/814/803 789/789/778 806/806/795
f 815/815/804 799/799/788 811/811/800
f 799/799/788 798/798/787 811/811/800
f 810/810/799 777/777/766 814/814/803
f 816/816/805 800/800/789 799/799/788
f 807/807/796 817/817/806 801/801/790
f 801/801/790 803/803/792 807/807/796
f 808/808/797 795/795/784 818/818/807
f 813/813/802 796/796/785 809/809/798
f 819/819/808 811/811/800 810/810/799
f 816/816/805 799/799/788 815/815/804
f 812/812/801 808/808/797 818/818/807
f 820/820/809 804/804/793 812/812/801
f 821/821/810 809/809/798 804/804/793
f 813/813/802 809/809/798 821/821/810
f 822/822/811 806/806/795 813/813/802
f 810/810/799 814/814/803 806/806/795
f 819/819/808 806/806/795 822/822/811
f 815/815/804 811/811/800 819/819/808
f 819/819/808 810/810/799 806/806/795
f 823/823/812 816/816/805 815/815/804
f 821/821/810 804/804/793 820/820/809
f 824/824/813 812/812/801 818/818/807
f 813/813/802 821/821/810 825/825/814
f 826/826/815 819/819/808 822/822/811
f 826/826/815 815/815/804 819/819/808
f 823/823/812 815/815/804 826/826/815
f 820/820/809 812/812/801 824/824/813
f 827/827/816 821/821/810 820/820/809
f 828/828/817 821/821/810 827/827/816
f 828/828/817 825/825/814 821/821/810
f 829/829/818 813/813/802 825/825/814
f 822/822/811 813/813/802 829/829/818
f 820/820/809 824/824/813 830/830/819
f 827/827/816 820/820/809 831/831/820
f 832/832/821 823/823/812 826/826/815
f 831/831/820 820/820/809 830/830/819
f 833/833/822 825/825/814 828/828/817
f 829/829/818 825/825/814 833/833/822
f 834/834/823 822/822/811 829/829/818
f 826/826/815 822/822/811 834/834/823
f 835/835/824 831/831/820 836/836/825
f 831/831/820 830/830/819 836/836/825
f 827/827/816 831/831/820 835/835/824
f 837/837/826 829/829/818 833/833/822
f 838/838/827 827/827/816 835/835/824
f 828/828/817 827/827/816 838/838/827
f 839/839/828 834/834/823 837/837/826
f 834/834/823 829/829/818 837/837/826
f 840/840/829 841/841/830 839/839/828
f 841/841/830 834/834/823 839/839/828
f 841/841/830 842/842/831 834/834/823
f 843/843/832 836/836/825 844/844/833
f 835/835/824 836/836/825 843/843/832
f 833/833/822 828/828/817 838/838/827
f 845/845/834 837/837/826 833/833/822
f 839/839/828 837/837/826 845/845/834
f 840/840/829 839/839/828 846/846/835
f 847/847/836 841/841/830 840/840/829
f 839/839/828 845/845/834 848/848/837
f 846/846/835 839/839/828 848/848/837
f 849/849/838 840/840/829 846/846/835
f 849/849/838 847/847/836 840/840/829
f 850/850/839 841/841/830 847/847/836
f 845/845/834 833/833/822 851/851/840
f 843/843/832 844/844/833 852/852/841
f 853/853/842 838/838/827 835/835/824
f 853/853/842 835/835/824 843/843/832
f 851/851/840 833/833/822 838/838/827
f 848/848/837 845/845/834 854/854/843
f 849/849/838 846/846/835 855/855/844
f 846/846/835 848/848/837 856/856/845
f 857/857/846 843/843/832 852/852/841
f 853/853/842 843/843/832 857/857/846
f 851/851/840 838/838/827 858/858/847
f 854/854/843 845/845/834 851/851/840
f 856/856/845 848/848/837 854/854/843
f 859/859/848 846/846/835 856/856/845
f 855/855/844 846/846/835 859/859/848
f 860/860/849 856/856/845 854/854/843
f 859/859/848 856/856/845 860/860/849
f 838/838/827 853/853/842 861/861/850
f 858/858/847 838/838/827 861/861/850
f 861/861/850 853/853/842 857/857/846
f 861/861/850 857/857/846 862/862/851
f 851/851/840 858/858/847 863/863/852
f 863/863/852 854/854/843 851/851/840
f 864/864/853 858/858/847 861/861/850
f 864/864/853 861/861/850 862/862/851
f 865/865/854 854/854/843 863/863/852
f 860/860/849 854/854/843 865/865/854
f 866/866/855 860/860/849 867/867/856
f 859/859/848 860/860/849 866/866/855
f 867/867/856 860/860/849 865/865/854
f 868/868/857 858/858/847 864/864/853
f 869/869/115 870/870/120 871/871/121
f 872/872/858 869/869/115 871/871/121
f 873/873/116 870/870/120 869/869/115
f 874/874/859 875/875/718 876/876/414
f 877/877/723 875/875/718 874/874/859
f 878/878/860 877/877/723 874/874/859
f 879/879/861 874/874/859 876/876/414
f 878/878/860 874/874/859 879/879/861
f 880/880/862 881/881/736 877/877/723
f 882/882/863 883/883/737 881/881/736
f 880/880/862 877/877/723 878/878/860
f 882/882/863 881/881/736 880/880/862
f 879/879/861 884/884/864 885/885/865
f 886/886/866 878/878/860 879/879/861
f 887/887/867 878/878/860 886/886/866
f 880/880/862 878/878/860 887/887/867
f 888/888/748 883/883/737 882/882/863
f 886/886/866 879/879/861 885/885/865
f 889/889/868 888/888/748 882/882/863
f 890/890/761 888/888/748 889/889/868
f 891/891/869 892/892/870 893/893/434
f 891/891/869 885/885/865 892/892/870
f 886/886/866 885/885/865 891/891/869
f 894/894/871 887/887/867 886/886/866
f 895/895/872 882/882/863 880/880/862
f 889/889/868 882/882/863 895/895/872
f 894/894/871 886/886/866 891/891/869
f 896/896/873 890/890/761 889/889/868
f 891/891/869 893/893/434 897/897/874
f 894/894/871 891/891/869 897/897/874
f 898/898/875 880/880/862 887/887/867
f 895/895/872 880/880/862 899/899/876
f 900/900/877 889/889/868 895/895/872
f 887/887/867 894/894/871 901/901/878
f 899/899/876 880/880/862 898/898/875
f 900/900/877 895/895/872 899/899/876
f 902/902/879 889/889/868 900/900/877
f 896/896/873 889/889/868 902/902/879
f 901/901/878 894/894/871 897/897/874
f 903/903/880 901/901/878 897/897/874
f 904/904/881 887/887/867 901/901/878
f 904/904/881 898/898/875 887/887/867
f 899/899/876 898/898/875 904/904/881
f 900/900/877 899/899/876 905/905/882
f 906/906/883 896/896/873 902/902/879
f 900/900/877 905/905/882 907/907/884
f 906/906/883 902/902/879 900/900/877
f 908/908/784 896/896/873 906/906/883
f 909/909/885 904/904/881 901/901/878
f 899/899/876 904/904/881 905/905/882
f 901/901/878 903/903/880 910/910/886
f 907/907/884 905/905/882 911/911/887
f 900/900/877 907/907/884 906/906/883
f 909/909/885 901/901/878 910/910/886
f 912/912/888 904/904/881 909/909/885
f 905/905/882 904/904/881 912/912/888
f 911/911/887 905/905/882 912/912/888
f 913/913/889 907/907/884 911/911/887
f 914/914/890 908/908/784 906/906/883
f 915/915/891 908/908/784 914/914/890
f 913/913/889 911/911/887 912/912/888
f 916/916/892 907/907/884 913/913/889
f 916/916/892 906/906/883 907/907/884
f 914/914/890 906/906/883 916/916/892
f 909/909/885 910/910/886 917/917/893
f 912/912/888 909/909/885 917/917/893
f 918/918/894 915/915/891 914/914/890
f 919/919/813 915/915/891 918/918/894
f 912/912/888 917/917/893 920/920/895
f 916/916/892 913/913/889 921/921/896
f 922/922/897 916/916/892 921/921/896
f 914/914/890 916/916/892 922/922/897
f 918/918/894 914/914/890 922/922/897
f 923/923/898 912/912/888 920/920/895
f 923/923/898 913/913/889 912/912/888
f 921/921/896 913/913/889 924/924/899
f 924/924/899 913/913/889 923/923/898
f 919/919/813 918/918/894 925/925/900
f 926/926/901 919/919/813 927/927/902
f 928/928/903 926/926/901 927/927/902
f 922/922/897 921/921/896 929/929/904
f 918/918/894 922/922/897 930/930/905
f 931/931/906 923/923/898 920/920/895
f 924/924/899 923/923/898 931/931/906
f 929/929/904 921/921/896 924/924/899
f 930/930/905 922/922/897 929/929/904
f 919/919/813 925/925/900 927/927/902
f 932/932/833 928/928/903 927/927/902
f 932/932/833 927/927/902 933/933/907
f 929/929/904 924/924/899 934/934/908
f 918/918/894 930/930/905 935/935/909
f 925/925/900 918/918/894 935/935/909
f 927/927/902 925/925/900 936/936/910
f 937/937/911 930/930/905 929/929/904
f 936/936/910 925/925/900 935/935/909
f 934/934/908 924/924/899 931/931/906
f 933/933/907 927/927/902 936/936/910
f 938/938/912 932/932/833 933/933/907
f 934/934/908 931/931/906 939/939/913
f 929/929/904 934/934/908 940/940/914
f 937/937/911 929/929/904 940/940/914
f 941/941/915 930/930/905 937/937/911
f 941/941/915 935/935/909 930/930/905
f 942/942/916 935/935/909 941/941/915
f 936/936/910 935/935/909 942/942/916
f 940/940/914 934/934/908 943/943/917
f 933/933/907 936/936/910 944/944/918
f 938/938/912 933/933/907 945/945/919
f 946/946/920 938/938/912 945/945/919
f 947/947/921 938/938/912 946/946/920
f 943/943/917 934/934/908 939/939/913
f 945/945/919 933/933/907 944/944/918
f 943/943/917 939/939/913 948/948/922
f 949/949/923 936/936/910 942/942/916
f 944/944/918 936/936/910 949/949/923
f 950/950/851 947/947/921 946/946/920
f 951/951/924 940/940/914 943/943/917
f 951/951/924 937/937/911 940/940/914
f 952/952/925 941/941/915 951/951/924
f 941/941/915 937/937/911 951/951/924
f 942/942/916 941/941/915 952/952/925
f 953/953/926 946/946/920 945/945/919
f 950/950/851 946/946/920 953/953/926
f 949/949/923 942/942/916 954/954/927
f 953/953/926 945/945/919 944/944/918
f 943/943/917 948/948/922 955/955/928
f 954/954/927 942/942/916 952/952/925
f 943/943/917 955/955/928 956/956/929
f 957/957/930 952/952/925 951/951/924
f 958/958/931 952/952/925 957/957/930
f 959/959/932 944/944/918 949/949/923
f 953/953/926 944/944/918 959/959/932
f 960/960/933 950/950/851 953/953/926
f 961/961/934 954/954/927 952/952/925
f 962/962/935 951/951/924 943/943/917
f 961/961/934 952/952/925 958/958/931
f 963/963/936 959/959/932 949/949/923
f 960/960/933 953/953/926 959/959/932
f 964/964/937 943/943/917 956/956/929
f 964/964/937 956/956/929 965/965/938
f 962/962/935 943/943/917 964/964/937
f 957/957/930 951/951/924 962/962/935
f 960/960/933 959/959/932 966/966/939
f 963/963/936 954/954/927 961/961/934
f 949/949/923 954/954/927 963/963/936
f 966/966/939 959/959/932 967/967/940
f 968/968/941 957/957/930 962/962/935
f 958/958/931 957/957/930 968/968/941
f 969/969/942 958/958/931 968/968/941
f 961/961/934 958/958/931 969/969/942
f 967/967/940 959/959/932 970/970/943
f 964/964/937 965/965/938 971/971/944
f 972/972/945 963/963/936 961/961/934
f 959/959/932 963/963/936 972/972/945
f 970/970/943 959/959/932 972/972/945
f 973/973/946 967/967/940 970/970/943
f 974/974/947 969/969/942 968/968/941
f 975/975/948 969/969/942 974/974/947
f 975/975/948 961/961/934 969/969/942
f 972/972/945 961/961/934 975/975/948
f 976/976/949 964/964/937 971/971/944
f 976/976/949 962/962/935 964/964/937
f 977/977/950 968/968/941 962/962/935
f 978/978/951 972/972/945 975/975/948
f 979/979/952 972/972/945 978/978/951
f 970/970/943 972/972/945 979/979/952
f 977/977/950 962/962/935 976/976/949
f 974/974/947 968/968/941 977/977/950
f 980/980/953 975/975/948 974/974/947
f 978/978/951 975/975/948 980/980/953
f 973/973/946 970/970/943 979/979/952
f 971/971/944 981/981/954 982/982/955
f 983/983/956 973/973/946 979/979/952
f 976/976/949 971/971/944 982/982/955
f 984/984/957 979/979/952 978/978/951
f 985/985/958 977/977/950 976/976/949
f 986/986/959 974/974/947 977/977/950
f 980/980/953 974/974/947 986/986/959
f 983/983/956 979/979/952 984/984/957
f 982/982/955 981/981/954 987/987/960
f 988/988/961 977/977/950 985/985/958
f 989/989/962 976/976/949 982/982/955
f 989/989/962 985/985/958 976/976/949
f 988/988/961 986/986/959 977/977/950
f 990/990/963 978/978/951 980/980/953
f 991/991/964 985/985/958 989/989/962
f 988/988/961 985/985/958 991/991/964
f 982/982/955 987/987/960 992/992/965
f 993/993/966 986/986/959 988/988/961
f 993/993/966 980/980/953 986/986/959
f 992/992/965 987/987/960 994/994/967
f 989/989/962 982/982/955 992/992/965
f 995/995/968 988/988/961 991/991/964
f 993/993/966 988/988/961 995/995/968
f 996/996/969 980/980/953 993/993/966
f 990/990/963 980/980/953 996/996/969
f 992/992/965 994/994/967 997/997/970
f 998/998/971 993/993/966 995/995/968
f 996/996/969 993/993/966 998/998/971
f 997/997/970 994/994/967 999/999/972
f 989/989/962 992/992/965 997/997/970
f 991/991/964 989/989/962 1000/1000/973
f 1000/1000/973 989/989/962 997/997/970
f 999/999/972 994/994/967 1001/1001/974
f 1000/1000/973 997/997/970 1002/1002/975
f 1003/1003/976 995/995/968 991/991/964
f 1004/1004/977 995/995/968 1003/1003/976
f 998/998/971 995/995/968 1004/1004/977
f 997/997/970 999/999/972 1005/1005/978
f 1006/1006/979 1000/1000/973 1002/1002/975
f 1003/1003/976 991/991/964 1000/1000/973
f 1007/1007/980 997/997/970 1005/1005/978
f 1002/1002/975 997/997/970 1007/1007/980
f 1003/1003/976 1000/1000/973 1006/1006/979
f 999/999/972 1001/1001/974 1008/1008/981
f 1009/1009/982 999/999/972 1008/1008/981
f 1010/1010/983 1005/1005/978 999/999/972
f 1006/1006/979 1002/1002/975 1007/1007/980
f 1011/1011/984 1003/1003/976 1006/1006/979
f 1004/1004/977 1003/1003/976 1011/1011/984
f 1008/1008/981 1012/1012/985 1013/1013/986
f 1010/1010/983 999/999/972 1009/1009/982
f 1007/1007/980 1005/1005/978 1014/1014/987
f 1015/1015/988 1006/1006/979 1007/1007/980
f 1009/1009/982 1008/1008/981 1013/1013/986
f 1014/1014/987 1005/1005/978 1010/1010/983
f 1015/1015/988 1007/1007/980 1014/1014/987
f 1013/1013/986 1012/1012/985 1016/1016/989
f 1017/1017/990 1009/1009/982 1016/1016/989
f 1009/1009/982 1013/1013/986 1016/1016/989
f 1011/1011/984 1006/1006/979 1015/1015/988
f 1014/1014/987 1010/1010/983 1018/1018/991
f 1015/1015/988 1014/1014/987 1018/1018/991
f 1009/1009/982 1017/1017/990 1019/1019/992
f 1020/1020/993 1015/1015/988 1018/1018/991
f 1021/1021/994 1009/1009/982 1019/1019/992
f 1021/1021/994 1010/1010/983 1009/1009/982
f 1018/1018/991 1010/1010/983 1021/1021/994
f 1022/1022/995 1015/1015/988 1020/1020/993
f 1022/1022/995 1011/1011/984 1015/1015/988
f 1019/1019/992 1017/1017/990 1023/1023/996
f 1021/1021/994 1019/1019/992 1024/1024/997
f 1025/1025/998 1018/1018/991 1021/1021/994
f 1020/1020/993 1018/1018/991 1025/1025/998
f 1026/1026/999 1027/1027/1000 1028/1028/1001
f 1029/1029/1002 1030/1030/1003 1031/1031/1004
f 1026/1026/999 1028/1028/1001 1032/1032/1005
f 1026/1026/999 1032/1032/1005 1033/1033/1006
f 1034/1034/1007 1035/1035/1008 1027/1027/1000
f 1036/1036/1009 1030/1030/1003 1029/1029/1002
f 1037/1037/1010 1032/1032/1005 1038/1038/1011
f 1033/1033/1006 1032/1032/1005 1037/1037/1010
f 1034/1034/1007 1027/1027/1000 1026/1026/999
f 1039/1039/1012 1031/1031/1004 1035/1035/1008
f 1029/1029/1002 1031/1031/1004 1039/1039/1012
f 1040/1040/1013 1030/1030/1003 1036/1036/1009
f 1041/1041/1014 1030/1030/1003 1040/1040/1013
f 1039/1039/1012 1035/1035/1008 1034/1034/1007
f 1029/1029/1002 1039/1039/1012 1042/1042/1015
f 1043/1043/1016 1026/1026/999 1033/1033/1006
f 1044/1044/1017 1034/1034/1007 1026/1026/999
f 1045/1045/1018 1029/1029/1002 1042/1042/1015
f 1036/1036/1009 1029/1029/1002 1045/1045/1018
f 1040/1040/1013 1036/1036/1009 1045/1045/1018
f 1041/1041/1014 1040/1040/1013 1046/1046/1019
f 1047/1047/1020 1041/1041/1014 1046/1046/1019
f 1043/1043/1016 1033/1033/1006 1037/1037/1010
f 1048/1048/1021 1039/1039/1012 1034/1034/1007
f 1046/1046/1019 1040/1040/1013 1045/1045/1018
f 1049/1049/1022 1034/1034/1007 1044/1044/1017
f 1048/1048/1021 1034/1034/1007 1049/1049/1022
f 1042/1042/1015 1039/1039/1012 1048/1048/1021
f 1050/1050/1023 1046/1046/1019 1045/1045/1018
f 1051/1051/1024 1026/1026/999 1043/1043/1016
f 1051/1051/1024 1044/1044/1017 1026/1026/999
f 1052/1052/1025 1045/1045/1018 1042/1042/1015
f 1053/1053/1026 1047/1047/1020 1046/1046/1019
f 1054/1054/1027 1047/1047/1020 1053/1053/1026
f 1055/1055/1028 1043/1043/1016 1037/1037/1010
f 1050/1050/1023 1045/1045/1018 1052/1052/1025
f 1056/1056/1029 1046/1046/1019 1050/1050/1023
f 1053/1053/1026 1046/1046/1019 1056/1056/1029
f 1057/1057/1030 1043/1043/1016 1055/1055/1028
f 1051/1051/1024 1043/1043/1016 1057/1057/1030
f 1049/1049/1022 1044/1044/1017 1051/1051/1024
f 1058/1058/1031 1042/1042/1015 1048/1048/1021
f 1052/1052/1025 1042/1042/1015 1058/1058/1031
f 1059/1059/1032 1055/1055/1028 1060/1060/1033
f 1057/1057/1030 1055/1055/1028 1059/1059/1032
f 1061/1061/1034 1050/1050/1023 1052/1052/1025
f 1056/1056/1029 1050/1050/1023 1061/1061/1034
f 1053/1053/1026 1056/1056/1029 1062/1062/1035
f 1063/1063/1036 1057/1057/1030 1059/1059/1032
f 1051/1051/1024 1057/1057/1030 1063/1063/1036
f 1064/1064/1037 1051/1051/1024 1063/1063/1036
f 1064/1064/1037 1049/1049/1022 1051/1051/1024
f 1065/1065/1038 1049/1049/1022 1064/1064/1037
f 1065/1065/1038 1048/1048/1021 1049/1049/1022
f 1058/1058/1031 1048/1048/1021 1065/1065/1038
f 1052/1052/1025 1058/1058/1031 1066/1066/1039
f 1061/1061/1034 1052/1052/1025 1066/1066/1039
f 1056/1056/1029 1061/1061/1034 1067/1067/1040
f 1068/1068/1041 1053/1053/1026 1062/1062/1035
f 1068/1068/1041 1054/1054/1027 1053/1053/1026
f 1069/1069/1042 1054/1054/1027 1070/1070/1043
f 1071/1071/1044 1058/1058/1031 1065/1065/1038
f 1066/1066/1039 1058/1058/1031 1071/1071/1044
f 1062/1062/1035 1056/1056/1029 1067/1067/1040
f 1059/1059/1032 1060/1060/1033 1072/1072/1045
f 1073/1073/1046 1064/1064/1037 1063/1063/1036
f 1070/1070/1043 1054/1054/1027 1074/1074/1047
f 1075/1075/1048 1065/1065/1038 1064/1064/1037
f 1075/1075/1048 1064/1064/1037 1073/1073/1046
f 1076/1076/1049 1061/1061/1034 1066/1066/1039
f 1077/1077/1050 1067/1067/1040 1076/1076/1049
f 1067/1067/1040 1061/1061/1034 1076/1076/1049
f 1074/1074/1047 1054/1054/1027 1068/1068/1041
f 1078/1078/1051 1059/1059/1032 1072/1072/1045
f 1078/1078/1051 1063/1063/1036 1059/1059/1032
f 1073/1073/1046 1063/1063/1036 1078/1078/1051
f 1079/1079/1052 1067/1067/1040 1077/1077/1050
f 1062/1062/1035 1067/1067/1040 1079/1079/1052
f 1068/1068/1041 1062/1062/1035 1079/1079/1052
f 1065/1065/1038 1075/1075/1048 1080/1080/1053
f 1076/1076/1049 1066/1066/1039 1071/1071/1044
f 1081/1081/1054 1068/1068/1041 1079/1079/1052
f 1082/1082/1055 1070/1070/1043 1074/1074/1047
f 1083/1083/1056 1070/1070/1043 1082/1082/1055
f 1075/1075/1048 1073/1073/1046 1084/1084/1057
f 1071/1071/1044 1065/1065/1038 1080/1080/1053
f 1076/1076/1049 1071/1071/1044 1085/1085/1058
f 1085/1085/1058 1077/1077/1050 1076/1076/1049
f 1081/1081/1054 1074/1074/1047 1068/1068/1041
f 1086/1086/1059 1072/1072/1045 1087/1087/1060
f 1078/1078/1051 1072/1072/1045 1086/1086/1059
f 1088/1088/1061 1073/1073/1046 1078/1078/1051
f 1089/1089/1062 1071/1071/1044 1080/1080/1053
f 1085/1085/1058 1071/1071/1044 1089/1089/1062
f 1090/1090/1063 1077/1077/1050 1085/1085/1058
f 1090/1090/1063 1079/1079/1052 1077/1077/1050
f 1081/1081/1054 1079/1079/1052 1091/1091/1064
f 1084/1084/1057 1073/1073/1046 1088/1088/1061
f 1080/1080/1053 1075/1075/1048 1084/1084/1057
f 1089/1089/1062 1080/1080/1053 1092/1092/1065
f 1091/1091/1064 1079/1079/1052 1090/1090/1063
f 1085/1085/1058 1089/1089/1062 1093/1093/1066
f 1094/1094/1067 1082/1082/1055 1074/1074/1047
f 1088/1088/1061 1078/1078/1051 1086/1086/1059
f 1092/1092/1065 1080/1080/1053 1084/1084/1057
f 1089/1089/1062 1092/1092/1065 1093/1093/1066
f 1074/1074/1047 1081/1081/1054 1095/1095/1068
f 1092/1092/1065 1084/1084/1057 1096/1096/1069
f 1095/1095/1068 1081/1081/1054 1091/1091/1064
f 1097/1097/1070 1082/1082/1055 1094/1094/1067
f 1083/1083/1056 1082/1082/1055 1097/1097/1070
f 1098/1098/1071 1093/1093/1066 1092/1092/1065
f 1099/1099/1072 1091/1091/1064 1090/1090/1063
f 1094/1094/1067 1074/1074/1047 1095/1095/1068
f 1096/1096/1069 1084/1084/1057 1100/1100/1073
f 1092/1092/1065 1096/1096/1069 1098/1098/1071
f 1085/1085/1058 1093/1093/1066 1101/1101/1074
f 1090/1090/1063 1085/1085/1058 1099/1099/1072
f 1102/1102/1075 1091/1091/1064 1099/1099/1072
f 1095/1095/1068 1091/1091/1064 1102/1102/1075
f 1103/1103/1076 1083/1083/1056 1097/1097/1070
f 1096/1096/1069 1100/1100/1073 1104/1104/1077
f 1093/1093/1066 1098/1098/1071 1105/1105/1078
f 1099/1099/1072 1085/1085/1058 1101/1101/1074
f 1106/1106/1079 1095/1095/1068 1102/1102/1075
f 1107/1107/1080 1103/1103/1076 1097/1097/1070
f 1104/1104/1077 1100/1100/1073 1108/1108/1081
f 1109/1109/1082 1096/1096/1069 1104/1104/1077
f 1105/1105/1078 1098/1098/1071 1109/1109/1082
f 1098/1098/1071 1096/1096/1069 1109/1109/1082
f 1101/1101/1074 1093/1093/1066 1105/1105/1078
f 1094/1094/1067 1095/1095/1068 1106/1106/1079
f 1110/1110/1083 1094/1094/1067 1106/1106/1079
f 1110/1110/1083 1097/1097/1070 1094/1094/1067
f 1111/1111/1084 1097/1097/1070 1110/1110/1083
f 1107/1107/1080 1097/1097/1070 1111/1111/1084
f 1109/1109/1082 1104/1104/1077 1112/1112/1085
f 1113/1113/1086 1107/1107/1080 1114/1114/1087
f 1115/1115/1088 1108/1108/1081 1116/1116/1089
f 1104/1104/1077 1108/1108/1081 1115/1115/1088
f 1105/1105/1078 1109/1109/1082 1117/1117/1090
f 1102/1102/1075 1099/1099/1072 1118/1118/1091
f 1114/1114/1087 1107/1107/1080 1111/1111/1084
f 1115/1115/1088 1116/1116/1089 1119/1119/1092
f 1101/1101/1074 1105/1105/1078 1120/1120/1093
f 1121/1121/1094 1101/1101/1074 1120/1120/1093
f 1118/1118/1091 1099/1099/1072 1101/1101/1074
f 1110/1110/1083 1106/1106/1079 1122/1122/1095
f 1119/1119/1092 1116/1116/1089 1123/1123/1096
f 1124/1124/1097 1105/1105/1078 1117/1117/1090
f 1120/1120/1093 1105/1105/1078 1124/1124/1097
f 1118/1118/1091 1101/1101/1074 1121/1121/1094
f 1125/1125/1098 1106/1106/1079 1102/1102/1075
f 1126/1126/1099 1113/1113/1086 1114/1114/1087
f 1122/1122/1095 1106/1106/1079 1125/1125/1098
f 1111/1111/1084 1110/1110/1083 1127/1127/1100
f 1128/1128/1101 1114/1114/1087 1111/1111/1084
f 1124/1124/1097 1117/1117/1090 1129/1129/1102
f 1130/1130/1103 1118/1118/1091 1121/1121/1094
f 1131/1131/1104 1118/1118/1091 1130/1130/1103
f 1125/1125/1098 1118/1118/1091 1131/1131/1104
f 1102/1102/1075 1118/1118/1091 1125/1125/1098
f 1132/1132/1105 1110/1110/1083 1122/1122/1095
f 1111/1111/1084 1127/1127/1100 1128/1128/1101
f 1126/1126/1099 1114/1114/1087 1133/1133/1106
f 1134/1134/1107 1122/1122/1095 1125/1125/1098
f 1127/1127/1100 1110/1110/1083 1132/1132/1105
f 1135/1135/1108 1128/1128/1101 1127/1127/1100
f 1136/1136/1109 1126/1126/1099 1133/1133/1106
f 1137/1137/1110 1120/1120/1093 1124/1124/1097
f 1121/1121/1094 1120/1120/1093 1138/1138/1111
f 1130/1130/1103 1121/1121/1094 1138/1138/1111
f 1139/1139/1112 1122/1122/1095 1134/1134/1107
f 1132/1132/1105 1122/1122/1095 1139/1139/1112
f 1135/1135/1108 1127/1127/1100 1140/1140/1113
f 1133/1133/1106 1114/1114/1087 1128/1128/1101
f 1138/1138/1111 1120/1120/1093 1137/1137/1110
f 1140/1140/1113 1127/1127/1100 1132/1132/1105
f 1141/1141/1114 1135/1135/1108 1140/1140/1113
f 1128/1128/1101 1135/1135/1108 1141/1141/1114
f 1133/1133/1106 1128/1128/1101 1142/1142/1115
f 1143/1143/1116 1136/1136/1109 1133/1133/1106
f 1144/1144/1117 1136/1136/1109 1143/1143/1116
f 1145/1145/1118 1146/1146/1119 1144/1144/1117
f 1147/1147/1120 1146/1146/1119 1145/1145/1118
f 1137/1137/1110 1124/1124/1097 1129/1129/1102
f 1148/1148/1121 1139/1139/1112 1134/1134/1107
f 1140/1140/1113 1132/1132/1105 1149/1149/1122
f 1150/1150/1123 1140/1140/1113 1149/1149/1122
f 1151/1151/1124 1140/1140/1113 1150/1150/1123
f 1141/1141/1114 1140/1140/1113 1151/1151/1124
f 1142/1142/1115 1128/1128/1101 1141/1141/1114
f 1152/1152/1125 1133/1133/1106 1142/1142/1115
f 1143/1143/1116 1133/1133/1106 1152/1152/1125
f 1153/1153/1126 1134/1134/1107 1125/1125/1098
f 1148/1148/1121 1134/1134/1107 1153/1153/1126
f 1149/1149/1122 1132/1132/1105 1139/1139/1112
f 1154/1154/1127 1142/1142/1115 1141/1141/1114
f 1137/1137/1110 1129/1129/1102 1155/1155/1128
f 1156/1156/1129 1130/1130/1103 1138/1138/1111
f 1131/1131/1104 1130/1130/1103 1156/1156/1129
f 1157/1157/1130 1131/1131/1104 1156/1156/1129
f 1125/1125/1098 1131/1131/1104 1158/1158/1131
f 1153/1153/1126 1125/1125/1098 1158/1158/1131
f 1159/1159/1132 1151/1151/1124 1150/1150/1123
f 1141/1141/1114 1151/1151/1124 1159/1159/1132
f 1154/1154/1127 1141/1141/1114 1159/1159/1132
f 1154/1154/1127 1152/1152/1125 1142/1142/1115
f 1160/1160/1133 1144/1144/1117 1143/1143/1116
f 1145/1145/1118 1144/1144/1117 1160/1160/1133
f 1161/1161/1134 1147/1147/1120 1145/1145/1118
f 1162/1162/1135 1138/1138/1111 1137/1137/1110
f 1163/1163/1136 1138/1138/1111 1162/1162/1135
f 1156/1156/1129 1138/1138/1111 1163/1163/1136
f 1164/1164/1137 1149/1149/1122 1139/1139/1112
f 1159/1159/1132 1150/1150/1123 1165/1165/1138
f 1145/1145/1118 1160/1160/1133 1166/1166/1139
f 1162/1162/1135 1137/1137/1110 1155/1155/1128
f 1158/1158/1131 1131/1131/1104 1157/1157/1130
f 1164/1164/1137 1139/1139/1112 1148/1148/1121
f 1150/1150/1123 1149/1149/1122 1164/1164/1137
f 1154/1154/1127 1159/1159/1132 1165/1165/1138
f 1152/1152/1125 1154/1154/1127 1167/1167/1140
f 1168/1168/1141 1143/1143/1116 1152/1152/1125
f 1160/1160/1133 1143/1143/1116 1168/1168/1141
f 1160/1160/1133 1168/1168/1141 1169/1169/1142
f 1166/1166/1139 1160/1160/1133 1169/1169/1142
f 1161/1161/1134 1145/1145/1118 1166/1166/1139
f 1163/1163/1136 1162/1162/1135 1170/1170/1143
f 1165/1165/1138 1150/1150/1123 1164/1164/1137
f 1154/1154/1127 1165/1165/1138 1167/1167/1140
f 1168/1168/1141 1152/1152/1125 1167/1167/1140
f 1162/1162/1135 1155/1155/1128 1171/1171/1144
f 1172/1172/1145 1156/1156/1129 1163/1163/1136
f 1157/1157/1130 1156/1156/1129 1173/1173/1146
f 1158/1158/1131 1157/1157/1130 1173/1173/1146
f 1174/1174/1147 1153/1153/1126 1158/1158/1131
f 1148/1148/1121 1153/1153/1126 1174/1174/1147
f 1165/1165/1138 1164/1164/1137 1175/1175/1148
f 1167/1167/1140 1165/1165/1138 1175/1175/1148
f 1172/1172/1145 1163/1163/1136 1170/1170/1143
f 1173/1173/1146 1156/1156/1129 1172/1172/1145
f 1176/1176/1149 1174/1174/1147 1158/1158/1131
f 1164/1164/1137 1148/1148/1121 1177/1177/1150
f 1175/1175/1148 1164/1164/1137 1177/1177/1150
f 1178/1178/1151 1162/1162/1135 1171/1171/1144
f 1170/1170/1143 1162/1162/1135 1178/1178/1151
f 1176/1176/1149 1158/1158/1131 1173/1173/1146
f 1177/1177/1150 1148/1148/1121 1179/1179/1152
f 1180/1180/1153 1170/1170/1143 1178/1178/1151
f 1179/1179/1152 1148/1148/1121 1174/1174/1147
f 1181/1181/1154 1169/1169/1142 1168/1168/1141
f 1182/1182/1155 1183/1183/1156 1184/1184/1157
f 1180/1180/1153 1172/1172/1145 1170/1170/1143
f 1185/1185/1158 1174/1174/1147 1176/1176/1149
f 1179/1179/1152 1174/1174/1147 1185/1185/1158
f 1186/1186/1159 1175/1175/1148 1177/1177/1150
f 1181/1181/1154 1168/1168/1141 1167/1167/1140
f 1187/1187/1160 1171/1171/1144 1188/1188/1161
f 1178/1178/1151 1171/1171/1144 1187/1187/1160
f 1173/1173/1146 1172/1172/1145 1180/1180/1153
f 1189/1189/1162 1167/1167/1140 1175/1175/1148
f 1190/1190/1163 1183/1183/1156 1182/1182/1155
f 1188/1188/1161 1183/1183/1156 1190/1190/1163
f 1191/1191/1164 1173/1173/1146 1180/1180/1153
f 1177/1177/1150 1179/1179/1152 1192/1192/1165
f 1189/1189/1162 1175/1175/1148 1186/1186/1159
f 1181/1181/1154 1167/1167/1140 1189/1189/1162
f 1185/1185/1158 1176/1176/1149 1193/1193/1166
f 1187/1187/1160 1188/1188/1161 1190/1190/1163
f 1194/1194/1167 1178/1178/1151 1187/1187/1160
f 1180/1180/1153 1178/1178/1151 1194/1194/1167
f 1195/1195/1168 1173/1173/1146 1191/1191/1164
f 1176/1176/1149 1173/1173/1146 1195/1195/1168
f 1193/1193/1166 1176/1176/1149 1195/1195/1168
f 1192/1192/1165 1179/1179/1152 1185/1185/1158
f 1177/1177/1150 1192/1192/1165 1196/1196/1169
f 1186/1186/1159 1177/1177/1150 1196/1196/1169
f 1197/1197/1170 1181/1181/1154 1189/1189/1162
f 1187/1187/1160 1190/1190/1163 1198/1198/1171
f 1199/1199/1172 1180/1180/1153 1194/1194/1167
f 1191/1191/1164 1180/1180/1153 1199/1199/1172
f 1200/1200/1173 1187/1187/1160 1198/1198/1171
f 1194/1194/1167 1187/1187/1160 1200/1200/1173
f 1192/1192/1165 1185/1185/1158 1201/1201/1174
f 1199/1199/1172 1194/1194/1167 1200/1200/1173
f 1195/1195/1168 1191/1191/1164 1199/1199/1172
f 1201/1201/1174 1185/1185/1158 1193/1193/1166
f 1202/1202/1175 1186/1186/1159 1196/1196/1169
f 1189/1189/1162 1186/1186/1159 1202/1202/1175
f 1201/1201/1174 1193/1193/1166 1203/1203/1176
f 1196/1196/1169 1192/1192/1165 1201/1201/1174
f 1204/1204/1177 1200/1200/1173 1198/1198/1171
f 1203/1203/1176 1193/1193/1166 1195/1195/1168
f 1202/1202/1175 1196/1196/1169 1205/1205/1178
f 1206/1206/1179 1199/1199/1172 1200/1200/1173
f 1207/1207/1180 1195/1195/1168 1199/1199/1172
f 1196/1196/1169 1201/1201/1174 1208/1208/1181
f 1205/1205/1178 1196/1196/1169 1208/1208/1181
f 1209/1209/1182 1189/1189/1162 1202/1202/1175
f 1210/1210/1183 1200/1200/1173 1204/1204/1177
f 1206/1206/1179 1200/1200/1173 1210/1210/1183
f 1207/1207/1180 1199/1199/1172 1206/1206/1179
f 1203/1203/1176 1195/1195/1168 1207/1207/1180
f 1211/1211/1184 1202/1202/1175 1205/1205/1178
f 1212/1212/1185 1204/1204/1177 1213/1213/1186
f 1210/1210/1183 1204/1204/1177 1212/1212/1185
f 1207/1207/1180 1206/1206/1179 1214/1214/1187
f 1203/1203/1176 1207/1207/1180 1214/1214/1187
f 1201/1201/1174 1203/1203/1176 1208/1208/1181
f 1209/1209/1182 1202/1202/1175 1211/1211/1184
f 1211/1211/1184 1205/1205/1178 1208/1208/1181
f 1215/1215/1188 1206/1206/1179 1210/1210/1183
f 1215/1215/1188 1210/1210/1183 1212/1212/1185
f 1214/1214/1187 1206/1206/1179 1215/1215/1188
f 1212/1212/1185 1213/1213/1186 1216/1216/1189
f 1217/1217/1190 1215/1215/1188 1212/1212/1185
f 1208/1208/1181 1203/1203/1176 1218/1218/1191
f 1219/1219/1192 1215/1215/1188 1217/1217/1190
f 1219/1219/1192 1214/1214/1187 1215/1215/1188
f 1220/1220/1193 1203/1203/1176 1214/1214/1187
f 1203/1203/1176 1220/1220/1193 1218/1218/1191
f 1221/1221/1194 1211/1211/1184 1208/1208/1181
f 1222/1222/1195 1212/1212/1185 1216/1216/1189
f 1217/1217/1190 1212/1212/1185 1222/1222/1195
f 1221/1221/1194 1208/1208/1181 1218/1218/1191
f 1223/1223/1196 1219/1219/1192 1217/1217/1190
f 1220/1220/1193 1219/1219/1192 1223/1223/1196
f 1220/1220/1193 1214/1214/1187 1219/1219/1192
f 1224/1224/1197 1225/1225/1198 1226/1226/1199
f 1223/1223/1196 1217/1217/1190 1222/1222/1195
f 1218/1218/1191 1220/1220/1193 1227/1227/1200
f 1228/1228/1201 1225/1225/1198 1224/1224/1197
f 1227/1227/1200 1220/1220/1193 1223/1223/1196
f 1226/1226/1199 1229/1229/1202 1230/1230/1203
f 1224/1224/1197 1226/1226/1199 1230/1230/1203
f 1223/1223/1196 1222/1222/1195 1231/1231/1204
f 1232/1232/1205 1227/1227/1200 1223/1223/1196
f 1221/1221/1194 1218/1218/1191 1227/1227/1200
f 1222/1222/1195 1216/1216/1189 1233/1233/1206
f 1234/1234/1207 1227/1227/1200 1232/1232/1205
f 1221/1221/1194 1227/1227/1200 1235/1235/1208
f 1230/1230/1203 1236/1236/1209 1237/1237/1210
f 1238/1238/1211 1228/1228/1201 1224/1224/1197
f 1233/1233/1206 1216/1216/1189 1228/1228/1201
f 1233/1233/1206 1228/1228/1201 1238/1238/1211
f 1231/1231/1204 1222/1222/1195 1239/1239/1212
f 1232/1232/1205 1223/1223/1196 1231/1231/1204
f 1232/1232/1205 1231/1231/1204 1239/1239/1212
f 1240/1240/1213 1224/1224/1197 1230/1230/1203
f 1239/1239/1212 1222/1222/1195 1233/1233/1206
f 1241/1241/1214 1227/1227/1200 1234/1234/1207
f 1235/1235/1208 1227/1227/1200 1241/1241/1214
f 1242/1242/1215 1230/1230/1203 1237/1237/1210
f 1243/1243/1216 1235/1235/1208 1241/1241/1214
f 1244/1244/1217 1230/1230/1203 1242/1242/1215
f 1240/1240/1213 1230/1230/1203 1244/1244/1217
f 1245/1245/1218 1224/1224/1197 1240/1240/1213
f 1238/1238/1211 1224/1224/1197 1245/1245/1218
f 1246/1246/1219 1239/1239/1212 1233/1233/1206
f 1247/1247/1220 1232/1232/1205 1239/1239/1212
f 1234/1234/1207 1232/1232/1205 1247/1247/1220
f 1248/1248/1221 1241/1241/1214 1234/1234/1207
f 1249/1249/1222 1250/1250/1223 1235/1235/1208
f 1244/1244/1217 1242/1242/1215 1251/1251/1224
f 1252/1252/1225 1233/1233/1206 1238/1238/1211
f 1246/1246/1219 1233/1233/1206 1252/1252/1225
f 1247/1247/1220 1239/1239/1212 1253/1253/1226
f 1248/1248/1221 1234/1234/1207 1247/1247/1220
f 1249/1249/1222 1235/1235/1208 1243/1243/1216
f 1251/1251/1224 1242/1242/1215 1237/1237/1210
f 1251/1251/1224 1237/1237/1210 1254/1254/1227
f 1245/1245/1218 1240/1240/1213 1255/1255/1228
f 1256/1256/1229 1238/1238/1211 1245/1245/1218
f 1252/1252/1225 1238/1238/1211 1256/1256/1229
f 1253/1253/1226 1239/1239/1212 1246/1246/1219
f 1255/1255/1228 1240/1240/1213 1257/1257/1230
f 1256/1256/1229 1245/1245/1218 1255/1255/1228
f 1258/1258/1231 1253/1253/1226 1246/1246/1219
f 1259/1259/1232 1260/1260/1233 1261/1261/742
f 1262/1262/1234 1259/1259/1232 1261/1261/742
f 1263/1263/1235 1264/1264/530 1265/1265/731
f 1263/1263/1235 1265/1265/731 1260/1260/1233
f 1266/1266/1236 1263/1263/1235 1260/1260/1233
f 1267/1267/1237 1259/1259/1232 1262/1262/1234
f 1259/1259/1232 1266/1266/1236 1260/1260/1233
f 1263/1263/1235 1268/1268/533 1264/1264/530
f 1269/1269/760 1270/1270/1238 1271/1271/1239
f 1267/1267/1237 1262/1262/1234 1269/1269/760
f 1272/1272/1240 1268/1268/533 1263/1263/1235
f 1266/1266/1236 1272/1272/1240 1263/1263/1235
f 1273/1273/1241 1274/1274/755 1275/1275/754
f 1270/1270/1238 1274/1274/755 1276/1276/1242
f 1277/1277/1243 1266/1266/1236 1259/1259/1232
f 1276/1276/1242 1274/1274/755 1273/1273/1241
f 1271/1271/1239 1270/1270/1238 1276/1276/1242
f 1278/1278/1244 1259/1259/1232 1267/1267/1237
f 1278/1278/1244 1277/1277/1243 1259/1259/1232
f 1273/1273/1241 1275/1275/754 1279/1279/1245
f 1279/1279/1245 1275/1275/754 1280/1280/764
f 1271/1271/1239 1276/1276/1242 1281/1281/1246
f 1282/1282/1247 1273/1273/1241 1279/1279/1245
f 1282/1282/1247 1276/1276/1242 1273/1273/1241
f 1271/1271/1239 1267/1267/1237 1269/1269/760
f 1279/1279/1245 1280/1280/764 1283/1283/771
f 1281/1281/1246 1276/1276/1242 1282/1282/1247
f 1271/1271/1239 1281/1281/1246 1284/1284/1248
f 1285/1285/1249 1267/1267/1237 1271/1271/1239
f 1285/1285/1249 1278/1278/1244 1267/1267/1237
f 1286/1286/1250 1277/1277/1243 1278/1278/1244
f 1287/1287/1251 1281/1281/1246 1282/1282/1247
f 1288/1288/1252 1289/1289/1253 1290/1290/789
f 1291/1291/1254 1289/1289/1253 1288/1288/1252
f 1279/1279/1245 1283/1283/771 1292/1292/1255
f 1284/1284/1248 1293/1293/1256 1271/1271/1239
f 1285/1285/1249 1271/1271/1239 1293/1293/1256
f 1285/1285/1249 1294/1294/1257 1278/1278/1244
f 1295/1295/1258 1288/1288/1252 1290/1290/789
f 1296/1296/1259 1291/1291/1254 1288/1288/1252
f 1297/1297/1260 1291/1291/1254 1296/1296/1259
f 1297/1297/1260 1298/1298/796 1291/1291/1254
f 1284/1284/1248 1281/1281/1246 1299/1299/1261
f 1296/1296/1259 1288/1288/1252 1295/1295/1258
f 1296/1296/1259 1295/1295/1258 1300/1300/1262
f 1301/1301/1263 1296/1296/1259 1300/1300/1262
f 1302/1302/1264 1297/1297/1260 1296/1296/1259
f 1303/1303/1265 1279/1279/1245 1292/1292/1255
f 1282/1282/1247 1279/1279/1245 1304/1304/1266
f 1287/1287/1251 1299/1299/1261 1281/1281/1246
f 1294/1294/1257 1286/1286/1250 1278/1278/1244
f 1305/1305/1267 1290/1290/789 1306/1306/805
f 1305/1305/1267 1295/1295/1258 1290/1290/789
f 1300/1300/1262 1295/1295/1258 1305/1305/1267
f 1307/1307/1268 1296/1296/1259 1301/1301/1263
f 1302/1302/1264 1296/1296/1259 1307/1307/1268
f 1304/1304/1266 1279/1279/1245 1303/1303/1265
f 1293/1293/1256 1294/1294/1257 1285/1285/1249
f 1305/1305/1267 1306/1306/805 1308/1308/812
f 1309/1309/1269 1298/1298/796 1297/1297/1260
f 1310/1310/1270 1282/1282/1247 1304/1304/1266
f 1311/1311/1271 1307/1307/1268 1301/1301/1263
f 1312/1312/1272 1297/1297/1260 1302/1302/1264
f 1309/1309/1269 1297/1297/1260 1312/1312/1272
f 1309/1309/1269 1313/1313/1273 1298/1298/796
f 1313/1313/1273 1303/1303/1265 1298/1298/796
f 1314/1314/1274 1304/1304/1266 1303/1303/1265
f 1310/1310/1270 1304/1304/1266 1314/1314/1274
f 1287/1287/1251 1282/1282/1247 1310/1310/1270
f 1311/1311/1271 1301/1301/1263 1300/1300/1262
f 1315/1315/1275 1307/1307/1268 1311/1311/1271
f 1312/1312/1272 1302/1302/1264 1307/1307/1268
f 1312/1312/1272 1307/1307/1268 1315/1315/1275
f 1314/1314/1274 1303/1303/1265 1313/1313/1273
f 1316/1316/1276 1284/1284/1248 1299/1299/1261
f 1293/1293/1256 1284/1284/1248 1316/1316/1276
f 1316/1316/1276 1317/1317/1277 1293/1293/1256
f 1317/1317/1277 1294/1294/1257 1293/1293/1256
f 1317/1317/1277 1318/1318/1278 1294/1294/1257
f 1319/1319/1279 1300/1300/1262 1305/1305/1267
f 1320/1320/1280 1300/1300/1262 1319/1319/1279
f 1311/1311/1271 1300/1300/1262 1320/1320/1280
f 1287/1287/1251 1310/1310/1270 1321/1321/1281
f 1321/1321/1281 1299/1299/1261 1287/1287/1251
f 1319/1319/1279 1305/1305/1267 1308/1308/812
f 1322/1322/1282 1311/1311/1271 1320/1320/1280
f 1322/1322/1282 1315/1315/1275 1311/1311/1271
f 1323/1323/1283 1318/1318/1278 1317/1317/1277
f 1324/1324/1284 1308/1308/812 1325/1325/821
f 1324/1324/1284 1319/1319/1279 1308/1308/812
f 1320/1320/1280 1319/1319/1279 1326/1326/1285
f 1322/1322/1282 1320/1320/1280 1326/1326/1285
f 1326/1326/1285 1315/1315/1275 1322/1322/1282
f 1327/1327/1286 1315/1315/1275 1326/1326/1285
f 1327/1327/1286 1312/1312/1272 1315/1315/1275
f 1328/1328/1287 1309/1309/1269 1312/1312/1272
f 1328/1328/1287 1312/1312/1272 1327/1327/1286
f 1329/1329/1288 1313/1313/1273 1309/1309/1269
f 1314/1314/1274 1313/1313/1273 1330/1330/1289
f 1331/1331/1290 1299/1299/1261 1321/1321/1281
f 1316/1316/1276 1299/1299/1261 1331/1331/1290
f 1325/1325/821 1332/1332/815 1333/1333/1291
f 1334/1334/1292 1326/1326/1285 1319/1319/1279
f 1329/1329/1288 1309/1309/1269 1328/1328/1287
f 1314/1314/1274 1330/1330/1289 1335/1335/1293
f 1310/1310/1270 1314/1314/1274 1335/1335/1293
f 1334/1334/1292 1319/1319/1279 1324/1324/1284
f 1327/1327/1286 1326/1326/1285 1334/1334/1292
f 1336/1336/1294 1328/1328/1287 1327/1327/1286
f 1330/1330/1289 1313/1313/1273 1329/1329/1288
f 1330/1330/1289 1329/1329/1288 1337/1337/1295
f 1338/1338/1296 1321/1321/1281 1310/1310/1270
f 1339/1339/1297 1317/1317/1277 1316/1316/1276
f 1340/1340/1298 1318/1318/1278 1323/1323/1283
f 1341/1341/1299 1325/1325/821 1333/1333/1291
f 1341/1341/1299 1324/1324/1284 1325/1325/821
f 1334/1334/1292 1324/1324/1284 1341/1341/1299
f 1327/1327/1286 1334/1334/1292 1342/1342/1300
f 1336/1336/1294 1327/1327/1286 1342/1342/1300
f 1336/1336/1294 1329/1329/1288 1328/1328/1287
f 1338/1338/1296 1310/1310/1270 1335/1335/1293
f 1331/1331/1290 1321/1321/1281 1343/1343/1301
f 1343/1343/1301 1344/1344/1302 1331/1331/1290
f 1344/1344/1302 1316/1316/1276 1331/1331/1290
f 1339/1339/1297 1323/1323/1283 1317/1317/1277
f 1345/1345/1303 1334/1334/1292 1341/1341/1299
f 1342/1342/1300 1334/1334/1292 1345/1345/1303
f 1336/1336/1294 1346/1346/1304 1337/1337/1295
f 1336/1336/1294 1337/1337/1295 1329/1329/1288
f 1330/1330/1289 1337/1337/1295 1347/1347/1305
f 1344/1344/1302 1339/1339/1297 1316/1316/1276
f 1348/1348/839 1341/1341/1299 1349/1349/830
f 1345/1345/1303 1341/1341/1299 1348/1348/839
f 1342/1342/1300 1345/1345/1303 1350/1350/1306
f 1342/1342/1300 1350/1350/1306 1351/1351/1307
f 1351/1351/1307 1350/1350/1306 1346/1346/1304
f 1342/1342/1300 1351/1351/1307 1346/1346/1304
f 1346/1346/1304 1336/1336/1294 1342/1342/1300
f 1347/1347/1305 1346/1346/1304 1350/1350/1306
f 1337/1337/1295 1346/1346/1304 1347/1347/1305
f 1352/1352/1308 1330/1330/1289 1347/1347/1305
f 1353/1353/1309 1321/1321/1281 1338/1338/1296
f 1343/1343/1301 1321/1321/1281 1353/1353/1309
f 1339/1339/1297 1340/1340/1298 1323/1323/1283
f 1348/1348/839 1350/1350/1306 1345/1345/1303
f 1335/1335/1293 1330/1330/1289 1352/1352/1308
f 1354/1354/1310 1338/1338/1296 1335/1335/1293
f 1355/1355/1311 1339/1339/1297 1344/1344/1302
f 1356/1356/1312 1348/1348/839 1357/1357/1313
f 1358/1358/1314 1350/1350/1306 1348/1348/839
f 1356/1356/1312 1358/1358/1314 1348/1348/839
f 1347/1347/1305 1350/1350/1306 1358/1358/1314
f 1353/1353/1309 1338/1338/1296 1354/1354/1310
f 1359/1359/1315 1344/1344/1302 1343/1343/1301
f 1360/1360/1316 1357/1357/1313 1361/1361/1317
f 1362/1362/1318 1347/1347/1305 1358/1358/1314
f 1362/1362/1318 1352/1352/1308 1347/1347/1305
f 1359/1359/1315 1355/1355/1311 1344/1344/1302
f 1363/1363/1319 1361/1361/1317 1364/1364/1320
f 1363/1363/1319 1360/1360/1316 1361/1361/1317
f 1365/1365/1321 1356/1356/1312 1357/1357/1313
f 1365/1365/1321 1357/1357/1313 1360/1360/1316
f 1366/1366/1322 1335/1335/1293 1352/1352/1308
f 1354/1354/1310 1335/1335/1293 1366/1366/1322
f 1343/1343/1301 1353/1353/1309 1359/1359/1315
f 1367/1367/1323 1358/1358/1314 1356/1356/1312
f 1362/1362/1318 1358/1358/1314 1368/1368/1324
f 1369/1369/1325 1352/1352/1308 1362/1362/1318
f 1366/1366/1322 1352/1352/1308 1369/1369/1325
f 1370/1370/1326 1339/1339/1297 1355/1355/1311
f 1364/1364/1320 1371/1371/848 1372/1372/1327
f 1367/1367/1323 1356/1356/1312 1365/1365/1321
f 1373/1373/1328 1368/1368/1324 1358/1358/1314
f 1374/1374/1329 1353/1353/1309 1354/1354/1310
f 1355/1355/1311 1359/1359/1315 1375/1375/1330
f 1376/1376/1331 1339/1339/1297 1370/1370/1326
f 1376/1376/1331 1340/1340/1298 1339/1339/1297
f 1376/1376/1331 1377/1377/1332 1340/1340/1298
f 1378/1378/1333 1364/1364/1320 1372/1372/1327
f 1363/1363/1319 1364/1364/1320 1378/1378/1333
f 1365/1365/1321 1360/1360/1316 1363/1363/1319
f 1373/1373/1328 1358/1358/1314 1367/1367/1323
f 1374/1374/1329 1354/1354/1310 1379/1379/1334
f 1359/1359/1315 1353/1353/1309 1374/1374/1329
f 1380/1380/1335 1365/1365/1321 1363/1363/1319
f 1369/1369/1325 1362/1362/1318 1368/1368/1324
f 1379/1379/1334 1354/1354/1310 1366/1366/1322
f 1375/1375/1330 1370/1370/1326 1355/1355/1311
f 1381/1381/1336 1368/1368/1324 1373/1373/1328
f 1382/1382/1337 1369/1369/1325 1368/1368/1324
f 1383/1383/1338 1366/1366/1322 1369/1369/1325
f 1379/1379/1334 1366/1366/1322 1383/1383/1338
f 1359/1359/1315 1374/1374/1329 1384/1384/1339
f 1384/1384/1339 1375/1375/1330 1359/1359/1315
f 1385/1385/855 1372/1372/1327 1371/1371/848
f 1386/1386/1340 1365/1365/1321 1380/1380/1335
f 1386/1386/1340 1367/1367/1323 1365/1365/1321
f 1387/1387/1341 1378/1378/1333 1372/1372/1327
f 1388/1388/1342 1378/1378/1333 1387/1387/1341
f 1388/1388/1342 1363/1363/1319 1378/1378/1333
f 1388/1388/1342 1380/1380/1335 1363/1363/1319
f 1389/1389/1343 1373/1373/1328 1367/1367/1323
f 1389/1389/1343 1381/1381/1336 1373/1373/1328
f 1382/1382/1337 1368/1368/1324 1381/1381/1336
f 1390/1390/1344 1375/1375/1330 1384/1384/1339
f 1390/1390/1344 1370/1370/1326 1375/1375/1330
f 1391/1391/1345 1392/1392/1346 1376/1376/1331
f 1391/1391/1345 1376/1376/1331 1370/1370/1326
f 1393/1393/1347 1372/1372/1327 1385/1385/855
f 1387/1387/1341 1372/1372/1327 1393/1393/1347
f 1386/1386/1340 1389/1389/1343 1367/1367/1323
f 1369/1369/1325 1382/1382/1337 1394/1394/1348
f 1395/1395/1349 1379/1379/1334 1383/1383/1338
f 1374/1374/1329 1379/1379/1334 1395/1395/1349
f 1396/1396/1350 1387/1387/1341 1393/1393/1347
f 1397/1397/1351 1380/1380/1335 1388/1388/1342
f 1398/1398/1352 1387/1387/1341 1396/1396/1350
f 1388/1388/1342 1387/1387/1341 1398/1398/1352
f 1397/1397/1351 1388/1388/1342 1398/1398/1352
f 1399/1399/1353 1382/1382/1337 1381/1381/1336
f 1399/1399/1353 1381/1381/1336 1389/1389/1343
f 1400/1400/1354 1369/1369/1325 1394/1394/1348
f 1383/1383/1338 1369/1369/1325 1400/1400/1354
f 1390/1390/1344 1391/1391/1345 1370/1370/1326
f 1401/1401/1355 1389/1389/1343 1386/1386/1340
f 1402/1402/1356 1386/1386/1340 1380/1380/1335
f 1401/1401/1355 1399/1399/1353 1389/1389/1343
f 1403/1403/1357 1383/1383/1338 1400/1400/1354
f 1384/1384/1339 1374/1374/1329 1404/1404/1358
f 1405/1405/1359 1390/1390/1344 1384/1384/1339
f 1406/1406/1360 1390/1390/1344 1405/1405/1359
f 1407/1407/1361 1392/1392/1346 1391/1391/1345
f 1402/1402/1356 1380/1380/1335 1397/1397/1351
f 1402/1402/1356 1401/1401/1355 1386/1386/1340
f 1395/1395/1349 1383/1383/1338 1403/1403/1357
f 1404/1404/1358 1374/1374/1329 1395/1395/1349
f 1405/1405/1359 1384/1384/1339 1404/1404/1358
f 1406/1406/1360 1391/1391/1345 1390/1390/1344
f 1408/1408/1362 1397/1397/1351 1398/1398/1352
f 1408/1408/1362 1402/1402/1356 1397/1397/1351
f 1394/1394/1348 1382/1382/1337 1399/1399/1353
f 1406/1406/1360 1409/1409/1363 1391/1391/1345
f 1407/1407/1361 1391/1391/1345 1409/1409/1363
f 1398/1398/1352 1396/1396/1350 1410/1410/1364
f 1411/1411/1365 1401/1401/1355 1402/1402/1356
f 1400/1400/1354 1394/1394/1348 1412/1412/1366
f 1403/1403/1357 1400/1400/1354 1412/1412/1366
f 1410/1410/1364 1408/1408/1362 1398/1398/1352
f 1408/1408/1362 1411/1411/1365 1402/1402/1356
f 1413/1413/1367 1395/1395/1349 1403/1403/1357
f 1404/1404/1358 1395/1395/1349 1413/1413/1367
f 1414/1414/1368 1399/1399/1353 1401/1401/1355
f 1415/1415/1369 1394/1394/1348 1399/1399/1353
f 1412/1412/1366 1394/1394/1348 1415/1415/1369
f 1416/1416/1370 1405/1405/1359 1404/1404/1358
f 1406/1406/1360 1405/1405/1359 1416/1416/1370
f 1417/1417/1371 1411/1411/1365 1408/1408/1362
f 1414/1414/1368 1401/1401/1355 1411/1411/1365
f 1414/1414/1368 1418/1418/1372 1399/1399/1353
f 1415/1415/1369 1399/1399/1353 1418/1418/1372
f 1419/1419/1373 1403/1403/1357 1412/1412/1366
f 1420/1420/1374 1404/1404/1358 1413/1413/1367
f 1421/1421/1375 1406/1406/1360 1416/1416/1370
f 1422/1422/1376 1418/1418/1372 1414/1414/1368
f 1423/1423/1377 1424/1424/1378 1422/1422/1376
f 1424/1424/1378 1418/1418/1372 1422/1422/1376
f 1424/1424/1378 1415/1415/1369 1418/1418/1372
f 1425/1425/1379 1415/1415/1369 1424/1424/1378
f 1426/1426/1380 1412/1412/1366 1415/1415/1369
f 1427/1427/1381 1406/1406/1360 1421/1421/1375
f 1414/1414/1368 1428/1428/1382 1422/1422/1376
f 1429/1429/1383 1425/1425/1379 1424/1424/1378
f 1425/1425/1379 1426/1426/1380 1415/1415/1369
f 1413/1413/1367 1403/1403/1357 1419/1419/1373
f 1416/1416/1370 1404/1404/1358 1420/1420/1374
f 1421/1421/1375 1416/1416/1370 1430/1430/1384
f 1427/1427/1381 1409/1409/1363 1406/1406/1360
f 1428/1428/1382 1414/1414/1368 1431/1431/1385
f 1432/1432/1386 1422/1422/1376 1428/1428/1382
f 1432/1432/1386 1423/1423/1377 1422/1422/1376
f 1433/1433/1387 1424/1424/1378 1423/1423/1377
f 1429/1429/1383 1424/1424/1378 1433/1433/1387
f 1434/1434/1388 1429/1429/1383 1433/1433/1387
f 1419/1419/1373 1412/1412/1366 1426/1426/1380
f 1420/1420/1374 1413/1413/1367 1435/1435/1389
f 1430/1430/1384 1416/1416/1370 1420/1420/1374
f 1436/1436/1390 1423/1423/1377 1432/1432/1386
f 1433/1433/1387 1423/1423/1377 1436/1436/1390
f 1429/1429/1383 1437/1437/1391 1425/1425/1379
f 1437/1437/1391 1426/1426/1380 1425/1425/1379
f 1435/1435/1389 1413/1413/1367 1419/1419/1373
f 1436/1436/1390 1432/1432/1386 1438/1438/1392
f 1439/1439/1393 1437/1437/1391 1429/1429/1383
f 1439/1439/1393 1429/1429/1383 1434/1434/1388
f 1440/1440/1394 1419/1419/1373 1426/1426/1380
f 1435/1435/1389 1419/1419/1373 1440/1440/1394
f 1441/1441/1395 1427/1427/1381 1421/1421/1375
f 1432/1432/1386 1428/1428/1382 1442/1442/1396
f 1436/1436/1390 1438/1438/1392 1443/1443/1397
f 1444/1444/1398 1443/1443/1397 1445/1445/1399
f 1444/1444/1398 1433/1433/1387 1436/1436/1390
f 1444/1444/1398 1436/1436/1390 1443/1443/1397
f 1444/1444/1398 1434/1434/1388 1433/1433/1387
f 1440/1440/1394 1426/1426/1380 1437/1437/1391
f 1441/1441/1395 1421/1421/1375 1430/1430/1384
f 1427/1427/1381 1446/1446/1400 1409/1409/1363
f 1438/1438/1392 1432/1432/1386 1442/1442/1396
f 1447/1447/1401 1443/1443/1397 1438/1438/1392
f 1445/1445/1399 1443/1443/1397 1447/1447/1401
f 1448/1448/1402 1444/1444/1398 1445/1445/1399
f 1449/1449/1403 1434/1434/1388 1444/1444/1398
f 1439/1439/1393 1450/1450/1404 1437/1437/1391
f 1440/1440/1394 1437/1437/1391 1450/1450/1404
f 1441/1441/1395 1446/1446/1400 1427/1427/1381
f 1438/1438/1392 1451/1451/1405 1452/1452/1406
f 1447/1447/1401 1438/1438/1392 1452/1452/1406
f 1449/1449/1403 1444/1444/1398 1448/1448/1402
f 1453/1453/1407 1450/1450/1404 1439/1439/1393
f 1453/1453/1407 1439/1439/1393 1434/1434/1388
f 1453/1453/1407 1434/1434/1388 1449/1449/1403
f 1454/1454/1408 1420/1420/1374 1435/1435/1389
f 1441/1441/1395 1430/1430/1384 1455/1455/1409
f 1451/1451/1405 1438/1438/1392 1442/1442/1396
f 1447/1447/1401 1452/1452/1406 1456/1456/1410
f 1457/1457/1411 1458/1458/1412 1448/1448/1402
f 1457/1457/1411 1448/1448/1402 1445/1445/1399
f 1449/1449/1403 1448/1448/1402 1458/1458/1412
f 1454/1454/1408 1435/1435/1389 1459/1459/1413
f 1430/1430/1384 1420/1420/1374 1454/1454/1408
f 1460/1460/1414 1446/1446/1400 1441/1441/1395
f 1461/1461/1415 1451/1451/1405 1442/1442/1396
f 1451/1451/1405 1462/1462/1416 1452/1452/1406
f 1456/1456/1410 1452/1452/1406 1462/1462/1416
f 1445/1445/1399 1447/1447/1401 1456/1456/1410
f 1459/1459/1413 1435/1435/1389 1440/1440/1394
f 1455/1455/1409 1430/1430/1384 1454/1454/1408
f 1460/1460/1414 1441/1441/1395 1455/1455/1409
f 1463/1463/1417 1445/1445/1399 1456/1456/1410
f 1457/1457/1411 1445/1445/1399 1463/1463/1417
f 1449/1449/1403 1458/1458/1412 1464/1464/1418
f 1453/1453/1407 1465/1465/1419 1450/1450/1404
f 1463/1463/1417 1462/1462/1416 1466/1466/1420
f 1463/1463/1417 1456/1456/1410 1462/1462/1416
f 1457/1457/1411 1466/1466/1420 1458/1458/1412
f 1457/1457/1411 1463/1463/1417 1466/1466/1420
f 1464/1464/1418 1458/1458/1412 1466/1466/1420
f 1467/1467/1421 1449/1449/1403 1464/1464/1418
f 1467/1467/1421 1453/1453/1407 1449/1449/1403
f 1467/1467/1421 1465/1465/1419 1453/1453/1407
f 1468/1468/1422 1440/1440/1394 1450/1450/1404
f 1469/1469/1423 1460/1460/1414 1455/1455/1409
f 1470/1470/1424 1462/1462/1416 1451/1451/1405
f 1466/1466/1420 1462/1462/1416 1470/1470/1424
f 1465/1465/1419 1468/1468/1422 1450/1450/1404
f 1459/1459/1413 1440/1440/1394 1468/1468/1422
f 1471/1471/1425 1454/1454/1408 1459/1459/1413
f 1472/1472/1426 1454/1454/1408 1471/1471/1425
f 1472/1472/1426 1455/1455/1409 1454/1454/1408
f 1473/1473/1427 1451/1451/1405 1461/1461/1415
f 1470/1470/1424 1451/1451/1405 1473/1473/1427
f 1474/1474/1428 1466/1466/1420 1470/1470/1424
f 1464/1464/1418 1466/1466/1420 1474/1474/1428
f 1475/1475/1429 1467/1467/1421 1464/1464/1418
f 1476/1476/1430 1459/1459/1413 1468/1468/1422
f 1469/1469/1423 1455/1455/1409 1472/1472/1426
f 1477/1477/1431 1470/1470/1424 1473/1473/1427
f 1474/1474/1428 1470/1470/1424 1477/1477/1431
f 1475/1475/1429 1464/1464/1418 1474/1474/1428
f 1478/1478/1432 1474/1474/1428 1477/1477/1431
f 1475/1475/1429 1474/1474/1428 1478/1478/1432
f 1468/1468/1422 1479/1479/1433 1480/1480/1434
f 1471/1471/1425 1459/1459/1413 1476/1476/1430
f 1481/1481/1435 1468/1468/1422 1480/1480/1434
f 1476/1476/1430 1468/1468/1422 1481/1481/1435
f 1482/1482/1436 1472/1472/1426 1471/1471/1425
f 1483/1483/1437 1469/1469/1423 1472/1472/1426
f 1484/1484/1438 1471/1471/1425 1476/1476/1430
f 1484/1484/1438 1482/1482/1436 1471/1471/1425
f 1485/1485/1439 1476/1476/1430 1481/1481/1435
f 1484/1484/1438 1476/1476/1430 1485/1485/1439
f 1484/1484/1438 1486/1486/1440 1482/1482/1436
f 1485/1485/1439 1481/1481/1435 1487/1487/1441
f 1486/1486/1440 1472/1472/1426 1482/1482/1436
f 1488/1488/1442 1483/1483/1437 1472/1472/1426
f 1486/1486/1440 1488/1488/1442 1472/1472/1426
f 1489/1489/1443 1484/1484/1438 1485/1485/1439
f 1486/1486/1440 1484/1484/1438 1489/1489/1443
f 1488/1488/1442 1486/1486/1440 1490/1490/1444
f 1490/1490/1444 1486/1486/1440 1489/1489/1443
f 1491/1491/1445 1492/1492/202 1493/1493/1446
f 1494/1494/1447 1495/1495/1448 1493/1493/1446
f 1493/1493/1446 1492/1492/202 1496/1496/216
f 1496/1496/216 1494/1494/1447 1493/1493/1446
f 1494/1494/1447 1496/1496/216 1497/1497/232
f 1498/1498/1449 1495/1495/1448 1494/1494/1447
f 1498/1498/1449 1499/1499/1450 1500/1500/1451
f 1501/1501/1452 1498/1498/1449 1494/1494/1447
f 1501/1501/1452 1494/1494/1447 1497/1497/232
f 1502/1502/1453 1503/1503/1454 1499/1499/1450
f 1504/1504/1455 1502/1502/1453 1499/1499/1450
f 1504/1504/1455 1499/1499/1450 1498/1498/1449
f 1501/1501/1452 1504/1504/1455 1498/1498/1449
f 1505/1505/1456 1502/1502/1453 1506/1506/1457
f 1507/1507/1458 1502/1502/1453 1505/1505/1456
f 1506/1506/1457 1502/1502/1453 1504/1504/1455
f 1508/1508/1459 1501/1501/1452 1497/1497/232
f 1509/1509/1460 1508/1508/1459 1497/1497/232
f 1509/1509/1460 1497/1497/232 1510/1510/243
f 1504/1504/1455 1501/1501/1452 1508/1508/1459
f 1505/1505/1456 1511/1511/1461 1507/1507/1458
f 1506/1506/1457 1504/1504/1455 1512/1512/1462
f 1512/1512/1462 1504/1504/1455 1508/1508/1459
f 1513/1513/1463 1511/1511/1461 1505/1505/1456
f 1514/1514/1464 1511/1511/1461 1513/1513/1463
f 1513/1513/1463 1505/1505/1456 1506/1506/1457
f 1512/1512/1462 1508/1508/1459 1515/1515/1465
f 1509/1509/1460 1516/1516/1466 1517/1517/1467
f 1509/1509/1460 1517/1517/1467 1508/1508/1459
f 1518/1518/1468 1511/1511/1461 1514/1514/1464
f 1519/1519/1085 1520/1520/1077 1521/1521/1088
f 1522/1522/1469 1523/1523/1470 1519/1519/1085
f 1515/1515/1465 1508/1508/1459 1524/1524/1471
f 1517/1517/1467 1524/1524/1471 1508/1508/1459
f 1525/1525/1472 1518/1518/1468 1514/1514/1464
f 1526/1526/1473 1527/1527/1474 1525/1525/1472
f 1528/1528/1475 1526/1526/1473 1525/1525/1472
f 1529/1529/1476 1521/1521/1088 1530/1530/1092
f 1519/1519/1085 1521/1521/1088 1529/1529/1476
f 1531/1531/1477 1514/1514/1464 1513/1513/1463
f 1513/1513/1463 1506/1506/1457 1532/1532/1478
f 1522/1522/1469 1519/1519/1085 1529/1529/1476
f 1532/1532/1478 1506/1506/1457 1512/1512/1462
f 1517/1517/1467 1533/1533/1479 1534/1534/1480
f 1534/1534/1480 1524/1524/1471 1517/1517/1467
f 1535/1535/1481 1526/1526/1473 1528/1528/1475
f 1536/1536/1482 1525/1525/1472 1514/1514/1464
f 1537/1537/1483 1525/1525/1472 1536/1536/1482
f 1537/1537/1483 1528/1528/1475 1525/1525/1472
f 1529/1529/1476 1530/1530/1092 1538/1538/1484
f 1530/1530/1092 1535/1535/1481 1538/1538/1484
f 1536/1536/1482 1514/1514/1464 1531/1531/1477
f 1531/1531/1477 1513/1513/1463 1532/1532/1478
f 1532/1532/1478 1512/1512/1462 1539/1539/1485
f 1512/1512/1462 1515/1515/1465 1540/1540/1486
f 1538/1538/1484 1535/1535/1481 1528/1528/1475
f 1529/1529/1476 1538/1538/1484 1541/1541/1487
f 1522/1522/1469 1529/1529/1476 1542/1542/1102
f 1539/1539/1485 1512/1512/1462 1540/1540/1486
f 1528/1528/1475 1537/1537/1483 1543/1543/1488
f 1538/1538/1484 1528/1528/1475 1543/1543/1488
f 1544/1544/1489 1532/1532/1478 1539/1539/1485
f 1545/1545/1490 1546/1546/1491 1547/1547/1492
f 1548/1548/1493 1546/1546/1491 1545/1545/1490
f 1549/1549/1494 1550/1550/1495 1551/1551/1496
f 1531/1531/1477 1532/1532/1478 1544/1544/1489
f 1542/1542/1102 1529/1529/1476 1552/1552/1497
f 1549/1549/1494 1547/1547/1492 1550/1550/1495
f 1540/1540/1486 1515/1515/1465 1524/1524/1471
f 1541/1541/1487 1538/1538/1484 1543/1543/1488
f 1536/1536/1482 1531/1531/1477 1553/1553/1498
f 1552/1552/1497 1529/1529/1476 1541/1541/1487
f 1553/1553/1498 1531/1531/1477 1554/1554/1499
f 1554/1554/1499 1531/1531/1477 1544/1544/1489
f 1555/1555/1500 1548/1548/1493 1545/1545/1490
f 1545/1545/1490 1547/1547/1492 1549/1549/1494
f 1540/1540/1486 1524/1524/1471 1556/1556/1501
f 1556/1556/1501 1524/1524/1471 1557/1557/1502
f 1524/1524/1471 1534/1534/1480 1557/1557/1502
f 1558/1558/1503 1551/1551/1496 1559/1559/1504
f 1560/1560/1505 1548/1548/1493 1555/1555/1500
f 1545/1545/1490 1549/1549/1494 1561/1561/1506
f 1539/1539/1485 1540/1540/1486 1556/1556/1501
f 1562/1562/1507 1549/1549/1494 1551/1551/1496
f 1563/1563/1508 1556/1556/1501 1557/1557/1502
f 1558/1558/1503 1562/1562/1507 1551/1551/1496
f 1543/1543/1488 1537/1537/1483 1564/1564/1509
f 1564/1564/1509 1536/1536/1482 1553/1553/1498
f 1564/1564/1509 1537/1537/1483 1536/1536/1482
f 1565/1565/1510 1542/1542/1102 1552/1552/1497
f 1555/1555/1500 1545/1545/1490 1566/1566/1511
f 1567/1567/1512 1560/1560/1505 1568/1568/1513
f 1569/1569/1514 1541/1541/1487 1543/1543/1488
f 1570/1570/1515 1541/1541/1487 1569/1569/1514
f 1552/1552/1497 1541/1541/1487 1570/1570/1515
f 1571/1571/1516 1544/1544/1489 1539/1539/1485
f 1566/1566/1511 1545/1545/1490 1561/1561/1506
f 1572/1572/1517 1555/1555/1500 1566/1566/1511
f 1572/1572/1517 1560/1560/1505 1555/1555/1500
f 1568/1568/1513 1560/1560/1505 1572/1572/1517
f 1571/1571/1516 1539/1539/1485 1573/1573/1518
f 1561/1561/1506 1549/1549/1494 1574/1574/1519
f 1573/1573/1518 1539/1539/1485 1556/1556/1501
f 1574/1574/1519 1549/1549/1494 1562/1562/1507
f 1573/1573/1518 1556/1556/1501 1575/1575/1520
f 1576/1576/1521 1567/1567/1512 1568/1568/1513
f 1576/1576/1521 1557/1557/1502 1567/1567/1512
f 1563/1563/1508 1557/1557/1502 1576/1576/1521
f 1575/1575/1520 1563/1563/1508 1576/1576/1521
f 1575/1575/1520 1556/1556/1501 1563/1563/1508
f 1566/1566/1511 1561/1561/1506 1577/1577/1522
f 1578/1578/1523 1543/1543/1488 1564/1564/1509
f 1569/1569/1514 1543/1543/1488 1578/1578/1523
f 1553/1553/1498 1554/1554/1499 1579/1579/1524
f 1552/1552/1497 1570/1570/1515 1580/1580/1525
f 1579/1579/1524 1554/1554/1499 1544/1544/1489
f 1565/1565/1510 1552/1552/1497 1580/1580/1525
f 1577/1577/1522 1561/1561/1506 1581/1581/1526
f 1581/1581/1526 1561/1561/1506 1574/1574/1519
f 1582/1582/1527 1568/1568/1513 1572/1572/1517
f 1573/1573/1518 1575/1575/1520 1583/1583/1528
f 1574/1574/1519 1562/1562/1507 1584/1584/1529
f 1582/1582/1527 1576/1576/1521 1568/1568/1513
f 1583/1583/1528 1575/1575/1520 1585/1585/1530
f 1575/1575/1520 1576/1576/1521 1585/1585/1530
f 1585/1585/1530 1576/1576/1521 1582/1582/1527
f 1586/1586/1531 1584/1584/1529 1562/1562/1507
f 1587/1587/1532 1564/1564/1509 1553/1553/1498
f 1578/1578/1523 1564/1564/1509 1587/1587/1532
f 1570/1570/1515 1569/1569/1514 1588/1588/1533
f 1589/1589/1534 1565/1565/1510 1580/1580/1525
f 1544/1544/1489 1571/1571/1516 1590/1590/1535
f 1591/1591/1536 1577/1577/1522 1581/1581/1526
f 1591/1591/1536 1566/1566/1511 1577/1577/1522
f 1572/1572/1517 1566/1566/1511 1591/1591/1536
f 1592/1592/1537 1582/1582/1527 1572/1572/1517
f 1582/1582/1527 1593/1593/1538 1594/1594/1539
f 1585/1585/1530 1582/1582/1527 1594/1594/1539
f 1595/1595/1540 1569/1569/1514 1578/1578/1523
f 1588/1588/1533 1569/1569/1514 1595/1595/1540
f 1580/1580/1525 1570/1570/1515 1588/1588/1533
f 1579/1579/1524 1544/1544/1489 1590/1590/1535
f 1574/1574/1519 1584/1584/1529 1581/1581/1526
f 1593/1593/1538 1582/1582/1527 1592/1592/1537
f 1581/1581/1526 1584/1584/1529 1596/1596/1541
f 1597/1597/1542 1585/1585/1530 1594/1594/1539
f 1583/1583/1528 1585/1585/1530 1597/1597/1542
f 1595/1595/1540 1578/1578/1523 1598/1598/1543
f 1598/1598/1543 1587/1587/1532 1599/1599/1544
f 1598/1598/1543 1578/1578/1523 1587/1587/1532
f 1590/1590/1535 1571/1571/1516 1600/1600/1545
f 1600/1600/1545 1571/1571/1516 1573/1573/1518
f 1592/1592/1537 1572/1572/1517 1591/1591/1536
f 1596/1596/1541 1584/1584/1529 1601/1601/1546
f 1599/1599/1544 1587/1587/1532 1602/1602/1547
f 1553/1553/1498 1579/1579/1524 1603/1603/1548
f 1587/1587/1532 1553/1553/1498 1603/1603/1548
f 1604/1604/1156 1580/1580/1525 1588/1588/1533
f 1603/1603/1548 1579/1579/1524 1590/1590/1535
f 1589/1589/1534 1580/1580/1525 1604/1604/1156
f 1600/1600/1545 1573/1573/1518 1605/1605/1549
f 1606/1606/1550 1591/1591/1536 1581/1581/1526
f 1605/1605/1549 1573/1573/1518 1583/1583/1528
f 1594/1594/1539 1593/1593/1538 1607/1607/1551
f 1608/1608/1552 1594/1594/1539 1607/1607/1551
f 1597/1597/1542 1594/1594/1539 1608/1608/1552
f 1609/1609/1553 1583/1583/1528 1597/1597/1542
f 1602/1602/1547 1587/1587/1532 1603/1603/1548
f 1610/1610/1554 1592/1592/1537 1591/1591/1536
f 1605/1605/1549 1583/1583/1528 1609/1609/1553
f 1606/1606/1550 1581/1581/1526 1596/1596/1541
f 1607/1607/1551 1593/1593/1538 1592/1592/1537
f 1608/1608/1552 1607/1607/1551 1611/1611/1555
f 1612/1612/1161 1589/1589/1534 1604/1604/1156
f 1613/1613/1556 1592/1592/1537 1610/1610/1554
f 1607/1607/1551 1592/1592/1537 1613/1613/1556
f 1611/1611/1555 1607/1607/1551 1613/1613/1556
f 1609/1609/1553 1597/1597/1542 1614/1614/1557
f 1597/1597/1542 1608/1608/1552 1614/1614/1557
f 1590/1590/1535 1600/1600/1545 1615/1615/1558
f 1615/1615/1558 1600/1600/1545 1616/1616/1559
f 1600/1600/1545 1605/1605/1549 1616/1616/1559
f 1591/1591/1536 1606/1606/1550 1617/1617/1560
f 1610/1610/1554 1591/1591/1536 1617/1617/1560
f 1618/1618/1561 1606/1606/1550 1596/1596/1541
f 1617/1617/1560 1606/1606/1550 1618/1618/1561
f 1613/1613/1556 1610/1610/1554 1617/1617/1560
f 1619/1619/1562 1608/1608/1552 1611/1611/1555
f 1614/1614/1557 1608/1608/1552 1619/1619/1562
f 1620/1620/1563 1602/1602/1547 1603/1603/1548
f 1603/1603/1548 1590/1590/1535 1621/1621/1564
f 1621/1621/1564 1590/1590/1535 1615/1615/1558
f 1611/1611/1555 1613/1613/1556 1622/1622/1565
f 1619/1619/1562 1611/1611/1555 1622/1622/1565
f 1623/1623/1566 1603/1603/1548 1621/1621/1564
f 1623/1623/1566 1620/1620/1563 1603/1603/1548
f 1616/1616/1559 1605/1605/1549 1624/1624/1567
f 1624/1624/1567 1605/1605/1549 1609/1609/1553
f 1625/1625/1568 1609/1609/1553 1614/1614/1557
f 1617/1617/1560 1618/1618/1561 1626/1626/1569
f 1627/1627/1570 1613/1613/1556 1617/1617/1560
f 1627/1627/1570 1617/1617/1560 1626/1626/1569
f 1622/1622/1565 1613/1613/1556 1627/1627/1570
f 1619/1619/1562 1625/1625/1568 1614/1614/1557
f 1622/1622/1565 1627/1627/1570 1628/1628/1571
f 1629/1629/1572 1622/1622/1565 1628/1628/1571
f 1619/1619/1562 1622/1622/1565 1629/1629/1572
f 1625/1625/1568 1624/1624/1567 1609/1609/1553
f 1619/1619/1562 1629/1629/1572 1630/1630/1573
f 1631/1631/1574 1625/1625/1568 1619/1619/1562
f 1631/1631/1574 1619/1619/1562 1630/1630/1573
f 1630/1630/1573 1632/1632/1575 1633/1633/1576
f 1634/1634/1577 1621/1621/1564 1635/1635/1578
f 1621/1621/1564 1615/1615/1558 1635/1635/1578
f 1623/1623/1566 1621/1621/1564 1634/1634/1577
f 1615/1615/1558 1616/1616/1559 1635/1635/1578
f 1633/1633/1576 1631/1631/1574 1630/1630/1573
f 1635/1635/1578 1616/1616/1559 1636/1636/1579
f 1636/1636/1579 1616/1616/1559 1624/1624/1567
f 1636/1636/1579 1634/1634/1577 1635/1635/1578
f 1636/1636/1579 1624/1624/1567 1637/1637/1580
f 1637/1637/1580 1624/1624/1567 1625/1625/1568
f 1638/1638/1581 1625/1625/1568 1631/1631/1574
f 1639/1639/1582 1636/1636/1579 1637/1637/1580
f 1637/1637/1580 1625/1625/1568 1638/1638/1581
f 1640/1640/1583 1639/1639/1582 1637/1637/1580
f 1640/1640/1583 1637/1637/1580 1641/1641/1584
f 1637/1637/1580 1638/1638/1581 1641/1641/1584
f 1641/1641/1584 1638/1638/1581 1642/1642/1585
f 1642/1642/1585 1640/1640/1583 1641/1641/1584
f 1643/1643/1586 1644/1644/1587 1645/1645/1588
f 1646/1646/1589 1644/1644/1587 1643/1643/1586
f 1647/1647/1590 1644/1644/1587 1646/1646/1589
f 1648/1648/1591 1646/1646/1589 1643/1643/1586
f 1649/1649/1592 1648/1648/1591 1643/1643/1586
f 1650/1650/1593 1647/1647/1590 1646/1646/1589
f 1648/1648/1591 1650/1650/1593 1646/1646/1589
f 1651/1651/1594 1647/1647/1590 1650/1650/1593
f 1652/1652/1595 1653/1653/1596 1654/1654/1597
f 1651/1651/1594 1652/1652/1595 1647/1647/1590
f 1655/1655/1598 1650/1650/1593 1648/1648/1591
f 1655/1655/1598 1648/1648/1591 1649/1649/1592
f 1651/1651/1594 1653/1653/1596 1652/1652/1595
f 1656/1656/1599 1657/1657/1600 1649/1649/1592
f 1658/1658/1601 1659/1659/1602 1654/1654/1597
f 1660/1660/1603 1651/1651/1594 1650/1650/1593
f 1655/1655/1598 1660/1660/1603 1650/1650/1593
f 1657/1657/1600 1655/1655/1598 1649/1649/1592
f 1658/1658/1601 1654/1654/1597 1653/1653/1596
f 1661/1661/1604 1662/1662/1605 1659/1659/1602
f 1663/1663/1606 1653/1653/1596 1651/1651/1594
f 1658/1658/1601 1661/1661/1604 1659/1659/1602
f 1663/1663/1606 1658/1658/1601 1653/1653/1596
f 1663/1663/1606 1651/1651/1594 1660/1660/1603
f 1664/1664/1607 1660/1660/1603 1655/1655/1598
f 1661/1661/1604 1665/1665/1608 1662/1662/1605
f 1666/1666/1609 1655/1655/1598 1657/1657/1600
f 1664/1664/1607 1663/1663/1606 1660/1660/1603
f 1667/1667/1610 1666/1666/1609 1668/1668/1611
f 1669/1669/1612 1661/1661/1604 1658/1658/1601
f 1670/1670/1613 1658/1658/1601 1663/1663/1606
f 1671/1671/1614 1667/1667/1610 1668/1668/1611
f 1664/1664/1607 1672/1672/1615 1663/1663/1606
f 1673/1673/1616 1664/1664/1607 1655/1655/1598
f 1666/1666/1609 1673/1673/1616 1655/1655/1598
f 1674/1674/1617 1669/1669/1612 1658/1658/1601
f 1670/1670/1613 1674/1674/1617 1658/1658/1601
f 1675/1675/1618 1676/1676/1619 1661/1661/1604
f 1674/1674/1617 1675/1675/1618 1669/1669/1612
f 1675/1675/1618 1661/1661/1604 1669/1669/1612
f 1672/1672/1615 1670/1670/1613 1663/1663/1606
f 1667/1667/1610 1677/1677/1620 1666/1666/1609
f 1678/1678/1621 1667/1667/1610 1671/1671/1614
f 1677/1677/1620 1673/1673/1616 1666/1666/1609
f 1679/1679/1622 1680/1680/1623 1676/1676/1619
f 1681/1681/1624 1679/1679/1622 1676/1676/1619
f 1681/1681/1624 1676/1676/1619 1675/1675/1618
f 1682/1682/1625 1681/1681/1624 1675/1675/1618
f 1682/1682/1625 1675/1675/1618 1674/1674/1617
f 1683/1683/1626 1672/1672/1615 1664/1664/1607
f 1683/1683/1626 1664/1664/1607 1673/1673/1616
f 1684/1684/1627 1685/1685/1628 1680/1680/1623
f 1684/1684/1627 1680/1680/1623 1679/1679/1622
f 1686/1686/1629 1673/1673/1616 1677/1677/1620
f 1687/1687/1630 1667/1667/1610 1678/1678/1621
f 1684/1684/1627 1688/1688/1631 1685/1685/1628
f 1689/1689/1632 1682/1682/1625 1674/1674/1617
f 1670/1670/1613 1689/1689/1632 1674/1674/1617
f 1686/1686/1629 1683/1683/1626 1673/1673/1616
f 1690/1690/1633 1677/1677/1620 1667/1667/1610
f 1691/1691/1634 1692/1692/1635 1685/1685/1628
f 1693/1693/1636 1684/1684/1627 1679/1679/1622
f 1694/1694/1637 1689/1689/1632 1670/1670/1613
f 1694/1694/1637 1670/1670/1613 1672/1672/1615
f 1695/1695/1638 1694/1694/1637 1672/1672/1615
f 1683/1683/1626 1695/1695/1638 1672/1672/1615
f 1691/1691/1634 1685/1685/1628 1688/1688/1631
f 1681/1681/1624 1693/1693/1636 1679/1679/1622
f 1696/1696/1639 1681/1681/1624 1682/1682/1625
f 1689/1689/1632 1696/1696/1639 1682/1682/1625
f 1690/1690/1633 1686/1686/1629 1677/1677/1620
f 1690/1690/1633 1667/1667/1610 1687/1687/1630
f 1697/1697/1640 1688/1688/1631 1684/1684/1627
f 1693/1693/1636 1697/1697/1640 1684/1684/1627
f 1698/1698/1641 1690/1690/1633 1687/1687/1630
f 1699/1699/1642 1691/1691/1634 1688/1688/1631
f 1696/1696/1639 1693/1693/1636 1681/1681/1624
f 1700/1700/1643 1696/1696/1639 1689/1689/1632
f 1700/1700/1643 1689/1689/1632 1694/1694/1637
f 1701/1701/1644 1694/1694/1637 1695/1695/1638
f 1702/1702/1645 1695/1695/1638 1683/1683/1626
f 1702/1702/1645 1683/1683/1626 1686/1686/1629
f 1703/1703/1646 1686/1686/1629 1690/1690/1633
f 1698/1698/1641 1703/1703/1646 1690/1690/1633
f 1704/1704/1647 1698/1698/1641 1687/1687/1630
f 1705/1705/1648 1688/1688/1631 1697/1697/1640
f 1701/1701/1644 1700/1700/1643 1694/1694/1637
f 1702/1702/1645 1701/1701/1644 1695/1695/1638
f 1705/1705/1648 1699/1699/1642 1688/1688/1631
f 1706/1706/1649 1702/1702/1645 1686/1686/1629
f 1706/1706/1649 1686/1686/1629 1703/1703/1646
f 1707/1707/1650 1705/1705/1648 1697/1697/1640
f 1708/1708/1651 1693/1693/1636 1696/1696/1639
f 1707/1707/1650 1697/1697/1640 1693/1693/1636
f 1708/1708/1651 1707/1707/1650 1693/1693/1636
f 1709/1709/1652 1700/1700/1643 1701/1701/1644
f 1710/1710/1653 1701/1701/1644 1702/1702/1645
f 1711/1711/1654 1698/1698/1641 1704/1704/1647
f 1712/1712/1655 1708/1708/1651 1696/1696/1639
f 1712/1712/1655 1696/1696/1639 1700/1700/1643
f 1709/1709/1652 1712/1712/1655 1700/1700/1643
f 1713/1713/1656 1706/1706/1649 1703/1703/1646
f 1698/1698/1641 1713/1713/1656 1703/1703/1646
f 1714/1714/1657 1705/1705/1648 1707/1707/1650
f 1715/1715/1658 1709/1709/1652 1701/1701/1644
f 1710/1710/1653 1715/1715/1658 1701/1701/1644
f 1702/1702/1645 1716/1716/1659 1710/1710/1653
f 1717/1717/1660 1698/1698/1641 1711/1711/1654
f 1718/1718/1661 1707/1707/1650 1708/1708/1651
f 1716/1716/1659 1715/1715/1658 1710/1710/1653
f 1719/1719/1662 1716/1716/1659 1702/1702/1645
f 1706/1706/1649 1719/1719/1662 1702/1702/1645
f 1720/1720/1663 1713/1713/1656 1698/1698/1641
f 1712/1712/1655 1718/1718/1661 1708/1708/1651
f 1721/1721/1664 1712/1712/1655 1709/1709/1652
f 1722/1722/1665 1706/1706/1649 1713/1713/1656
f 1717/1717/1660 1720/1720/1663 1698/1698/1641
f 1715/1715/1658 1721/1721/1664 1709/1709/1652
f 1723/1723/1666 1718/1718/1661 1712/1712/1655
f 1724/1724/1667 1712/1712/1655 1721/1721/1664
f 1722/1722/1665 1719/1719/1662 1706/1706/1649
f 1720/1720/1663 1722/1722/1665 1713/1713/1656
f 1725/1725/1668 1714/1714/1657 1707/1707/1650
f 1725/1725/1668 1707/1707/1650 1718/1718/1661
f 1726/1726/1669 1715/1715/1658 1716/1716/1659
f 1727/1727/1670 1726/1726/1669 1716/1716/1659
f 1727/1727/1670 1716/1716/1659 1719/1719/1662
f 1717/1717/1660 1728/1728/1671 1720/1720/1663
f 1724/1724/1667 1723/1723/1666 1712/1712/1655
f 1726/1726/1669 1724/1724/1667 1721/1721/1664
f 1726/1726/1669 1721/1721/1664 1715/1715/1658
f 1729/1729/1672 1727/1727/1670 1719/1719/1662
f 1729/1729/1672 1719/1719/1662 1722/1722/1665
f 1730/1730/1673 1722/1722/1665 1720/1720/1663
f 1728/1728/1671 1730/1730/1673 1720/1720/1663
f 1731/1731/1674 1725/1725/1668 1718/1718/1661
f 1732/1732/1675 1718/1718/1661 1723/1723/1666
f 1733/1733/1676 1723/1723/1666 1724/1724/1667
f 1727/1727/1670 1734/1734/1677 1726/1726/1669
f 1731/1731/1674 1718/1718/1661 1732/1732/1675
f 1733/1733/1676 1732/1732/1675 1723/1723/1666
f 1729/1729/1672 1735/1735/1678 1727/1727/1670
f 1730/1730/1673 1729/1729/1672 1722/1722/1665
f 1736/1736/1679 1728/1728/1671 1717/1717/1660
f 1737/1737/1680 1736/1736/1679 1717/1717/1660
f 1738/1738/1681 1733/1733/1676 1724/1724/1667
f 1738/1738/1681 1724/1724/1667 1726/1726/1669
f 1734/1734/1677 1738/1738/1681 1726/1726/1669
f 1735/1735/1678 1734/1734/1677 1727/1727/1670
f 1730/1730/1673 1739/1739/1682 1729/1729/1672
f 1736/1736/1679 1730/1730/1673 1728/1728/1671
f 1733/1733/1676 1740/1740/1683 1732/1732/1675
f 1739/1739/1682 1735/1735/1678 1729/1729/1672
f 1737/1737/1680 1741/1741/1684 1736/1736/1679
f 1741/1741/1684 1730/1730/1673 1736/1736/1679
f 1730/1730/1673 1742/1742/1685 1739/1739/1682
f 1741/1741/1684 1737/1737/1680 1743/1743/1686
f 1744/1744/1687 1733/1733/1676 1738/1738/1681
f 1744/1744/1687 1738/1738/1681 1734/1734/1677
f 1745/1745/1688 1734/1734/1677 1735/1735/1678
f 1745/1745/1688 1735/1735/1678 1739/1739/1682
f 1742/1742/1685 1730/1730/1673 1741/1741/1684
f 1743/1743/1686 1746/1746/1689 1741/1741/1684
f 1747/1747/1690 1746/1746/1689 1748/1748/1691
f 1749/1749/1692 1740/1740/1683 1733/1733/1676
f 1745/1745/1688 1750/1750/1693 1734/1734/1677
f 1751/1751/1694 1741/1741/1684 1746/1746/1689
f 1749/1749/1692 1733/1733/1676 1744/1744/1687
f 1750/1750/1693 1744/1744/1687 1734/1734/1677
f 1752/1752/1695 1745/1745/1688 1739/1739/1682
f 1742/1742/1685 1752/1752/1695 1739/1739/1682
f 1747/1747/1690 1753/1753/1696 1746/1746/1689
f 1752/1752/1695 1754/1754/1697 1745/1745/1688
f 1755/1755/1698 1742/1742/1685 1741/1741/1684
f 1753/1753/1696 1751/1751/1694 1746/1746/1689
f 1754/1754/1697 1750/1750/1693 1745/1745/1688
f 1756/1756/1699 1754/1754/1697 1752/1752/1695
f 1755/1755/1698 1752/1752/1695 1742/1742/1685
f 1751/1751/1694 1755/1755/1698 1741/1741/1684
f 1757/1757/1700 1755/1755/1698 1751/1751/1694
f 1758/1758/1701 1757/1757/1700 1751/1751/1694
f 1753/1753/1696 1758/1758/1701 1751/1751/1694
f 1759/1759/1702 1753/1753/1696 1747/1747/1690
f 1760/1760/1703 1747/1747/1690 1761/1761/1704
f 1762/1762/1705 1763/1763/1706 1761/1761/1704
f 1755/1755/1698 1756/1756/1699 1752/1752/1695
f 1758/1758/1701 1753/1753/1696 1759/1759/1702
f 1760/1760/1703 1759/1759/1702 1747/1747/1690
f 1760/1760/1703 1761/1761/1704 1763/1763/1706
f 1755/1755/1698 1764/1764/1707 1756/1756/1699
f 1757/1757/1700 1764/1764/1707 1755/1755/1698
f 1765/1765/1708 1759/1759/1702 1760/1760/1703
f 1766/1766/1709 1757/1757/1700 1758/1758/1701
f 1766/1766/1709 1758/1758/1701 1759/1759/1702
f 1767/1767/1710 1768/1768/1711 1762/1762/1712
f 1767/1767/1710 1762/1762/1712 1769/1769/1713
f 1768/1768/1711 1765/1765/1708 1760/1760/1703
f 1770/1770/1714 1766/1766/1709 1759/1759/1702
f 1765/1765/1708 1770/1770/1714 1759/1759/1702
f 1767/1767/1710 1771/1771/1715 1768/1768/1711
f 1772/1772/1716 1767/1767/1710 1769/1769/1713
f 1773/1773/1717 1772/1772/1716 1769/1769/1713
f 1771/1771/1715 1765/1765/1708 1768/1768/1711
f 1772/1772/1716 1774/1774/1718 1767/1767/1710
f 1774/1774/1718 1771/1771/1715 1767/1767/1710
f 1775/1775/1719 1772/1772/1716 1773/1773/1717
f 1774/1774/1718 1776/1776/1720 1771/1771/1715
f 1777/1777/1721 1774/1774/1718 1772/1772/1716
f 1778/1778/1722 1772/1772/1716 1775/1775/1719
f 1779/1779/1723 1776/1776/1720 1774/1774/1718
f 1777/1777/1721 1779/1779/1723 1774/1774/1718
f 1778/1778/1722 1777/1777/1721 1772/1772/1716
f 1780/1780/1724 1781/1781/1725 1776/1776/1720
f 1782/1782/1726 1780/1780/1724 1776/1776/1720
f 1779/1779/1723 1782/1782/1726 1776/1776/1720
f 1783/1783/1727 1778/1778/1722 1775/1775/1719
f 1784/1784/1728 1783/1783/1727 1775/1775/1719
f 1785/1785/1729 1780/1780/1724 1782/1782/1726
f 1786/1786/1730 1777/1777/1721 1778/1778/1722
f 1785/1785/1729 1787/1787/1731 1780/1780/1724
f 1788/1788/1732 1782/1782/1726 1779/1779/1723
f 1788/1788/1732 1779/1779/1723 1777/1777/1721
f 1786/1786/1730 1788/1788/1732 1777/1777/1721
f 1789/1789/1733 1783/1783/1727 1784/1784/1728
f 1785/1785/1729 1790/1790/1734 1787/1787/1731
f 1783/1783/1727 1786/1786/1730 1778/1778/1722
f 1791/1791/1735 1787/1787/1731 1790/1790/1734
f 1792/1792/1736 1785/1785/1729 1782/1782/1726
f 1783/1783/1727 1793/1793/1737 1786/1786/1730
f 1790/1790/1734 1794/1794/1738 1791/1791/1735
f 1792/1792/1736 1782/1782/1726 1788/1788/1732
f 1795/1795/1739 1792/1792/1736 1788/1788/1732
f 1795/1795/1739 1788/1788/1732 1786/1786/1730
f 1789/1789/1733 1796/1796/1740 1783/1783/1727
f 1794/1794/1738 1790/1790/1734 1797/1797/1741
f 1798/1798/1742 1795/1795/1739 1786/1786/1730
f 1796/1796/1740 1793/1793/1737 1783/1783/1727
f 1799/1799/1743 1797/1797/1741 1790/1790/1734
f 1799/1799/1743 1790/1790/1734 1785/1785/1729
f 1792/1792/1736 1799/1799/1743 1785/1785/1729
f 1793/1793/1737 1798/1798/1742 1786/1786/1730
f 1800/1800/1744 1796/1796/1740 1789/1789/1733
f 1800/1800/1744 1789/1789/1733 1801/1801/1745
f 1795/1795/1739 1802/1802/1746 1792/1792/1736
f 1796/1796/1740 1798/1798/1742 1793/1793/1737
f 1803/1803/1747 1800/1800/1744 1801/1801/1745
f 1804/1804/1748 1803/1803/1747 1801/1801/1745
f 1805/1805/1749 1802/1802/1746 1798/1798/1742
f 1802/1802/1746 1795/1795/1739 1798/1798/1742
f 1806/1806/1750 1799/1799/1743 1792/1792/1736
f 1802/1802/1746 1806/1806/1750 1792/1792/1736
f 1796/1796/1740 1805/1805/1749 1798/1798/1742
f 1800/1800/1744 1807/1807/1751 1796/1796/1740
f 1808/1808/1752 1797/1797/1741 1799/1799/1743
f 1807/1807/1751 1805/1805/1749 1796/1796/1740
f 1803/1803/1747 1807/1807/1751 1800/1800/1744
f 1808/1808/1752 1799/1799/1743 1806/1806/1750
f 1809/1809/1753 1803/1803/1747 1804/1804/1748
f 1810/1810/1754 1807/1807/1751 1803/1803/1747
f 1809/1809/1753 1810/1810/1754 1803/1803/1747
f 1811/1811/1755 1812/1812/1756 1813/1813/253
f 1814/1814/1757 1815/1815/1758 1816/1816/1759
f 1812/1812/1756 1816/1816/1759 1817/1817/1760
f 1812/1812/1756 1814/1814/1757 1816/1816/1759
f 1818/1818/262 1815/1815/1758 1814/1814/1757
f 1813/1813/253 1812/1812/1756 1819/1819/1761
f 1820/1820/252 1813/1813/253 1819/1819/1761
f 1811/1811/1755 1818/1818/262 1814/1814/1757
f 1812/1812/1756 1811/1811/1755 1814/1814/1757
f 1811/1811/1755 1821/1821/263 1818/1818/262
f 1813/1813/253 1822/1822/254 1811/1811/1755
f 1822/1822/254 1821/1821/263 1811/1811/1755
f 1816/1816/1759 1823/1823/1762 1824/1824/1763
f 1816/1816/1759 1824/1824/1763 1817/1817/1760
f 1816/1816/1759 1815/1815/1758 1823/1823/1762
f 1825/1825/1764 1812/1812/1756 1817/1817/1760
f 1819/1819/1761 1812/1812/1756 1825/1825/1764
f 1818/1818/262 1826/1826/1765 1815/1815/1758
f 1827/1827/1766 1826/1826/1765 1818/1818/262
f 1815/1815/1758 1828/1828/1767 1823/1823/1762
f 1815/1815/1758 1829/1829/287 1828/1828/1767
f 1815/1815/1758 1826/1826/1765 1829/1829/287
f 1819/1819/1761 1825/1825/1764 1830/1830/1466
f 1820/1820/252 1819/1819/1761 1830/1830/1466
f 1817/1817/1760 1824/1824/1763 1831/1831/1768
f 1817/1817/1760 1831/1831/1768 1832/1832/1769
f 1833/1833/1770 1825/1825/1764 1817/1817/1760
f 1830/1830/1466 1825/1825/1764 1833/1833/1770
f 1824/1824/1763 1823/1823/1762 1828/1828/1767
f 1834/1834/1771 1830/1830/1466 1833/1833/1770
f 1831/1831/1768 1824/1824/1763 1835/1835/1491
f 1833/1833/1770 1817/1817/1760 1832/1832/1769
f 1835/1835/1491 1824/1824/1763 1828/1828/1767
f 1836/1836/1772 1833/1833/1770 1832/1832/1769
f 1829/1829/287 1837/1837/1495 1828/1828/1767
f 1838/1838/1480 1833/1833/1770 1836/1836/1772
f 1839/1839/1773 1837/1837/1495 1829/1829/287
f 1840/1840/286 1839/1839/1773 1829/1829/287
f 1831/1831/1768 1835/1835/1491 1841/1841/1774
f 1842/1842/1492 1828/1828/1767 1837/1837/1495
f 1835/1835/1491 1828/1828/1767 1842/1842/1492
f 1843/1843/1775 1832/1832/1769 1831/1831/1768
f 1836/1836/1772 1832/1832/1769 1843/1843/1775
f 1843/1843/1775 1831/1831/1768 1841/1841/1774
f 1839/1839/1773 1844/1844/1776 1837/1837/1495
f 1845/1845/1505 1843/1843/1775 1841/1841/1774
f 1846/1846/1777 1843/1843/1775 1845/1845/1505
f 1836/1836/1772 1843/1843/1775 1846/1846/1777
f 1847/1847/1502 1836/1836/1772 1846/1846/1777
f 1847/1847/1502 1838/1838/1480 1836/1836/1772
f 1848/1848/1634 1849/1849/1778 1850/1850/1635
f 1851/1851/1779 1852/1852/1780 1849/1849/1778
f 1852/1852/1780 1850/1850/1635 1849/1849/1778
f 1853/1853/1642 1849/1849/1778 1848/1848/1634
f 1854/1854/1781 1851/1851/1779 1849/1849/1778
f 1854/1854/1781 1849/1849/1778 1855/1855/1782
f 1855/1855/1782 1849/1849/1778 1853/1853/1642
f 1854/1854/1781 1855/1855/1782 1856/1856/1783
f 1857/1857/1784 1854/1854/1781 1856/1856/1783
f 1857/1857/1784 1858/1858/1785 1854/1854/1781
f 1859/1859/1786 1853/1853/1642 1860/1860/1648
f 1859/1859/1786 1855/1855/1782 1853/1853/1642
f 1861/1861/1657 1859/1859/1786 1860/1860/1648
f 1857/1857/1784 1856/1856/1783 1862/1862/1787
f 1856/1856/1783 1855/1855/1782 1863/1863/1788
f 1862/1862/1787 1856/1856/1783 1863/1863/1788
f 1863/1863/1788 1855/1855/1782 1859/1859/1786
f 1864/1864/1789 1857/1857/1784 1862/1862/1787
f 1862/1862/1787 1863/1863/1788 1865/1865/1790
f 1866/1866/1791 1863/1863/1788 1859/1859/1786
f 1866/1866/1791 1859/1859/1786 1861/1861/1657
f 1867/1867/1792 1868/1868/1793 1864/1864/1789
f 1864/1864/1789 1862/1862/1787 1869/1869/1794
f 1865/1865/1790 1863/1863/1788 1866/1866/1791
f 1870/1870/1795 1868/1868/1793 1867/1867/1792
f 1867/1867/1792 1864/1864/1789 1869/1869/1794
f 1869/1869/1794 1862/1862/1787 1865/1865/1790
f 1866/1866/1791 1861/1861/1657 1871/1871/1796
f 1872/1872/1797 1865/1865/1790 1866/1866/1791
f 1873/1873/1668 1871/1871/1796 1861/1861/1657
f 1867/1867/1792 1869/1869/1794 1874/1874/1798
f 1875/1875/1799 1866/1866/1791 1871/1871/1796
f 1876/1876/1800 1870/1870/1795 1867/1867/1792
f 1872/1872/1797 1866/1866/1791 1875/1875/1799
f 1877/1877/1801 1870/1870/1795 1876/1876/1800
f 1878/1878/1802 1867/1867/1792 1874/1874/1798
f 1878/1878/1802 1876/1876/1800 1867/1867/1792
f 1869/1869/1794 1865/1865/1790 1872/1872/1797
f 1873/1873/1668 1879/1879/1803 1871/1871/1796
f 1880/1880/1804 1873/1873/1668 1881/1881/1674
f 1882/1882/1683 1881/1881/1674 1883/1883/1675
f 1875/1875/1799 1871/1871/1796 1879/1879/1803
f 1880/1880/1804 1879/1879/1803 1873/1873/1668
f 1884/1884/1805 1877/1877/1801 1876/1876/1800
f 1885/1885/1806 1878/1878/1802 1874/1874/1798
f 1884/1884/1805 1876/1876/1800 1878/1878/1802
f 1874/1874/1798 1869/1869/1794 1886/1886/1807
f 1869/1869/1794 1872/1872/1797 1886/1886/1807
f 1887/1887/1808 1872/1872/1797 1875/1875/1799
f 1882/1882/1683 1880/1880/1804 1881/1881/1674
f 1887/1887/1808 1886/1886/1807 1872/1872/1797
f 1888/1888/1809 1887/1887/1808 1875/1875/1799
f 1884/1884/1805 1878/1878/1802 1885/1885/1806
f 1888/1888/1809 1875/1875/1799 1879/1879/1803
f 1879/1879/1803 1880/1880/1804 1889/1889/1810
f 1890/1890/1811 1889/1889/1810 1880/1880/1804
f 1890/1890/1811 1880/1880/1804 1882/1882/1683
f 1891/1891/1812 1892/1892/1813 1877/1877/1801
f 1891/1891/1812 1877/1877/1801 1884/1884/1805
f 1893/1893/1814 1892/1892/1813 1891/1891/1812
f 1891/1891/1812 1884/1884/1805 1885/1885/1806
f 1885/1885/1806 1874/1874/1798 1894/1894/1815
f 1895/1895/1816 1888/1888/1809 1879/1879/1803
f 1891/1891/1812 1885/1885/1806 1896/1896/1817
f 1874/1874/1798 1886/1886/1807 1894/1894/1815
f 1889/1889/1810 1895/1895/1816 1879/1879/1803
f 1897/1897/1692 1890/1890/1811 1882/1882/1683
f 1898/1898/1818 1891/1891/1812 1896/1896/1817
f 1893/1893/1814 1891/1891/1812 1898/1898/1818
f 1896/1896/1817 1885/1885/1806 1894/1894/1815
f 1899/1899/1819 1886/1886/1807 1887/1887/1808
f 1900/1900/1820 1887/1887/1808 1888/1888/1809
f 1899/1899/1819 1887/1887/1808 1900/1900/1820
f 1901/1901/1821 1889/1889/1810 1890/1890/1811
f 1902/1902/1822 1903/1903/1823 1904/1904/1824
f 1894/1894/1815 1886/1886/1807 1899/1899/1819
f 1895/1895/1816 1900/1900/1820 1888/1888/1809
f 1895/1895/1816 1889/1889/1810 1901/1901/1821
f 1905/1905/1697 1902/1902/1822 1904/1904/1824
f 1906/1906/1825 1898/1898/1818 1896/1896/1817
f 1907/1907/1826 1901/1901/1821 1890/1890/1811
f 1908/1908/1827 1890/1890/1811 1897/1897/1692
f 1909/1909/1828 1908/1908/1827 1897/1897/1692
f 1909/1909/1828 1897/1897/1692 1903/1903/1823
f 1902/1902/1822 1909/1909/1828 1903/1903/1823
f 1906/1906/1825 1896/1896/1817 1910/1910/1829
f 1911/1911/1830 1896/1896/1817 1894/1894/1815
f 1912/1912/1831 1906/1906/1825 1910/1910/1829
f 1913/1913/1832 1894/1894/1815 1899/1899/1819
f 1914/1914/1833 1900/1900/1820 1895/1895/1816
f 1907/1907/1826 1890/1890/1811 1908/1908/1827
f 1910/1910/1829 1896/1896/1817 1911/1911/1830
f 1913/1913/1832 1899/1899/1819 1915/1915/1834
f 1916/1916/1835 1895/1895/1816 1901/1901/1821
f 1916/1916/1835 1914/1914/1833 1895/1895/1816
f 1916/1916/1835 1901/1901/1821 1907/1907/1826
f 1917/1917/1836 1902/1902/1822 1905/1905/1697
f 1918/1918/1699 1917/1917/1836 1905/1905/1697
f 1919/1919/1837 1912/1912/1831 1910/1910/1829
f 1920/1920/1838 1912/1912/1831 1919/1919/1837
f 1911/1911/1830 1894/1894/1815 1913/1913/1832
f 1915/1915/1834 1899/1899/1819 1900/1900/1820
f 1915/1915/1834 1900/1900/1820 1914/1914/1833
f 1921/1921/1839 1907/1907/1826 1908/1908/1827
f 1922/1922/1840 1908/1908/1827 1909/1909/1828
f 1919/1919/1837 1910/1910/1829 1911/1911/1830
f 1923/1923/1841 1911/1911/1830 1913/1913/1832
f 1921/1921/1839 1924/1924/1842 1916/1916/1835
f 1921/1921/1839 1916/1916/1835 1907/1907/1826
f 1921/1921/1839 1908/1908/1827 1922/1922/1840
f 1925/1925/1843 1922/1922/1840 1909/1909/1828
f 1925/1925/1843 1909/1909/1828 1902/1902/1822
f 1925/1925/1843 1902/1902/1822 1917/1917/1836
f 1926/1926/1709 1927/1927/1707 1928/1928/1844
f 1929/1929/1845 1920/1920/1838 1919/1919/1837
f 1919/1919/1837 1911/1911/1830 1930/1930/1846
f 1915/1915/1834 1923/1923/1841 1913/1913/1832
f 1924/1924/1842 1914/1914/1833 1916/1916/1835
f 1931/1931/1847 1917/1917/1836 1918/1918/1699
f 1931/1931/1847 1918/1918/1699 1927/1927/1707
f 1932/1932/1848 1922/1922/1840 1925/1925/1843
f 1933/1933/1849 1932/1932/1848 1925/1925/1843
f 1917/1917/1836 1933/1933/1849 1925/1925/1843
f 1934/1934/1850 1919/1919/1837 1930/1930/1846
f 1934/1934/1850 1929/1929/1845 1919/1919/1837
f 1930/1930/1846 1911/1911/1830 1923/1923/1841
f 1935/1935/1851 1923/1923/1841 1915/1915/1834
f 1936/1936/1852 1921/1921/1839 1922/1922/1840
f 1932/1932/1848 1936/1936/1852 1922/1922/1840
f 1931/1931/1847 1937/1937/1853 1917/1917/1836
f 1938/1938/1854 1931/1931/1847 1927/1927/1707
f 1938/1938/1854 1927/1927/1707 1926/1926/1709
f 1939/1939/1714 1938/1938/1854 1926/1926/1709
f 1940/1940/1855 1929/1929/1845 1934/1934/1850
f 1935/1935/1851 1915/1915/1834 1941/1941/1856
f 1942/1942/1857 1915/1915/1834 1914/1914/1833
f 1942/1942/1857 1914/1914/1833 1924/1924/1842
f 1936/1936/1852 1924/1924/1842 1921/1921/1839
f 1937/1937/1853 1933/1933/1849 1917/1917/1836
f 1935/1935/1851 1930/1930/1846 1923/1923/1841
f 1941/1941/1856 1915/1915/1834 1942/1942/1857
f 1943/1943/1858 1942/1942/1857 1924/1924/1842
f 1936/1936/1852 1943/1943/1858 1924/1924/1842
f 1944/1944/1859 1936/1936/1852 1932/1932/1848
f 1944/1944/1859 1932/1932/1848 1933/1933/1849
f 1945/1945/1860 1931/1931/1847 1938/1938/1854
f 1946/1946/1861 1939/1939/1714 1947/1947/1708
f 1948/1948/1862 1946/1946/1861 1947/1947/1708
f 1949/1949/1863 1946/1946/1861 1948/1948/1862
f 1950/1950/1864 1940/1940/1855 1934/1934/1850
f 1951/1951/1865 1930/1930/1846 1935/1935/1851
f 1934/1934/1850 1930/1930/1846 1951/1951/1865
f 1952/1952/1866 1944/1944/1859 1933/1933/1849
f 1953/1953/1867 1952/1952/1866 1933/1933/1849
f 1953/1953/1867 1933/1933/1849 1937/1937/1853
f 1953/1953/1867 1937/1937/1853 1931/1931/1847
f 1939/1939/1714 1945/1945/1860 1938/1938/1854
f 1950/1950/1864 1934/1934/1850 1954/1954/1868
f 1954/1954/1868 1934/1934/1850 1951/1951/1865
f 1955/1955/1869 1951/1951/1865 1935/1935/1851
f 1956/1956/1870 1941/1941/1856 1942/1942/1857
f 1956/1956/1870 1942/1942/1857 1943/1943/1858
f 1957/1957/1871 1943/1943/1858 1936/1936/1852
f 1957/1957/1871 1936/1936/1852 1944/1944/1859
f 1953/1953/1867 1931/1931/1847 1945/1945/1860
f 1958/1958/1872 1945/1945/1860 1939/1939/1714
f 1958/1958/1872 1939/1939/1714 1946/1946/1861
f 1954/1954/1868 1951/1951/1865 1955/1955/1869
f 1955/1955/1869 1935/1935/1851 1959/1959/1873
f 1959/1959/1873 1935/1935/1851 1941/1941/1856
f 1956/1956/1870 1959/1959/1873 1941/1941/1856
f 1960/1960/1874 1956/1956/1870 1943/1943/1858
f 1960/1960/1874 1943/1943/1858 1957/1957/1871
f 1961/1961/1725 1958/1958/1872 1946/1946/1861
f 1949/1949/1863 1961/1961/1725 1946/1946/1861
f 1962/1962/1875 1950/1950/1864 1954/1954/1868
f 1963/1963/1876 1960/1960/1874 1957/1957/1871
f 1963/1963/1876 1957/1957/1871 1944/1944/1859
f 1952/1952/1866 1963/1963/1876 1944/1944/1859
f 1964/1964/1877 1952/1952/1866 1953/1953/1867
f 1965/1965/1878 1964/1964/1877 1953/1953/1867
f 1965/1965/1878 1953/1953/1867 1945/1945/1860
f 1965/1965/1878 1945/1945/1860 1958/1958/1872
f 1966/1966/1879 1954/1954/1868 1955/1955/1869
f 1955/1955/1869 1959/1959/1873 1967/1967/1880
f 1966/1966/1879 1955/1955/1869 1967/1967/1880
f 1967/1967/1880 1959/1959/1873 1956/1956/1870
f 1968/1968/1881 1963/1963/1876 1952/1952/1866
f 1964/1964/1877 1968/1968/1881 1952/1952/1866
f 1969/1969/1882 1965/1965/1878 1958/1958/1872
f 1961/1961/1725 1969/1969/1882 1958/1958/1872
f 1970/1970/1883 1971/1971/1884 1961/1961/1725
f 1962/1962/1875 1954/1954/1868 1966/1966/1879
f 1967/1967/1880 1956/1956/1870 1960/1960/1874
f 1972/1972/1885 1960/1960/1874 1963/1963/1876
f 1972/1972/1885 1963/1963/1876 1968/1968/1881
f 1965/1965/1878 1968/1968/1881 1964/1964/1877
f 1971/1971/1884 1969/1969/1882 1961/1961/1725
f 1966/1966/1879 1967/1967/1880 1973/1973/1886
f 1974/1974/1887 1967/1967/1880 1960/1960/1874
f 1974/1974/1887 1960/1960/1874 1972/1972/1885
f 1975/1975/1888 1968/1968/1881 1965/1965/1878
f 1975/1975/1888 1965/1965/1878 1969/1969/1882
f 1976/1976/1735 1969/1969/1882 1971/1971/1884
f 1962/1962/1875 1966/1966/1879 1977/1977/1889
f 1977/1977/1889 1966/1966/1879 1978/1978/1890
f 1978/1978/1890 1966/1966/1879 1973/1973/1886
f 1973/1973/1886 1967/1967/1880 1974/1974/1887
f 1979/1979/1891 1974/1974/1887 1972/1972/1885
f 1979/1979/1891 1972/1972/1885 1968/1968/1881
f 1975/1975/1888 1979/1979/1891 1968/1968/1881
f 1976/1976/1735 1980/1980/1892 1969/1969/1882
f 1980/1980/1892 1975/1975/1888 1969/1969/1882
f 1978/1978/1890 1973/1973/1886 1981/1981/1893
f 1982/1982/1894 1977/1977/1889 1978/1978/1890
f 1981/1981/1893 1973/1973/1886 1974/1974/1887
f 1981/1981/1893 1974/1974/1887 1979/1979/1891
f 1983/1983/1895 1979/1979/1891 1975/1975/1888
f 1984/1984/1896 1983/1983/1895 1980/1980/1892
f 1980/1980/1892 1983/1983/1895 1975/1975/1888
f 1985/1985/1897 1984/1984/1896 1980/1980/1892
f 1985/1985/1897 1980/1980/1892 1976/1976/1735
f 1982/1982/1894 1978/1978/1890 1981/1981/1893
f 1986/1986/1898 1982/1982/1894 1981/1981/1893
f 1987/1987/1899 1981/1981/1893 1979/1979/1891
f 1986/1986/1898 1981/1981/1893 1987/1987/1899
f 1986/1986/1898 1987/1987/1899 1988/1988/1900
f 1987/1987/1899 1979/1979/1891 1983/1983/1895
f 1984/1984/1896 1988/1988/1900 1987/1987/1899
f 1984/1984/1896 1987/1987/1899 1983/1983/1895
f 1989/1989/1901 1988/1988/1900 1984/1984/1896
f 1990/1990/1902 1984/1984/1896 1985/1985/1897
f 1989/1989/1901 1984/1984/1896 1990/1990/1902
f 1990/1990/1902 1985/1985/1897 1991/1991/1903
f 1985/1985/1897 1976/1976/1735 1991/1991/1903
f 1991/1991/1903 1976/1976/1735 1992/1992/1738
f 1993/1993/1904 1989/1989/1901 1990/1990/1902
f 1994/1994/1905 1990/1990/1902 1991/1991/1903
f 1993/1993/1904 1990/1990/1902 1994/1994/1905
f 1995/1995/1906 1991/1991/1903 1992/1992/1738
f 1996/1996/1907 1994/1994/1905 1991/1991/1903
f 1997/1997/1908 1994/1994/1905 1996/1996/1907
f 1997/1997/1908 1993/1993/1904 1994/1994/1905
f 1998/1998/1909 1999/1999/1910 1993/1993/1904
f 1996/1996/1907 1991/1991/1903 1995/1995/1906
f 1995/1995/1906 1992/1992/1738 2000/2000/1741
f 1998/1998/1909 1993/1993/1904 1997/1997/1908
f 1998/1998/1909 1997/1997/1908 2001/2001/1911
f 2001/2001/1911 1997/1997/1908 1996/1996/1907
f 2002/2002/1912 1998/1998/1909 2001/2001/1911
f 2002/2002/1912 2001/2001/1911 2003/2003/1913
f 2001/2001/1911 1996/1996/1907 2004/2004/1914
f 2004/2004/1914 1996/1996/1907 1995/1995/1906
f 1995/1995/1906 2000/2000/1741 2005/2005/1915
f 2006/2006/1752 2005/2005/1915 2000/2000/1741
f 2003/2003/1913 2001/2001/1911 2004/2004/1914
f 2005/2005/1915 2004/2004/1914 1995/1995/1906
f 2007/2007/1916 2006/2006/1752 2008/2008/1917
f 2009/2009/1918 2010/2010/1919 2011/2011/1749
f 2012/2012/1920 2011/2011/1749 2013/2013/1751
f 2014/2014/1921 2002/2002/1912 2003/2003/1913
f 2015/2015/1922 2004/2004/1914 2005/2005/1915
f 2003/2003/1913 2004/2004/1914 2015/2015/1922
f 2016/2016/1923 2005/2005/1915 2006/2006/1752
f 2007/2007/1916 2016/2016/1923 2006/2006/1752
f 2007/2007/1916 2008/2008/1917 2010/2010/1919
f 2009/2009/1918 2007/2007/1916 2010/2010/1919
f 2012/2012/1920 2009/2009/1918 2011/2011/1749
f 2017/2017/1924 2014/2014/1921 2003/2003/1913
f 2015/2015/1922 2005/2005/1915 2016/2016/1923
f 2018/2018/1925 2017/2017/1924 2003/2003/1913
f 2018/2018/1925 2003/2003/1913 2015/2015/1922
f 2019/2019/1926 2007/2007/1916 2009/2009/1918
f 2020/2020/1927 2012/2012/1920 2013/2013/1751
f 2020/2020/1927 2013/2013/1751 2021/2021/1754
f 2022/2022/1928 2021/2021/1754 2023/2023/1929
f 2022/2022/1928 2023/2023/1929 2024/2024/1930
f 2025/2025/1931 2022/2022/1928 2024/2024/1930
f 2026/2026/1932 2016/2016/1923 2007/2007/1916
f 2019/2019/1926 2026/2026/1932 2007/2007/1916
f 2027/2027/1933 2009/2009/1918 2012/2012/1920
f 2027/2027/1933 2012/2012/1920 2020/2020/1927
f 2028/2028/1934 2014/2014/1921 2017/2017/1924
f 2029/2029/1935 2014/2014/1921 2028/2028/1934
f 2018/2018/1925 2015/2015/1922 2026/2026/1932
f 2026/2026/1932 2015/2015/1922 2016/2016/1923
f 2027/2027/1933 2019/2019/1926 2009/2009/1918
f 2030/2030/1936 2027/2027/1933 2020/2020/1927
f 2030/2030/1936 2020/2020/1927 2021/2021/1754
f 2022/2022/1928 2030/2030/1936 2021/2021/1754
f 2025/2025/1931 2031/2031/1937 2022/2022/1928
f 2028/2028/1934 2017/2017/1924 2018/2018/1925
f 2032/2032/1938 2029/2029/1935 2033/2033/1939
f 2034/2034/1940 2029/2029/1935 2032/2032/1938
f 2035/2035/1941 2018/2018/1925 2026/2026/1932
f 2036/2036/1942 2019/2019/1926 2027/2027/1933
f 2031/2031/1937 2030/2030/1936 2022/2022/1928
f 2033/2033/1939 2029/2029/1935 2028/2028/1934
f 2032/2032/1938 2033/2033/1939 2037/2037/1943
f 2036/2036/1942 2035/2035/1941 2026/2026/1932
f 2036/2036/1942 2026/2026/1932 2019/2019/1926
f 2033/2033/1939 2028/2028/1934 2038/2038/1944
f 2038/2038/1944 2028/2028/1934 2018/2018/1925
f 2038/2038/1944 2018/2018/1925 2035/2035/1941
f 2033/2033/1939 2038/2038/1944 2037/2037/1943
f 2038/2038/1944 2035/2035/1941 2036/2036/1942
f 2039/2039/1945 2032/2032/1938 2037/2037/1943
f 2039/2039/1945 2037/2037/1943 2040/2040/1946
f 2041/2041/1947 2036/2036/1942 2027/2027/1933
f 2030/2030/1936 2041/2041/1947 2027/2027/1933
f 2031/2031/1937 2041/2041/1947 2030/2030/1936
f 2042/2042/1948 2037/2037/1943 2038/2038/1944
f 2043/2043/1949 2038/2038/1944 2036/2036/1942
f 2040/2040/1946 2037/2037/1943 2042/2042/1948
f 2041/2041/1947 2043/2043/1949 2036/2036/1942
f 2041/2041/1947 2042/2042/1948 2043/2043/1949
f 2040/2040/1946 2042/2042/1948 2041/2041/1947
f 2044/2044/1950 2040/2040/1946 2041/2041/1947
f 2044/2044/1950 2041/2041/1947 2031/2031/1937
f 2042/2042/1948 2038/2038/1944 2043/2043/1949
f 2045/2045/1951 2046/2046/1952 2047/2047/1953
f 2048/2048/1954 2046/2046/1952 2049/2049/1955
f 2049/2049/1955 2050/2050/985 2048/2048/1954
f 2049/2049/1955 2046/2046/1952 2045/2045/1951
f 2051/2051/1956 2052/2052/1957 2049/2049/1955
f 2052/2052/1957 2053/2053/989 2049/2049/1955
f 2053/2053/989 2050/2050/985 2049/2049/1955
f 2054/2054/990 2053/2053/989 2052/2052/1957
f 2055/2055/1958 2056/2056/1959 2057/2057/1960
f 2058/2058/1961 2047/2047/1953 2056/2056/1959
f 2055/2055/1958 2058/2058/1961 2056/2056/1959
f 2058/2058/1961 2045/2045/1951 2047/2047/1953
f 2059/2059/1962 2049/2049/1955 2045/2045/1951
f 2051/2051/1956 2049/2049/1955 2059/2059/1962
f 2056/2056/1959 2060/2060/1963 2061/2061/1964
f 2057/2057/1960 2056/2056/1959 2061/2061/1964
f 2045/2045/1951 2058/2058/1961 2055/2055/1958
f 2059/2059/1962 2045/2045/1951 2055/2055/1958
f 2062/2062/1965 2052/2052/1957 2051/2051/1956
f 2054/2054/990 2052/2052/1957 2063/2063/1966
f 2061/2061/1964 2064/2064/1967 2065/2065/1968
f 2063/2063/1966 2052/2052/1957 2062/2062/1965
f 2064/2064/1967 2066/2066/1969 2065/2065/1968
f 2059/2059/1962 2055/2055/1958 2057/2057/1960
f 2067/2067/996 2054/2054/990 2063/2063/1966
f 2065/2065/1968 2066/2066/1969 2068/2068/1970
f 2069/2069/1971 2061/2061/1964 2065/2065/1968
f 2057/2057/1960 2061/2061/1964 2069/2069/1971
f 2070/2070/1972 2051/2051/1956 2059/2059/1962
f 2062/2062/1965 2051/2051/1956 2070/2070/1972
f 2071/2071/1973 2063/2063/1966 2062/2062/1965
f 2071/2071/1973 2067/2067/996 2063/2063/1966
f 2067/2067/996 2072/2072/997 2073/2073/992
f 2065/2065/1968 2068/2068/1970 2074/2074/1974
f 2069/2069/1971 2065/2065/1968 2074/2074/1974
f 2059/2059/1962 2057/2057/1960 2075/2075/1975
f 2070/2070/1972 2059/2059/1962 2075/2075/1975
f 2076/2076/1976 2062/2062/1965 2070/2070/1972
f 2077/2077/1977 2062/2062/1965 2076/2076/1976
f 2071/2071/1973 2062/2062/1965 2077/2077/1977
f 2071/2071/1973 2078/2078/1978 2067/2067/996
f 2078/2078/1978 2072/2072/997 2067/2067/996
f 2068/2068/1970 2066/2066/1969 2079/2079/1979
f 2074/2074/1974 2068/2068/1970 2080/2080/1980
f 2081/2081/1981 2074/2074/1974 2080/2080/1980
f 2069/2069/1971 2074/2074/1974 2081/2081/1981
f 2082/2082/1982 2057/2057/1960 2069/2069/1971
f 2082/2082/1982 2069/2069/1971 2083/2083/1983
f 2075/2075/1975 2057/2057/1960 2082/2082/1982
f 2077/2077/1977 2078/2078/1978 2071/2071/1973
f 2079/2079/1979 2084/2084/1984 2085/2085/1985
f 2079/2079/1979 2066/2066/1969 2084/2084/1984
f 2086/2086/1986 2068/2068/1970 2079/2079/1979
f 2080/2080/1980 2068/2068/1970 2086/2086/1986
f 2083/2083/1983 2069/2069/1971 2081/2081/1981
f 2070/2070/1972 2075/2075/1975 2087/2087/1987
f 2088/2088/1988 2070/2070/1972 2087/2087/1987
f 2088/2088/1988 2076/2076/1976 2070/2070/1972
f 2077/2077/1977 2076/2076/1976 2088/2088/1988
f 2075/2075/1975 2082/2082/1982 2089/2089/1989
f 2077/2077/1977 2090/2090/1990 2078/2078/1978
f 2091/2091/1991 2082/2082/1982 2083/2083/1983
f 2087/2087/1987 2075/2075/1975 2089/2089/1989
f 2086/2086/1986 2079/2079/1979 2092/2092/1992
f 2093/2093/1993 2086/2086/1986 2092/2092/1992
f 2080/2080/1980 2086/2086/1986 2093/2093/1993
f 2094/2094/1994 2080/2080/1980 2093/2093/1993
f 2081/2081/1981 2080/2080/1980 2094/2094/1994
f 2091/2091/1991 2089/2089/1989 2082/2082/1982
f 2095/2095/1995 2088/2088/1988 2087/2087/1987
f 2077/2077/1977 2088/2088/1988 2096/2096/1996
f 2097/2097/1997 2083/2083/1983 2081/2081/1981
f 2091/2091/1991 2083/2083/1983 2098/2098/1998
f 2099/2099/1999 2089/2089/1989 2091/2091/1991
f 2096/2096/1996 2088/2088/1988 2095/2095/1995
f 2090/2090/1990 2077/2077/1977 2096/2096/1996
f 2092/2092/1992 2100/2100/2000 2093/2093/1993
f 2081/2081/1981 2094/2094/1994 2101/2101/2001
f 2097/2097/1997 2081/2081/1981 2101/2101/2001
f 2098/2098/1998 2083/2083/1983 2097/2097/1997
f 2102/2102/2002 2096/2096/1996 2095/2095/1995
f 2099/2099/1999 2091/2091/1991 2098/2098/1998
f 2103/2103/2003 2087/2087/1987 2089/2089/1989
f 2104/2104/2004 2094/2094/1994 2093/2093/1993
f 2101/2101/2001 2094/2094/1994 2104/2104/2004
f 2105/2105/2005 2098/2098/1998 2097/2097/1997
f 2089/2089/1989 2099/2099/1999 2106/2106/2006
f 2103/2103/2003 2089/2089/1989 2106/2106/2006
f 2103/2103/2003 2095/2095/1995 2087/2087/1987
f 2090/2090/1990 2096/2096/1996 2102/2102/2002
f 2093/2093/1993 2100/2100/2000 2107/2107/2007
f 2104/2104/2004 2093/2093/1993 2107/2107/2007
f 2108/2108/2008 2105/2105/2005 2097/2097/1997
f 2109/2109/2009 2098/2098/1998 2105/2105/2005
f 2109/2109/2009 2099/2099/1999 2098/2098/1998
f 2110/2110/2010 2104/2104/2004 2107/2107/2007
f 2111/2111/2011 2101/2101/2001 2110/2110/2010
f 2101/2101/2001 2104/2104/2004 2110/2110/2010
f 2108/2108/2008 2101/2101/2001 2111/2111/2011
f 2108/2108/2008 2097/2097/1997 2101/2101/2001
f 2112/2112/2012 2095/2095/1995 2103/2103/2003
f 2113/2113/2013 2102/2102/2002 2095/2095/1995
f 2113/2113/2013 2114/2114/2014 2102/2102/2002
f 2115/2115/2015 2099/2099/1999 2109/2109/2009
f 2106/2106/2006 2099/2099/1999 2115/2115/2015
f 2106/2106/2006 2112/2112/2012 2103/2103/2003
f 2112/2112/2012 2113/2113/2013 2095/2095/1995
f 2110/2110/2010 2107/2107/2007 2116/2116/2016
f 2117/2117/2017 2105/2105/2005 2108/2108/2008
f 2118/2118/2018 2105/2105/2005 2117/2117/2017
f 2118/2118/2018 2109/2109/2009 2105/2105/2005
f 2111/2111/2011 2110/2110/2010 2119/2119/2019
f 2120/2120/2020 2111/2111/2011 2119/2119/2019
f 2108/2108/2008 2111/2111/2011 2120/2120/2020
f 2121/2121/2021 2108/2108/2008 2120/2120/2020
f 2117/2117/2017 2108/2108/2008 2121/2121/2021
f 2115/2115/2015 2109/2109/2009 2118/2118/2018
f 2122/2122/2022 2112/2112/2012 2106/2106/2006
f 2123/2123/2023 2113/2113/2013 2112/2112/2012
f 2110/2110/2010 2116/2116/2016 2124/2124/2024
f 2119/2119/2019 2110/2110/2010 2124/2124/2024
f 2119/2119/2019 2124/2124/2024 2125/2125/2025
f 2126/2126/2026 2119/2119/2019 2125/2125/2025
f 2120/2120/2020 2119/2119/2019 2126/2126/2026
f 2127/2127/2027 2120/2120/2020 2126/2126/2026
f 2127/2127/2027 2121/2121/2021 2120/2120/2020
f 2128/2128/2028 2121/2121/2021 2127/2127/2027
f 2117/2117/2017 2121/2121/2021 2128/2128/2028
f 2122/2122/2022 2106/2106/2006 2115/2115/2015
f 2122/2122/2022 2129/2129/2029 2112/2112/2012
f 2127/2127/2027 2126/2126/2026 2130/2130/2030
f 2128/2128/2028 2127/2127/2027 2131/2131/2031
f 2132/2132/2032 2128/2128/2028 2131/2131/2031
f 2133/2133/2033 2128/2128/2028 2132/2132/2032
f 2133/2133/2033 2117/2117/2017 2128/2128/2028
f 2134/2134/2034 2115/2115/2015 2118/2118/2018
f 2124/2124/2024 2116/2116/2016 2135/2135/2035
f 2126/2126/2026 2125/2125/2025 2136/2136/2036
f 2130/2130/2030 2126/2126/2026 2136/2136/2036
f 2127/2127/2027 2130/2130/2030 2137/2137/2037
f 2131/2131/2031 2127/2127/2027 2137/2137/2037
f 2138/2138/2038 2117/2117/2017 2133/2133/2033
f 2138/2138/2038 2118/2118/2018 2117/2117/2017
f 2129/2129/2029 2123/2123/2023 2112/2112/2012
f 2130/2130/2030 2136/2136/2036 2139/2139/2039
f 2137/2137/2037 2130/2130/2030 2139/2139/2039
f 2140/2140/2040 2131/2131/2031 2137/2137/2037
f 2132/2132/2032 2131/2131/2031 2140/2140/2040
f 2138/2138/2038 2134/2134/2034 2118/2118/2018
f 2134/2134/2034 2122/2122/2022 2115/2115/2015
f 2136/2136/2036 2125/2125/2025 2141/2141/2041
f 2142/2142/2042 2133/2133/2033 2132/2132/2032
f 2143/2143/2043 2123/2123/2023 2129/2129/2029
f 2142/2142/2042 2138/2138/2038 2133/2133/2033
f 2144/2144/2044 2134/2134/2034 2138/2138/2038
f 2134/2134/2034 2145/2145/2045 2122/2122/2022
f 2145/2145/2045 2129/2129/2029 2122/2122/2022
f 2145/2145/2045 2146/2146/2046 2129/2129/2029
f 2146/2146/2046 2143/2143/2043 2129/2129/2029
f 2136/2136/2036 2141/2141/2041 2147/2147/2047
f 2139/2139/2039 2136/2136/2036 2147/2147/2047
f 2148/2148/2048 2137/2137/2037 2139/2139/2039
f 2148/2148/2048 2140/2140/2040 2137/2137/2037
f 2149/2149/2049 2132/2132/2032 2140/2140/2040
f 2150/2150/2050 2134/2134/2034 2144/2144/2044
f 2148/2148/2048 2139/2139/2039 2151/2151/2051
f 2149/2149/2049 2140/2140/2040 2148/2148/2048
f 2142/2142/2042 2132/2132/2032 2149/2149/2049
f 2142/2142/2042 2152/2152/2052 2138/2138/2038
f 2150/2150/2050 2145/2145/2045 2134/2134/2034
f 2139/2139/2039 2147/2147/2047 2153/2153/2053
f 2151/2151/2051 2139/2139/2039 2153/2153/2053
f 2152/2152/2052 2144/2144/2044 2138/2138/2038
f 2153/2153/2053 2147/2147/2047 2154/2154/2054
f 2152/2152/2052 2155/2155/2055 2144/2144/2044
f 2155/2155/2055 2150/2150/2050 2144/2144/2044
f 2153/2153/2053 2154/2154/2054 2156/2156/2056
f 2151/2151/2051 2153/2153/2053 2157/2157/2057
f 2158/2158/2058 2142/2142/2042 2149/2149/2049
f 2159/2159/2059 2152/2152/2052 2142/2142/2042
f 2160/2160/2060 2151/2151/2051 2161/2161/2061
f 2151/2151/2051 2157/2157/2057 2161/2161/2061
f 2160/2160/2060 2148/2148/2048 2151/2151/2051
f 2162/2162/2062 2149/2149/2049 2148/2148/2048
f 2159/2159/2059 2142/2142/2042 2158/2158/2058
f 2156/2156/2056 2154/2154/2054 2163/2163/2063
f 2157/2157/2057 2153/2153/2053 2156/2156/2056
f 2162/2162/2062 2148/2148/2048 2160/2160/2060
f 2164/2164/2064 2149/2149/2049 2162/2162/2062
f 2164/2164/2064 2158/2158/2058 2149/2149/2049
f 2165/2165/2065 2155/2155/2055 2152/2152/2052
f 2166/2166/2066 2150/2150/2050 2155/2155/2055
f 2167/2167/2067 2157/2157/2057 2156/2156/2056
f 2161/2161/2061 2157/2157/2057 2167/2167/2067
f 2168/2168/2068 2160/2160/2060 2161/2161/2061
f 2162/2162/2062 2160/2160/2060 2168/2168/2068
f 2169/2169/2069 2158/2158/2058 2164/2164/2064
f 2159/2159/2059 2165/2165/2065 2152/2152/2052
f 2165/2165/2065 2166/2166/2066 2155/2155/2055
f 2170/2170/2070 2156/2156/2056 2163/2163/2063
f 2167/2167/2067 2156/2156/2056 2170/2170/2070
f 2171/2171/2071 2162/2162/2062 2168/2168/2068
f 2164/2164/2064 2162/2162/2062 2171/2171/2071
f 2172/2172/2072 2164/2164/2064 2171/2171/2071
f 2173/2173/2073 2159/2159/2059 2158/2158/2058
f 2172/2172/2072 2169/2169/2069 2164/2164/2064
f 2169/2169/2069 2173/2173/2073 2158/2158/2058
f 2173/2173/2073 2165/2165/2065 2159/2159/2059
f 2174/2174/2074 2165/2165/2065 2173/2173/2073
f 2174/2174/2074 2166/2166/2066 2165/2165/2065
f 2175/2175/2075 2167/2167/2067 2176/2176/2076
f 2177/2177/2077 2175/2175/2075 2176/2176/2076
f 2178/2178/2078 2175/2175/2075 2177/2177/2077
f 2179/2179/2079 2173/2173/2073 2169/2169/2069
f 2180/2180/2080 2167/2167/2067 2170/2170/2070
f 2176/2176/2076 2167/2167/2067 2180/2180/2080
f 2181/2181/2081 2169/2169/2069 2172/2172/2072
f 2182/2182/2082 2179/2179/2079 2169/2169/2069
f 2179/2179/2079 2174/2174/2074 2173/2173/2073
f 2181/2181/2081 2182/2182/2082 2169/2169/2069
f 2183/2183/2083 2174/2174/2074 2179/2179/2079
f 2184/2184/2084 2182/2182/2082 2181/2181/2081
f 2182/2182/2082 2185/2185/2085 2179/2179/2079
f 2185/2185/2085 2182/2182/2082 2184/2184/2084
f 2185/2185/2085 2183/2183/2083 2179/2179/2079
f 2186/2186/1813 2187/2187/2086 2188/2188/2087
f 2189/2189/2088 2187/2187/2086 2186/2186/1813
f 2190/2190/2089 2189/2189/2088 2186/2186/1813
f 2191/2191/2090 2192/2192/2091 2193/2193/2092
f 2194/2194/2093 2191/2191/2090 2193/2193/2092
f 2194/2194/2093 2193/2193/2092 2187/2187/2086
f 2189/2189/2088 2194/2194/2093 2187/2187/2086
f 2195/2195/2094 2196/2196/2095 2189/2189/2088
f 2190/2190/2089 2195/2195/2094 2189/2189/2088
f 2195/2195/2094 2190/2190/2089 2197/2197/2096
f 2192/2192/2091 2198/2198/2097 2199/2199/2098
f 2200/2200/2099 2198/2198/2097 2192/2192/2091
f 2191/2191/2090 2200/2200/2099 2192/2192/2091
f 2194/2194/2093 2189/2189/2088 2196/2196/2095
f 2201/2201/2100 2202/2202/2101 2199/2199/2098
f 2201/2201/2100 2199/2199/2098 2198/2198/2097
f 2203/2203/2102 2200/2200/2099 2191/2191/2090
f 2204/2204/2103 2203/2203/2102 2191/2191/2090
f 2204/2204/2103 2191/2191/2090 2194/2194/2093
f 2204/2204/2103 2194/2194/2093 2196/2196/2095
f 2195/2195/2094 2197/2197/2096 2205/2205/1825
f 2201/2201/2100 2206/2206/2104 2202/2202/2101
f 2207/2207/2105 2198/2198/2097 2200/2200/2099
f 2208/2208/2106 2200/2200/2099 2203/2203/2102
f 2209/2209/2107 2204/2204/2103 2196/2196/2095
f 2195/2195/2094 2209/2209/2107 2196/2196/2095
f 2210/2210/2108 2195/2195/2094 2205/2205/1825
f 2211/2211/1978 2212/2212/2109 2213/2213/2110
f 2214/2214/2111 2201/2201/2100 2198/2198/2097
f 2214/2214/2111 2198/2198/2097 2207/2207/2105
f 2200/2200/2099 2215/2215/2112 2207/2207/2105
f 2208/2208/2106 2215/2215/2112 2200/2200/2099
f 2216/2216/2113 2208/2208/2106 2203/2203/2102
f 2217/2217/2114 2215/2215/2112 2208/2208/2106
f 2216/2216/2113 2203/2203/2102 2204/2204/2103
f 2210/2210/2108 2218/2218/2115 2195/2195/2094
f 2219/2219/2116 2210/2210/2108 2205/2205/1825
f 2219/2219/2116 2205/2205/1825 2220/2220/2117
f 2214/2214/2111 2221/2221/2118 2201/2201/2100
f 2222/2222/2119 2214/2214/2111 2207/2207/2105
f 2217/2217/2114 2208/2208/2106 2216/2216/2113
f 2209/2209/2107 2216/2216/2113 2204/2204/2103
f 2218/2218/2115 2209/2209/2107 2195/2195/2094
f 2223/2223/1838 2219/2219/2116 2220/2220/2117
f 2224/2224/2120 2225/2225/2121 2226/2226/2122
f 2227/2227/2123 2226/2226/2122 2212/2212/2109
f 2211/2211/1978 2227/2227/2123 2212/2212/2109
f 2228/2228/2124 2221/2221/2118 2214/2214/2111
f 2228/2228/2124 2214/2214/2111 2222/2222/2119
f 2219/2219/2116 2223/2223/1838 2225/2225/2121
f 2224/2224/2120 2219/2219/2116 2225/2225/2121
f 2228/2228/2124 2222/2222/2119 2229/2229/2125
f 2230/2230/2126 2228/2228/2124 2229/2229/2125
f 2230/2230/2126 2229/2229/2125 2216/2216/2113
f 2231/2231/2127 2230/2230/2126 2216/2216/2113
f 2231/2231/2127 2216/2216/2113 2209/2209/2107
f 2232/2232/2128 2209/2209/2107 2218/2218/2115
f 2233/2233/2129 2232/2232/2128 2218/2218/2115
f 2233/2233/2129 2218/2218/2115 2210/2210/2108
f 2234/2234/2130 2227/2227/2123 2211/2211/1978
f 2224/2224/2120 2235/2235/2131 2219/2219/2116
f 2227/2227/2123 2224/2224/2120 2226/2226/2122
f 2232/2232/2128 2231/2231/2127 2209/2209/2107
f 2236/2236/2132 2210/2210/2108 2219/2219/2116
f 2235/2235/2131 2236/2236/2132 2219/2219/2116
f 2236/2236/2132 2233/2233/2129 2210/2210/2108
f 2237/2237/2133 2224/2224/2120 2227/2227/2123
f 2238/2238/2134 2221/2221/2118 2228/2228/2124
f 2230/2230/2126 2238/2238/2134 2228/2228/2124
f 2239/2239/2135 2230/2230/2126 2231/2231/2127
f 2240/2240/2136 2232/2232/2128 2233/2233/2129
f 2237/2237/2133 2235/2235/2131 2224/2224/2120
f 2234/2234/2130 2241/2241/2014 2227/2227/2123
f 2241/2241/2014 2237/2237/2133 2227/2227/2123
f 2240/2240/2136 2231/2231/2127 2232/2232/2128
f 2242/2242/2137 2233/2233/2129 2236/2236/2132
f 2239/2239/2135 2238/2238/2134 2230/2230/2126
f 2243/2243/2138 2240/2240/2136 2233/2233/2129
f 2242/2242/2137 2243/2243/2138 2233/2233/2129
f 2244/2244/2139 2241/2241/2014 2234/2234/2130
f 2245/2245/2140 2239/2239/2135 2231/2231/2127
f 2245/2245/2140 2231/2231/2127 2240/2240/2136
f 2242/2242/2137 2236/2236/2132 2235/2235/2131
f 2246/2246/2141 2242/2242/2137 2235/2235/2131
f 2247/2247/2142 2237/2237/2133 2241/2241/2014
f 2248/2248/2143 2249/2249/2144 2238/2238/2134
f 2245/2245/2140 2249/2249/2144 2248/2248/2143
f 2248/2248/2143 2238/2238/2134 2239/2239/2135
f 2245/2245/2140 2248/2248/2143 2239/2239/2135
f 2247/2247/2142 2246/2246/2141 2235/2235/2131
f 2247/2247/2142 2235/2235/2131 2237/2237/2133
f 2250/2250/2145 2247/2247/2142 2241/2241/2014
f 2251/2251/2013 2250/2250/2145 2241/2241/2014
f 2245/2245/2140 2252/2252/2146 2249/2249/2144
f 2253/2253/2147 2252/2252/2146 2245/2245/2140
f 2254/2254/2148 2245/2245/2140 2240/2240/2136
f 2243/2243/2138 2254/2254/2148 2240/2240/2136
f 2255/2255/2149 2246/2246/2141 2247/2247/2142
f 2256/2256/2150 2251/2251/2013 2257/2257/2023
f 2256/2256/2150 2250/2250/2145 2251/2251/2013
f 2243/2243/2138 2242/2242/2137 2258/2258/2151
f 2258/2258/2151 2242/2242/2137 2246/2246/2141
f 2255/2255/2149 2258/2258/2151 2246/2246/2141
f 2259/2259/2152 2247/2247/2142 2250/2250/2145
f 2256/2256/2150 2259/2259/2152 2250/2250/2145
f 2254/2254/2148 2253/2253/2147 2245/2245/2140
f 2260/2260/2153 2243/2243/2138 2258/2258/2151
f 2259/2259/2152 2255/2255/2149 2247/2247/2142
f 2254/2254/2148 2261/2261/2154 2253/2253/2147
f 2260/2260/2153 2254/2254/2148 2243/2243/2138
f 2262/2262/2155 2260/2260/2153 2258/2258/2151
f 2263/2263/2156 2261/2261/2154 2254/2254/2148
f 2263/2263/2156 2254/2254/2148 2260/2260/2153
f 2264/2264/2157 2258/2258/2151 2255/2255/2149
f 2259/2259/2152 2264/2264/2157 2255/2255/2149
f 2265/2265/2158 2259/2259/2152 2256/2256/2150
f 2266/2266/2159 2256/2256/2150 2257/2257/2023
f 2267/2267/2160 2263/2263/2156 2260/2260/2153
f 2262/2262/2155 2258/2258/2151 2264/2264/2157
f 2268/2268/2161 2264/2264/2157 2259/2259/2152
f 2266/2266/2159 2265/2265/2158 2256/2256/2150
f 2266/2266/2159 2257/2257/2023 2269/2269/2043
f 2270/2270/2162 2271/2271/2163 2272/2272/2164
f 2273/2273/2165 2262/2262/2155 2264/2264/2157
f 2265/2265/2158 2268/2268/2161 2259/2259/2152
f 2274/2274/2166 2263/2263/2156 2267/2267/2160
f 2262/2262/2155 2267/2267/2160 2260/2260/2153
f 2270/2270/2162 2275/2275/2046 2271/2271/2163
f 2273/2273/2165 2264/2264/2157 2268/2268/2161
f 2276/2276/2167 2269/2269/2043 2275/2275/2046
f 2277/2277/2168 2265/2265/2158 2266/2266/2159
f 2276/2276/2167 2266/2266/2159 2269/2269/2043
f 2276/2276/2167 2277/2277/2168 2266/2266/2159
f 2267/2267/2160 2262/2262/2155 2278/2278/2169
f 2279/2279/2170 2270/2270/2162 2272/2272/2164
f 2278/2278/2169 2262/2262/2155 2273/2273/2165
f 2274/2274/2166 2267/2267/2160 2278/2278/2169
f 2280/2280/2171 2275/2275/2046 2270/2270/2162
f 2281/2281/2172 2273/2273/2165 2268/2268/2161
f 2282/2282/2173 2268/2268/2161 2265/2265/2158
f 2277/2277/2168 2282/2282/2173 2265/2265/2158
f 2283/2283/2066 2279/2279/2170 2272/2272/2164
f 2279/2279/2170 2280/2280/2171 2270/2270/2162
f 2280/2280/2171 2276/2276/2167 2275/2275/2046
f 2278/2278/2169 2284/2284/2174 2274/2274/2166
f 2285/2285/2175 2278/2278/2169 2273/2273/2165
f 2282/2282/2173 2281/2281/2172 2268/2268/2161
f 2286/2286/2176 2279/2279/2170 2283/2283/2066
f 2285/2285/2175 2273/2273/2165 2281/2281/2172
f 2287/2287/2177 2277/2277/2168 2276/2276/2167
f 2280/2280/2171 2287/2287/2177 2276/2276/2167
f 2284/2284/2174 2278/2278/2169 2285/2285/2175
f 2286/2286/2176 2280/2280/2171 2279/2279/2170
f 2288/2288/2178 2282/2282/2173 2277/2277/2168
f 2287/2287/2177 2288/2288/2178 2277/2277/2168
f 2289/2289/2179 2284/2284/2174 2285/2285/2175
f 2290/2290/2180 2281/2281/2172 2282/2282/2173
f 2290/2290/2180 2282/2282/2173 2288/2288/2178
f 2291/2291/2181 2288/2288/2178 2287/2287/2177
f 2286/2286/2176 2283/2283/2066 2292/2292/2074
f 2293/2293/2182 2285/2285/2175 2281/2281/2172
f 2294/2294/2183 2280/2280/2171 2286/2286/2176
f 2295/2295/2184 2291/2291/2181 2287/2287/2177
f 2296/2296/2185 2284/2284/2174 2289/2289/2179
f 2289/2289/2179 2285/2285/2175 2293/2293/2182
f 2290/2290/2180 2293/2293/2182 2281/2281/2172
f 2297/2297/2186 2290/2290/2180 2288/2288/2178
f 2295/2295/2184 2287/2287/2177 2280/2280/2171
f 2295/2295/2184 2280/2280/2171 2294/2294/2183
f 2297/2297/2186 2288/2288/2178 2291/2291/2181
f 2297/2297/2186 2291/2291/2181 2295/2295/2184
f 2298/2298/2083 2299/2299/2187 2292/2292/2074
f 2299/2299/2187 2286/2286/2176 2292/2292/2074
f 2300/2300/2188 2293/2293/2182 2290/2290/2180
f 2300/2300/2188 2289/2289/2179 2293/2293/2182
f 2301/2301/2189 2297/2297/2186 2295/2295/2184
f 2302/2302/2190 2286/2286/2176 2299/2299/2187
f 2300/2300/2188 2290/2290/2180 2297/2297/2186
f 2301/2301/2189 2295/2295/2184 2294/2294/2183
f 2303/2303/2191 2301/2301/2189 2294/2294/2183
f 2303/2303/2191 2294/2294/2183 2286/2286/2176
f 2304/2304/2192 2296/2296/2185 2289/2289/2179
f 2302/2302/2190 2303/2303/2191 2286/2286/2176
f 2304/2304/2192 2289/2289/2179 2300/2300/2188
f 2305/2305/2193 2299/2299/2187 2298/2298/2083
f 2306/2306/2194 2302/2302/2190 2299/2299/2187
f 2307/2307/2195 2300/2300/2188 2297/2297/2186
f 2307/2307/2195 2297/2297/2186 2301/2301/2189
f 2308/2308/2196 2304/2304/2192 2300/2300/2188
f 2309/2309/2197 2305/2305/2193 2298/2298/2083
f 2305/2305/2193 2306/2306/2194 2299/2299/2187
f 2310/2310/2198 2308/2308/2196 2300/2300/2188
f 2310/2310/2198 2300/2300/2188 2307/2307/2195
f 2311/2311/2199 2301/2301/2189 2303/2303/2191
f 2308/2308/2196 2312/2312/2200 2304/2304/2192
f 2311/2311/2199 2307/2307/2195 2301/2301/2189
f 2313/2313/2201 2302/2302/2190 2306/2306/2194
f 2311/2311/2199 2310/2310/2198 2307/2307/2195
f 2314/2314/2202 2306/2306/2194 2305/2305/2193
f 2315/2315/2203 2311/2311/2199 2303/2303/2191
f 2315/2315/2203 2303/2303/2191 2302/2302/2190
f 2313/2313/2201 2315/2315/2203 2302/2302/2190
f 2316/2316/2204 2314/2314/2202 2305/2305/2193
f 2314/2314/2202 2313/2313/2201 2306/2306/2194
f 2311/2311/2199 2317/2317/2205 2310/2310/2198
f 2310/2310/2198 2318/2318/2206 2308/2308/2196
f 2319/2319/2207 2317/2317/2205 2311/2311/2199
f 2317/2317/2205 2318/2318/2206 2310/2310/2198
f 2320/2320/2208 2313/2313/2201 2314/2314/2202
f 2319/2319/2207 2311/2311/2199 2315/2315/2203
f 2321/2321/2209 2319/2319/2207 2315/2315/2203
f 2320/2320/2208 2315/2315/2203 2313/2313/2201
f 2317/2317/2205 2322/2322/2210 2318/2318/2206
f 2319/2319/2207 2322/2322/2210 2317/2317/2205
f 2323/2323/2211 2320/2320/2208 2314/2314/2202
f 2323/2323/2211 2314/2314/2202 2316/2316/2204
f 2321/2321/2209 2315/2315/2203 2320/2320/2208
f 2322/2322/2210 2324/2324/2212 2318/2318/2206
f 2320/2320/2208 2325/2325/2213 2321/2321/2209
f 2323/2323/2211 2325/2325/2213 2320/2320/2208
f 2326/2326/2214 2322/2322/2210 2319/2319/2207
f 2321/2321/2209 2326/2326/2214 2319/2319/2207
f 2322/2322/2210 2327/2327/2215 2324/2324/2212
f 2326/2326/2214 2328/2328/2216 2322/2322/2210
f 2325/2325/2213 2326/2326/2214 2321/2321/2209
f 2325/2325/2213 2323/2323/2211 2329/2329/2217
f 2328/2328/2216 2327/2327/2215 2322/2322/2210
f 2325/2325/2213 2330/2330/2218 2326/2326/2214
f 2325/2325/2213 2329/2329/2217 2330/2330/2218
f 2326/2326/2214 2330/2330/2218 2328/2328/2216
f 2330/2330/2218 2331/2331/2219 2328/2328/2216
f 2332/2332/2220 2333/2333/2221 2334/2334/2222
f 2332/2332/2220 2334/2334/2222 2335/2335/2223
f 2332/2332/2220 2335/2335/2223 2336/2336/2224
f 2337/2337/2225 2332/2332/2220 2336/2336/2224
f 2338/2338/2226 2332/2332/2220 2337/2337/2225
f 2339/2339/2227 2333/2333/2221 2332/2332/2220
f 2339/2339/2227 2332/2332/2220 2338/2338/2226
f 2340/2340/2228 2333/2333/2221 2339/2339/2227
f 2340/2340/2228 2339/2339/2227 2341/2341/2229
f 2337/2337/2225 2336/2336/2224 2342/2342/2230
f 2343/2343/2231 2339/2339/2227 2338/2338/2226
f 2341/2341/2229 2339/2339/2227 2343/2343/2231
f 2344/2344/2232 2340/2340/2228 2341/2341/2229
f 2342/2342/2230 2345/2345/2233 2346/2346/2234
f 2347/2347/2235 2342/2342/2230 2346/2346/2234
f 2337/2337/2225 2342/2342/2230 2347/2347/2235
f 2348/2348/2236 2337/2337/2225 2347/2347/2235
f 2348/2348/2236 2338/2338/2226 2337/2337/2225
f 2349/2349/2237 2344/2344/2232 2341/2341/2229
f 2348/2348/2236 2347/2347/2235 2350/2350/2238
f 2350/2350/2238 2338/2338/2226 2348/2348/2236
f 2350/2350/2238 2343/2343/2231 2338/2338/2226
f 2350/2350/2238 2347/2347/2235 2351/2351/2239
f 2352/2352/2240 2341/2341/2229 2343/2343/2231
f 2349/2349/2237 2341/2341/2229 2352/2352/2240
f 2345/2345/2233 2353/2353/2241 2346/2346/2234
f 2347/2347/2235 2346/2346/2234 2354/2354/2242
f 2351/2351/2239 2347/2347/2235 2354/2354/2242
f 2355/2355/2243 2350/2350/2238 2351/2351/2239
f 2355/2355/2243 2343/2343/2231 2350/2350/2238
f 2356/2356/2244 2346/2346/2234 2353/2353/2241
f 2354/2354/2242 2346/2346/2234 2356/2356/2244
f 2352/2352/2240 2343/2343/2231 2355/2355/2243
f 2357/2357/2245 2349/2349/2237 2352/2352/2240
f 2358/2358/2246 2352/2352/2240 2355/2355/2243
f 2357/2357/2245 2352/2352/2240 2358/2358/2246
f 2359/2359/2247 2353/2353/2241 2360/2360/2248
f 2356/2356/2244 2353/2353/2241 2359/2359/2247
f 2361/2361/2249 2351/2351/2239 2362/2362/2250
f 2351/2351/2239 2354/2354/2242 2362/2362/2250
f 2355/2355/2243 2351/2351/2239 2361/2361/2249
f 2363/2363/2251 2355/2355/2243 2361/2361/2249
f 2358/2358/2246 2355/2355/2243 2363/2363/2251
f 2364/2364/2252 2365/2365/2253 2366/2366/2254
f 2364/2364/2252 2360/2360/2248 2365/2365/2253
f 2359/2359/2247 2360/2360/2248 2364/2364/2252
f 2362/2362/2250 2354/2354/2242 2356/2356/2244
f 2367/2367/2255 2358/2358/2246 2363/2363/2251
f 2357/2357/2245 2358/2358/2246 2367/2367/2255
f 2356/2356/2244 2359/2359/2247 2368/2368/2256
f 2356/2356/2244 2368/2368/2256 2369/2369/2257
f 2362/2362/2250 2356/2356/2244 2369/2369/2257
f 2367/2367/2255 2363/2363/2251 2370/2370/2258
f 2371/2371/2259 2364/2364/2252 2366/2366/2254
f 2371/2371/2259 2359/2359/2247 2364/2364/2252
f 2368/2368/2256 2359/2359/2247 2371/2371/2259
f 2361/2361/2249 2362/2362/2250 2369/2369/2257
f 2372/2372/2260 2366/2366/2254 2373/2373/2261
f 2372/2372/2260 2371/2371/2259 2366/2366/2254
f 2374/2374/2262 2371/2371/2259 2372/2372/2260
f 2375/2375/2263 2371/2371/2259 2374/2374/2262
f 2375/2375/2263 2368/2368/2256 2371/2371/2259
f 2376/2376/2264 2361/2361/2249 2369/2369/2257
f 2363/2363/2251 2361/2361/2249 2376/2376/2264
f 2369/2369/2257 2368/2368/2256 2375/2375/2263
f 2377/2377/2265 2369/2369/2257 2375/2375/2263
f 2378/2378/2266 2370/2370/2258 2379/2379/2267
f 2370/2370/2258 2363/2363/2251 2379/2379/2267
f 2380/2380/2268 2367/2367/2255 2370/2370/2258
f 2381/2381/2269 2382/2382/2270 2383/2383/2271
f 2372/2372/2260 2373/2373/2261 2384/2384/2272
f 2385/2385/2273 2372/2372/2260 2384/2384/2272
f 2374/2374/2262 2372/2372/2260 2385/2385/2273
f 2376/2376/2264 2369/2369/2257 2377/2377/2265
f 2379/2379/2267 2363/2363/2251 2376/2376/2264
f 2380/2380/2268 2370/2370/2258 2378/2378/2266
f 2386/2386/2274 2382/2382/2270 2381/2381/2269
f 2387/2387/2275 2382/2382/2270 2386/2386/2274
f 2388/2388/2276 2373/2373/2261 2387/2387/2275
f 2384/2384/2272 2373/2373/2261 2388/2388/2276
f 2389/2389/2277 2375/2375/2263 2385/2385/2273
f 2375/2375/2263 2374/2374/2262 2385/2385/2273
f 2377/2377/2265 2375/2375/2263 2389/2389/2277
f 2390/2390/2278 2376/2376/2264 2391/2391/2279
f 2390/2390/2278 2379/2379/2267 2376/2376/2264
f 2378/2378/2266 2379/2379/2267 2390/2390/2278
f 2392/2392/2280 2380/2380/2268 2378/2378/2266
f 2393/2393/2281 2394/2394/2282 2395/2395/2283
f 2396/2396/2284 2393/2393/2281 2395/2395/2283
f 2383/2383/2271 2393/2393/2281 2396/2396/2284
f 2381/2381/2269 2383/2383/2271 2396/2396/2284
f 2397/2397/2285 2384/2384/2272 2388/2388/2276
f 2385/2385/2273 2384/2384/2272 2397/2397/2285
f 2389/2389/2277 2385/2385/2273 2398/2398/2286
f 2395/2395/2283 2394/2394/2282 2399/2399/2287
f 2400/2400/2288 2396/2396/2284 2395/2395/2283
f 2401/2401/2289 2381/2381/2269 2396/2396/2284
f 2401/2401/2289 2396/2396/2284 2400/2400/2288
f 2386/2386/2274 2381/2381/2269 2401/2401/2289
f 2402/2402/2290 2387/2387/2275 2386/2386/2274
f 2402/2402/2290 2388/2388/2276 2387/2387/2275
f 2398/2398/2286 2385/2385/2273 2397/2397/2285
f 2403/2403/2291 2377/2377/2265 2389/2389/2277
f 2376/2376/2264 2377/2377/2265 2403/2403/2291
f 2403/2403/2291 2389/2389/2277 2398/2398/2286
f 2391/2391/2279 2376/2376/2264 2403/2403/2291
f 2392/2392/2280 2378/2378/2266 2404/2404/2292
f 2405/2405/2293 2395/2395/2283 2399/2399/2287
f 2400/2400/2288 2395/2395/2283 2405/2405/2293
f 2397/2397/2285 2388/2388/2276 2402/2402/2290
f 2406/2406/2294 2403/2403/2291 2398/2398/2286
f 2390/2390/2278 2391/2391/2279 2407/2407/2295
f 2408/2408/2296 2378/2378/2266 2390/2390/2278
f 2404/2404/2292 2378/2378/2266 2408/2408/2296
f 2409/2409/2297 2386/2386/2274 2401/2401/2289
f 2402/2402/2290 2386/2386/2274 2409/2409/2297
f 2398/2398/2286 2397/2397/2285 2410/2410/2298
f 2406/2406/2294 2398/2398/2286 2410/2410/2298
f 2406/2406/2294 2391/2391/2279 2403/2403/2291
f 2408/2408/2296 2390/2390/2278 2407/2407/2295
f 2411/2411/2299 2401/2401/2289 2400/2400/2288
f 2397/2397/2285 2402/2402/2290 2412/2412/2300
f 2410/2410/2298 2397/2397/2285 2412/2412/2300
f 2407/2407/2295 2391/2391/2279 2406/2406/2294
f 2411/2411/2299 2400/2400/2288 2405/2405/2293
f 2413/2413/2301 2401/2401/2289 2411/2411/2299
f 2409/2409/2297 2401/2401/2289 2413/2413/2301
f 2414/2414/2302 2410/2410/2298 2412/2412/2300
f 2406/2406/2294 2410/2410/2298 2414/2414/2302
f 2407/2407/2295 2406/2406/2294 2415/2415/2303
f 2416/2416/2304 2408/2408/2296 2407/2407/2295
f 2417/2417/2305 2409/2409/2297 2413/2413/2301
f 2418/2418/2306 2402/2402/2290 2409/2409/2297
f 2418/2418/2306 2412/2412/2300 2402/2402/2290
f 2419/2419/2307 2404/2404/2292 2408/2408/2296
f 2411/2411/2299 2405/2405/2293 2420/2420/2308
f 2413/2413/2301 2411/2411/2299 2421/2421/2309
f 2417/2417/2305 2413/2413/2301 2421/2421/2309
f 2422/2422/2310 2412/2412/2300 2418/2418/2306
f 2423/2423/2311 2414/2414/2302 2412/2412/2300
f 2416/2416/2304 2407/2407/2295 2415/2415/2303
f 2419/2419/2307 2408/2408/2296 2416/2416/2304
f 2421/2421/2309 2411/2411/2299 2420/2420/2308
f 2418/2418/2306 2409/2409/2297 2417/2417/2305
f 2423/2423/2311 2412/2412/2300 2422/2422/2310
f 2414/2414/2302 2423/2423/2311 2424/2424/2312
f 2425/2425/2313 2406/2406/2294 2414/2414/2302
f 2425/2425/2313 2415/2415/2303 2406/2406/2294
f 2416/2416/2304 2415/2415/2303 2426/2426/2314
f 2419/2419/2307 2416/2416/2304 2427/2427/2315
f 2428/2428/2316 2423/2423/2311 2422/2422/2310
f 2428/2428/2316 2424/2424/2312 2423/2423/2311
f 2425/2425/2313 2414/2414/2302 2424/2424/2312
f 2429/2429/2317 2415/2415/2303 2425/2425/2313
f 2430/2430/2318 2426/2426/2314 2415/2415/2303
f 2427/2427/2315 2416/2416/2304 2426/2426/2314
f 2431/2431/2319 2417/2417/2305 2421/2421/2309
f 2432/2432/2320 2418/2418/2306 2417/2417/2305
f 2432/2432/2320 2417/2417/2305 2431/2431/2319
f 2422/2422/2310 2418/2418/2306 2432/2432/2320
f 2428/2428/2316 2422/2422/2310 2432/2432/2320
f 2430/2430/2318 2415/2415/2303 2429/2429/2317
f 2428/2428/2316 2432/2432/2320 2433/2433/2321
f 2434/2434/2322 2424/2424/2312 2428/2428/2316
f 2425/2425/2313 2424/2424/2312 2434/2434/2322
f 2429/2429/2317 2425/2425/2313 2434/2434/2322
f 2435/2435/2323 2426/2426/2314 2430/2430/2318
f 2427/2427/2315 2426/2426/2314 2435/2435/2323
f 2436/2436/1940 2421/2421/2309 2420/2420/2308
f 2431/2431/2319 2421/2421/2309 2436/2436/1940
f 2432/2432/2320 2431/2431/2319 2433/2433/2321
f 2437/2437/2324 2428/2428/2316 2433/2433/2321
f 2434/2434/2322 2437/2437/2324 2438/2438/2325
f 2434/2434/2322 2428/2428/2316 2437/2437/2324
f 2439/2439/2326 2429/2429/2317 2434/2434/2322
f 2430/2430/2318 2429/2429/2317 2439/2439/2326
f 2440/2440/1938 2431/2431/2319 2436/2436/1940
f 2433/2433/2321 2431/2431/2319 2440/2440/1938
f 2439/2439/2326 2434/2434/2322 2438/2438/2325
f 2435/2435/2323 2430/2430/2318 2439/2439/2326
f 2433/2433/2321 2440/2440/1938 2441/2441/1945
f 2437/2437/2324 2433/2433/2321 2441/2441/1945
f 2438/2438/2325 2437/2437/2324 2441/2441/1945
f 2438/2438/2325 2441/2441/1945 2442/2442/1946
f 2443/2443/1711 2444/2444/2327 2445/2445/1706
f 2443/2443/1711 2445/2445/1706 2446/2446/1705
f 2447/2447/2105 2448/2448/2112 2449/2449/2328
f 2449/2449/2328 2450/2450/2119 2447/2447/2105
f 2451/2451/2329 2450/2450/2119 2449/2449/2328
f 2449/2449/2328 2448/2448/2112 2452/2452/2330
f 2452/2452/2330 2451/2451/2329 2449/2449/2328
f 2452/2452/2330 2453/2453/2113 2451/2451/2329
f 2454/2454/2122 2455/2455/2121 2456/2456/2331
f 2456/2456/2331 2455/2455/2121 2457/2457/1838
f 2458/2458/1 2459/2459/2332 2460/2460/2333
f 2460/2460/2333 2459/2459/2332 2461/2461/2334
f 2462/2462/2335 2458/2458/1 2460/2460/2333
f 2463/2463/2336 2462/2462/2335 2460/2460/2333
f 2464/2464/6 2458/2458/1 2462/2462/2335
f 2465/2465/2337 2464/2464/6 2462/2462/2335
f 2461/2461/2334 2459/2459/2332 2466/2466/2338
f 2460/2460/2333 2461/2461/2334 2467/2467/2339
f 2468/2468/2340 2460/2460/2333 2467/2467/2339
f 2463/2463/2336 2460/2460/2333 2468/2468/2340
f 2465/2465/2337 2462/2462/2335 2463/2463/2336
f 2465/2465/2337 2469/2469/2341 2464/2464/6
f 2461/2461/2334 2466/2466/2338 2470/2470/2342
f 2471/2471/2343 2468/2468/2340 2467/2467/2339
f 2463/2463/2336 2468/2468/2340 2471/2471/2343
f 2472/2472/2344 2465/2465/2337 2463/2463/2336
f 2461/2461/2334 2470/2470/2342 2473/2473/2345
f 2467/2467/2339 2461/2461/2334 2473/2473/2345
f 2474/2474/2346 2467/2467/2339 2473/2473/2345
f 2471/2471/2343 2467/2467/2339 2474/2474/2346
f 2475/2475/2347 2463/2463/2336 2471/2471/2343
f 2472/2472/2344 2463/2463/2336 2475/2475/2347
f 2476/2476/2348 2469/2469/2341 2465/2465/2337
f 2473/2473/2345 2470/2470/2342 2477/2477/2349
f 2478/2478/2350 2471/2471/2343 2474/2474/2346
f 2479/2479/2351 2471/2471/2343 2478/2478/2350
f 2479/2479/2351 2475/2475/2347 2471/2471/2343
f 2472/2472/2344 2475/2475/2347 2479/2479/2351
f 2476/2476/2348 2465/2465/2337 2472/2472/2344
f 2480/2480/2352 2469/2469/2341 2476/2476/2348
f 2481/2481/2353 2478/2478/2350 2474/2474/2346
f 2482/2482/2354 2472/2472/2344 2479/2479/2351
f 2483/2483/2355 2472/2472/2344 2482/2482/2354
f 2484/2484/2356 2474/2474/2346 2473/2473/2345
f 2485/2485/2357 2478/2478/2350 2481/2481/2353
f 2479/2479/2351 2478/2478/2350 2485/2485/2357
f 2482/2482/2354 2479/2479/2351 2485/2485/2357
f 2483/2483/2355 2476/2476/2348 2472/2472/2344
f 2486/2486/2358 2480/2480/2352 2476/2476/2348
f 2473/2473/2345 2477/2477/2349 2487/2487/2359
f 2473/2473/2345 2487/2487/2359 2484/2484/2356
f 2486/2486/2358 2476/2476/2348 2483/2483/2355
f 2481/2481/2353 2474/2474/2346 2484/2484/2356
f 2481/2481/2353 2484/2484/2356 2488/2488/2360
f 2489/2489/2361 2482/2482/2354 2485/2485/2357
f 2490/2490/2362 2483/2483/2355 2482/2482/2354
f 2486/2486/2358 2483/2483/2355 2490/2490/2362
f 2491/2491/2363 2484/2484/2356 2487/2487/2359
f 2489/2489/2361 2485/2485/2357 2492/2492/2364
f 2490/2490/2362 2482/2482/2354 2489/2489/2361
f 2488/2488/2360 2484/2484/2356 2491/2491/2363
f 2491/2491/2363 2487/2487/2359 2493/2493/2365
f 2481/2481/2353 2488/2488/2360 2494/2494/2366
f 2495/2495/2367 2481/2481/2353 2494/2494/2366
f 2495/2495/2367 2485/2485/2357 2481/2481/2353
f 2492/2492/2364 2485/2485/2357 2495/2495/2367
f 2496/2496/2368 2489/2489/2361 2492/2492/2364
f 2497/2497/2369 2490/2490/2362 2489/2489/2361
f 2498/2498/2370 2486/2486/2358 2490/2490/2362
f 2499/2499/2371 2488/2488/2360 2491/2491/2363
f 2497/2497/2369 2489/2489/2361 2496/2496/2368
f 2494/2494/2366 2488/2488/2360 2499/2499/2371
f 2498/2498/2370 2490/2490/2362 2500/2500/2372
f 2491/2491/2363 2493/2493/2365 2501/2501/2373
f 2502/2502/2374 2495/2495/2367 2494/2494/2366
f 2502/2502/2374 2492/2492/2364 2495/2495/2367
f 2500/2500/2372 2490/2490/2362 2497/2497/2369
f 2503/2503/2375 2491/2491/2363 2501/2501/2373
f 2503/2503/2375 2499/2499/2371 2491/2491/2363
f 2504/2504/2376 2499/2499/2371 2503/2503/2375
f 2504/2504/2376 2494/2494/2366 2499/2499/2371
f 2496/2496/2368 2492/2492/2364 2505/2505/2377
f 2506/2506/2378 2496/2496/2368 2505/2505/2377
f 2497/2497/2369 2496/2496/2368 2506/2506/2378
f 2503/2503/2375 2501/2501/2373 2507/2507/2379
f 2500/2500/2372 2497/2497/2369 2508/2508/2380
f 2509/2509/2381 2494/2494/2366 2504/2504/2376
f 2502/2502/2374 2494/2494/2366 2509/2509/2381
f 2510/2510/2382 2492/2492/2364 2502/2502/2374
f 2505/2505/2377 2492/2492/2364 2510/2510/2382
f 2508/2508/2380 2497/2497/2369 2506/2506/2378
f 2508/2508/2380 2506/2506/2378 2511/2511/2383
f 2512/2512/2384 2503/2503/2375 2507/2507/2379
f 2504/2504/2376 2503/2503/2375 2512/2512/2384
f 2513/2513/2385 2502/2502/2374 2509/2509/2381
f 2513/2513/2385 2510/2510/2382 2502/2502/2374
f 2511/2511/2383 2506/2506/2378 2514/2514/2386
f 2515/2515/2387 2508/2508/2380 2511/2511/2383
f 2509/2509/2381 2504/2504/2376 2516/2516/318
f 2517/2517/2388 2505/2505/2377 2510/2510/2382
f 2506/2506/2378 2505/2505/2377 2517/2517/2388
f 2514/2514/2386 2506/2506/2378 2517/2517/2388
f 2516/2516/318 2504/2504/2376 2512/2512/2384
f 2516/2516/318 2512/2512/2384 2518/2518/319
f 2519/2519/320 2509/2509/2381 2516/2516/318
f 2513/2513/2385 2509/2509/2381 2519/2519/320
f 2520/2520/2389 2510/2510/2382 2513/2513/2385
f 2520/2520/2389 2517/2517/2388 2510/2510/2382
f 2514/2514/2386 2517/2517/2388 2520/2520/2389
f 2514/2514/2386 2520/2520/2389 2521/2521/2390
f 2522/2522/2391 2513/2513/2385 2519/2519/320
f 2520/2520/2389 2513/2513/2385 2522/2522/2391
f 2523/2523/2392 2521/2521/2390 2520/2520/2389
f 2514/2514/2386 2521/2521/2390 2523/2523/2392
f 2524/2524/325 2520/2520/2389 2522/2522/2391
f 2523/2523/2392 2520/2520/2389 2524/2524/325
f 2522/2522/2391 2519/2519/320 2525/2525/2393
f 2524/2524/325 2522/2522/2391 2525/2525/2393
f 2526/2526/2394 2527/2527/10 2464/2464/6
f 2469/2469/2341 2526/2526/2394 2464/2464/6
f 2526/2526/2394 2528/2528/2395 2527/2527/10
f 2529/2529/2396 2528/2528/2395 2526/2526/2394
f 2530/2530/2397 2526/2526/2394 2469/2469/2341
f 2480/2480/2352 2530/2530/2397 2469/2469/2341
f 2530/2530/2397 2529/2529/2396 2526/2526/2394
f 2480/2480/2352 2531/2531/2398 2530/2530/2397
f 2532/2532/2399 2528/2528/2395 2529/2529/2396
f 2530/2530/2397 2533/2533/2400 2529/2529/2396
f 2486/2486/2358 2531/2531/2398 2480/2480/2352
f 2532/2532/2399 2534/2534/23 2528/2528/2395
f 2533/2533/2400 2532/2532/2399 2529/2529/2396
f 2535/2535/2401 2533/2533/2400 2530/2530/2397
f 2535/2535/2401 2530/2530/2397 2531/2531/2398
f 2536/2536/2402 2531/2531/2398 2486/2486/2358
f 2537/2537/2403 2532/2532/2399 2533/2533/2400
f 2536/2536/2402 2486/2486/2358 2498/2498/2370
f 2535/2535/2401 2537/2537/2403 2533/2533/2400
f 2538/2538/2404 2535/2535/2401 2531/2531/2398
f 2539/2539/2405 2540/2540/32 2534/2534/23
f 2539/2539/2405 2534/2534/23 2532/2532/2399
f 2538/2538/2404 2531/2531/2398 2536/2536/2402
f 2500/2500/2372 2536/2536/2402 2498/2498/2370
f 2541/2541/2406 2537/2537/2403 2535/2535/2401
f 2539/2539/2405 2542/2542/2407 2540/2540/32
f 2543/2543/2408 2539/2539/2405 2532/2532/2399
f 2537/2537/2403 2543/2543/2408 2532/2532/2399
f 2538/2538/2404 2541/2541/2406 2535/2535/2401
f 2544/2544/2409 2536/2536/2402 2500/2500/2372
f 2545/2545/2410 2538/2538/2404 2536/2536/2402
f 2544/2544/2409 2545/2545/2410 2536/2536/2402
f 2546/2546/2411 2500/2500/2372 2508/2508/2380
f 2542/2542/2407 2547/2547/35 2540/2540/32
f 2546/2546/2411 2544/2544/2409 2500/2500/2372
f 2543/2543/2408 2548/2548/2412 2539/2539/2405
f 2545/2545/2410 2541/2541/2406 2538/2538/2404
f 2549/2549/2413 2543/2543/2408 2537/2537/2403
f 2549/2549/2413 2537/2537/2403 2541/2541/2406
f 2542/2542/2407 2550/2550/43 2547/2547/35
f 2548/2548/2412 2542/2542/2407 2539/2539/2405
f 2551/2551/2414 2545/2545/2410 2544/2544/2409
f 2545/2545/2410 2552/2552/2415 2541/2541/2406
f 2515/2515/2387 2546/2546/2411 2508/2508/2380
f 2551/2551/2414 2544/2544/2409 2546/2546/2411
f 2542/2542/2407 2553/2553/2416 2550/2550/43
f 2554/2554/2417 2542/2542/2407 2548/2548/2412
f 2555/2555/2418 2548/2548/2412 2543/2543/2408
f 2555/2555/2418 2543/2543/2408 2549/2549/2413
f 2541/2541/2406 2556/2556/2419 2549/2549/2413
f 2557/2557/314 2546/2546/2411 2515/2515/2387
f 2557/2557/314 2551/2551/2414 2546/2546/2411
f 2558/2558/2420 2545/2545/2410 2551/2551/2414
f 2558/2558/2420 2552/2552/2415 2545/2545/2410
f 2555/2555/2418 2554/2554/2417 2548/2548/2412
f 2553/2553/2416 2559/2559/2421 2550/2550/43
f 2560/2560/324 2558/2558/2420 2551/2551/2414
f 2552/2552/2415 2556/2556/2419 2541/2541/2406
f 2557/2557/314 2560/2560/324 2551/2551/2414
f 2542/2542/2407 2561/2561/2422 2553/2553/2416
f 2562/2562/2423 2555/2555/2418 2549/2549/2413
f 2556/2556/2419 2562/2562/2423 2549/2549/2413
f 2563/2563/2424 2561/2561/2422 2542/2542/2407
f 2554/2554/2417 2563/2563/2424 2542/2542/2407
f 2564/2564/2425 2562/2562/2423 2556/2556/2419
f 2561/2561/2422 2559/2559/2421 2553/2553/2416
f 2560/2560/324 2565/2565/2426 2558/2558/2420
f 2565/2565/2426 2552/2552/2415 2558/2558/2420
f 2566/2566/2427 2556/2556/2419 2552/2552/2415
f 2561/2561/2422 2567/2567/56 2559/2559/2421
f 2566/2566/2427 2552/2552/2415 2565/2565/2426
f 2566/2566/2427 2564/2564/2425 2556/2556/2419
f 2568/2568/2428 2563/2563/2424 2554/2554/2417
f 2568/2568/2428 2554/2554/2417 2555/2555/2418
f 2568/2568/2428 2555/2555/2418 2562/2562/2423
f 2569/2569/323 2565/2565/2426 2560/2560/324
f 2570/2570/2429 2568/2568/2428 2562/2562/2423
f 2571/2571/2430 2564/2564/2425 2566/2566/2427
f 2572/2572/2431 2561/2561/2422 2563/2563/2424
f 2573/2573/2432 2570/2570/2429 2562/2562/2423
f 2573/2573/2432 2562/2562/2423 2564/2564/2425
f 2574/2574/2433 2567/2567/56 2561/2561/2422
f 2565/2565/2426 2571/2571/2430 2566/2566/2427
f 2575/2575/2434 2564/2564/2425 2571/2571/2430
f 2576/2576/2435 2563/2563/2424 2568/2568/2428
f 2577/2577/2436 2576/2576/2435 2568/2568/2428
f 2577/2577/2436 2568/2568/2428 2570/2570/2429
f 2575/2575/2434 2573/2573/2432 2564/2564/2425
f 2578/2578/2437 2565/2565/2426 2569/2569/323
f 2576/2576/2435 2572/2572/2431 2563/2563/2424
f 2579/2579/2438 2580/2580/65 2567/2567/56
f 2581/2581/341 2571/2571/2430 2565/2565/2426
f 2581/2581/341 2565/2565/2426 2578/2578/2437
f 2574/2574/2433 2579/2579/2438 2567/2567/56
f 2572/2572/2431 2574/2574/2433 2561/2561/2422
f 2582/2582/2439 2574/2574/2433 2572/2572/2431
f 2576/2576/2435 2582/2582/2439 2572/2572/2431
f 2581/2581/341 2575/2575/2434 2571/2571/2430
f 2583/2583/349 2573/2573/2432 2575/2575/2434
f 2584/2584/2440 2577/2577/2436 2570/2570/2429
f 2579/2579/2438 2585/2585/67 2580/2580/65
f 2581/2581/341 2583/2583/349 2575/2575/2434
f 2586/2586/2441 2579/2579/2438 2574/2574/2433
f 2582/2582/2439 2586/2586/2441 2574/2574/2433
f 2583/2583/349 2587/2587/2442 2573/2573/2432
f 2587/2587/2442 2570/2570/2429 2573/2573/2432
f 2588/2588/2443 2576/2576/2435 2577/2577/2436
f 2584/2584/2440 2588/2588/2443 2577/2577/2436
f 2587/2587/2442 2584/2584/2440 2570/2570/2429
f 2586/2586/2441 2589/2589/2444 2579/2579/2438
f 2588/2588/2443 2582/2582/2439 2576/2576/2435
f 2589/2589/2444 2585/2585/67 2579/2579/2438
f 2590/2590/355 2587/2587/2442 2583/2583/349
f 2585/2585/67 2591/2591/2445 2592/2592/69
f 2593/2593/2446 2586/2586/2441 2582/2582/2439
f 2593/2593/2446 2582/2582/2439 2588/2588/2443
f 2589/2589/2444 2591/2591/2445 2585/2585/67
f 2590/2590/355 2594/2594/373 2587/2587/2442
f 2594/2594/373 2584/2584/2440 2587/2587/2442
f 2593/2593/2446 2595/2595/2447 2586/2586/2441
f 2596/2596/2448 2588/2588/2443 2584/2584/2440
f 2594/2594/373 2596/2596/2448 2584/2584/2440
f 2595/2595/2447 2589/2589/2444 2586/2586/2441
f 2591/2591/2445 2597/2597/2449 2592/2592/69
f 2598/2598/2450 2595/2595/2447 2593/2593/2446
f 2599/2599/2451 2593/2593/2446 2588/2588/2443
f 2600/2600/2452 2597/2597/2449 2591/2591/2445
f 2601/2601/2453 2591/2591/2445 2589/2589/2444
f 2598/2598/2450 2593/2593/2446 2599/2599/2451
f 2601/2601/2453 2600/2600/2452 2591/2591/2445
f 2598/2598/2450 2602/2602/2454 2595/2595/2447
f 2602/2602/2454 2589/2589/2444 2595/2595/2447
f 2596/2596/2448 2599/2599/2451 2588/2588/2443
f 2603/2603/101 2600/2600/2452 2601/2601/2453
f 2604/2604/2455 2601/2601/2453 2589/2589/2444
f 2602/2602/2454 2604/2604/2455 2589/2589/2444
f 2605/2605/95 2606/2606/2456 2600/2600/2452
f 2605/2605/95 2600/2600/2452 2603/2603/101
f 2599/2599/2451 2607/2607/2457 2598/2598/2450
f 2608/2608/382 2599/2599/2451 2596/2596/2448
f 2609/2609/2458 2604/2604/2455 2602/2602/2454
f 2610/2610/2459 2609/2609/2458 2602/2602/2454
f 2610/2610/2459 2602/2602/2454 2598/2598/2450
f 2611/2611/2460 2607/2607/2457 2599/2599/2451
f 2608/2608/382 2611/2611/2460 2599/2599/2451
f 2607/2607/2457 2610/2610/2459 2598/2598/2450
f 2612/2612/2461 2603/2603/101 2601/2601/2453
f 2613/2613/2462 2601/2601/2453 2604/2604/2455
f 2609/2609/2458 2613/2613/2462 2604/2604/2455
f 2614/2614/2463 2607/2607/2457 2611/2611/2460
f 2613/2613/2462 2612/2612/2461 2601/2601/2453
f 2615/2615/2464 2609/2609/2458 2610/2610/2459
f 2616/2616/2465 2611/2611/2460 2608/2608/382
f 2617/2617/2466 2610/2610/2459 2607/2607/2457
f 2616/2616/2465 2614/2614/2463 2611/2611/2460
f 2618/2618/2467 2613/2613/2462 2609/2609/2458
f 2615/2615/2464 2618/2618/2467 2609/2609/2458
f 2619/2619/393 2616/2616/2465 2608/2608/382
f 2615/2615/2464 2610/2610/2459 2617/2617/2466
f 2617/2617/2466 2607/2607/2457 2614/2614/2463
f 2620/2620/2468 2612/2612/2461 2613/2613/2462
f 2621/2621/2469 2617/2617/2466 2614/2614/2463
f 2622/2622/2470 2623/2623/2471 2624/2624/116
f 2625/2625/2472 2624/2624/116 2612/2612/2461
f 2620/2620/2468 2625/2625/2472 2612/2612/2461
f 2626/2626/2473 2616/2616/2465 2619/2619/393
f 2627/2627/2474 2618/2618/2467 2615/2615/2464
f 2628/2628/2475 2629/2629/2476 2615/2615/2464
f 2628/2628/2475 2615/2615/2464 2617/2617/2466
f 2628/2628/2475 2617/2617/2466 2630/2630/2477
f 2631/2631/2478 2630/2630/2477 2617/2617/2466
f 2631/2631/2478 2617/2617/2466 2621/2621/2469
f 2622/2622/2470 2624/2624/116 2625/2625/2472
f 2632/2632/2479 2620/2620/2468 2613/2613/2462
f 2633/2633/2480 2632/2632/2479 2613/2613/2462
f 2633/2633/2480 2613/2613/2462 2618/2618/2467
f 2627/2627/2474 2615/2615/2464 2629/2629/2476
f 2621/2621/2469 2614/2614/2463 2616/2616/2465
f 2634/2634/414 2631/2631/2478 2621/2621/2469
f 2635/2635/161 2636/2636/125 2637/2637/127
f 2622/2622/2470 2637/2637/127 2623/2623/2471
f 2638/2638/2481 2625/2625/2472 2620/2620/2468
f 2627/2627/2474 2633/2633/2480 2618/2618/2467
f 2626/2626/2473 2621/2621/2469 2616/2616/2465
f 2635/2635/161 2639/2639/2482 2636/2636/125
f 2622/2622/2470 2635/2635/161 2637/2637/127
f 2638/2638/2481 2622/2622/2470 2625/2625/2472
f 2640/2640/2483 2638/2638/2481 2620/2620/2468
f 2640/2640/2483 2620/2620/2468 2632/2632/2479
f 2641/2641/2484 2642/2642/2485 2633/2633/2480
f 2641/2641/2484 2633/2633/2480 2627/2627/2474
f 2634/2634/414 2621/2621/2469 2626/2626/2473
f 2635/2635/161 2643/2643/160 2639/2639/2482
f 2644/2644/2486 2645/2645/2487 2632/2632/2479
f 2645/2645/2487 2640/2640/2483 2632/2632/2479
f 2642/2642/2485 2644/2644/2486 2632/2632/2479
f 2642/2642/2485 2632/2632/2479 2633/2633/2480
f 2646/2646/2488 2645/2645/2487 2644/2644/2486
f 2647/2647/162 2635/2635/161 2622/2622/2470
f 2638/2638/2481 2647/2647/162 2622/2622/2470
f 2648/2648/2489 2640/2640/2483 2645/2645/2487
f 2649/2649/184 2638/2638/2481 2640/2640/2483
f 2648/2648/2489 2649/2649/184 2640/2640/2483
f 2650/2650/2490 2647/2647/162 2638/2638/2481
f 2649/2649/184 2650/2650/2490 2638/2638/2481
f 2648/2648/2489 2651/2651/183 2649/2649/184
f 2466/2466/2338 2652/2652/2491 2470/2470/2342
f 2466/2466/2338 2653/2653/11 2652/2652/2491
f 2652/2652/2491 2653/2653/11 2654/2654/2492
f 2470/2470/2342 2652/2652/2491 2477/2477/2349
f 2654/2654/2492 2653/2653/11 2655/2655/19
f 2477/2477/2349 2652/2652/2491 2656/2656/2493
f 2657/2657/2494 2652/2652/2491 2654/2654/2492
f 2656/2656/2493 2652/2652/2491 2657/2657/2494
f 2654/2654/2492 2655/2655/19 2658/2658/2495
f 2655/2655/19 2659/2659/24 2658/2658/2495
f 2660/2660/2496 2654/2654/2492 2658/2658/2495
f 2657/2657/2494 2654/2654/2492 2660/2660/2496
f 2661/2661/2497 2477/2477/2349 2656/2656/2493
f 2477/2477/2349 2661/2661/2497 2487/2487/2359
f 2662/2662/2498 2658/2658/2495 2659/2659/24
f 2659/2659/24 2663/2663/27 2662/2662/2498
f 2664/2664/2499 2657/2657/2494 2665/2665/2500
f 2664/2664/2499 2656/2656/2493 2657/2657/2494
f 2661/2661/2497 2656/2656/2493 2664/2664/2499
f 2660/2660/2496 2658/2658/2495 2666/2666/2501
f 2487/2487/2359 2661/2661/2497 2493/2493/2365
f 2667/2667/2502 2657/2657/2494 2660/2660/2496
f 2665/2665/2500 2657/2657/2494 2667/2667/2502
f 2664/2664/2499 2665/2665/2500 2668/2668/2503
f 2667/2667/2502 2660/2660/2496 2666/2666/2501
f 2669/2669/2504 2661/2661/2497 2664/2664/2499
f 2493/2493/2365 2661/2661/2497 2670/2670/2505
f 2666/2666/2501 2658/2658/2495 2662/2662/2498
f 2668/2668/2503 2665/2665/2500 2667/2667/2502
f 2670/2670/2505 2661/2661/2497 2669/2669/2504
f 2501/2501/2373 2493/2493/2365 2670/2670/2505
f 2669/2669/2504 2664/2664/2499 2668/2668/2503
f 2667/2667/2502 2666/2666/2501 2671/2671/2506
f 2672/2672/2507 2666/2666/2501 2662/2662/2498
f 2673/2673/38 2662/2662/2498 2663/2663/27
f 2674/2674/2508 2501/2501/2373 2670/2670/2505
f 2672/2672/2507 2662/2662/2498 2673/2673/38
f 2675/2675/2509 2667/2667/2502 2671/2671/2506
f 2668/2668/2503 2667/2667/2502 2675/2675/2509
f 2671/2671/2506 2666/2666/2501 2672/2672/2507
f 2674/2674/2508 2507/2507/2379 2501/2501/2373
f 2676/2676/2510 2669/2669/2504 2668/2668/2503
f 2670/2670/2505 2669/2669/2504 2677/2677/2511
f 2677/2677/2511 2669/2669/2504 2676/2676/2510
f 2674/2674/2508 2670/2670/2505 2678/2678/2512
f 2672/2672/2507 2673/2673/38 2679/2679/2513
f 2679/2679/2513 2673/2673/38 2680/2680/2514
f 2671/2671/2506 2672/2672/2507 2681/2681/2515
f 2678/2678/2512 2670/2670/2505 2677/2677/2511
f 2668/2668/2503 2675/2675/2509 2682/2682/2516
f 2676/2676/2510 2668/2668/2503 2682/2682/2516
f 2677/2677/2511 2676/2676/2510 2683/2683/2517
f 2684/2684/2518 2507/2507/2379 2674/2674/2508
f 2512/2512/2384 2507/2507/2379 2684/2684/2518
f 2685/2685/2519 2680/2680/2514 2686/2686/46
f 2675/2675/2509 2671/2671/2506 2687/2687/2520
f 2685/2685/2519 2679/2679/2513 2680/2680/2514
f 2682/2682/2516 2675/2675/2509 2687/2687/2520
f 2687/2687/2520 2671/2671/2506 2681/2681/2515
f 2678/2678/2512 2677/2677/2511 2683/2683/2517
f 2681/2681/2515 2679/2679/2513 2688/2688/2521
f 2672/2672/2507 2679/2679/2513 2681/2681/2515
f 2684/2684/2518 2674/2674/2508 2678/2678/2512
f 2518/2518/319 2512/2512/2384 2684/2684/2518
f 2683/2683/2517 2676/2676/2510 2682/2682/2516
f 2678/2678/2512 2683/2683/2517 2689/2689/2522
f 2685/2685/2519 2686/2686/46 2690/2690/53
f 2683/2683/2517 2682/2682/2516 2691/2691/2523
f 2688/2688/2521 2679/2679/2513 2685/2685/2519
f 2692/2692/2524 2682/2682/2516 2687/2687/2520
f 2691/2691/2523 2682/2682/2516 2692/2692/2524
f 2693/2693/2525 2683/2683/2517 2691/2691/2523
f 2689/2689/2522 2683/2683/2517 2693/2693/2525
f 2694/2694/2526 2678/2678/2512 2689/2689/2522
f 2684/2684/2518 2678/2678/2512 2694/2694/2526
f 2695/2695/2527 2687/2687/2520 2681/2681/2515
f 2688/2688/2521 2685/2685/2519 2696/2696/2528
f 2696/2696/2528 2685/2685/2519 2697/2697/2529
f 2697/2697/2529 2685/2685/2519 2690/2690/53
f 2692/2692/2524 2687/2687/2520 2695/2695/2527
f 2698/2698/330 2684/2684/2518 2694/2694/2526
f 2518/2518/319 2684/2684/2518 2698/2698/330
f 2693/2693/2525 2691/2691/2523 2699/2699/2530
f 2700/2700/2531 2681/2681/2515 2701/2701/2532
f 2700/2700/2531 2695/2695/2527 2681/2681/2515
f 2701/2701/2532 2681/2681/2515 2688/2688/2521
f 2701/2701/2532 2688/2688/2521 2696/2696/2528
f 2690/2690/53 2702/2702/59 2697/2697/2529
f 2692/2692/2524 2695/2695/2527 2703/2703/2533
f 2704/2704/2534 2691/2691/2523 2692/2692/2524
f 2699/2699/2530 2691/2691/2523 2704/2704/2534
f 2705/2705/2535 2694/2694/2526 2689/2689/2522
f 2704/2704/2534 2692/2692/2524 2703/2703/2533
f 2706/2706/2536 2689/2689/2522 2693/2693/2525
f 2705/2705/2535 2689/2689/2522 2706/2706/2536
f 2698/2698/330 2694/2694/2526 2705/2705/2535
f 2706/2706/2536 2693/2693/2525 2699/2699/2530
f 2698/2698/330 2705/2705/2535 2707/2707/337
f 2695/2695/2527 2700/2700/2531 2708/2708/2537
f 2701/2701/2532 2696/2696/2528 2709/2709/2538
f 2709/2709/2538 2696/2696/2528 2710/2710/2539
f 2710/2710/2539 2696/2696/2528 2697/2697/2529
f 2710/2710/2539 2697/2697/2529 2711/2711/2540
f 2712/2712/2541 2695/2695/2527 2708/2708/2537
f 2703/2703/2533 2695/2695/2527 2712/2712/2541
f 2713/2713/2542 2704/2704/2534 2703/2703/2533
f 2714/2714/2543 2700/2700/2531 2701/2701/2532
f 2715/2715/2544 2699/2699/2530 2704/2704/2534
f 2706/2706/2536 2699/2699/2530 2715/2715/2544
f 2716/2716/344 2705/2705/2535 2706/2706/2536
f 2707/2707/337 2705/2705/2535 2716/2716/344
f 2700/2700/2531 2714/2714/2543 2708/2708/2537
f 2712/2712/2541 2713/2713/2542 2703/2703/2533
f 2714/2714/2543 2701/2701/2532 2709/2709/2538
f 2715/2715/2544 2704/2704/2534 2713/2713/2542
f 2717/2717/361 2715/2715/2544 2713/2713/2542
f 2716/2716/344 2706/2706/2536 2715/2715/2544
f 2713/2713/2542 2712/2712/2541 2718/2718/2545
f 2709/2709/2538 2710/2710/2539 2719/2719/2546
f 2716/2716/344 2715/2715/2544 2720/2720/357
f 2721/2721/2547 2712/2712/2541 2708/2708/2537
f 2718/2718/2545 2712/2712/2541 2721/2721/2547
f 2717/2717/361 2713/2713/2542 2718/2718/2545
f 2720/2720/357 2715/2715/2544 2717/2717/361
f 2719/2719/2546 2710/2710/2539 2722/2722/2548
f 2723/2723/2549 2714/2714/2543 2724/2724/2550
f 2723/2723/2549 2708/2708/2537 2714/2714/2543
f 2721/2721/2547 2708/2708/2537 2723/2723/2549
f 2709/2709/2538 2719/2719/2546 2725/2725/2551
f 2724/2724/2550 2709/2709/2538 2725/2725/2551
f 2714/2714/2543 2709/2709/2538 2724/2724/2550
f 2718/2718/2545 2721/2721/2547 2726/2726/2552
f 2727/2727/366 2717/2717/361 2718/2718/2545
f 2721/2721/2547 2723/2723/2549 2726/2726/2552
f 2725/2725/2551 2719/2719/2546 2728/2728/2553
f 2729/2729/2554 2722/2722/2548 2730/2730/2555
f 2731/2731/383 2718/2718/2545 2726/2726/2552
f 2728/2728/2553 2719/2719/2546 2722/2722/2548
f 2727/2727/366 2718/2718/2545 2731/2731/383
f 2732/2732/2556 2724/2724/2550 2725/2725/2551
f 2723/2723/2549 2724/2724/2550 2732/2732/2556
f 2728/2728/2553 2722/2722/2548 2729/2729/2554
f 2733/2733/2557 2729/2729/2554 2730/2730/2555
f 2732/2732/2556 2725/2725/2551 2734/2734/2558
f 2734/2734/2558 2725/2725/2551 2728/2728/2553
f 2728/2728/2553 2729/2729/2554 2735/2735/2559
f 2731/2731/383 2726/2726/2552 2736/2736/2560
f 2737/2737/2561 2728/2728/2553 2735/2735/2559
f 2737/2737/2561 2734/2734/2558 2728/2728/2553
f 2738/2738/2562 2734/2734/2558 2737/2737/2561
f 2739/2739/2563 2723/2723/2549 2732/2732/2556
f 2726/2726/2552 2723/2723/2549 2739/2739/2563
f 2735/2735/2559 2729/2729/2554 2740/2740/2564
f 2740/2740/2564 2729/2729/2554 2733/2733/2557
f 2732/2732/2556 2734/2734/2558 2738/2738/2562
f 2741/2741/2565 2732/2732/2556 2738/2738/2562
f 2739/2739/2563 2732/2732/2556 2741/2741/2565
f 2736/2736/2560 2726/2726/2552 2739/2739/2563
f 2740/2740/2564 2733/2733/2557 2742/2742/2566
f 2743/2743/388 2731/2731/383 2736/2736/2560
f 2744/2744/2567 2739/2739/2563 2741/2741/2565
f 2736/2736/2560 2739/2739/2563 2744/2744/2567
f 2745/2745/2568 2736/2736/2560 2744/2744/2567
f 2743/2743/388 2736/2736/2560 2745/2745/2568
f 2745/2745/2568 2744/2744/2567 2746/2746/400
f 2747/2747/55 2748/2748/2569 2702/2702/59
f 2749/2749/61 2748/2748/2569 2747/2747/55
f 2750/2750/63 2749/2749/61 2751/2751/54
f 2697/2697/2529 2702/2702/59 2711/2711/2540
f 2752/2752/2570 2702/2702/59 2748/2748/2569
f 2752/2752/2570 2711/2711/2540 2702/2702/59
f 2753/2753/2571 2752/2752/2570 2748/2748/2569
f 2753/2753/2571 2748/2748/2569 2749/2749/61
f 2750/2750/63 2753/2753/2571 2749/2749/61
f 2752/2752/2570 2754/2754/2572 2711/2711/2540
f 2755/2755/2573 2752/2752/2570 2753/2753/2571
f 2750/2750/63 2756/2756/2574 2753/2753/2571
f 2757/2757/66 2756/2756/2574 2750/2750/63
f 2757/2757/66 2758/2758/72 2756/2756/2574
f 2710/2710/2539 2711/2711/2540 2722/2722/2548
f 2722/2722/2548 2711/2711/2540 2754/2754/2572
f 2754/2754/2572 2752/2752/2570 2759/2759/2575
f 2756/2756/2574 2755/2755/2573 2753/2753/2571
f 2759/2759/2575 2752/2752/2570 2755/2755/2573
f 2730/2730/2555 2754/2754/2572 2759/2759/2575
f 2760/2760/2576 2755/2755/2573 2756/2756/2574
f 2760/2760/2576 2756/2756/2574 2758/2758/72
f 2722/2722/2548 2754/2754/2572 2730/2730/2555
f 2761/2761/2577 2760/2760/2576 2758/2758/72
f 2759/2759/2575 2755/2755/2573 2762/2762/2578
f 2763/2763/2579 2755/2755/2573 2760/2760/2576
f 2763/2763/2579 2762/2762/2578 2755/2755/2573
f 2764/2764/2580 2730/2730/2555 2759/2759/2575
f 2764/2764/2580 2759/2759/2575 2762/2762/2578
f 2765/2765/2581 2763/2763/2579 2760/2760/2576
f 2765/2765/2581 2760/2760/2576 2761/2761/2577
f 2766/2766/77 2765/2765/2581 2761/2761/2577
f 2767/2767/2582 2765/2765/2581 2766/2766/77
f 2733/2733/2557 2730/2730/2555 2764/2764/2580
f 2764/2764/2580 2768/2768/2583 2733/2733/2557
f 2764/2764/2580 2762/2762/2578 2768/2768/2583
f 2769/2769/2584 2768/2768/2583 2762/2762/2578
f 2763/2763/2579 2769/2769/2584 2762/2762/2578
f 2767/2767/2582 2763/2763/2579 2765/2765/2581
f 2767/2767/2582 2770/2770/2585 2763/2763/2579
f 2742/2742/2566 2733/2733/2557 2771/2771/2586
f 2771/2771/2586 2733/2733/2557 2768/2768/2583
f 2772/2772/2587 2769/2769/2584 2763/2763/2579
f 2770/2770/2585 2772/2772/2587 2763/2763/2579
f 2773/2773/2588 2771/2771/2586 2768/2768/2583
f 2773/2773/2588 2768/2768/2583 2769/2769/2584
f 2770/2770/2585 2767/2767/2582 2774/2774/2589
f 2775/2775/2590 2769/2769/2584 2772/2772/2587
f 2775/2775/2590 2773/2773/2588 2769/2769/2584
f 2776/2776/2591 2772/2772/2587 2770/2770/2585
f 2775/2775/2590 2772/2772/2587 2776/2776/2591
f 2777/2777/2592 2774/2774/2589 2767/2767/2582
f 2778/2778/2593 2776/2776/2591 2770/2770/2585
f 2778/2778/2593 2770/2770/2585 2774/2774/2589
f 2779/2779/124 2774/2774/2589 2777/2777/2592
f 2778/2778/2593 2774/2774/2589 2779/2779/124
f 2778/2778/2593 2779/2779/124 2780/2780/140
f 2781/2781/2594 2782/2782/2595 2783/2783/2596
f 2784/2784/2597 2783/2783/2596 2785/2785/2598
f 2786/2786/2599 2783/2783/2596 2784/2784/2597
f 2786/2786/2599 2781/2781/2594 2783/2783/2596
f 2781/2781/2594 2787/2787/2600 2782/2782/2595
f 2788/2788/2601 2787/2787/2600 2781/2781/2594
f 2788/2788/2601 2781/2781/2594 2786/2786/2599
f 2789/2789/2602 2787/2787/2600 2788/2788/2601
f 2790/2790/2603 2788/2788/2601 2786/2786/2599
f 2791/2791/2604 2789/2789/2602 2788/2788/2601
f 2791/2791/2604 2788/2788/2601 2790/2790/2603
f 2784/2784/2597 2785/2785/2598 2792/2792/2605
f 2793/2793/2606 2784/2784/2597 2792/2792/2605
f 2794/2794/2607 2786/2786/2599 2784/2784/2597
f 2794/2794/2607 2784/2784/2597 2793/2793/2606
f 2795/2795/2608 2786/2786/2599 2794/2794/2607
f 2796/2796/445 2790/2790/2603 2786/2786/2599
f 2789/2789/2602 2797/2797/2609 2787/2787/2600
f 2798/2798/2610 2797/2797/2609 2789/2789/2602
f 2799/2799/2611 2789/2789/2602 2791/2791/2604
f 2798/2798/2610 2789/2789/2602 2799/2799/2611
f 2796/2796/445 2786/2786/2599 2795/2795/2608
f 2800/2800/453 2791/2791/2604 2790/2790/2603
f 2798/2798/2610 2801/2801/2612 2797/2797/2609
f 2802/2802/2613 2790/2790/2603 2796/2796/445
f 2800/2800/453 2790/2790/2603 2802/2802/2613
f 2800/2800/453 2799/2799/2611 2791/2791/2604
f 2803/2803/2614 2799/2799/2611 2800/2800/453
f 2804/2804/2615 2798/2798/2610 2799/2799/2611
f 2803/2803/2614 2804/2804/2615 2799/2799/2611
f 2805/2805/2616 2801/2801/2612 2798/2798/2610
f 2805/2805/2616 2798/2798/2610 2804/2804/2615
f 2806/2806/450 2800/2800/453 2802/2802/2613
f 2807/2807/2617 2803/2803/2614 2800/2800/453
f 2807/2807/2617 2800/2800/453 2808/2808/452
f 2809/2809/2618 2805/2805/2616 2804/2804/2615
f 2809/2809/2618 2804/2804/2615 2803/2803/2614
f 2800/2800/453 2806/2806/450 2810/2810/454
f 2811/2811/2619 2803/2803/2614 2807/2807/2617
f 2812/2812/464 2807/2807/2617 2808/2808/452
f 2811/2811/2619 2807/2807/2617 2812/2812/464
f 2811/2811/2619 2809/2809/2618 2803/2803/2614
f 2813/2813/2620 2811/2811/2619 2812/2812/464
f 2813/2813/2620 2812/2812/464 2814/2814/2621
f 2815/2815/2622 2816/2816/2623 2809/2809/2618
f 2815/2815/2622 2809/2809/2618 2811/2811/2619
f 2815/2815/2622 2811/2811/2619 2813/2813/2620
f 2817/2817/2624 2813/2813/2620 2814/2814/2621
f 2815/2815/2622 2813/2813/2620 2817/2817/2624
f 2818/2818/2625 2816/2816/2623 2815/2815/2622
f 2819/2819/2626 2817/2817/2624 2814/2814/2621
f 2820/2820/2627 2818/2818/2625 2815/2815/2622
f 2820/2820/2627 2815/2815/2622 2817/2817/2624
f 2783/2783/2596 2821/2821/2628 2785/2785/2598
f 2782/2782/2595 2822/2822/2629 2821/2821/2628
f 2782/2782/2595 2821/2821/2628 2783/2783/2596
f 2823/2823/2630 2822/2822/2629 2782/2782/2595
f 2787/2787/2600 2823/2823/2630 2782/2782/2595
f 2787/2787/2600 2824/2824/2631 2823/2823/2630
f 2785/2785/2598 2821/2821/2628 2825/2825/2632
f 2822/2822/2629 2826/2826/2633 2821/2821/2628
f 2823/2823/2630 2827/2827/2634 2822/2822/2629
f 2823/2823/2630 2824/2824/2631 2827/2827/2634
f 2797/2797/2609 2824/2824/2631 2787/2787/2600
f 2825/2825/2632 2821/2821/2628 2826/2826/2633
f 2825/2825/2632 2826/2826/2633 2828/2828/2635
f 2785/2785/2598 2825/2825/2632 2829/2829/2636
f 2792/2792/2605 2785/2785/2598 2829/2829/2636
f 2792/2792/2605 2829/2829/2636 2830/2830/437
f 2822/2822/2629 2831/2831/2637 2826/2826/2633
f 2822/2822/2629 2827/2827/2634 2831/2831/2637
f 2824/2824/2631 2832/2832/2638 2827/2827/2634
f 2797/2797/2609 2832/2832/2638 2824/2824/2631
f 2825/2825/2632 2828/2828/2635 2833/2833/2639
f 2829/2829/2636 2825/2825/2632 2833/2833/2639
f 2827/2827/2634 2834/2834/2640 2831/2831/2637
f 2797/2797/2609 2835/2835/2641 2832/2832/2638
f 2829/2829/2636 2833/2833/2639 2836/2836/2642
f 2831/2831/2637 2837/2837/2643 2828/2828/2635
f 2826/2826/2633 2831/2831/2637 2828/2828/2635
f 2834/2834/2640 2838/2838/2644 2831/2831/2637
f 2832/2832/2638 2839/2839/2645 2834/2834/2640
f 2834/2834/2640 2827/2827/2634 2832/2832/2638
f 2840/2840/2646 2835/2835/2641 2797/2797/2609
f 2829/2829/2636 2836/2836/2642 2830/2830/437
f 2828/2828/2635 2837/2837/2643 2841/2841/2647
f 2838/2838/2644 2837/2837/2643 2831/2831/2637
f 2834/2834/2640 2839/2839/2645 2838/2838/2644
f 2835/2835/2641 2839/2839/2645 2832/2832/2638
f 2830/2830/437 2836/2836/2642 2842/2842/455
f 2828/2828/2635 2843/2843/2648 2844/2844/2649
f 2828/2828/2635 2841/2841/2647 2843/2843/2648
f 2836/2836/2642 2833/2833/2639 2845/2845/2650
f 2844/2844/2649 2833/2833/2639 2828/2828/2635
f 2846/2846/2651 2837/2837/2643 2838/2838/2644
f 2839/2839/2645 2847/2847/2652 2838/2838/2644
f 2848/2848/2653 2839/2839/2645 2835/2835/2641
f 2849/2849/2654 2836/2836/2642 2845/2845/2650
f 2845/2845/2650 2844/2844/2649 2850/2850/2655
f 2845/2845/2650 2833/2833/2639 2844/2844/2649
f 2846/2846/2651 2841/2841/2647 2837/2837/2643
f 2847/2847/2652 2851/2851/2656 2838/2838/2644
f 2835/2835/2641 2852/2852/2657 2848/2848/2653
f 2852/2852/2657 2835/2835/2641 2840/2840/2646
f 2844/2844/2649 2843/2843/2648 2853/2853/2658
f 2842/2842/455 2836/2836/2642 2854/2854/466
f 2843/2843/2648 2841/2841/2647 2855/2855/2659
f 2855/2855/2659 2841/2841/2647 2846/2846/2651
f 2851/2851/2656 2855/2855/2659 2846/2846/2651
f 2851/2851/2656 2846/2846/2651 2838/2838/2644
f 2849/2849/2654 2845/2845/2650 2850/2850/2655
f 2854/2854/466 2836/2836/2642 2849/2849/2654
f 2856/2856/2660 2853/2853/2658 2843/2843/2648
f 2857/2857/2661 2856/2856/2660 2843/2843/2648
f 2857/2857/2661 2843/2843/2648 2855/2855/2659
f 2858/2858/2662 2847/2847/2652 2839/2839/2645
f 2858/2858/2662 2839/2839/2645 2848/2848/2653
f 2854/2854/466 2849/2849/2654 2859/2859/476
f 2860/2860/2663 2851/2851/2656 2847/2847/2652
f 2861/2861/2664 2848/2848/2653 2852/2852/2657
f 2862/2862/2665 2849/2849/2654 2850/2850/2655
f 2859/2859/476 2849/2849/2654 2862/2862/2665
f 2863/2863/2666 2853/2853/2658 2856/2856/2660
f 2850/2850/2655 2844/2844/2649 2853/2853/2658
f 2850/2850/2655 2853/2853/2658 2863/2863/2666
f 2864/2864/2667 2857/2857/2661 2865/2865/2668
f 2864/2864/2667 2856/2856/2660 2857/2857/2661
f 2865/2865/2668 2857/2857/2661 2855/2855/2659
f 2866/2866/2669 2858/2858/2662 2848/2848/2653
f 2866/2866/2669 2848/2848/2653 2861/2861/2664
f 2867/2867/2670 2860/2860/2663 2847/2847/2652
f 2867/2867/2670 2847/2847/2652 2858/2858/2662
f 2868/2868/2671 2862/2862/2665 2850/2850/2655
f 2865/2865/2668 2855/2855/2659 2869/2869/2672
f 2869/2869/2672 2855/2855/2659 2851/2851/2656
f 2866/2866/2669 2867/2867/2670 2858/2858/2662
f 2870/2870/2673 2871/2871/2674 2872/2872/646
f 2873/2873/644 2870/2870/2673 2872/2872/646
f 2873/2873/644 2874/2874/643 2870/2870/2673
f 2875/2875/2675 2876/2876/2676 2874/2874/643
f 2875/2875/2675 2874/2874/643 2877/2877/642
f 2878/2878/2677 2875/2875/2675 2877/2877/642
f 2868/2868/2671 2878/2878/2677 2877/2877/642
f 2878/2878/2677 2879/2879/2678 2875/2875/2675
f 2880/2880/486 2862/2862/2665 2868/2868/2671
f 2859/2859/476 2862/2862/2665 2880/2880/486
f 2881/2881/2679 2863/2863/2666 2856/2856/2660
f 2881/2881/2679 2879/2879/2678 2878/2878/2677
f 2881/2881/2679 2850/2850/2655 2863/2863/2666
f 2881/2881/2679 2878/2878/2677 2868/2868/2671
f 2881/2881/2679 2868/2868/2671 2850/2850/2655
f 2879/2879/2678 2881/2881/2679 2856/2856/2660
f 2882/2882/2680 2869/2869/2672 2851/2851/2656
f 2882/2882/2680 2851/2851/2656 2860/2860/2663
f 2872/2872/646 2871/2871/2674 2883/2883/653
f 2870/2870/2673 2884/2884/2681 2871/2871/2674
f 2876/2876/2676 2885/2885/2682 2886/2886/2683
f 2876/2876/2676 2886/2886/2683 2884/2884/2681
f 2874/2874/643 2884/2884/2681 2870/2870/2673
f 2874/2874/643 2876/2876/2676 2884/2884/2681
f 2887/2887/2684 2885/2885/2682 2876/2876/2676
f 2875/2875/2675 2887/2887/2684 2876/2876/2676
f 2888/2888/2685 2887/2887/2684 2875/2875/2675
f 2889/2889/2686 2888/2888/2685 2875/2875/2675
f 2879/2879/2678 2889/2889/2686 2875/2875/2675
f 2879/2879/2678 2856/2856/2660 2864/2864/2667
f 2890/2890/2687 2889/2889/2686 2879/2879/2678
f 2890/2890/2687 2879/2879/2678 2864/2864/2667
f 2890/2890/2687 2864/2864/2667 2865/2865/2668
f 2869/2869/2672 2891/2891/2688 2865/2865/2668
f 2883/2883/653 2892/2892/2689 2893/2893/658
f 2871/2871/2674 2892/2892/2689 2883/2883/653
f 2884/2884/2681 2894/2894/2690 2892/2892/2689
f 2871/2871/2674 2884/2884/2681 2892/2892/2689
f 2886/2886/2683 2895/2895/2691 2894/2894/2690
f 2884/2884/2681 2886/2886/2683 2894/2894/2690
f 2886/2886/2683 2885/2885/2682 2895/2895/2691
f 2887/2887/2684 2896/2896/2692 2885/2885/2682
f 2888/2888/2685 2896/2896/2692 2887/2887/2684
f 2897/2897/2693 2898/2898/2694 2888/2888/2685
f 2897/2897/2693 2888/2888/2685 2889/2889/2686
f 2897/2897/2693 2865/2865/2668 2891/2891/2688
f 2890/2890/2687 2897/2897/2693 2889/2889/2686
f 2890/2890/2687 2865/2865/2668 2897/2897/2693
f 2899/2899/2695 2867/2867/2670 2866/2866/2669
f 2892/2892/2689 2900/2900/2696 2893/2893/658
f 2896/2896/2692 2901/2901/2697 2885/2885/2682
f 2888/2888/2685 2902/2902/2698 2896/2896/2692
f 2898/2898/2694 2902/2902/2698 2888/2888/2685
f 2891/2891/2688 2898/2898/2694 2897/2897/2693
f 2882/2882/2680 2891/2891/2688 2869/2869/2672
f 2903/2903/2699 2882/2882/2680 2860/2860/2663
f 2903/2903/2699 2860/2860/2663 2867/2867/2670
f 2893/2893/658 2900/2900/2696 2904/2904/668
f 2892/2892/2689 2894/2894/2690 2900/2900/2696
f 2895/2895/2691 2905/2905/2700 2894/2894/2690
f 2895/2895/2691 2906/2906/2701 2905/2905/2700
f 2885/2885/2682 2906/2906/2701 2895/2895/2691
f 2901/2901/2697 2906/2906/2701 2885/2885/2682
f 2896/2896/2692 2907/2907/2702 2901/2901/2697
f 2902/2902/2698 2907/2907/2702 2896/2896/2692
f 2898/2898/2694 2908/2908/2703 2902/2902/2698
f 2909/2909/2704 2908/2908/2703 2898/2898/2694
f 2910/2910/2705 2909/2909/2704 2898/2898/2694
f 2891/2891/2688 2910/2910/2705 2898/2898/2694
f 2910/2910/2705 2891/2891/2688 2882/2882/2680
f 2911/2911/2706 2903/2903/2699 2867/2867/2670
f 2911/2911/2706 2867/2867/2670 2899/2899/2695
f 2904/2904/668 2900/2900/2696 2912/2912/2707
f 2894/2894/2690 2913/2913/2708 2914/2914/2709
f 2894/2894/2690 2914/2914/2709 2912/2912/2707
f 2900/2900/2696 2894/2894/2690 2912/2912/2707
f 2894/2894/2690 2905/2905/2700 2913/2913/2708
f 2915/2915/2710 2910/2910/2705 2882/2882/2680
f 2903/2903/2699 2915/2915/2710 2882/2882/2680
f 2904/2904/668 2912/2912/2707 2916/2916/2711
f 2904/2904/668 2916/2916/2711 2917/2917/683
f 2906/2906/2701 2918/2918/2712 2905/2905/2700
f 2901/2901/2697 2919/2919/2713 2906/2906/2701
f 2907/2907/2702 2919/2919/2713 2901/2901/2697
f 2907/2907/2702 2920/2920/2714 2919/2919/2713
f 2902/2902/2698 2921/2921/2715 2920/2920/2714
f 2902/2902/2698 2920/2920/2714 2907/2907/2702
f 2909/2909/2704 2910/2910/2705 2915/2915/2710
f 2913/2913/2708 2905/2905/2700 2922/2922/2716
f 2919/2919/2713 2918/2918/2712 2906/2906/2701
f 2908/2908/2703 2921/2921/2715 2902/2902/2698
f 2909/2909/2704 2923/2923/2717 2908/2908/2703
f 2924/2924/2718 2923/2923/2717 2909/2909/2704
f 2924/2924/2718 2909/2909/2704 2915/2915/2710
f 2924/2924/2718 2915/2915/2710 2903/2903/2699
f 2914/2914/2709 2913/2913/2708 2925/2925/2719
f 2913/2913/2708 2922/2922/2716 2925/2925/2719
f 2905/2905/2700 2926/2926/2720 2922/2922/2716
f 2918/2918/2712 2926/2926/2720 2905/2905/2700
f 2919/2919/2713 2927/2927/2721 2918/2918/2712
f 2921/2921/2715 2928/2928/2722 2920/2920/2714
f 2929/2929/2723 2928/2928/2722 2921/2921/2715
f 2908/2908/2703 2929/2929/2723 2921/2921/2715
f 2923/2923/2717 2929/2929/2723 2908/2908/2703
f 2911/2911/2706 2924/2924/2718 2903/2903/2699
f 2912/2912/2707 2930/2930/2724 2916/2916/2711
f 2917/2917/683 2916/2916/2711 2931/2931/2725
f 2917/2917/683 2931/2931/2725 2932/2932/688
f 2912/2912/2707 2914/2914/2709 2930/2930/2724
f 2914/2914/2709 2925/2925/2719 2933/2933/2726
f 2918/2918/2712 2927/2927/2721 2934/2934/2727
f 2919/2919/2713 2935/2935/2728 2927/2927/2721
f 2920/2920/2714 2935/2935/2728 2919/2919/2713
f 2936/2936/2729 2937/2937/2730 2924/2924/2718
f 2936/2936/2729 2924/2924/2718 2911/2911/2706
f 2932/2932/688 2931/2931/2725 2938/2938/2731
f 2914/2914/2709 2933/2933/2726 2930/2930/2724
f 2922/2922/2716 2939/2939/2732 2925/2925/2719
f 2926/2926/2720 2939/2939/2732 2922/2922/2716
f 2918/2918/2712 2940/2940/2733 2926/2926/2720
f 2918/2918/2712 2934/2934/2727 2940/2940/2733
f 2920/2920/2714 2941/2941/2734 2935/2935/2728
f 2928/2928/2722 2941/2941/2734 2920/2920/2714
f 2942/2942/2735 2928/2928/2722 2929/2929/2723
f 2943/2943/2736 2929/2929/2723 2923/2923/2717
f 2944/2944/2737 2937/2937/2730 2936/2936/2729
f 2931/2931/2725 2916/2916/2711 2930/2930/2724
f 2938/2938/2731 2931/2931/2725 2945/2945/717
f 2926/2926/2720 2940/2940/2733 2939/2939/2732
f 2931/2931/2725 2930/2930/2724 2946/2946/2738
f 2933/2933/2726 2925/2925/2719 2947/2947/2739
f 2927/2927/2721 2948/2948/2740 2934/2934/2727
f 2935/2935/2728 2941/2941/2734 2949/2949/2741
f 2942/2942/2735 2950/2950/2742 2928/2928/2722
f 2930/2930/2724 2951/2951/2743 2946/2946/2738
f 2931/2931/2725 2946/2946/2738 2952/2952/2744
f 2931/2931/2725 2952/2952/2744 2945/2945/717
f 2930/2930/2724 2933/2933/2726 2951/2951/2743
f 2925/2925/2719 2953/2953/2745 2947/2947/2739
f 2925/2925/2719 2939/2939/2732 2953/2953/2745
f 2940/2940/2733 2954/2954/2746 2939/2939/2732
f 2927/2927/2721 2955/2955/2747 2948/2948/2740
f 2935/2935/2728 2955/2955/2747 2927/2927/2721
f 2935/2935/2728 2949/2949/2741 2955/2955/2747
f 2928/2928/2722 2950/2950/2742 2941/2941/2734
f 2956/2956/2748 2950/2950/2742 2942/2942/2735
f 2957/2957/2749 2945/2945/717 2952/2952/2744
f 2958/2958/718 2945/2945/717 2957/2957/2749
f 2951/2951/2743 2933/2933/2726 2959/2959/2750
f 2933/2933/2726 2947/2947/2739 2959/2959/2750
f 2939/2939/2732 2954/2954/2746 2953/2953/2745
f 2934/2934/2727 2960/2960/2751 2940/2940/2733
f 2934/2934/2727 2948/2948/2740 2960/2960/2751
f 2956/2956/2748 2961/2961/2752 2950/2950/2742
f 2952/2952/2744 2946/2946/2738 2962/2962/2476
f 2952/2952/2744 2963/2963/2475 2964/2964/2753
f 2957/2957/2749 2952/2952/2744 2965/2965/2478
f 2952/2952/2744 2964/2964/2753 2965/2965/2478
f 2940/2940/2733 2960/2960/2751 2954/2954/2746
f 2962/2962/2476 2951/2951/2743 2966/2966/2474
f 2962/2962/2476 2946/2946/2738 2951/2951/2743
f 2963/2963/2475 2952/2952/2744 2962/2962/2476
f 2967/2967/2754 2957/2957/2749 2965/2965/2478
f 2958/2958/718 2957/2957/2749 2967/2967/2754
f 2959/2959/2750 2947/2947/2739 2968/2968/2755
f 2953/2953/2745 2968/2968/2755 2947/2947/2739
f 2955/2955/2747 2969/2969/2756 2948/2948/2740
f 2970/2970/2757 2955/2955/2747 2949/2949/2741
f 2971/2971/2758 2970/2970/2757 2949/2949/2741
f 2972/2972/2759 2971/2971/2758 2949/2949/2741
f 2972/2972/2759 2949/2949/2741 2941/2941/2734
f 2950/2950/2742 2973/2973/2760 2972/2972/2759
f 2972/2972/2759 2941/2941/2734 2950/2950/2742
f 2961/2961/2752 2973/2973/2760 2950/2950/2742
f 2974/2974/2761 2951/2951/2743 2975/2975/2762
f 2966/2966/2474 2951/2951/2743 2974/2974/2761
f 2975/2975/2762 2951/2951/2743 2959/2959/2750
f 2960/2960/2751 2976/2976/2763 2954/2954/2746
f 2969/2969/2756 2960/2960/2751 2948/2948/2740
f 2970/2970/2757 2969/2969/2756 2955/2955/2747
f 2975/2975/2762 2959/2959/2750 2977/2977/2764
f 2977/2977/2764 2959/2959/2750 2968/2968/2755
f 2953/2953/2745 2978/2978/2765 2968/2968/2755
f 2953/2953/2745 2954/2954/2746 2978/2978/2765
f 2969/2969/2756 2976/2976/2763 2960/2960/2751
f 2979/2979/2766 2973/2973/2760 2961/2961/2752
f 2980/2980/2767 2981/2981/2768 2982/2982/2487
f 2980/2980/2767 2975/2975/2762 2981/2981/2768
f 2980/2980/2767 2983/2983/2486 2984/2984/2485
f 2980/2980/2767 2974/2974/2761 2975/2975/2762
f 2980/2980/2767 2984/2984/2485 2974/2974/2761
f 2954/2954/2746 2985/2985/2769 2978/2978/2765
f 2954/2954/2746 2976/2976/2763 2985/2985/2769
f 2986/2986/2770 2976/2976/2763 2969/2969/2756
f 2987/2987/2771 2971/2971/2758 2972/2972/2759
f 2987/2987/2771 2972/2972/2759 2973/2973/2760
f 2981/2981/2768 2975/2975/2762 2977/2977/2764
f 2988/2988/2772 2986/2986/2770 2969/2969/2756
f 2970/2970/2757 2988/2988/2772 2969/2969/2756
f 2989/2989/2773 2970/2970/2757 2971/2971/2758
f 2989/2989/2773 2971/2971/2758 2987/2987/2771
f 2979/2979/2766 2987/2987/2771 2973/2973/2760
f 2981/2981/2768 2977/2977/2764 2990/2990/2774
f 2978/2978/2765 2991/2991/2775 2968/2968/2755
f 2989/2989/2773 2992/2992/2776 2970/2970/2757
f 2993/2993/2777 2982/2982/2487 2981/2981/2768
f 2994/2994/2489 2982/2982/2487 2993/2993/2777
f 2990/2990/2774 2977/2977/2764 2968/2968/2755
f 2990/2990/2774 2968/2968/2755 2995/2995/2778
f 2996/2996/2779 2985/2985/2769 2976/2976/2763
f 2986/2986/2770 2996/2996/2779 2976/2976/2763
f 2988/2988/2772 2997/2997/2780 2986/2986/2770
f 2992/2992/2776 2988/2988/2772 2970/2970/2757
f 2998/2998/2781 2981/2981/2768 2990/2990/2774
f 2993/2993/2777 2981/2981/2768 2998/2998/2781
f 2995/2995/2778 2968/2968/2755 2991/2991/2775
f 2991/2991/2775 2978/2978/2765 2999/2999/2782
f 2997/2997/2780 2996/2996/2779 2986/2986/2770
f 3000/3000/2783 2987/2987/2771 2979/2979/2766
f 2998/2998/2781 3001/3001/194 2993/2993/2777
f 3002/3002/2784 2999/2999/2782 2978/2978/2765
f 3002/3002/2784 2978/2978/2765 2985/2985/2769
f 3003/3003/2785 2988/2988/2772 2992/2992/2776
f 3003/3003/2785 2992/2992/2776 2989/2989/2773
f 3004/3004/2786 3003/3003/2785 2989/2989/2773
f 3004/3004/2786 2989/2989/2773 2987/2987/2771
f 3000/3000/2783 3004/3004/2786 2987/2987/2771
f 2995/2995/2778 2991/2991/2775 2999/2999/2782
f 3005/3005/2787 2997/2997/2780 2988/2988/2772
f 3006/3006/2788 2998/2998/2781 2990/2990/2774
f 3001/3001/194 2998/2998/2781 3006/3006/2788
f 3007/3007/2789 2995/2995/2778 2999/2999/2782
f 2996/2996/2779 3002/3002/2784 2985/2985/2769
f 3003/3003/2785 3005/3005/2787 2988/2988/2772
f 2990/2990/2774 2995/2995/2778 3008/3008/2790
f 3009/3009/2791 3002/3002/2784 2996/2996/2779
f 3010/3010/2792 2996/2996/2779 2997/2997/2780
f 3006/3006/2788 2990/2990/2774 3008/3008/2790
f 3006/3006/2788 3011/3011/208 3001/3001/194
f 3010/3010/2792 3009/3009/2791 2996/2996/2779
f 3012/3012/2793 3003/3003/2785 3004/3004/2786
f 3013/3013/1588 3014/3014/1587 3004/3004/2786
f 3013/3013/1588 3004/3004/2786 3000/3000/2783
f 3006/3006/2788 3008/3008/2790 3011/3011/208
f 3008/3008/2790 2995/2995/2778 3007/3007/2789
f 3015/3015/2794 2999/2999/2782 3002/3002/2784
f 3002/3002/2784 3009/3009/2791 3015/3015/2794
f 3005/3005/2787 3010/3010/2792 2997/2997/2780
f 3012/3012/2793 3005/3005/2787 3003/3003/2785
f 3007/3007/2789 2999/2999/2782 3015/3015/2794
f 3005/3005/2787 3016/3016/2795 3010/3010/2792
f 3014/3014/1587 3012/3012/2793 3004/3004/2786
f 3017/3017/218 3008/3008/2790 3007/3007/2789
f 3017/3017/218 3011/3011/208 3008/3008/2790
f 3018/3018/2796 3009/3009/2791 3010/3010/2792
f 3019/3019/2797 3005/3005/2787 3012/3012/2793
f 3017/3017/218 3007/3007/2789 3020/3020/2798
f 3009/3009/2791 3021/3021/2799 3015/3015/2794
f 3019/3019/2797 3022/3022/2800 3005/3005/2787
f 3014/3014/1587 3019/3019/2797 3012/3012/2793
f 3020/3020/2798 3007/3007/2789 3015/3015/2794
f 3018/3018/2796 3021/3021/2799 3009/3009/2791
f 3022/3022/2800 3016/3016/2795 3005/3005/2787
f 3023/3023/229 3017/3017/218 3020/3020/2798
f 3024/3024/2801 3020/3020/2798 3015/3015/2794
f 3015/3015/2794 3021/3021/2799 3024/3024/2801
f 3018/3018/2796 3010/3010/2792 3016/3016/2795
f 3025/3025/2802 3018/3018/2796 3016/3016/2795
f 3026/3026/1590 3019/3019/2797 3014/3014/1587
f 3023/3023/229 3020/3020/2798 3027/3027/2803
f 3027/3027/2803 3020/3020/2798 3024/3024/2801
f 3028/3028/2804 3021/3021/2799 3018/3018/2796
f 3029/3029/2805 3025/3025/2802 3016/3016/2795
f 3029/3029/2805 3016/3016/2795 3022/3022/2800
f 3030/3030/2806 3023/3023/229 3027/3027/2803
f 3031/3031/2807 3024/3024/2801 3021/3021/2799
f 3032/3032/1595 3022/3022/2800 3019/3019/2797
f 3032/3032/1595 3019/3019/2797 3026/3026/1590
f 3033/3033/2808 3031/3031/2807 3021/3021/2799
f 3028/3028/2804 3033/3033/2808 3021/3021/2799
f 3032/3032/1595 3029/3029/2805 3022/3022/2800
f 3034/3034/2809 3027/3027/2803 3024/3024/2801
f 3034/3034/2809 3024/3024/2801 3031/3031/2807
f 3025/3025/2802 3028/3028/2804 3018/3018/2796
f 3032/3032/1595 3035/3035/1597 3029/3029/2805
f 3036/3036/1608 3028/3028/2804 3025/3025/2802
f 3029/3029/2805 3037/3037/1605 3025/3025/2802
f 3030/3030/2806 3027/3027/2803 3034/3034/2809
f 3033/3033/2808 3034/3034/2809 3031/3031/2807
f 3038/3038/2810 3033/3033/2808 3028/3028/2804
f 3039/3039/2811 3037/3037/1605 3029/3029/2805
f 3035/3035/1597 3039/3039/2811 3029/3029/2805
f 3040/3040/2812 3030/3030/2806 3034/3034/2809
f 3041/3041/2813 3034/3034/2809 3033/3033/2808
f 3036/3036/1608 3038/3038/2810 3028/3028/2804
f 3037/3037/1605 3036/3036/1608 3025/3025/2802
f 3041/3041/2813 3042/3042/2814 3034/3034/2809
f 3038/3038/2810 3041/3041/2813 3033/3033/2808
f 3043/3043/2815 3038/3038/2810 3036/3036/1608
f 3044/3044/285 3040/3040/2812 3042/3042/2814
f 3040/3040/2812 3034/3034/2809 3042/3042/2814
f 3045/3045/2816 3042/3042/2814 3041/3041/2813
f 3046/3046/2817 3041/3041/2813 3038/3038/2810
f 3043/3043/2815 3046/3046/2817 3038/3038/2810
f 3046/3046/2817 3045/3045/2816 3041/3041/2813
f 3044/3044/285 3042/3042/2814 3047/3047/2818
f 3045/3045/2816 3047/3047/2818 3042/3042/2814
f 3048/3048/1623 3046/3046/2817 3043/3043/2815
f 3049/3049/1619 3043/3043/2815 3036/3036/1608
f 3050/3050/1604 3049/3049/1619 3036/3036/1608
f 3051/3051/292 3044/3044/285 3047/3047/2818
f 3046/3046/2817 3047/3047/2818 3045/3045/2816
f 3048/3048/1623 3043/3043/2815 3049/3049/1619
f 3052/3052/1628 3047/3047/2818 3046/3046/2817
f 3048/3048/1623 3052/3052/1628 3046/3046/2817
f 3053/3053/2819 3051/3051/292 3047/3047/2818
f 3053/3053/2819 3047/3047/2818 3054/3054/1635
f 3047/3047/2818 3052/3052/1628 3054/3054/1635
f 3055/3055/1780 3053/3053/2819 3054/3054/1635
f 2801/2801/2612 2840/2840/2646 2797/2797/2609
f 3056/3056/2820 2840/2840/2646 2801/2801/2612
f 3057/3057/2821 3056/3056/2820 2801/2801/2612
f 3057/3057/2821 2801/2801/2612 2805/2805/2616
f 2809/2809/2618 3058/3058/2822 2805/2805/2616
f 3058/3058/2822 3057/3057/2821 2805/2805/2616
f 3059/3059/2823 2852/2852/2657 2840/2840/2646
f 3059/3059/2823 2840/2840/2646 3056/3056/2820
f 3060/3060/2824 3056/3056/2820 3057/3057/2821
f 2809/2809/2618 2816/2816/2623 3058/3058/2822
f 2861/2861/2664 2852/2852/2657 3059/3059/2823
f 3060/3060/2824 3059/3059/2823 3056/3056/2820
f 3061/3061/2825 3060/3060/2824 3057/3057/2821
f 3061/3061/2825 3057/3057/2821 3058/3058/2822
f 3062/3062/2826 3061/3061/2825 3058/3058/2822
f 3063/3063/2827 3059/3059/2823 3060/3060/2824
f 2816/2816/2623 3062/3062/2826 3058/3058/2822
f 3064/3064/2828 2861/2861/2664 3059/3059/2823
f 3064/3064/2828 3059/3059/2823 3063/3063/2827
f 3061/3061/2825 3063/3063/2827 3060/3060/2824
f 3065/3065/2829 3062/3062/2826 2816/2816/2623
f 3066/3066/2830 3061/3061/2825 3062/3062/2826
f 2818/2818/2625 3065/3065/2829 2816/2816/2623
f 3067/3067/2831 2866/2866/2669 2861/2861/2664
f 3067/3067/2831 2861/2861/2664 3064/3064/2828
f 3061/3061/2825 3068/3068/2832 3063/3063/2827
f 3066/3066/2830 3062/3062/2826 3065/3065/2829
f 2818/2818/2625 3069/3069/2833 3065/3065/2829
f 3070/3070/2834 3067/3067/2831 3064/3064/2828
f 3071/3071/2835 3070/3070/2834 3064/3064/2828
f 3068/3068/2832 3071/3071/2835 3063/3063/2827
f 3071/3071/2835 3064/3064/2828 3063/3063/2827
f 3066/3066/2830 3068/3068/2832 3061/3061/2825
f 3072/3072/2836 2866/2866/2669 3067/3067/2831
f 3073/3073/2837 3066/3066/2830 3065/3065/2829
f 2899/2899/2695 2866/2866/2669 3072/3072/2836
f 3073/3073/2837 3065/3065/2829 3069/3069/2833
f 3070/3070/2834 3072/3072/2836 3067/3067/2831
f 3074/3074/2838 3068/3068/2832 3066/3066/2830
f 3075/3075/2839 3069/3069/2833 2818/2818/2625
f 3076/3076/2840 3070/3070/2834 3071/3071/2835
f 3076/3076/2840 3071/3071/2835 3068/3068/2832
f 3073/3073/2837 3077/3077/2841 3066/3066/2830
f 3075/3075/2839 3073/3073/2837 3069/3069/2833
f 3078/3078/2842 2911/2911/2706 2899/2899/2695
f 3078/3078/2842 2899/2899/2695 3072/3072/2836
f 3079/3079/2843 3072/3072/2836 3070/3070/2834
f 3077/3077/2841 3074/3074/2838 3066/3066/2830
f 3075/3075/2839 3080/3080/2844 3073/3073/2837
f 3081/3081/2845 3079/3079/2843 3070/3070/2834
f 3076/3076/2840 3081/3081/2845 3070/3070/2834
f 3074/3074/2838 3076/3076/2840 3068/3068/2832
f 3082/3082/2846 3077/3077/2841 3073/3073/2837
f 2937/2937/2730 2923/2923/2717 2924/2924/2718
f 3079/3079/2843 3078/3078/2842 3072/3072/2836
f 3083/3083/2847 3076/3076/2840 3074/3074/2838
f 3084/3084/2848 3074/3074/2838 3077/3077/2841
f 3082/3082/2846 3084/3084/2848 3077/3077/2841
f 3080/3080/2844 3082/3082/2846 3073/3073/2837
f 3085/3085/2849 3080/3080/2844 3075/3075/2839
f 2944/2944/2737 2943/2943/2736 2923/2923/2717
f 2937/2937/2730 2944/2944/2737 2923/2923/2717
f 3084/3084/2848 3083/3083/2847 3074/3074/2838
f 3086/3086/2850 2942/2942/2735 2929/2929/2723
f 3087/3087/2851 2936/2936/2729 2911/2911/2706
f 3087/3087/2851 2911/2911/2706 3078/3078/2842
f 3083/3083/2847 3081/3081/2845 3076/3076/2840
f 3086/3086/2850 2956/2956/2748 2942/2942/2735
f 3086/3086/2850 2929/2929/2723 2943/2943/2736
f 3088/3088/2852 3086/3086/2850 2943/2943/2736
f 2944/2944/2737 3088/3088/2852 2943/2943/2736
f 3089/3089/2853 2944/2944/2737 2936/2936/2729
f 3089/3089/2853 2936/2936/2729 3087/3087/2851
f 3090/3090/2854 3078/3078/2842 3079/3079/2843
f 3090/3090/2854 3079/3079/2843 3081/3081/2845
f 3082/3082/2846 3091/3091/2855 3084/3084/2848
f 3092/3092/2856 3088/3088/2852 2944/2944/2737
f 3092/3092/2856 2944/2944/2737 3089/3089/2853
f 3093/3093/2857 3089/3089/2853 3087/3087/2851
f 3093/3093/2857 3087/3087/2851 3078/3078/2842
f 3091/3091/2855 3083/3083/2847 3084/3084/2848
f 3085/3085/2849 3082/3082/2846 3080/3080/2844
f 3090/3090/2854 3093/3093/2857 3078/3078/2842
f 3094/3094/2858 3090/3090/2854 3081/3081/2845
f 3091/3091/2855 3095/3095/2859 3083/3083/2847
f 3096/3096/2860 3091/3091/2855 3082/3082/2846
f 3089/3089/2853 3097/3097/2861 3092/3092/2856
f 3098/3098/2862 3094/3094/2858 3081/3081/2845
f 3083/3083/2847 3098/3098/2862 3081/3081/2845
f 3095/3095/2859 3098/3098/2862 3083/3083/2847
f 3092/3092/2856 3099/3099/2863 3088/3088/2852
f 3100/3100/2864 3097/3097/2861 3089/3089/2853
f 3100/3100/2864 3089/3089/2853 3093/3093/2857
f 3101/3101/2865 3100/3100/2864 3093/3093/2857
f 3101/3101/2865 3093/3093/2857 3090/3090/2854
f 3094/3094/2858 3101/3101/2865 3090/3090/2854
f 3102/3102/2866 3096/3096/2860 3082/3082/2846
f 3102/3102/2866 3082/3082/2846 3085/3085/2849
f 3103/3103/2867 2961/2961/2752 2956/2956/2748
f 3104/3104/2868 3095/3095/2859 3091/3091/2855
f 3104/3104/2868 3091/3091/2855 3096/3096/2860
f 3105/3105/2869 2956/2956/2748 3086/3086/2850
f 3105/3105/2869 3086/3086/2850 3088/3088/2852
f 3099/3099/2863 3105/3105/2869 3088/3088/2852
f 3097/3097/2861 3099/3099/2863 3092/3092/2856
f 3106/3106/2870 3100/3100/2864 3101/3101/2865
f 3107/3107/2871 3106/3106/2870 3101/3101/2865
f 3107/3107/2871 3101/3101/2865 3094/3094/2858
f 3098/3098/2862 3107/3107/2871 3094/3094/2858
f 3095/3095/2859 3108/3108/2872 3098/3098/2862
f 3104/3104/2868 3109/3109/2873 3095/3095/2859
f 3110/3110/2874 3104/3104/2868 3096/3096/2860
f 3110/3110/2874 3096/3096/2860 3102/3102/2866
f 3103/3103/2867 2956/2956/2748 3105/3105/2869
f 3111/3111/2875 3099/3099/2863 3097/3097/2861
f 3108/3108/2872 3107/3107/2871 3098/3098/2862
f 3112/3112/2876 3110/3110/2874 3102/3102/2866
f 3113/3113/2877 2961/2961/2752 3103/3103/2867
f 3114/3114/2878 3111/3111/2875 3097/3097/2861
f 3114/3114/2878 3097/3097/2861 3100/3100/2864
f 3106/3106/2870 3114/3114/2878 3100/3100/2864
f 3115/3115/2879 3106/3106/2870 3107/3107/2871
f 3108/3108/2872 3095/3095/2859 3109/3109/2873
f 3109/3109/2873 3104/3104/2868 3110/3110/2874
f 2979/2979/2766 2961/2961/2752 3113/3113/2877
f 3116/3116/2880 3103/3103/2867 3105/3105/2869
f 3117/3117/2881 3099/3099/2863 3111/3111/2875
f 3118/3118/2882 3107/3107/2871 3108/3108/2872
f 3109/3109/2873 3119/3119/2883 3108/3108/2872
f 3120/3120/2884 3121/3121/2885 3110/3110/2874
f 3120/3120/2884 3110/3110/2874 3112/3112/2876
f 3116/3116/2880 3113/3113/2877 3103/3103/2867
f 3117/3117/2881 3105/3105/2869 3099/3099/2863
f 3122/3122/2886 3111/3111/2875 3114/3114/2878
f 3123/3123/2887 3114/3114/2878 3106/3106/2870
f 3123/3123/2887 3106/3106/2870 3115/3115/2879
f 3118/3118/2882 3115/3115/2879 3107/3107/2871
f 3118/3118/2882 3108/3108/2872 3119/3119/2883
f 3110/3110/2874 3121/3121/2885 3109/3109/2873
f 3113/3113/2877 3000/3000/2783 2979/2979/2766
f 3117/3117/2881 3124/3124/2888 3105/3105/2869
f 3125/3125/2889 3123/3123/2887 3115/3115/2879
f 3125/3125/2889 3115/3115/2879 3118/3118/2882
f 3126/3126/2890 3118/3118/2882 3119/3119/2883
f 3127/3127/2891 3119/3119/2883 3109/3109/2873
f 3121/3121/2885 3127/3127/2891 3109/3109/2873
f 3124/3124/2888 3116/3116/2880 3105/3105/2869
f 3128/3128/2892 3124/3124/2888 3117/3117/2881
f 3123/3123/2887 3122/3122/2886 3114/3114/2878
f 3126/3126/2890 3125/3125/2889 3118/3118/2882
f 3127/3127/2891 3126/3126/2890 3119/3119/2883
f 3120/3120/2884 3129/3129/2893 3121/3121/2885
f 3129/3129/2893 3127/3127/2891 3121/3121/2885
f 3130/3130/2894 3000/3000/2783 3113/3113/2877
f 3131/3131/2895 3128/3128/2892 3117/3117/2881
f 3131/3131/2895 3117/3117/2881 3111/3111/2875
f 3132/3132/2896 3126/3126/2890 3127/3127/2891
f 3132/3132/2896 3127/3127/2891 3129/3129/2893
f 3013/3013/1588 3000/3000/2783 3130/3130/2894
f 3133/3133/2897 3113/3113/2877 3116/3116/2880
f 3122/3122/2886 3131/3131/2895 3111/3111/2875
f 3134/3134/2898 3125/3125/2889 3126/3126/2890
f 3135/3135/2899 3013/3013/1588 3130/3130/2894
f 3136/3136/2900 3130/3130/2894 3113/3113/2877
f 3136/3136/2900 3113/3113/2877 3133/3133/2897
f 3137/3137/2901 3116/3116/2880 3124/3124/2888
f 3137/3137/2901 3124/3124/2888 3128/3128/2892
f 3138/3138/2902 3128/3128/2892 3131/3131/2895
f 3138/3138/2902 3131/3131/2895 3122/3122/2886
f 3139/3139/2903 3138/3138/2902 3122/3122/2886
f 3123/3123/2887 3139/3139/2903 3122/3122/2886
f 3140/3140/2904 3126/3126/2890 3132/3132/2896
f 3133/3133/2897 3116/3116/2880 3137/3137/2901
f 3141/3141/2905 3123/3123/2887 3125/3125/2889
f 3134/3134/2898 3141/3141/2905 3125/3125/2889
f 3136/3136/2900 3135/3135/2899 3130/3130/2894
f 3141/3141/2905 3139/3139/2903 3123/3123/2887
f 3140/3140/2904 3134/3134/2898 3126/3126/2890
f 3142/3142/1586 3013/3013/1588 3135/3135/2899
f 3143/3143/2906 3133/3133/2897 3137/3137/2901
f 3144/3144/2907 3143/3143/2906 3137/3137/2901
f 3144/3144/2907 3137/3137/2901 3128/3128/2892
f 3138/3138/2902 3144/3144/2907 3128/3128/2892
f 3145/3145/2908 3139/3139/2903 3141/3141/2905
f 3145/3145/2908 3141/3141/2905 3134/3134/2898
f 3146/3146/2909 3134/3134/2898 3140/3140/2904
f 3147/3147/2910 3135/3135/2899 3136/3136/2900
f 3147/3147/2910 3136/3136/2900 3133/3133/2897
f 3148/3148/2911 3144/3144/2907 3138/3138/2902
f 3149/3149/2912 3138/3138/2902 3139/3139/2903
f 3150/3150/2913 3145/3145/2908 3134/3134/2898
f 3146/3146/2909 3150/3150/2913 3134/3134/2898
f 3149/3149/2912 3148/3148/2911 3138/3138/2902
f 3151/3151/2914 3139/3139/2903 3145/3145/2908
f 3152/3152/2915 3153/3153/2916 3147/3147/2910
f 3152/3152/2915 3147/3147/2910 3133/3133/2897
f 3143/3143/2906 3152/3152/2915 3133/3133/2897
f 3154/3154/2917 3143/3143/2906 3144/3144/2907
f 3148/3148/2911 3154/3154/2917 3144/3144/2907
f 3155/3155/1592 3142/3142/1586 3135/3135/2899
f 3147/3147/2910 3155/3155/1592 3135/3135/2899
f 3156/3156/2918 3149/3149/2912 3139/3139/2903
f 3151/3151/2914 3156/3156/2918 3139/3139/2903
f 3157/3157/2919 3151/3151/2914 3145/3145/2908
f 3157/3157/2919 3145/3145/2908 3150/3150/2913
f 3158/3158/2920 3152/3152/2915 3143/3143/2906
f 3158/3158/2920 3143/3143/2906 3154/3154/2917
f 3149/3149/2912 3159/3159/2921 3148/3148/2911
f 3160/3160/2922 3150/3150/2913 3146/3146/2909
f 3161/3161/2923 3156/3156/2918 3151/3151/2914
f 3160/3160/2922 3157/3157/2919 3150/3150/2913
f 3162/3162/2924 3160/3160/2922 3146/3146/2909
f 3163/3163/1599 3155/3155/1592 3147/3147/2910
f 3163/3163/1599 3147/3147/2910 3153/3153/2916
f 3164/3164/2925 3158/3158/2920 3154/3154/2917
f 3164/3164/2925 3154/3154/2917 3148/3148/2911
f 3159/3159/2921 3149/3149/2912 3156/3156/2918
f 3165/3165/2926 3151/3151/2914 3157/3157/2919
f 3166/3166/2927 3153/3153/2916 3152/3152/2915
f 3167/3167/2928 3164/3164/2925 3148/3148/2911
f 3159/3159/2921 3167/3167/2928 3148/3148/2911
f 3161/3161/2923 3159/3159/2921 3156/3156/2918
f 3165/3165/2926 3161/3161/2923 3151/3151/2914
f 3166/3166/2927 3152/3152/2915 3158/3158/2920
f 3168/3168/2929 3165/3165/2926 3157/3157/2919
f 3169/3169/2930 3168/3168/2929 3160/3160/2922
f 3168/3168/2929 3157/3157/2919 3160/3160/2922
f 3170/3170/2931 3166/3166/2927 3158/3158/2920
f 3171/3171/2932 3158/3158/2920 3164/3164/2925
f 3172/3172/2933 3171/3171/2932 3164/3164/2925
f 3172/3172/2933 3164/3164/2925 3167/3167/2928
f 3173/3173/2934 3161/3161/2923 3165/3165/2926
f 3168/3168/2929 3173/3173/2934 3165/3165/2926
f 3174/3174/1611 3163/3163/1599 3153/3153/2916
f 3174/3174/1611 3153/3153/2916 3166/3166/2927
f 3170/3170/2931 3158/3158/2920 3171/3171/2932
f 3175/3175/2935 3167/3167/2928 3159/3159/2921
f 3175/3175/2935 3159/3159/2921 3176/3176/2936
f 3176/3176/2936 3159/3159/2921 3161/3161/2923
f 3173/3173/2934 3176/3176/2936 3161/3161/2923
f 3174/3174/1611 3177/3177/1600 3163/3163/1599
f 3170/3170/2931 3174/3174/1611 3166/3166/2927
f 3178/3178/2937 3169/3169/2930 3179/3179/2938
f 3175/3175/2935 3172/3172/2933 3167/3167/2928
f 3180/3180/2939 3176/3176/2936 3173/3173/2934
f 3181/3181/2940 3182/3182/2941 3168/3168/2929
f 3181/3181/2940 3168/3168/2929 3169/3169/2930
f 3183/3183/1609 3177/3177/1600 3174/3174/1611
f 3184/3184/2942 3170/3170/2931 3171/3171/2932
f 3185/3185/2943 3171/3171/2932 3172/3172/2933
f 3185/3185/2943 3172/3172/2933 3175/3175/2935
f 3182/3182/2941 3173/3173/2934 3168/3168/2929
f 3186/3186/1614 3174/3174/1611 3170/3170/2931
f 3184/3184/2942 3186/3186/1614 3170/3170/2931
f 3187/3187/2944 3171/3171/2932 3185/3185/2943
f 3180/3180/2939 3188/3188/2945 3176/3176/2936
f 3189/3189/2946 3180/3180/2939 3173/3173/2934
f 3178/3178/2937 3181/3181/2940 3169/3169/2930
f 3187/3187/2944 3184/3184/2942 3171/3171/2932
f 3188/3188/2945 3190/3190/2947 3175/3175/2935
f 3188/3188/2945 3175/3175/2935 3176/3176/2936
f 3191/3191/2948 3181/3181/2940 3178/3178/2937
f 3190/3190/2947 3185/3185/2943 3175/3175/2935
f 3189/3189/2946 3173/3173/2934 3182/3182/2941
f 3192/3192/2949 3188/3188/2945 3180/3180/2939
f 3189/3189/2946 3192/3192/2949 3180/3180/2939
f 3193/3193/2950 3189/3189/2946 3182/3182/2941
f 3193/3193/2950 3182/3182/2941 3181/3181/2940
f 3194/3194/1621 3186/3186/1614 3184/3184/2942
f 3195/3195/2951 3184/3184/2942 3187/3187/2944
f 3185/3185/2943 3195/3195/2951 3187/3187/2944
f 3192/3192/2949 3190/3190/2947 3188/3188/2945
f 3196/3196/2952 3193/3193/2950 3181/3181/2940
f 3196/3196/2952 3181/3181/2940 3191/3191/2948
f 3197/3197/2953 3195/3195/2951 3185/3185/2943
f 3197/3197/2953 3185/3185/2943 3190/3190/2947
f 3198/3198/2954 3194/3194/1621 3184/3184/2942
f 3198/3198/2954 3184/3184/2942 3195/3195/2951
f 3199/3199/2955 3197/3197/2953 3190/3190/2947
f 3192/3192/2949 3199/3199/2955 3190/3190/2947
f 3200/3200/2956 3192/3192/2949 3189/3189/2946
f 3200/3200/2956 3189/3189/2946 3193/3193/2950
f 3201/3201/2957 3200/3200/2956 3193/3193/2950
f 3201/3201/2957 3193/3193/2950 3196/3196/2952
f 3202/3202/2958 3196/3196/2952 3191/3191/2948
f 3202/3202/2958 3201/3201/2957 3196/3196/2952
f 3203/3203/2959 3198/3198/2954 3195/3195/2951
f 3197/3197/2953 3203/3203/2959 3195/3195/2951
f 3204/3204/2960 3192/3192/2949 3200/3200/2956
f 3198/3198/2954 3205/3205/1630 3194/3194/1621
f 3206/3206/2961 3199/3199/2955 3192/3192/2949
f 3207/3207/2962 3200/3200/2956 3201/3201/2957
f 3202/3202/2958 3208/3208/2963 3201/3201/2957
f 3203/3203/2959 3205/3205/1630 3198/3198/2954
f 3209/3209/2964 3199/3199/2955 3206/3206/2961
f 3204/3204/2960 3206/3206/2961 3192/3192/2949
f 3207/3207/2962 3204/3204/2960 3200/3200/2956
f 3210/3210/2965 3203/3203/2959 3197/3197/2953
f 3208/3208/2963 3207/3207/2962 3201/3201/2957
f 3209/3209/2964 3210/3210/2965 3197/3197/2953
f 3209/3209/2964 3197/3197/2953 3199/3199/2955
f 3210/3210/2965 3211/3211/2966 3203/3203/2959
f 3212/3212/2967 3210/3210/2965 3209/3209/2964
f 3207/3207/2962 3213/3213/2968 3204/3204/2960
f 3203/3203/2959 3214/3214/1647 3205/3205/1630
f 3215/3215/2969 3209/3209/2964 3206/3206/2961
f 3215/3215/2969 3206/3206/2961 3204/3204/2960
f 3216/3216/2970 3207/3207/2962 3208/3208/2963
f 3211/3211/2966 3214/3214/1647 3203/3203/2959
f 3216/3216/2970 3213/3213/2968 3207/3207/2962
f 3212/3212/2967 3211/3211/2966 3210/3210/2965
f 3211/3211/2966 3217/3217/1654 3214/3214/1647
f 3215/3215/2969 3212/3212/2967 3209/3209/2964
f 3218/3218/2971 3215/3215/2969 3204/3204/2960
f 3218/3218/2971 3204/3204/2960 3213/3213/2968
f 3219/3219/2972 3212/3212/2967 3215/3215/2969
f 3216/3216/2970 3220/3220/2973 3213/3213/2968
f 3220/3220/2973 3218/3218/2971 3213/3213/2968
f 3221/3221/2974 3217/3217/1654 3211/3211/2966
f 3212/3212/2967 3221/3221/2974 3211/3211/2966
f 3221/3221/2974 3212/3212/2967 3219/3219/2972
f 3222/3222/2975 3215/3215/2969 3218/3218/2971
f 3223/3223/2976 3222/3222/2975 3218/3218/2971
f 3220/3220/2973 3223/3223/2976 3218/3218/2971
f 3224/3224/2977 3225/3225/1660 3217/3217/1654
f 3224/3224/2977 3217/3217/1654 3221/3221/2974
f 3222/3222/2975 3219/3219/2972 3215/3215/2969
f 3219/3219/2972 3224/3224/2977 3221/3221/2974
f 3226/3226/2978 3219/3219/2972 3222/3222/2975
f 3227/3227/2979 3224/3224/2977 3219/3219/2972
f 3227/3227/2979 3219/3219/2972 3226/3226/2978
f 3228/3228/2980 3223/3223/2976 3220/3220/2973
f 3229/3229/1680 3225/3225/1660 3224/3224/2977
f 3230/3230/2981 3226/3226/2978 3222/3222/2975
f 3223/3223/2976 3230/3230/2981 3222/3222/2975
f 3230/3230/2981 3223/3223/2976 3228/3228/2980
f 3231/3231/2982 3224/3224/2977 3227/3227/2979
f 3232/3232/2983 3227/3227/2979 3226/3226/2978
f 3230/3230/2981 3232/3232/2983 3226/3226/2978
f 3224/3224/2977 3233/3233/1686 3229/3229/1680
f 3231/3231/2982 3234/3234/1689 3224/3224/2977
f 3232/3232/2983 3231/3231/2982 3227/3227/2979
f 3235/3235/2984 3230/3230/2981 3228/3228/2980
f 3234/3234/1689 3233/3233/1686 3224/3224/2977
f 3236/3236/2985 3232/3232/2983 3230/3230/2981
f 3237/3237/1691 3231/3231/2982 3232/3232/2983
f 3236/3236/2985 3237/3237/1691 3232/3232/2983
f 3236/3236/2985 3230/3230/2981 3235/3235/2984
f 3237/3237/1691 3234/3234/1689 3231/3231/2982
f 3238/3238/2986 3239/3239/2987 3240/3240/2988
f 3241/3241/2989 3238/3238/2986 3240/3240/2988
f 3242/3242/1704 3237/3237/1691 3236/3236/2985
f 3243/3243/2990 3236/3236/2985 3235/3235/2984
f 3239/3239/2987 3244/3244/2991 3240/3240/2988
f 3238/3238/2986 3245/3245/2992 3239/3239/2987
f 3246/3246/2993 3238/3238/2986 3241/3241/2989
f 3247/3247/1690 3237/3237/1691 3242/3242/1704
f 3242/3242/1704 3236/3236/2985 3243/3243/2990
f 3248/3248/2994 3243/3243/2990 3235/3235/2984
f 3249/3249/2995 3250/3250/2996 3244/3244/2991
f 3239/3239/2987 3249/3249/2995 3244/3244/2991
f 3245/3245/2992 3249/3249/2995 3239/3239/2987
f 3251/3251/2997 3245/3245/2992 3238/3238/2986
f 3246/3246/2993 3251/3251/2997 3238/3238/2986
f 3250/3250/2996 3248/3248/2994 3235/3235/2984
f 3249/3249/2995 3252/3252/2998 3250/3250/2996
f 3253/3253/2999 3252/3252/2998 3249/3249/2995
f 3254/3254/3000 3253/3253/2999 3249/3249/2995
f 3254/3254/3000 3249/3249/2995 3245/3245/2992
f 3248/3248/2994 3242/3242/1704 3243/3243/2990
f 3252/3252/2998 3248/3248/2994 3250/3250/2996
f 3251/3251/2997 3254/3254/3000 3245/3245/2992
f 3255/3255/3001 3251/3251/2997 3246/3246/2993
f 3255/3255/3001 3256/3256/3002 3251/3251/2997
f 3257/3257/3003 3242/3242/1704 3248/3248/2994
f 3258/3258/3004 3253/3253/2999 3254/3254/3000
f 3259/3259/3005 3254/3254/3000 3251/3251/2997
f 3260/3260/3006 3257/3257/3003 3248/3248/2994
f 3260/3260/3006 3248/3248/2994 3252/3252/2998
f 3260/3260/3006 3252/3252/2998 3253/3253/2999
f 3259/3259/3005 3251/3251/2997 3256/3256/3002
f 3261/3261/3007 3256/3256/3002 3255/3255/3001
f 3262/3262/3008 3260/3260/3006 3253/3253/2999
f 3263/3263/3009 3253/3253/2999 3258/3258/3004
f 3264/3264/3010 3258/3258/3004 3254/3254/3000
f 3259/3259/3005 3264/3264/3010 3254/3254/3000
f 3265/3265/3011 3257/3257/3003 3260/3260/3006
f 3263/3263/3009 3262/3262/3008 3253/3253/2999
f 3264/3264/3010 3263/3263/3009 3258/3258/3004
f 3266/3266/3012 3259/3259/3005 3256/3256/3002
f 3267/3267/3013 3256/3256/3002 3261/3261/3007
f 3265/3265/3011 3260/3260/3006 3262/3262/3008
f 3266/3266/3012 3264/3264/3010 3259/3259/3005
f 3268/3268/3014 3266/3266/3012 3256/3256/3002
f 3267/3267/3013 3268/3268/3014 3256/3256/3002
f 3269/3269/3015 3265/3265/3011 3262/3262/3008
f 3269/3269/3015 3262/3262/3008 3263/3263/3009
f 3270/3270/3016 3263/3263/3009 3264/3264/3010
f 3266/3266/3012 3270/3270/3016 3264/3264/3010
f 3269/3269/3015 3271/3271/1717 3265/3265/3011
f 3272/3272/1719 3271/3271/1717 3269/3269/3015
f 3273/3273/3017 3269/3269/3015 3263/3263/3009
f 3274/3274/3018 3266/3266/3012 3268/3268/3014
f 3270/3270/3016 3273/3273/3017 3263/3263/3009
f 3275/3275/3019 3269/3269/3015 3273/3273/3017
f 3276/3276/3020 3270/3270/3016 3266/3266/3012
f 3275/3275/3019 3272/3272/1719 3269/3269/3015
f 3277/3277/3021 3273/3273/3017 3270/3270/3016
f 3276/3276/3020 3277/3277/3021 3270/3270/3016
f 3274/3274/3018 3276/3276/3020 3266/3266/3012
f 3275/3275/3019 3278/3278/1728 3272/3272/1719
f 3277/3277/3021 3275/3275/3019 3273/3273/3017
f 3279/3279/3022 3276/3276/3020 3274/3274/3018
f 3280/3280/3023 3278/3278/1728 3275/3275/3019
f 3280/3280/3023 3275/3275/3019 3277/3277/3021
f 3281/3281/3024 3277/3277/3021 3276/3276/3020
f 3279/3279/3022 3274/3274/3018 3282/3282/3025
f 3281/3281/3024 3280/3280/3023 3277/3277/3021
f 3279/3279/3022 3281/3281/3024 3276/3276/3020
f 3283/3283/3026 3278/3278/1728 3280/3280/3023
f 3284/3284/1745 3280/3280/3023 3281/3281/3024
f 3285/3285/3027 3281/3281/3024 3279/3279/3022
f 3286/3286/3028 3285/3285/3027 3279/3279/3022
f 3284/3284/1745 3283/3283/3026 3280/3280/3023
f 3287/3287/3029 3284/3284/1745 3281/3281/3024
f 3287/3287/3029 3281/3281/3024 3285/3285/3027
f 3288/3288/3030 3287/3287/3029 3285/3285/3027
f 3288/3288/3030 3285/3285/3027 3286/3286/3028
f 3289/3289/3031 3288/3288/3030 3286/3286/3028
f 3290/3290/3032 3284/3284/1745 3287/3287/3029
f 3288/3288/3030 3290/3290/3032 3287/3287/3029
f 3291/3291/1930 3292/3292/1929 3290/3290/3032
f 3291/3291/1930 3290/3290/3032 3288/3288/3030
f 3289/3289/3031 3291/3291/1930 3288/3288/3030
f 3293/3293/3033 3241/3241/2989 3294/3294/3034
f 3293/3293/3033 3246/3246/2993 3241/3241/2989
f 3293/3293/3033 3294/3294/3034 3295/3295/2222
f 3296/3296/2221 3293/3293/3033 3295/3295/2222
f 3297/3297/3035 3246/3246/2993 3293/3293/3033
f 3298/3298/2228 3293/3293/3033 3296/3296/2221
f 3298/3298/2228 3299/3299/3036 3293/3293/3033
f 3261/3261/3007 3255/3255/3001 3246/3246/2993
f 3261/3261/3007 3246/3246/2993 3297/3297/3035
f 3300/3300/3037 3297/3297/3035 3293/3293/3033
f 3299/3299/3036 3300/3300/3037 3293/3293/3033
f 3301/3301/3038 3261/3261/3007 3297/3297/3035
f 3300/3300/3037 3301/3301/3038 3297/3297/3035
f 3302/3302/3039 3301/3301/3038 3300/3300/3037
f 3299/3299/3036 3302/3302/3039 3300/3300/3037
f 3267/3267/3013 3261/3261/3007 3301/3301/3038
f 3302/3302/3039 3303/3303/3040 3301/3301/3038
f 3303/3303/3040 3267/3267/3013 3301/3301/3038
f 3304/3304/2237 3305/3305/3041 3299/3299/3036
f 3302/3302/3039 3299/3299/3036 3305/3305/3041
f 3306/3306/3042 3268/3268/3014 3267/3267/3013
f 3306/3306/3042 3267/3267/3013 3303/3303/3040
f 3305/3305/3041 3303/3303/3040 3302/3302/3039
f 3274/3274/3018 3268/3268/3014 3306/3306/3042
f 3304/3304/2237 3307/3307/3043 3305/3305/3041
f 3308/3308/3044 3303/3303/3040 3305/3305/3041
f 3308/3308/3044 3305/3305/3041 3307/3307/3043
f 3309/3309/3045 3307/3307/3043 3304/3304/2237
f 3308/3308/3044 3306/3306/3042 3303/3303/3040
f 3310/3310/3046 3306/3306/3042 3308/3308/3044
f 3282/3282/3025 3274/3274/3018 3306/3306/3042
f 3311/3311/3047 3310/3310/3046 3308/3308/3044
f 3311/3311/3047 3308/3308/3044 3307/3307/3043
f 3282/3282/3025 3306/3306/3042 3310/3310/3046
f 3312/3312/3048 3307/3307/3043 3309/3309/3045
f 3312/3312/3048 3309/3309/3045 3313/3313/2255
f 3312/3312/3048 3311/3311/3047 3307/3307/3043
f 3312/3312/3048 3314/3314/3049 3311/3311/3047
f 3314/3314/3049 3310/3310/3046 3311/3311/3047
f 3315/3315/3050 3312/3312/3048 3313/3313/2255
f 3316/3316/3051 3282/3282/3025 3310/3310/3046
f 3314/3314/3049 3316/3316/3051 3310/3310/3046
f 3286/3286/3028 3279/3279/3022 3282/3282/3025
f 3316/3316/3051 3286/3286/3028 3282/3282/3025
f 3317/3317/3052 3314/3314/3049 3312/3312/3048
f 3317/3317/3052 3312/3312/3048 3315/3315/3050
f 3318/3318/3053 3316/3316/3051 3314/3314/3049
f 3317/3317/3052 3318/3318/3053 3314/3314/3049
f 3319/3319/3054 3318/3318/3053 3317/3317/3052
f 3319/3319/3054 3317/3317/3052 3320/3320/3055
f 3321/3321/3056 3289/3289/3031 3286/3286/3028
f 3321/3321/3056 3286/3286/3028 3316/3316/3051
f 3319/3319/3054 3321/3321/3056 3318/3318/3053
f 3321/3321/3056 3316/3316/3051 3318/3318/3053
f 3319/3319/3054 3320/3320/3055 3322/3322/2307
f 3319/3319/3054 3323/3323/3057 3321/3321/3056
f 3322/3322/2307 3323/3323/3057 3319/3319/3054
f 3289/3289/3031 3324/3324/3058 3291/3291/1930
f 3321/3321/3056 3324/3324/3058 3289/3289/3031
f 3322/3322/2307 3325/3325/3059 3323/3323/3057
f 3323/3323/3057 3324/3324/3058 3321/3321/3056
f 3325/3325/3059 3326/3326/3060 3327/3327/3061
f 3323/3323/3057 3325/3325/3059 3327/3327/3061
f 3327/3327/3061 3324/3324/3058 3323/3323/3057
f 3326/3326/3060 3328/3328/3062 3327/3327/3061
f 3327/3327/3061 3329/3329/1937 3324/3324/3058
f 3326/3326/3060 3330/3330/3063 3328/3328/3062
f 3330/3330/3063 3331/3331/2325 3328/3328/3062
f 3327/3327/3061 3332/3332/3064 3329/3329/1937
f 3327/3327/3061 3328/3328/3062 3332/3332/3064
f 3328/3328/3062 3331/3331/2325 3333/3333/1946
f 3328/3328/3062 3333/3333/1946 3332/3332/3064
f 3334/3334/3065 3335/3335/3066 3336/3336/3067
f 3334/3334/3065 3336/3336/3067 3337/3337/3068
f 3338/3338/3069 3334/3334/3065 3337/3337/3068
f 3339/3339/3070 3338/3338/3069 3337/3337/3068
f 3340/3340/3071 3341/3341/3072 3338/3338/3069
f 3340/3340/3071 3338/3338/3069 3339/3339/3070
f 3342/3342/3073 3341/3341/3072 3340/3340/3071
f 3343/3343/3074 3342/3342/3073 3340/3340/3071
f 3344/3344/3075 3340/3340/3071 3339/3339/3070
f 3343/3343/3074 3340/3340/3071 3344/3344/3075
f 3345/3345/3076 3339/3339/3070 3346/3346/3077
f 3344/3344/3075 3339/3339/3070 3345/3345/3076
f 3347/3347/3078 3343/3343/3074 3344/3344/3075
f 3347/3347/3078 3348/3348/3079 3343/3343/3074
f 3337/3337/3068 3336/3336/3067 3349/3349/3080
f 3346/3346/3077 3337/3337/3068 3349/3349/3080
f 3346/3346/3077 3339/3339/3070 3337/3337/3068
f 3350/3350/3081 3344/3344/3075 3345/3345/3076
f 3351/3351/3082 3347/3347/3078 3344/3344/3075
f 3347/3347/3078 3352/3352/3083 3348/3348/3079
f 3349/3349/3080 3336/3336/3067 3353/3353/538
f 3350/3350/3081 3351/3351/3082 3344/3344/3075
f 3354/3354/3084 3347/3347/3078 3351/3351/3082
f 3355/3355/3085 3347/3347/3078 3354/3354/3084
f 3355/3355/3085 3352/3352/3083 3347/3347/3078
f 3356/3356/3086 3357/3357/3087 3352/3352/3083
f 3358/3358/3088 3351/3351/3082 3359/3359/3089
f 3351/3351/3082 3350/3350/3081 3359/3359/3089
f 3358/3358/3088 3354/3354/3084 3351/3351/3082
f 3360/3360/3090 3355/3355/3085 3354/3354/3084
f 3361/3361/551 3358/3358/3088 3359/3359/3089
f 3361/3361/551 3354/3354/3084 3358/3358/3088
f 3356/3356/3086 3352/3352/3083 3355/3355/3085
f 3362/3362/3091 3354/3354/3084 3361/3361/551
f 3363/3363/3092 3355/3355/3085 3360/3360/3090
f 3364/3364/3093 3356/3356/3086 3355/3355/3085
f 3365/3365/3094 3366/3366/3095 3367/3367/3096
f 3368/3368/3097 3366/3366/3095 3365/3365/3094
f 3369/3369/3098 3366/3366/3095 3368/3368/3097
f 3360/3360/3090 3354/3354/3084 3362/3362/3091
f 3364/3364/3093 3355/3355/3085 3363/3363/3092
f 3370/3370/3099 3367/3367/3096 3371/3371/3100
f 3365/3365/3094 3367/3367/3096 3370/3370/3099
f 3372/3372/3101 3369/3369/3098 3368/3368/3097
f 3373/3373/3102 3369/3369/3098 3372/3372/3101
f 3363/3363/3092 3360/3360/3090 3362/3362/3091
f 3374/3374/3103 3364/3364/3093 3363/3363/3092
f 3375/3375/3104 3365/3365/3094 3370/3370/3099
f 3375/3375/3104 3368/3368/3097 3365/3365/3094
f 3372/3372/3101 3368/3368/3097 3375/3375/3104
f 3376/3376/3105 3363/3363/3092 3362/3362/3091
f 3370/3370/3099 3371/3371/3100 3377/3377/3106
f 3378/3378/3107 3356/3356/3086 3364/3364/3093
f 3379/3379/3108 3373/3373/3102 3372/3372/3101
f 3380/3380/3109 3373/3373/3102 3379/3379/3108
f 3381/3381/3110 3362/3362/3091 3382/3382/3111
f 3381/3381/3110 3376/3376/3105 3362/3362/3091
f 3374/3374/3103 3378/3378/3107 3364/3364/3093
f 3383/3383/3112 3370/3370/3099 3377/3377/3106
f 3384/3384/3113 3370/3370/3099 3383/3383/3112
f 3384/3384/3113 3375/3375/3104 3370/3370/3099
f 3385/3385/3114 3375/3375/3104 3384/3384/3113
f 3385/3385/3114 3372/3372/3101 3375/3375/3104
f 3379/3379/3108 3372/3372/3101 3385/3385/3114
f 3380/3380/3109 3379/3379/3108 3386/3386/3115
f 3387/3387/3116 3388/3388/3117 3380/3380/3109
f 3387/3387/3116 3380/3380/3109 3386/3386/3115
f 3383/3383/3112 3377/3377/3106 3389/3389/3118
f 3390/3390/3119 3385/3385/3114 3384/3384/3113
f 3379/3379/3108 3385/3385/3114 3390/3390/3119
f 3391/3391/3120 3386/3386/3115 3379/3379/3108
f 3392/3392/3121 3393/3393/3122 3388/3388/3117
f 3392/3392/3121 3388/3388/3117 3387/3387/3116
f 3394/3394/3123 3395/3395/3124 3393/3393/3122
f 3396/3396/3125 3397/3397/3126 3395/3395/3124
f 3396/3396/3125 3395/3395/3124 3394/3394/3123
f 3381/3381/3110 3382/3382/3111 3398/3398/3127
f 3399/3399/3128 3363/3363/3092 3376/3376/3105
f 3374/3374/3103 3363/3363/3092 3399/3399/3128
f 3400/3400/3129 3383/3383/3112 3389/3389/3118
f 3401/3401/3130 3384/3384/3113 3383/3383/3112
f 3401/3401/3130 3383/3383/3112 3400/3400/3129
f 3402/3402/3131 3379/3379/3108 3390/3390/3119
f 3402/3402/3131 3391/3391/3120 3379/3379/3108
f 3403/3403/3132 3386/3386/3115 3391/3391/3120
f 3387/3387/3116 3386/3386/3115 3403/3403/3132
f 3404/3404/3133 3392/3392/3121 3387/3387/3116
f 3405/3405/3134 3393/3393/3122 3392/3392/3121
f 3405/3405/3134 3394/3394/3123 3393/3393/3122
f 3394/3394/3123 3406/3406/3135 3396/3396/3125
f 3407/3407/3136 3399/3399/3128 3376/3376/3105
f 3408/3408/3137 3378/3378/3107 3374/3374/3103
f 3409/3409/3138 3389/3389/3118 3410/3410/3139
f 3400/3400/3129 3389/3389/3118 3409/3409/3138
f 3390/3390/3119 3384/3384/3113 3411/3411/3140
f 3412/3412/3141 3391/3391/3120 3402/3402/3131
f 3412/3412/3141 3403/3403/3132 3391/3391/3120
f 3413/3413/3142 3394/3394/3123 3405/3405/3134
f 3413/3413/3142 3406/3406/3135 3394/3394/3123
f 3414/3414/582 3407/3407/3136 3381/3381/3110
f 3407/3407/3136 3376/3376/3105 3381/3381/3110
f 3414/3414/582 3381/3381/3110 3398/3398/3127
f 3411/3411/3140 3384/3384/3113 3401/3401/3130
f 3415/3415/3143 3390/3390/3119 3411/3411/3140
f 3415/3415/3143 3402/3402/3131 3390/3390/3119
f 3416/3416/3144 3403/3403/3132 3412/3412/3141
f 3417/3417/3145 3387/3387/3116 3403/3403/3132
f 3417/3417/3145 3403/3403/3132 3416/3416/3144
f 3404/3404/3133 3387/3387/3116 3417/3417/3145
f 3418/3418/3146 3392/3392/3121 3404/3404/3133
f 3405/3405/3134 3392/3392/3121 3418/3418/3146
f 3419/3419/3147 3406/3406/3135 3413/3413/3142
f 3419/3419/3147 3420/3420/3148 3406/3406/3135
f 3421/3421/3149 3422/3422/3150 3420/3420/3148
f 3408/3408/3137 3374/3374/3103 3399/3399/3128
f 3408/3408/3137 3423/3423/3151 3378/3378/3107
f 3424/3424/3152 3402/3402/3131 3415/3415/3143
f 3412/3412/3141 3402/3402/3131 3424/3424/3152
f 3425/3425/3153 3405/3405/3134 3418/3418/3146
f 3426/3426/3154 3420/3420/3148 3419/3419/3147
f 3426/3426/3154 3421/3421/3149 3420/3420/3148
f 3427/3427/3155 3422/3422/3150 3421/3421/3149
f 3428/3428/572 3414/3414/582 3398/3398/3127
f 3423/3423/3151 3409/3409/3138 3378/3378/3107
f 3429/3429/3156 3404/3404/3133 3417/3417/3145
f 3418/3418/3146 3404/3404/3133 3429/3429/3156
f 3430/3430/3157 3405/3405/3134 3425/3425/3153
f 3413/3413/3142 3405/3405/3134 3430/3430/3157
f 3431/3431/3158 3419/3419/3147 3413/3413/3142
f 3426/3426/3154 3419/3419/3147 3431/3431/3158
f 3432/3432/3159 3427/3427/3155 3421/3421/3149
f 3433/3433/3160 3427/3427/3155 3432/3432/3159
f 3434/3434/3161 3399/3399/3128 3407/3407/3136
f 3434/3434/3161 3408/3408/3137 3399/3399/3128
f 3435/3435/3162 3400/3400/3129 3409/3409/3138
f 3401/3401/3130 3400/3400/3129 3435/3435/3162
f 3416/3416/3144 3412/3412/3141 3424/3424/3152
f 3429/3429/3156 3417/3417/3145 3416/3416/3144
f 3425/3425/3153 3418/3418/3146 3436/3436/3163
f 3430/3430/3157 3425/3425/3153 3436/3436/3163
f 3431/3431/3158 3413/3413/3142 3430/3430/3157
f 3432/3432/3159 3421/3421/3149 3426/3426/3154
f 3437/3437/3164 3433/3433/3160 3432/3432/3159
f 3426/3426/3154 3431/3431/3158 3438/3438/3165
f 3439/3439/3166 3433/3433/3160 3437/3437/3164
f 3440/3440/2562 3433/3433/3160 3439/3439/3166
f 3441/3441/3167 3407/3407/3136 3414/3414/582
f 3434/3434/3161 3407/3407/3136 3441/3441/3167
f 3434/3434/3161 3442/3442/3168 3408/3408/3137
f 3442/3442/3168 3423/3423/3151 3408/3408/3137
f 3443/3443/3169 3435/3435/3162 3409/3409/3138
f 3443/3443/3169 3409/3409/3138 3423/3423/3151
f 3444/3444/3170 3401/3401/3130 3435/3435/3162
f 3411/3411/3140 3401/3401/3130 3444/3444/3170
f 3445/3445/3171 3411/3411/3140 3444/3444/3170
f 3445/3445/3171 3415/3415/3143 3411/3411/3140
f 3446/3446/3172 3424/3424/3152 3447/3447/3173
f 3416/3416/3144 3424/3424/3152 3446/3446/3172
f 3431/3431/3158 3430/3430/3157 3448/3448/3174
f 3438/3438/3165 3432/3432/3159 3426/3426/3154
f 3449/3449/3175 3432/3432/3159 3450/3450/3176
f 3449/3449/3175 3437/3437/3164 3432/3432/3159
f 3451/3451/3177 3440/3440/2562 3439/3439/3166
f 3452/3452/581 3441/3441/3167 3414/3414/582
f 3453/3453/3178 3442/3442/3168 3434/3434/3161
f 3424/3424/3152 3415/3415/3143 3447/3447/3173
f 3454/3454/3179 3416/3416/3144 3446/3446/3172
f 3429/3429/3156 3416/3416/3144 3454/3454/3179
f 3455/3455/3180 3418/3418/3146 3429/3429/3156
f 3436/3436/3163 3418/3418/3146 3455/3455/3180
f 3448/3448/3174 3430/3430/3157 3436/3436/3163
f 3431/3431/3158 3448/3448/3174 3456/3456/3181
f 3438/3438/3165 3431/3431/3158 3456/3456/3181
f 3450/3450/3176 3432/3432/3159 3438/3438/3165
f 3457/3457/3182 3439/3439/3166 3437/3437/3164
f 3458/3458/2567 3451/3451/3177 3439/3439/3166
f 3459/3459/3183 3435/3435/3162 3443/3443/3169
f 3442/3442/3168 3443/3443/3169 3423/3423/3151
f 3444/3444/3170 3435/3435/3162 3459/3459/3183
f 3447/3447/3173 3415/3415/3143 3445/3445/3171
f 3460/3460/3184 3446/3446/3172 3447/3447/3173
f 3454/3454/3179 3446/3446/3172 3460/3460/3184
f 3461/3461/3185 3450/3450/3176 3438/3438/3165
f 3457/3457/3182 3437/3437/3164 3449/3449/3175
f 3458/3458/2567 3439/3439/3166 3457/3457/3182
f 3441/3441/3167 3453/3453/3178 3434/3434/3161
f 3462/3462/3186 3459/3459/3183 3443/3443/3169
f 3442/3442/3168 3462/3462/3186 3443/3443/3169
f 3463/3463/3187 3444/3444/3170 3459/3459/3183
f 3445/3445/3171 3444/3444/3170 3463/3463/3187
f 3455/3455/3180 3454/3454/3179 3464/3464/3188
f 3455/3455/3180 3429/3429/3156 3454/3454/3179
f 3436/3436/3163 3455/3455/3180 3465/3465/3189
f 3466/3466/3190 3436/3436/3163 3465/3465/3189
f 3466/3466/3190 3448/3448/3174 3436/3436/3163
f 3467/3467/3191 3456/3456/3181 3468/3468/3192
f 3438/3438/3165 3456/3456/3181 3467/3467/3191
f 3461/3461/3185 3438/3438/3165 3467/3467/3191
f 3469/3469/3193 3449/3449/3175 3450/3450/3176
f 3470/3470/3194 3445/3445/3171 3463/3463/3187
f 3447/3447/3173 3445/3445/3171 3470/3470/3194
f 3464/3464/3188 3454/3454/3179 3460/3460/3184
f 3465/3465/3189 3455/3455/3180 3464/3464/3188
f 3468/3468/3192 3448/3448/3174 3466/3466/3190
f 3468/3468/3192 3456/3456/3181 3448/3448/3174
f 3469/3469/3193 3450/3450/3176 3461/3461/3185
f 3471/3471/3195 3449/3449/3175 3469/3469/3193
f 3472/3472/3196 3449/3449/3175 3471/3471/3195
f 3472/3472/3196 3457/3457/3182 3449/3449/3175
f 3473/3473/3197 3458/3458/2567 3457/3457/3182
f 3441/3441/3167 3452/3452/581 3474/3474/587
f 3453/3453/3178 3475/3475/3198 3442/3442/3168
f 3475/3475/3198 3462/3462/3186 3442/3442/3168
f 3464/3464/3188 3460/3460/3184 3476/3476/1004
f 3477/3477/3199 3465/3465/3189 3464/3464/3188
f 3474/3474/587 3478/3478/3200 3441/3441/3167
f 3479/3479/3201 3453/3453/3178 3441/3441/3167
f 3480/3480/1011 3459/3459/3183 3462/3462/3186
f 3475/3475/3198 3480/3480/1011 3462/3462/3186
f 3481/3481/1000 3447/3447/3173 3470/3470/3194
f 3477/3477/3199 3464/3464/3188 3476/3476/1004
f 3468/3468/3192 3466/3466/3190 3482/3482/3202
f 3461/3461/3185 3467/3467/3191 3483/3483/3203
f 3484/3484/3204 3469/3469/3193 3461/3461/3185
f 3485/3485/3205 3469/3469/3193 3484/3484/3204
f 3485/3485/3205 3471/3471/3195 3469/3469/3193
f 3486/3486/3206 3457/3457/3182 3472/3472/3196
f 3486/3486/3206 3473/3473/3197 3457/3457/3182
f 3475/3475/3198 3453/3453/3178 3479/3479/3201
f 3487/3487/3207 3459/3459/3183 3480/3480/1011
f 3487/3487/3207 3463/3463/3187 3459/3459/3183
f 3470/3470/3194 3463/3463/3187 3487/3487/3207
f 3488/3488/1008 3447/3447/3173 3481/3481/1000
f 3460/3460/3184 3447/3447/3173 3488/3488/1008
f 3466/3466/3190 3465/3465/3189 3489/3489/3208
f 3490/3490/3209 3467/3467/3191 3491/3491/3210
f 3483/3483/3203 3467/3467/3191 3490/3490/3209
f 3484/3484/3204 3461/3461/3185 3483/3483/3203
f 3472/3472/3196 3471/3471/3195 3485/3485/3205
f 3492/3492/3211 3493/3493/3212 3473/3473/3197
f 3492/3492/3211 3473/3473/3197 3486/3486/3206
f 3494/3494/3213 3479/3479/3201 3478/3478/3200
f 3479/3479/3201 3441/3441/3167 3478/3478/3200
f 3476/3476/1004 3460/3460/3184 3488/3488/1008
f 3482/3482/3202 3466/3466/3190 3489/3489/3208
f 3491/3491/3210 3468/3468/3192 3495/3495/3214
f 3491/3491/3210 3467/3467/3191 3468/3468/3192
f 3496/3496/3215 3472/3472/3196 3485/3485/3205
f 3486/3486/3206 3472/3472/3196 3496/3496/3215
f 3497/3497/409 3493/3493/3212 3492/3492/3211
f 3494/3494/3213 3478/3478/3200 3498/3498/603
f 3494/3494/3213 3499/3499/3216 3479/3479/3201
f 3499/3499/3216 3475/3475/3198 3479/3479/3201
f 3500/3500/1014 3465/3465/3189 3477/3477/3199
f 3489/3489/3208 3465/3465/3189 3500/3500/1014
f 3495/3495/3214 3468/3468/3192 3482/3482/3202
f 3501/3501/3217 3486/3486/3206 3496/3496/3215
f 3501/3501/3217 3502/3502/3218 3486/3486/3206
f 3502/3502/3218 3492/3492/3211 3486/3486/3206
f 3503/3503/3219 3497/3497/409 3492/3492/3211
f 3475/3475/3198 3504/3504/3220 3480/3480/1011
f 3505/3505/3221 3480/3480/1011 3504/3504/3220
f 3506/3506/1020 3489/3489/3208 3500/3500/1014
f 3495/3495/3214 3482/3482/3202 3506/3506/1020
f 3482/3482/3202 3489/3489/3208 3506/3506/1020
f 3507/3507/3222 3484/3484/3204 3483/3483/3203
f 3508/3508/3223 3496/3496/3215 3485/3485/3205
f 3503/3503/3219 3492/3492/3211 3502/3502/3218
f 3509/3509/416 3497/3497/409 3503/3503/3219
f 3478/3478/3200 3510/3510/589 3511/3511/3224
f 3511/3511/3224 3498/3498/603 3478/3478/3200
f 3512/3512/3225 3490/3490/3209 3491/3491/3210
f 3513/3513/3226 3484/3484/3204 3507/3507/3222
f 3513/3513/3226 3485/3485/3205 3484/3484/3204
f 3508/3508/3223 3485/3485/3205 3513/3513/3226
f 3494/3494/3213 3498/3498/603 3514/3514/608
f 3514/3514/608 3499/3499/3216 3494/3494/3213
f 3499/3499/3216 3504/3504/3220 3475/3475/3198
f 3491/3491/3210 3495/3495/3214 3506/3506/1020
f 3512/3512/3225 3483/3483/3203 3490/3490/3209
f 3507/3507/3222 3483/3483/3203 3512/3512/3225
f 3515/3515/3227 3501/3501/3217 3496/3496/3215
f 3516/3516/3228 3517/3517/418 3509/3509/416
f 3518/3518/3229 3499/3499/3216 3514/3514/608
f 3518/3518/3229 3504/3504/3220 3499/3499/3216
f 3491/3491/3210 3506/3506/1020 3519/3519/3230
f 3512/3512/3225 3491/3491/3210 3519/3519/3230
f 3520/3520/3231 3507/3507/3222 3512/3512/3225
f 3521/3521/3232 3508/3508/3223 3513/3513/3226
f 3496/3496/3215 3508/3508/3223 3522/3522/3233
f 3515/3515/3227 3496/3496/3215 3522/3522/3233
f 3502/3502/3218 3501/3501/3217 3515/3515/3227
f 3523/3523/3234 3503/3503/3219 3502/3502/3218
f 3509/3509/416 3503/3503/3219 3523/3523/3234
f 3516/3516/3228 3509/3509/416 3523/3523/3234
f 3524/3524/3235 3505/3505/3221 3504/3504/3220
f 3520/3520/3231 3512/3512/3225 3525/3525/3236
f 3526/3526/3237 3507/3507/3222 3520/3520/3231
f 3513/3513/3226 3507/3507/3222 3526/3526/3237
f 3527/3527/3238 3502/3502/3218 3515/3515/3227
f 3528/3528/3239 3502/3502/3218 3527/3527/3238
f 3523/3523/3234 3502/3502/3218 3528/3528/3239
f 3529/3529/430 3517/3517/418 3516/3516/3228
f 3530/3530/1027 3519/3519/3230 3506/3506/1020
f 3525/3525/3236 3512/3512/3225 3519/3519/3230
f 3521/3521/3232 3513/3513/3226 3526/3526/3237
f 3522/3522/3233 3508/3508/3223 3521/3521/3232
f 3515/3515/3227 3522/3522/3233 3531/3531/3240
f 3527/3527/3238 3515/3515/3227 3531/3531/3240
f 3532/3532/3241 3529/3529/430 3516/3516/3228
f 3533/3533/3242 3514/3514/608 3534/3534/607
f 3533/3533/3242 3518/3518/3229 3514/3514/608
f 3535/3535/1028 3505/3505/3221 3524/3524/3235
f 3532/3532/3241 3516/3516/3228 3523/3523/3234
f 3536/3536/3243 3537/3537/3244 3529/3529/430
f 3538/3538/3245 3539/3539/434 3540/3540/433
f 3525/3525/3236 3519/3519/3230 3541/3541/1042
f 3526/3526/3237 3520/3520/3231 3542/3542/3246
f 3543/3543/3247 3522/3522/3233 3521/3521/3232
f 3544/3544/3248 3527/3527/3238 3531/3531/3240
f 3545/3545/3249 3528/3528/3239 3527/3527/3238
f 3545/3545/3249 3527/3527/3238 3544/3544/3248
f 3545/3545/3249 3546/3546/3250 3528/3528/3239
f 3546/3546/3250 3523/3523/3234 3528/3528/3239
f 3536/3536/3243 3529/3529/430 3532/3532/3241
f 3536/3536/3243 3547/3547/435 3537/3537/3244
f 3548/3548/3251 3547/3547/435 3536/3536/3243
f 3538/3538/3245 3540/3540/433 3547/3547/435
f 3548/3548/3251 3538/3538/3245 3547/3547/435
f 3549/3549/874 3539/3539/434 3538/3538/3245
f 3549/3549/874 3538/3538/3245 3548/3548/3251
f 3541/3541/1042 3519/3519/3230 3530/3530/1027
f 3550/3550/3252 3526/3526/3237 3542/3542/3246
f 3521/3521/3232 3526/3526/3237 3550/3550/3252
f 3551/3551/3253 3523/3523/3234 3546/3546/3250
f 3551/3551/3253 3532/3532/3241 3523/3523/3234
f 3552/3552/3254 3520/3520/3231 3525/3525/3236
f 3542/3542/3246 3520/3520/3231 3552/3552/3254
f 3553/3553/3255 3521/3521/3232 3550/3550/3252
f 3543/3543/3247 3521/3521/3232 3553/3553/3255
f 3554/3554/3256 3555/3555/3257 3531/3531/3240
f 3554/3554/3256 3531/3531/3240 3522/3522/3233
f 3544/3544/3248 3531/3531/3240 3555/3555/3257
f 3548/3548/3251 3536/3536/3243 3556/3556/3258
f 3525/3525/3236 3541/3541/1042 3557/3557/1043
f 3556/3556/3258 3536/3536/3243 3532/3532/3241
f 3558/3558/880 3549/3549/874 3548/3548/3251
f 3559/3559/3259 3525/3525/3236 3557/3557/1043
f 3552/3552/3254 3525/3525/3236 3559/3559/3259
f 3560/3560/3260 3542/3542/3246 3552/3552/3254
f 3560/3560/3260 3550/3550/3252 3542/3542/3246
f 3561/3561/3261 3543/3543/3247 3553/3553/3255
f 3554/3554/3256 3522/3522/3233 3543/3543/3247
f 3562/3562/3262 3545/3545/3249 3544/3544/3248
f 3562/3562/3262 3546/3546/3250 3545/3545/3249
f 3551/3551/3253 3546/3546/3250 3562/3562/3262
f 3563/3563/3263 3532/3532/3241 3551/3551/3253
f 3564/3564/3264 3548/3548/3251 3556/3556/3258
f 3564/3564/3264 3558/3558/880 3548/3548/3251
f 3565/3565/3265 3553/3553/3255 3550/3550/3252
f 3566/3566/3266 3555/3555/3257 3554/3554/3256
f 3567/3567/3267 3544/3544/3248 3555/3555/3257
f 3567/3567/3267 3555/3555/3257 3566/3566/3266
f 3562/3562/3262 3544/3544/3248 3567/3567/3267
f 3562/3562/3262 3568/3568/3268 3551/3551/3253
f 3563/3563/3263 3556/3556/3258 3532/3532/3241
f 3565/3565/3265 3550/3550/3252 3560/3560/3260
f 3561/3561/3261 3553/3553/3255 3565/3565/3265
f 3569/3569/3269 3551/3551/3253 3568/3568/3268
f 3570/3570/3270 3552/3552/3254 3559/3559/3259
f 3560/3560/3260 3552/3552/3254 3570/3570/3270
f 3554/3554/3256 3543/3543/3247 3561/3561/3261
f 3571/3571/3271 3562/3562/3262 3567/3567/3267
f 3568/3568/3268 3562/3562/3262 3571/3571/3271
f 3563/3563/3263 3551/3551/3253 3569/3569/3269
f 3572/3572/3272 3558/3558/880 3564/3564/3264
f 3559/3559/3259 3557/3557/1043 3573/3573/1056
f 3574/3574/3273 3565/3565/3265 3560/3560/3260
f 3561/3561/3261 3565/3565/3265 3574/3574/3273
f 3575/3575/3274 3554/3554/3256 3561/3561/3261
f 3576/3576/3275 3556/3556/3258 3563/3563/3263
f 3576/3576/3275 3564/3564/3264 3556/3556/3258
f 3560/3560/3260 3570/3570/3270 3577/3577/3276
f 3566/3566/3266 3554/3554/3256 3575/3575/3274
f 3571/3571/3271 3567/3567/3267 3566/3566/3266
f 3569/3569/3269 3568/3568/3268 3571/3571/3271
f 3572/3572/3272 3564/3564/3264 3576/3576/3275
f 3563/3563/3263 3569/3569/3269 3578/3578/3277
f 3576/3576/3275 3563/3563/3263 3579/3579/3278
f 3570/3570/3270 3559/3559/3259 3580/3580/3279
f 3577/3577/3276 3570/3570/3270 3580/3580/3279
f 3561/3561/3261 3574/3574/3273 3581/3581/3280
f 3578/3578/3277 3569/3569/3269 3571/3571/3271
f 3579/3579/3278 3563/3563/3263 3578/3578/3277
f 3572/3572/3272 3576/3576/3275 3582/3582/3281
f 3583/3583/1076 3559/3559/3259 3573/3573/1056
f 3580/3580/3279 3559/3559/3259 3583/3583/1076
f 3574/3574/3273 3560/3560/3260 3577/3577/3276
f 3575/3575/3274 3561/3561/3261 3584/3584/3282
f 3585/3585/3283 3566/3566/3266 3575/3575/3274
f 3586/3586/3284 3571/3571/3271 3566/3566/3266
f 3578/3578/3277 3571/3571/3271 3586/3586/3284
f 3587/3587/3285 3574/3574/3273 3577/3577/3276
f 3588/3588/3286 3581/3581/3280 3574/3574/3273
f 3584/3584/3282 3561/3561/3261 3581/3581/3280
f 3586/3586/3284 3566/3566/3266 3585/3585/3283
f 3589/3589/3287 3576/3576/3275 3579/3579/3278
f 3588/3588/3286 3574/3574/3273 3587/3587/3285
f 3590/3590/895 3582/3582/3281 3589/3589/3287
f 3582/3582/3281 3576/3576/3275 3589/3589/3287
f 3591/3591/3288 3581/3581/3280 3588/3588/3286
f 3591/3591/3288 3588/3588/3286 3592/3592/3289
f 3585/3585/3283 3575/3575/3274 3584/3584/3282
f 3578/3578/3277 3586/3586/3284 3593/3593/3290
f 3594/3594/3291 3579/3579/3278 3578/3578/3277
f 3577/3577/3276 3580/3580/3279 3595/3595/1086
f 3584/3584/3282 3581/3581/3280 3591/3591/3288
f 3596/3596/3292 3586/3586/3284 3585/3585/3283
f 3597/3597/3293 3589/3589/3287 3579/3579/3278
f 3580/3580/3279 3583/3583/1076 3598/3598/1080
f 3599/3599/3294 3577/3577/3276 3595/3595/1086
f 3587/3587/3285 3577/3577/3276 3599/3599/3294
f 3600/3600/3295 3588/3588/3286 3587/3587/3285
f 3592/3592/3289 3588/3588/3286 3600/3600/3295
f 3601/3601/3296 3585/3585/3283 3584/3584/3282
f 3593/3593/3290 3586/3586/3284 3596/3596/3292
f 3602/3602/3297 3578/3578/3277 3593/3593/3290
f 3594/3594/3291 3578/3578/3277 3602/3602/3297
f 3597/3597/3293 3579/3579/3278 3594/3594/3291
f 3590/3590/895 3589/3589/3287 3597/3597/3293
f 3600/3600/3295 3587/3587/3285 3599/3599/3294
f 3603/3603/3298 3584/3584/3282 3591/3591/3288
f 3597/3597/3293 3594/3594/3291 3604/3604/3299
f 3595/3595/1086 3580/3580/3279 3598/3598/1080
f 3605/3605/3300 3592/3592/3289 3600/3600/3295
f 3606/3606/3301 3592/3592/3289 3605/3605/3300
f 3606/3606/3301 3591/3591/3288 3592/3592/3289
f 3607/3607/3302 3584/3584/3282 3603/3603/3298
f 3601/3601/3296 3584/3584/3282 3607/3607/3302
f 3608/3608/906 3590/3590/895 3597/3597/3293
f 3609/3609/3303 3591/3591/3288 3606/3606/3301
f 3609/3609/3303 3603/3603/3298 3591/3591/3288
f 3596/3596/3292 3585/3585/3283 3601/3601/3296
f 3599/3599/3294 3595/3595/1086 3610/3610/1099
f 3607/3607/3302 3603/3603/3298 3609/3609/3303
f 3604/3604/3299 3594/3594/3291 3602/3602/3297
f 3611/3611/3304 3600/3600/3295 3599/3599/3294
f 3605/3605/3300 3600/3600/3295 3611/3611/3304
f 3596/3596/3292 3601/3601/3296 3612/3612/3305
f 3593/3593/3290 3596/3596/3292 3613/3613/3306
f 3613/3613/3306 3602/3602/3297 3593/3593/3290
f 3597/3597/3293 3604/3604/3299 3614/3614/3307
f 3608/3608/906 3597/3597/3293 3614/3614/3307
f 3615/3615/3308 3599/3599/3294 3610/3610/1099
f 3611/3611/3304 3599/3599/3294 3615/3615/3308
f 3616/3616/3309 3606/3606/3301 3605/3605/3300
f 3609/3609/3303 3606/3606/3301 3616/3616/3309
f 3613/3613/3306 3596/3596/3292 3612/3612/3305
f 3617/3617/3310 3608/3608/906 3614/3614/3307
f 3607/3607/3302 3609/3609/3303 3616/3616/3309
f 3618/3618/3311 3601/3601/3296 3607/3607/3302
f 3619/3619/3312 3602/3602/3297 3613/3613/3306
f 3615/3615/3308 3610/3610/1099 3620/3620/3313
f 3615/3615/3308 3620/3620/3313 3621/3621/1119
f 3622/3622/3314 3607/3607/3302 3616/3616/3309
f 3618/3618/3311 3607/3607/3302 3622/3622/3314
f 3612/3612/3305 3601/3601/3296 3618/3618/3311
f 3613/3613/3306 3612/3612/3305 3623/3623/3315
f 3604/3604/3299 3602/3602/3297 3619/3619/3312
f 3621/3621/1119 3620/3620/3313 3624/3624/3316
f 3625/3625/3317 3611/3611/3304 3615/3615/3308
f 3626/3626/3318 3605/3605/3300 3611/3611/3304
f 3626/3626/3318 3616/3616/3309 3605/3605/3300
f 3619/3619/3312 3613/3613/3306 3627/3627/3319
f 3628/3628/3320 3604/3604/3299 3619/3619/3312
f 3614/3614/3307 3604/3604/3299 3629/3629/3321
f 3630/3630/922 3617/3617/3310 3629/3629/3321
f 3617/3617/3310 3614/3614/3307 3629/3629/3321
f 3631/3631/3322 3615/3615/3308 3621/3621/1119
f 3626/3626/3318 3611/3611/3304 3625/3625/3317
f 3632/3632/3323 3616/3616/3309 3626/3626/3318
f 3622/3622/3314 3616/3616/3309 3632/3632/3323
f 3633/3633/3324 3612/3612/3305 3618/3618/3311
f 3623/3623/3315 3612/3612/3305 3633/3633/3324
f 3627/3627/3319 3613/3613/3306 3623/3623/3315
f 3629/3629/3321 3604/3604/3299 3628/3628/3320
f 3625/3625/3317 3615/3615/3308 3631/3631/3322
f 3634/3634/3325 3626/3626/3318 3625/3625/3317
f 3635/3635/3326 3622/3622/3314 3632/3632/3323
f 3618/3618/3311 3622/3622/3314 3635/3635/3326
f 3633/3633/3324 3618/3618/3311 3636/3636/3327
f 3627/3627/3319 3623/3623/3315 3637/3637/3328
f 3634/3634/3325 3625/3625/3317 3631/3631/3322
f 3618/3618/3311 3635/3635/3326 3636/3636/3327
f 3637/3637/3328 3623/3623/3315 3633/3633/3324
f 3638/3638/3329 3619/3619/3312 3627/3627/3319
f 3638/3638/3329 3628/3628/3320 3619/3619/3312
f 3632/3632/3323 3626/3626/3318 3634/3634/3325
f 3335/3335/3066 3639/3639/3330 3336/3336/3067
f 3336/3336/3067 3639/3639/3330 3640/3640/3331
f 3640/3640/3331 3639/3639/3330 3641/3641/3332
f 3353/3353/538 3336/3336/3067 3640/3640/3331
f 3641/3641/3332 3642/3642/3333 3643/3643/3334
f 3644/3644/3335 3641/3641/3332 3643/3643/3334
f 3640/3640/3331 3641/3641/3332 3644/3644/3335
f 3353/3353/538 3640/3640/3331 3645/3645/545
f 3643/3643/3334 3642/3642/3333 3646/3646/3336
f 3647/3647/3337 3648/3648/3338 3649/3649/3339
f 3648/3648/3338 3650/3650/3340 3649/3649/3339
f 3643/3643/3334 3646/3646/3336 3651/3651/3341
f 3652/3652/554 3640/3640/3331 3644/3644/3335
f 3645/3645/545 3640/3640/3331 3652/3652/554
f 3653/3653/3342 3643/3643/3334 3651/3651/3341
f 3644/3644/3335 3643/3643/3334 3653/3653/3342
f 3651/3651/3341 3646/3646/3336 3649/3649/3339
f 3654/3654/3343 3649/3649/3339 3650/3650/3340
f 3655/3655/3344 3653/3653/3342 3651/3651/3341
f 3651/3651/3341 3649/3649/3339 3656/3656/3345
f 3657/3657/3346 3644/3644/3335 3653/3653/3342
f 3657/3657/3346 3652/3652/554 3644/3644/3335
f 3658/3658/3347 3652/3652/554 3657/3657/3346
f 3654/3654/3343 3650/3650/3340 3659/3659/3348
f 3656/3656/3345 3649/3649/3339 3654/3654/3343
f 3660/3660/561 3661/3661/548 3658/3658/3347
f 3655/3655/3344 3651/3651/3341 3662/3662/3349
f 3651/3651/3341 3656/3656/3345 3663/3663/3350
f 3659/3659/3348 3650/3650/3340 3664/3664/3351
f 3664/3664/3351 3665/3665/3352 3666/3666/3353
f 3662/3662/3349 3651/3651/3341 3663/3663/3350
f 3657/3657/3346 3653/3653/3342 3655/3655/3344
f 3659/3659/3348 3664/3664/3351 3666/3666/3353
f 3656/3656/3345 3654/3654/3343 3663/3663/3350
f 3667/3667/3354 3657/3657/3346 3655/3655/3344
f 3668/3668/3355 3666/3666/3353 3665/3665/3352
f 3669/3669/3356 3663/3663/3350 3654/3654/3343
f 3670/3670/3357 3663/3663/3350 3669/3669/3356
f 3667/3667/3354 3655/3655/3344 3671/3671/3358
f 3672/3672/3359 3659/3659/3348 3666/3666/3353
f 3670/3670/3357 3662/3662/3349 3663/3663/3350
f 3655/3655/3344 3662/3662/3349 3673/3673/3360
f 3674/3674/3361 3657/3657/3346 3667/3667/3354
f 3658/3658/3347 3657/3657/3346 3674/3674/3361
f 3660/3660/561 3658/3658/3347 3675/3675/3362
f 3669/3669/3356 3654/3654/3343 3676/3676/3363
f 3659/3659/3348 3676/3676/3363 3654/3654/3343
f 3673/3673/3360 3671/3671/3358 3655/3655/3344
f 3677/3677/3364 3666/3666/3353 3668/3668/3355
f 3676/3676/3363 3659/3659/3348 3672/3672/3359
f 3678/3678/3365 3669/3669/3356 3676/3676/3363
f 3670/3670/3357 3669/3669/3356 3678/3678/3365
f 3672/3672/3359 3666/3666/3353 3677/3677/3364
f 3679/3679/3366 3660/3660/561 3675/3675/3362
f 3676/3676/3363 3672/3672/3359 3680/3680/3367
f 3678/3678/3365 3676/3676/3363 3680/3680/3367
f 3662/3662/3349 3670/3670/3357 3681/3681/3368
f 3673/3673/3360 3662/3662/3349 3681/3681/3368
f 3674/3674/3361 3667/3667/3354 3682/3682/3369
f 3683/3683/3370 3658/3658/3347 3674/3674/3361
f 3672/3672/3359 3677/3677/3364 3684/3684/3371
f 3682/3682/3369 3667/3667/3354 3671/3671/3358
f 3683/3683/3370 3674/3674/3361 3685/3685/3372
f 3686/3686/3373 3677/3677/3364 3668/3668/3355
f 3675/3675/3362 3658/3658/3347 3683/3683/3370
f 3686/3686/3373 3668/3668/3355 3687/3687/3374
f 3688/3688/3375 3680/3680/3367 3672/3672/3359
f 3689/3689/3376 3680/3680/3367 3688/3688/3375
f 3690/3690/3377 3671/3671/3358 3673/3673/3360
f 3682/3682/3369 3671/3671/3358 3690/3690/3377
f 3672/3672/3359 3684/3684/3371 3691/3691/3378
f 3685/3685/3372 3682/3682/3369 3692/3692/3379
f 3685/3685/3372 3674/3674/3361 3682/3682/3369
f 3688/3688/3375 3672/3672/3359 3691/3691/3378
f 3681/3681/3368 3670/3670/3357 3678/3678/3365
f 3692/3692/3379 3682/3682/3369 3690/3690/3377
f 3693/3693/3380 3678/3678/3365 3689/3689/3376
f 3678/3678/3365 3680/3680/3367 3689/3689/3376
f 3694/3694/3381 3684/3684/3371 3677/3677/3364
f 3695/3695/3382 3677/3677/3364 3686/3686/3373
f 3675/3675/3362 3683/3683/3370 3696/3696/3383
f 3689/3689/3376 3688/3688/3375 3691/3691/3378
f 3681/3681/3368 3678/3678/3365 3693/3693/3380
f 3691/3691/3378 3684/3684/3371 3694/3694/3381
f 3694/3694/3381 3677/3677/3364 3695/3695/3382
f 3695/3695/3382 3686/3686/3373 3697/3697/3384
f 3683/3683/3370 3685/3685/3372 3698/3698/3385
f 3697/3697/3384 3686/3686/3373 3687/3687/3374
f 3696/3696/3383 3679/3679/3366 3675/3675/3362
f 3699/3699/577 3679/3679/3366 3696/3696/3383
f 3700/3700/3386 3690/3690/3377 3673/3673/3360
f 3696/3696/3383 3683/3683/3370 3698/3698/3385
f 3701/3701/3387 3697/3697/3384 3687/3687/3374
f 3702/3702/3388 3673/3673/3360 3681/3681/3368
f 3700/3700/3386 3673/3673/3360 3702/3702/3388
f 3703/3703/3389 3690/3690/3377 3700/3700/3386
f 3703/3703/3389 3692/3692/3379 3690/3690/3377
f 3704/3704/3390 3694/3694/3381 3695/3695/3382
f 3704/3704/3390 3691/3691/3378 3694/3694/3381
f 3691/3691/3378 3704/3704/3390 3705/3705/3391
f 3705/3705/3391 3689/3689/3376 3691/3691/3378
f 3706/3706/3392 3697/3697/3384 3701/3701/3387
f 3699/3699/577 3696/3696/3383 3707/3707/3393
f 3708/3708/3394 3695/3695/3382 3709/3709/3395
f 3704/3704/3390 3695/3695/3382 3708/3708/3394
f 3709/3709/3395 3695/3695/3382 3710/3710/3396
f 3695/3695/3382 3697/3697/3384 3710/3710/3396
f 3698/3698/3385 3685/3685/3372 3692/3692/3379
f 3710/3710/3396 3697/3697/3384 3706/3706/3392
f 3702/3702/3388 3681/3681/3368 3693/3693/3380
f 3705/3705/3391 3704/3704/3390 3708/3708/3394
f 3711/3711/3397 3709/3709/3395 3710/3710/3396
f 3707/3707/3393 3696/3696/3383 3698/3698/3385
f 3712/3712/3398 3689/3689/3376 3705/3705/3391
f 3693/3693/3380 3689/3689/3376 3712/3712/3398
f 3713/3713/3399 3693/3693/3380 3712/3712/3398
f 3698/3698/3385 3692/3692/3379 3714/3714/3400
f 3715/3715/590 3699/3699/577 3707/3707/3393
f 3713/3713/3399 3702/3702/3388 3693/3693/3380
f 3716/3716/3401 3700/3700/3386 3702/3702/3388
f 3703/3703/3389 3700/3700/3386 3716/3716/3401
f 3717/3717/3402 3692/3692/3379 3703/3703/3389
f 3708/3708/3394 3709/3709/3395 3718/3718/3403
f 3705/3705/3391 3708/3708/3394 3718/3718/3403
f 3707/3707/3393 3698/3698/3385 3714/3714/3400
f 3719/3719/3404 3702/3702/3388 3713/3713/3399
f 3720/3720/3405 3709/3709/3395 3721/3721/3406
f 3718/3718/3403 3709/3709/3395 3720/3720/3405
f 3717/3717/3402 3703/3703/3389 3716/3716/3401
f 3721/3721/3406 3709/3709/3395 3711/3711/3397
f 3712/3712/3398 3705/3705/3391 3718/3718/3403
f 3722/3722/3407 3710/3710/3396 3706/3706/3392
f 3714/3714/3400 3692/3692/3379 3717/3717/3402
f 3711/3711/3397 3710/3710/3396 3722/3722/3407
f 3716/3716/3401 3702/3702/3388 3719/3719/3404
f 3723/3723/3408 3707/3707/3393 3714/3714/3400
f 3724/3724/3409 3720/3720/3405 3721/3721/3406
f 3724/3724/3409 3721/3721/3406 3711/3711/3397
f 3725/3725/3410 3711/3711/3397 3722/3722/3407
f 3715/3715/590 3707/3707/3393 3723/3723/3408
f 3726/3726/3411 3716/3716/3401 3719/3719/3404
f 3717/3717/3402 3716/3716/3401 3727/3727/3412
f 3728/3728/3413 3720/3720/3405 3724/3724/3409
f 3724/3724/3409 3711/3711/3397 3725/3725/3410
f 3729/3729/604 3715/3715/590 3723/3723/3408
f 3718/3718/3403 3720/3720/3405 3728/3728/3413
f 3713/3713/3399 3712/3712/3398 3730/3730/3414
f 3727/3727/3412 3716/3716/3401 3726/3726/3411
f 3730/3730/3414 3712/3712/3398 3718/3718/3403
f 3731/3731/3415 3714/3714/3400 3717/3717/3402
f 3723/3723/3408 3714/3714/3400 3731/3731/3415
f 3726/3726/3411 3719/3719/3404 3732/3732/3416
f 3733/3733/3417 3713/3713/3399 3730/3730/3414
f 3719/3719/3404 3713/3713/3399 3733/3733/3417
f 3734/3734/3418 3727/3727/3412 3726/3726/3411
f 3728/3728/3413 3724/3724/3409 3725/3725/3410
f 3735/3735/3419 3718/3718/3403 3728/3728/3413
f 3730/3730/3414 3718/3718/3403 3735/3735/3419
f 3717/3717/3402 3727/3727/3412 3734/3734/3418
f 3731/3731/3415 3717/3717/3402 3736/3736/3420
f 3725/3725/3410 3722/3722/3407 3737/3737/3421
f 3738/3738/611 3723/3723/3408 3731/3731/3415
f 3738/3738/611 3729/3729/604 3723/3723/3408
f 3732/3732/3416 3719/3719/3404 3733/3733/3417
f 3739/3739/3422 3728/3728/3413 3725/3725/3410
f 3736/3736/3420 3717/3717/3402 3734/3734/3418
f 3728/3728/3413 3739/3739/3422 3740/3740/3423
f 3740/3740/3423 3735/3735/3419 3728/3728/3413
f 3725/3725/3410 3737/3737/3421 3741/3741/3424
f 3734/3734/3418 3726/3726/3411 3732/3732/3416
f 3739/3739/3422 3725/3725/3410 3742/3742/3425
f 3743/3743/3426 3735/3735/3419 3740/3740/3423
f 3744/3744/3427 3730/3730/3414 3735/3735/3419
f 3744/3744/3427 3735/3735/3419 3743/3743/3426
f 3733/3733/3417 3730/3730/3414 3744/3744/3427
f 3742/3742/3425 3725/3725/3410 3741/3741/3424
f 3745/3745/616 3731/3731/3415 3736/3736/3420
f 3738/3738/611 3731/3731/3415 3746/3746/617
f 3740/3740/3423 3739/3739/3422 3747/3747/3428
f 3736/3736/3420 3734/3734/3418 3748/3748/3429
f 3749/3749/3430 3740/3740/3423 3747/3747/3428
f 3732/3732/3416 3733/3733/3417 3750/3750/3431
f 3743/3743/3426 3740/3740/3423 3749/3749/3430
f 3745/3745/616 3736/3736/3420 3748/3748/3429
f 3749/3749/3430 3747/3747/3428 3751/3751/3432
f 3751/3751/3432 3747/3747/3428 3739/3739/3422
f 3752/3752/3433 3749/3749/3430 3751/3751/3432
f 3752/3752/3433 3743/3743/3426 3749/3749/3430
f 3752/3752/3433 3744/3744/3427 3743/3743/3426
f 3753/3753/3434 3733/3733/3417 3744/3744/3427
f 3750/3750/3431 3733/3733/3417 3753/3753/3434
f 3754/3754/3435 3739/3739/3422 3742/3742/3425
f 3751/3751/3432 3739/3739/3422 3754/3754/3435
f 3742/3742/3425 3741/3741/3424 3755/3755/3436
f 3756/3756/3437 3751/3751/3432 3754/3754/3435
f 3756/3756/3437 3752/3752/3433 3751/3751/3432
f 3744/3744/3427 3752/3752/3433 3756/3756/3437
f 3734/3734/3418 3732/3732/3416 3757/3757/3438
f 3745/3745/616 3748/3748/3429 3758/3758/3439
f 3759/3759/3440 3745/3745/616 3758/3758/3439
f 3760/3760/3441 3732/3732/3416 3750/3750/3431
f 3757/3757/3438 3732/3732/3416 3760/3760/3441
f 3758/3758/3439 3748/3748/3429 3757/3757/3438
f 3748/3748/3429 3734/3734/3418 3757/3757/3438
f 3754/3754/3435 3742/3742/3425 3761/3761/3442
f 3742/3742/3425 3755/3755/3436 3761/3761/3442
f 3753/3753/3434 3744/3744/3427 3756/3756/3437
f 3760/3760/3441 3750/3750/3431 3753/3753/3434
f 3762/3762/3443 3754/3754/3435 3761/3761/3442
f 3763/3763/3444 3761/3761/3442 3755/3755/3436
f 3756/3756/3437 3754/3754/3435 3762/3762/3443
f 3764/3764/3445 3758/3758/3439 3757/3757/3438
f 3765/3765/3446 3758/3758/3439 3764/3764/3445
f 3759/3759/3440 3758/3758/3439 3765/3765/3446
f 3766/3766/3447 3756/3756/3437 3762/3762/3443
f 3767/3767/3448 3760/3760/3441 3753/3753/3434
f 3757/3757/3438 3760/3760/3441 3764/3764/3445
f 3768/3768/3449 3759/3759/3440 3765/3765/3446
f 3766/3766/3447 3753/3753/3434 3756/3756/3437
f 3767/3767/3448 3753/3753/3434 3766/3766/3447
f 3769/3769/3450 3760/3760/3441 3767/3767/3448
f 3764/3764/3445 3760/3760/3441 3769/3769/3450
f 3770/3770/3451 3761/3761/3442 3763/3763/3444
f 3771/3771/3452 3768/3768/3449 3765/3765/3446
f 3770/3770/3451 3762/3762/3443 3761/3761/3442
f 3772/3772/3453 3766/3766/3447 3762/3762/3443
f 3767/3767/3448 3766/3766/3447 3773/3773/3454
f 3774/3774/3455 3767/3767/3448 3773/3773/3454
f 3769/3769/3450 3767/3767/3448 3774/3774/3455
f 3775/3775/3456 3764/3764/3445 3769/3769/3450
f 3772/3772/3453 3762/3762/3443 3770/3770/3451
f 3773/3773/3454 3766/3766/3447 3772/3772/3453
f 3776/3776/3457 3765/3765/3446 3764/3764/3445
f 3777/3777/637 3768/3768/3449 3771/3771/3452
f 3776/3776/3457 3764/3764/3445 3775/3775/3456
f 3771/3771/3452 3765/3765/3446 3776/3776/3457
f 3778/3778/3458 3779/3779/3459 3780/3780/2624
f 3778/3778/3458 3781/3781/3460 3779/3779/3459
f 3782/3782/506 3780/3780/2624 3783/3783/2626
f 3782/3782/506 3778/3778/3458 3780/3780/2624
f 3778/3778/3458 3784/3784/3461 3781/3781/3460
f 3784/3784/3461 3785/3785/3462 3781/3781/3460
f 3786/3786/3463 3784/3784/3461 3778/3778/3458
f 3782/3782/506 3786/3786/3463 3778/3778/3458
f 3787/3787/3464 3782/3782/506 3788/3788/505
f 3789/3789/3465 3785/3785/3462 3784/3784/3461
f 3790/3790/3466 3784/3784/3461 3786/3786/3463
f 3787/3787/3464 3786/3786/3463 3782/3782/506
f 3791/3791/3467 3787/3787/3464 3788/3788/505
f 3790/3790/3466 3789/3789/3465 3784/3784/3461
f 3792/3792/3468 3790/3790/3466 3786/3786/3463
f 3792/3792/3468 3786/3786/3463 3787/3787/3464
f 3791/3791/3467 3792/3792/3468 3787/3787/3464
f 3793/3793/3469 3791/3791/3467 3794/3794/523
f 3791/3791/3467 3793/3793/3469 3792/3792/3468
f 3795/3795/3470 3796/3796/2866 3789/3789/3465
f 3795/3795/3470 3789/3789/3465 3790/3790/3466
f 3797/3797/3471 3793/3793/3469 3794/3794/523
f 3797/3797/3471 3794/3794/523 3798/3798/3472
f 3799/3799/3473 3795/3795/3470 3790/3790/3466
f 3799/3799/3473 3790/3790/3466 3792/3792/3468
f 3797/3797/3471 3799/3799/3473 3792/3792/3468
f 3797/3797/3471 3792/3792/3468 3793/3793/3469
f 3800/3800/532 3797/3797/3471 3798/3798/3472
f 3799/3799/3473 3801/3801/2876 3795/3795/3470
f 3801/3801/2876 3796/3796/2866 3795/3795/3470
f 3800/3800/532 3802/3802/531 3803/3803/3474
f 3800/3800/532 3803/3803/3474 3797/3797/3471
f 3797/3797/3471 3803/3803/3474 3799/3799/3473
f 3803/3803/3474 3804/3804/3475 3799/3799/3473
f 3803/3803/3474 3805/3805/3476 3806/3806/3477
f 3807/3807/536 3805/3805/3476 3803/3803/3474
f 3807/3807/536 3803/3803/3474 3802/3802/531
f 3804/3804/3475 3803/3803/3474 3806/3806/3477
f 3804/3804/3475 3801/3801/2876 3799/3799/3473
f 3808/3808/3478 3809/3809/3479 3805/3805/3476
f 3810/3810/534 3808/3808/3478 3805/3805/3476
f 3805/3805/3476 3809/3809/3479 3806/3806/3477
f 3807/3807/536 3810/3810/534 3805/3805/3476
f 3804/3804/3475 3811/3811/3480 3801/3801/2876
f 3812/3812/3481 3808/3808/3478 3813/3813/1236
f 3808/3808/3478 3812/3812/3481 3809/3809/3479
f 3814/3814/3482 3815/3815/2893 3811/3811/3480
f 3806/3806/3477 3809/3809/3479 3814/3814/3482
f 3804/3804/3475 3814/3814/3482 3811/3811/3480
f 3806/3806/3477 3814/3814/3482 3804/3804/3475
f 3812/3812/3481 3816/3816/3483 3809/3809/3479
f 3816/3816/3483 3814/3814/3482 3809/3809/3479
f 3817/3817/3484 3818/3818/3485 3813/3813/1236
f 3818/3818/3485 3812/3812/3481 3813/3813/1236
f 3819/3819/3486 3816/3816/3483 3812/3812/3481
f 3818/3818/3485 3819/3819/3486 3812/3812/3481
f 3820/3820/2896 3815/3815/2893 3814/3814/3482
f 3816/3816/3483 3820/3820/2896 3814/3814/3482
f 3821/3821/3487 3820/3820/2896 3816/3816/3483
f 3819/3819/3486 3821/3821/3487 3816/3816/3483
f 3822/3822/2904 3820/3820/2896 3821/3821/3487
f 3823/3823/3488 3819/3819/3486 3818/3818/3485
f 3824/3824/1250 3818/3818/3485 3817/3817/3484
f 3825/3825/3489 3823/3823/3488 3818/3818/3485
f 3826/3826/2909 3822/3822/2904 3821/3821/3487
f 3825/3825/3489 3818/3818/3485 3824/3824/1250
f 3827/3827/3490 3826/3826/2909 3821/3821/3487
f 3827/3827/3490 3821/3821/3487 3819/3819/3486
f 3828/3828/3491 3827/3827/3490 3819/3819/3486
f 3828/3828/3491 3819/3819/3486 3823/3823/3488
f 3829/3829/3492 3825/3825/3489 3824/3824/1250
f 3829/3829/3492 3824/3824/1250 3830/3830/1257
f 3831/3831/3493 3828/3828/3491 3823/3823/3488
f 3832/3832/3494 3826/3826/2909 3827/3827/3490
f 3831/3831/3493 3823/3823/3488 3825/3825/3489
f 3831/3831/3493 3833/3833/3495 3828/3828/3491
f 3828/3828/3491 3832/3832/3494 3827/3827/3490
f 3829/3829/3492 3830/3830/1257 3834/3834/1278
f 3833/3833/3495 3832/3832/3494 3828/3828/3491
f 3834/3834/1278 3835/3835/3496 3829/3829/3492
f 3835/3835/3496 3836/3836/3497 3829/3829/3492
f 3836/3836/3497 3825/3825/3489 3829/3829/3492
f 3836/3836/3497 3831/3831/3493 3825/3825/3489
f 3837/3837/2938 3838/3838/2922 3832/3832/3494
f 3833/3833/3495 3837/3837/2938 3832/3832/3494
f 3831/3831/3493 3839/3839/3498 3833/3833/3495
f 3839/3839/3498 3837/3837/2938 3833/3833/3495
f 3840/3840/3499 3835/3835/3496 3834/3834/1278
f 3841/3841/1298 3840/3840/3499 3834/3834/1278
f 3836/3836/3497 3839/3839/3498 3831/3831/3493
f 3837/3837/2938 3842/3842/3500 3838/3838/2922
f 3836/3836/3497 3835/3835/3496 3840/3840/3499
f 3843/3843/3501 3839/3839/3498 3836/3836/3497
f 3840/3840/3499 3843/3843/3501 3836/3836/3497
f 3844/3844/3502 3837/3837/2938 3839/3839/3498
f 3845/3845/3503 3844/3844/3502 3839/3839/3498
f 3844/3844/3502 3846/3846/3504 3837/3837/2938
f 3845/3845/3503 3839/3839/3498 3843/3843/3501
f 3847/3847/1332 3840/3840/3499 3841/3841/1298
f 3848/3848/3505 3843/3843/3501 3840/3840/3499
f 3847/3847/1332 3848/3848/3505 3840/3840/3499
f 3849/3849/3506 3845/3845/3503 3843/3843/3501
f 3849/3849/3506 3850/3850/3507 3845/3845/3503
f 3850/3850/3507 3844/3844/3502 3845/3845/3503
f 3848/3848/3505 3851/3851/3508 3843/3843/3501
f 3849/3849/3506 3843/3843/3501 3851/3851/3508
f 3850/3850/3507 3852/3852/3509 3844/3844/3502
f 3844/3844/3502 3853/3853/2948 3846/3846/3504
f 3852/3852/3509 3853/3853/2948 3844/3844/3502
f 3854/3854/1346 3847/3847/1332 3855/3855/1331
f 3854/3854/1346 3848/3848/3505 3847/3847/1332
f 3856/3856/3510 3851/3851/3508 3848/3848/3505
f 3854/3854/1346 3856/3856/3510 3848/3848/3505
f 3856/3856/3510 3857/3857/3511 3851/3851/3508
f 3857/3857/3511 3849/3849/3506 3851/3851/3508
f 3857/3857/3511 3850/3850/3507 3849/3849/3506
f 3858/3858/3512 3853/3853/2948 3852/3852/3509
f 3850/3850/3507 3858/3858/3512 3852/3852/3509
f 3859/3859/3513 3853/3853/2948 3858/3858/3512
f 3860/3860/3514 3850/3850/3507 3857/3857/3511
f 3860/3860/3514 3858/3858/3512 3850/3850/3507
f 3861/3861/3515 3860/3860/3514 3857/3857/3511
f 3862/3862/3516 3863/3863/3517 3854/3854/1346
f 3863/3863/3517 3856/3856/3510 3854/3854/1346
f 3861/3861/3515 3857/3857/3511 3856/3856/3510
f 3864/3864/3518 3859/3859/3513 3858/3858/3512
f 3865/3865/1361 3862/3862/3516 3854/3854/1346
f 3863/3863/3517 3866/3866/3519 3856/3856/3510
f 3867/3867/3520 3868/3868/2963 3859/3859/3513
f 3864/3864/3518 3867/3867/3520 3859/3859/3513
f 3866/3866/3519 3861/3861/3515 3856/3856/3510
f 3869/3869/3521 3864/3864/3518 3858/3858/3512
f 3869/3869/3521 3858/3858/3512 3860/3860/3514
f 3861/3861/3515 3869/3869/3521 3860/3860/3514
f 3870/3870/1363 3862/3862/3516 3865/3865/1361
f 3871/3871/3522 3867/3867/3520 3864/3864/3518
f 3871/3871/3522 3864/3864/3518 3869/3869/3521
f 3872/3872/3523 3861/3861/3515 3866/3866/3519
f 3873/3873/3524 3868/3868/2963 3867/3867/3520
f 3871/3871/3522 3873/3873/3524 3867/3867/3520
f 3874/3874/3525 3863/3863/3517 3862/3862/3516
f 3863/3863/3517 3875/3875/3526 3866/3866/3519
f 3872/3872/3523 3869/3869/3521 3861/3861/3515
f 3876/3876/3527 3862/3862/3516 3870/3870/1363
f 3877/3877/3528 3878/3878/2970 3868/3868/2963
f 3877/3877/3528 3868/3868/2963 3873/3873/3524
f 3872/3872/3523 3871/3871/3522 3869/3869/3521
f 3876/3876/3527 3874/3874/3525 3862/3862/3516
f 3874/3874/3525 3875/3875/3526 3863/3863/3517
f 3875/3875/3526 3872/3872/3523 3866/3866/3519
f 3879/3879/1400 3876/3876/3527 3870/3870/1363
f 3880/3880/3529 3873/3873/3524 3871/3871/3522
f 3881/3881/3530 3872/3872/3523 3875/3875/3526
f 3880/3880/3529 3871/3871/3522 3872/3872/3523
f 3882/3882/3531 3880/3880/3529 3872/3872/3523
f 3883/3883/3532 3875/3875/3526 3874/3874/3525
f 3884/3884/2973 3878/3878/2970 3877/3877/3528
f 3885/3885/3533 3877/3877/3528 3873/3873/3524
f 3883/3883/3532 3881/3881/3530 3875/3875/3526
f 3886/3886/3534 3884/3884/2973 3877/3877/3528
f 3880/3880/3529 3885/3885/3533 3873/3873/3524
f 3881/3881/3530 3882/3882/3531 3872/3872/3523
f 3885/3885/3533 3886/3886/3534 3877/3877/3528
f 3887/3887/3535 3885/3885/3533 3880/3880/3529
f 3888/3888/3536 3876/3876/3527 3879/3879/1400
f 3888/3888/3536 3889/3889/3537 3874/3874/3525
f 3888/3888/3536 3874/3874/3525 3876/3876/3527
f 3889/3889/3537 3883/3883/3532 3874/3874/3525
f 3890/3890/1414 3888/3888/3536 3879/3879/1400
f 3891/3891/3538 3881/3881/3530 3883/3883/3532
f 3887/3887/3535 3886/3886/3534 3885/3885/3533
f 3887/3887/3535 3880/3880/3529 3882/3882/3531
f 3890/3890/1414 3892/3892/1423 3893/3893/3539
f 3893/3893/3539 3888/3888/3536 3890/3890/1414
f 3891/3891/3538 3883/3883/3532 3889/3889/3537
f 3894/3894/3540 3882/3882/3531 3881/3881/3530
f 3891/3891/3538 3894/3894/3540 3881/3881/3530
f 3882/3882/3531 3894/3894/3540 3887/3887/3535
f 3893/3893/3539 3895/3895/3541 3888/3888/3536
f 3896/3896/3542 3886/3886/3534 3887/3887/3535
f 3895/3895/3541 3889/3889/3537 3888/3888/3536
f 3897/3897/3543 3891/3891/3538 3889/3889/3537
f 3898/3898/2980 3884/3884/2973 3886/3886/3534
f 3891/3891/3538 3899/3899/3544 3894/3894/3540
f 3900/3900/3545 3886/3886/3534 3896/3896/3542
f 3895/3895/3541 3893/3893/3539 3901/3901/3546
f 3902/3902/3547 3889/3889/3537 3895/3895/3541
f 3903/3903/3548 3898/3898/2980 3886/3886/3534
f 3904/3904/3549 3896/3896/3542 3887/3887/3535
f 3894/3894/3540 3904/3904/3549 3887/3887/3535
f 3905/3905/3550 3893/3893/3539 3892/3892/1423
f 3905/3905/3550 3901/3901/3546 3893/3893/3539
f 3901/3901/3546 3902/3902/3547 3895/3895/3541
f 3897/3897/3543 3906/3906/3551 3891/3891/3538
f 3900/3900/3545 3903/3903/3548 3886/3886/3534
f 3904/3904/3549 3894/3894/3540 3899/3899/3544
f 3904/3904/3549 3900/3900/3545 3896/3896/3542
f 3902/3902/3547 3897/3897/3543 3889/3889/3537
f 3903/3903/3548 3907/3907/2984 3898/3898/2980
f 3906/3906/3551 3899/3899/3544 3891/3891/3538
f 3908/3908/3552 3900/3900/3545 3904/3904/3549
f 3909/3909/3553 3908/3908/3552 3904/3904/3549
f 3909/3909/3553 3904/3904/3549 3899/3899/3544
f 3910/3910/3554 3902/3902/3547 3901/3901/3546
f 3910/3910/3554 3901/3901/3546 3905/3905/3550
f 3906/3906/3551 3909/3909/3553 3899/3899/3544
f 3911/3911/2991 3903/3903/3548 3900/3900/3545
f 3912/3912/3555 3911/3911/2991 3900/3900/3545
f 3912/3912/3555 3900/3900/3545 3908/3908/3552
f 3913/3913/2989 3912/3912/3555 3908/3908/3552
f 3909/3909/3553 3913/3913/2989 3908/3908/3552
f 3905/3905/3550 3914/3914/3556 3910/3910/3554
f 3902/3902/3547 3915/3915/3557 3897/3897/3543
f 3915/3915/3557 3906/3906/3551 3897/3897/3543
f 3916/3916/2996 3907/3907/2984 3903/3903/3548
f 3917/3917/3558 3909/3909/3553 3906/3906/3551
f 3911/3911/2991 3916/3916/2996 3903/3903/3548
f 3917/3917/3558 3918/3918/3034 3909/3909/3553
f 3918/3918/3034 3913/3913/2989 3909/3909/3553
f 3914/3914/3556 3905/3905/3550 3919/3919/1442
f 3910/3910/3554 3920/3920/3559 3902/3902/3547
f 3921/3921/3560 3917/3917/3558 3906/3906/3551
f 3920/3920/3559 3915/3915/3557 3902/3902/3547
f 3922/3922/3561 3914/3914/3556 3919/3919/1442
f 3914/3914/3556 3920/3920/3559 3910/3910/3554
f 3920/3920/3559 3923/3923/3562 3915/3915/3557
f 3924/3924/3563 3921/3921/3560 3906/3906/3551
f 3915/3915/3557 3924/3924/3563 3906/3906/3551
f 3924/3924/3563 3925/3925/2224 3921/3921/3560
f 3926/3926/3564 3914/3914/3556 3922/3922/3561
f 3920/3920/3559 3914/3914/3556 3927/3927/3565
f 3920/3920/3559 3927/3927/3565 3923/3923/3562
f 3915/3915/3557 3923/3923/3562 3924/3924/3563
f 3926/3926/3564 3928/3928/3566 3914/3914/3556
f 3923/3923/3562 3929/3929/3567 3924/3924/3563
f 3929/3929/3567 3930/3930/3568 3925/3925/2224
f 3924/3924/3563 3929/3929/3567 3925/3925/2224
f 3928/3928/3566 3927/3927/3565 3914/3914/3556
f 3923/3923/3562 3931/3931/3569 3929/3929/3567
f 3928/3928/3566 3932/3932/3570 3927/3927/3565
f 3923/3923/3562 3932/3932/3570 3931/3931/3569
f 3923/3923/3562 3927/3927/3565 3932/3932/3570
f 3933/3933/2233 3930/3930/3568 3929/3929/3567
f 3931/3931/3569 3934/3934/3571 3929/3929/3567
f 3929/3929/3567 3934/3934/3571 3933/3933/2233
f 3932/3932/3570 3928/3928/3566 3935/3935/3572
f 3932/3932/3570 3936/3936/3573 3931/3931/3569
f 3933/3933/2233 3934/3934/3571 3937/3937/3574
f 3935/3935/3572 3936/3936/3573 3932/3932/3570
f 3931/3931/3569 3936/3936/3573 3934/3934/3571
f 3933/3933/2233 3937/3937/3574 3938/3938/2241
f 3934/3934/3571 3939/3939/3575 3937/3937/3574
f 3937/3937/3574 3940/3940/2248 3938/3938/2241
f 3937/3937/3574 3939/3939/3575 3941/3941/2253
f 3937/3937/3574 3941/3941/2253 3940/3940/2248
f 3942/3942/3576 3934/3934/3571 3936/3936/3573
f 3934/3934/3571 3942/3942/3576 3939/3939/3575
f 3943/3943/3577 3944/3944/2254 3941/3941/2253
f 3943/3943/3577 3941/3941/2253 3939/3939/3575
f 3939/3939/3575 3945/3945/3578 3943/3943/3577
f 3942/3942/3576 3945/3945/3578 3939/3939/3575
f 3946/3946/3579 3947/3947/2270 3945/3945/3578
f 3948/3948/3580 3949/3949/2261 3943/3943/3577
f 3948/3948/3580 3943/3943/3577 3945/3945/3578
f 3944/3944/2254 3943/3943/3577 3949/3949/2261
f 3948/3948/3580 3945/3945/3578 3947/3947/2270
f 3949/3949/2261 3948/3948/3580 3950/3950/2275
f 3948/3948/3580 3947/3947/2270 3950/3950/2275
f 3951/3951/853 3952/3952/851 3953/3953/933
f 3954/3954/3581 3955/3955/3582 3956/3956/847
f 3957/3957/854 3955/3955/3582 3954/3954/3581
f 3958/3958/3583 3957/3957/854 3959/3959/3584
f 3960/3960/3585 3958/3958/3583 3959/3959/3584
f 3961/3961/855 3958/3958/3583 3960/3960/3585
f 3962/3962/1347 3961/3961/855 3960/3960/3585
f 3959/3959/3584 3957/3957/854 3954/3954/3581
f 3963/3963/3586 3962/3962/1347 3960/3960/3585
f 3964/3964/3587 3953/3953/933 3965/3965/939
f 3951/3951/853 3953/3953/933 3964/3964/3587
f 3966/3966/3588 3954/3954/3581 3951/3951/853
f 3966/3966/3588 3951/3951/853 3964/3964/3587
f 3959/3959/3584 3954/3954/3581 3967/3967/3589
f 3968/3968/3590 3964/3964/3587 3965/3965/939
f 3967/3967/3589 3954/3954/3581 3966/3966/3588
f 3960/3960/3585 3959/3959/3584 3969/3969/3591
f 3970/3970/3592 3964/3964/3587 3968/3968/3590
f 3966/3966/3588 3964/3964/3587 3970/3970/3592
f 3960/3960/3585 3969/3969/3591 3971/3971/3593
f 3971/3971/3593 3963/3963/3586 3960/3960/3585
f 3972/3972/3594 3963/3963/3586 3971/3971/3593
f 3973/3973/3595 3965/3965/939 3974/3974/3596
f 3973/3973/3595 3968/3968/3590 3965/3965/939
f 3967/3967/3589 3966/3966/3588 3970/3970/3592
f 3970/3970/3592 3968/3968/3590 3975/3975/3597
f 3976/3976/3598 3967/3967/3589 3970/3970/3592
f 3969/3969/3591 3959/3959/3584 3967/3967/3589
f 3977/3977/3599 3971/3971/3593 3969/3969/3591
f 3972/3972/3594 3971/3971/3593 3977/3977/3599
f 3978/3978/3600 3973/3973/3595 3979/3979/946
f 3973/3973/3595 3974/3974/3596 3979/3979/946
f 3978/3978/3600 3968/3968/3590 3973/3973/3595
f 3969/3969/3591 3967/3967/3589 3976/3976/3598
f 3980/3980/3601 3969/3969/3591 3976/3976/3598
f 3977/3977/3599 3969/3969/3591 3980/3980/3601
f 3972/3972/3594 3977/3977/3599 3981/3981/3602
f 3982/3982/3603 3972/3972/3594 3981/3981/3602
f 3982/3982/3603 3981/3981/3602 3983/3983/3604
f 3975/3975/3597 3968/3968/3590 3978/3978/3600
f 3981/3981/3602 3977/3977/3599 3980/3980/3601
f 3983/3983/3604 3981/3981/3602 3984/3984/1385
f 3983/3983/3604 3984/3984/1385 3985/3985/3605
f 3986/3986/3606 3970/3970/3592 3975/3975/3597
f 3986/3986/3606 3976/3976/3598 3970/3970/3592
f 3987/3987/3607 3976/3976/3598 3986/3986/3606
f 3980/3980/3601 3976/3976/3598 3987/3987/3607
f 3984/3984/1385 3980/3980/3601 3987/3987/3607
f 3981/3981/3602 3980/3980/3601 3984/3984/1385
f 3984/3984/1385 3988/3988/1368 3985/3985/3605
f 3978/3978/3600 3979/3979/946 3989/3989/956
f 3990/3990/3608 3975/3975/3597 3978/3978/3600
f 3991/3991/3609 3987/3987/3607 3986/3986/3606
f 3991/3991/3609 3984/3984/1385 3987/3987/3607
f 3992/3992/1382 3984/3984/1385 3991/3991/3609
f 3990/3990/3608 3978/3978/3600 3989/3989/956
f 3989/3989/956 3993/3993/957 3990/3990/3608
f 3994/3994/3610 3975/3975/3597 3990/3990/3608
f 3994/3994/3610 3986/3986/3606 3975/3975/3597
f 3995/3995/3611 3986/3986/3606 3994/3994/3610
f 3991/3991/3609 3986/3986/3606 3995/3995/3611
f 3993/3993/957 3996/3996/3612 3997/3997/963
f 3998/3998/3613 3992/3992/1382 3991/3991/3609
f 3999/3999/1396 3992/3992/1382 3998/3998/3613
f 3999/3999/1396 3998/3998/3613 4000/4000/1415
f 3990/3990/3608 3993/3993/957 4001/4001/3614
f 3998/3998/3613 3991/3991/3609 4002/4002/3615
f 3998/3998/3613 4002/4002/3615 4003/4003/3616
f 3993/3993/957 3997/3997/963 4001/4001/3614
f 4004/4004/3617 3994/3994/3610 3990/3990/3608
f 3995/3995/3611 3994/3994/3610 4004/4004/3617
f 3995/3995/3611 4005/4005/3618 4006/4006/3619
f 3991/3991/3609 3995/3995/3611 4006/4006/3619
f 4006/4006/3619 4002/4002/3615 3991/3991/3609
f 4000/4000/1415 3998/3998/3613 4003/4003/3616
f 4004/4004/3617 3990/3990/3608 4001/4001/3614
f 4003/4003/3616 4002/4002/3615 4007/4007/3620
f 3995/3995/3611 4004/4004/3617 4005/4005/3618
f 4006/4006/3619 4005/4005/3618 4008/4008/3621
f 4007/4007/3620 4006/4006/3619 4009/4009/3622
f 4007/4007/3620 4002/4002/3615 4006/4006/3619
f 4010/4010/3623 4003/4003/3616 4007/4007/3620
f 4011/4011/3624 4003/4003/3616 4010/4010/3623
f 4011/4011/3624 4000/4000/1415 4003/4003/3616
f 4010/4010/3623 4007/4007/3620 4012/4012/3625
f 3997/3997/963 4013/4013/969 4014/4014/3626
f 4014/4014/3626 4001/4001/3614 3997/3997/963
f 4005/4005/3618 4004/4004/3617 4015/4015/3627
f 4006/4006/3619 4008/4008/3621 4009/4009/3622
f 4016/4016/3628 4007/4007/3620 4009/4009/3622
f 4016/4016/3628 4012/4012/3625 4007/4007/3620
f 4017/4017/3629 4012/4012/3625 4016/4016/3628
f 4014/4014/3626 4013/4013/969 4018/4018/971
f 4001/4001/3614 4014/4014/3626 4019/4019/3630
f 4004/4004/3617 4001/4001/3614 4019/4019/3630
f 4005/4005/3618 4015/4015/3627 4008/4008/3621
f 4009/4009/3622 4008/4008/3621 4020/4020/3631
f 4021/4021/3632 4000/4000/1415 4011/4011/3624
f 4022/4022/3633 4023/4023/3634 4024/4024/1433
f 4025/4025/3635 4014/4014/3626 4018/4018/971
f 4004/4004/3617 4019/4019/3630 4015/4015/3627
f 4008/4008/3621 4015/4015/3627 4020/4020/3631
f 4026/4026/3636 4009/4009/3622 4020/4020/3631
f 4016/4016/3628 4009/4009/3622 4026/4026/3636
f 4012/4012/3625 4017/4017/3629 4027/4027/3637
f 4010/4010/3623 4012/4012/3625 4027/4027/3637
f 4011/4011/3624 4010/4010/3623 4027/4027/3637
f 4021/4021/3632 4011/4011/3624 4027/4027/3637
f 4028/4028/1421 4029/4029/3638 4023/4023/3634
f 4028/4028/1421 4030/4030/3639 4029/4029/3638
f 4025/4025/3635 4018/4018/971 4031/4031/977
f 4014/4014/3626 4025/4025/3635 4032/4032/3640
f 4014/4014/3626 4032/4032/3640 4019/4019/3630
f 4015/4015/3627 4019/4019/3630 4033/4033/3641
f 4021/4021/3632 4027/4027/3637 4034/4034/3642
f 4034/4034/3642 4027/4027/3637 4017/4017/3629
f 4035/4035/1431 4021/4021/3632 4034/4034/3642
f 4029/4029/3638 4036/4036/3643 4024/4024/1433
f 4030/4030/3639 4037/4037/3644 4029/4029/3638
f 4029/4029/3638 4024/4024/1433 4023/4023/3634
f 4038/4038/3645 4032/4032/3640 4025/4025/3635
f 4019/4019/3630 4032/4032/3640 4033/4033/3641
f 4020/4020/3631 4033/4033/3641 4039/4039/3646
f 4015/4015/3627 4033/4033/3641 4020/4020/3631
f 4040/4040/3647 4017/4017/3629 4016/4016/3628
f 4041/4041/3648 4017/4017/3629 4040/4040/3647
f 4042/4042/3649 4034/4034/3642 4041/4041/3648
f 4034/4034/3642 4017/4017/3629 4041/4041/3648
f 4037/4037/3644 4034/4034/3642 4042/4042/3649
f 4035/4035/1431 4034/4034/3642 4037/4037/3644
f 4041/4041/3648 4040/4040/3647 4036/4036/3643
f 4042/4042/3649 4041/4041/3648 4036/4036/3643
f 4042/4042/3649 4036/4036/3643 4029/4029/3638
f 4043/4043/1434 4024/4024/1433 4036/4036/3643
f 4043/4043/1434 4036/4036/3643 4040/4040/3647
f 4029/4029/3638 4037/4037/3644 4042/4042/3649
f 4044/4044/3650 4025/4025/3635 4031/4031/977
f 4033/4033/3641 4032/4032/3640 4038/4038/3645
f 4045/4045/3651 4016/4016/3628 4026/4026/3636
f 4045/4045/3651 4040/4040/3647 4016/4016/3628
f 4038/4038/3645 4025/4025/3635 4044/4044/3650
f 4046/4046/3652 4033/4033/3641 4038/4038/3645
f 4020/4020/3631 4039/4039/3646 4047/4047/3653
f 4026/4026/3636 4020/4020/3631 4047/4047/3653
f 4048/4048/3654 4043/4043/1434 4040/4040/3647
f 4049/4049/1435 4043/4043/1434 4048/4048/3654
f 4050/4050/3655 4038/4038/3645 4044/4044/3650
f 4039/4039/3646 4033/4033/3641 4046/4046/3652
f 4048/4048/3654 4040/4040/3647 4045/4045/3651
f 4044/4044/3650 4031/4031/977 4051/4051/984
f 4052/4052/3656 4039/4039/3646 4046/4046/3652
f 4047/4047/3653 4039/4039/3646 4052/4052/3656
f 4045/4045/3651 4026/4026/3636 4053/4053/3657
f 4054/4054/3658 4044/4044/3650 4051/4051/984
f 4046/4046/3652 4038/4038/3645 4050/4050/3655
f 4053/4053/3657 4026/4026/3636 4047/4047/3653
f 4053/4053/3657 4047/4047/3653 4052/4052/3656
f 4055/4055/3659 4048/4048/3654 4045/4045/3651
f 4055/4055/3659 4049/4049/1435 4048/4048/3654
f 4055/4055/3659 4056/4056/3660 4049/4049/1435
f 4050/4050/3655 4044/4044/3650 4054/4054/3658
f 4053/4053/3657 4052/4052/3656 4057/4057/3661
f 4058/4058/3662 4045/4045/3651 4053/4053/3657
f 4055/4055/3659 4045/4045/3651 4058/4058/3662
f 4059/4059/3663 4060/4060/1439 4056/4056/3660
f 4061/4061/3664 4060/4060/1439 4059/4059/3663
f 4054/4054/3658 4051/4051/984 4062/4062/995
f 4050/4050/3655 4054/4054/3658 4063/4063/3665
f 4046/4046/3652 4050/4050/3655 4064/4064/3666
f 4052/4052/3656 4046/4046/3652 4064/4064/3666
f 4057/4057/3661 4052/4052/3656 4064/4064/3666
f 4065/4065/3667 4055/4055/3659 4066/4066/3668
f 4056/4056/3660 4055/4055/3659 4065/4065/3667
f 4059/4059/3663 4056/4056/3660 4065/4065/3667
f 4067/4067/3669 4053/4053/3657 4057/4057/3661
f 3922/3922/3561 4061/4061/3664 4059/4059/3663
f 4068/4068/3670 4050/4050/3655 4063/4063/3665
f 4068/4068/3670 4064/4064/3666 4050/4050/3655
f 4058/4058/3662 4053/4053/3657 4067/4067/3669
f 4066/4066/3668 4055/4055/3659 4058/4058/3662
f 4062/4062/995 4069/4069/993 4070/4070/3671
f 4054/4054/3658 4062/4062/995 4071/4071/3672
f 4054/4054/3658 4071/4071/3672 4063/4063/3665
f 4072/4072/3673 4064/4064/3666 4068/4068/3670
f 4072/4072/3673 4057/4057/3661 4064/4064/3666
f 4058/4058/3662 4067/4067/3669 4073/4073/3674
f 4059/4059/3663 4074/4074/3675 3922/3922/3561
f 3922/3922/3561 4074/4074/3675 3926/3926/3564
f 4075/4075/994 4076/4076/3676 4077/4077/3677
f 4070/4070/3671 4069/4069/993 4078/4078/998
f 4071/4071/3672 4062/4062/995 4070/4070/3671
f 4063/4063/3665 4071/4071/3672 4079/4079/3678
f 4080/4080/3679 4067/4067/3669 4057/4057/3661
f 4073/4073/3674 4067/4067/3669 4080/4080/3679
f 4074/4074/3675 4059/4059/3663 4081/4081/3680
f 4078/4078/998 4075/4075/994 4077/4077/3677
f 4071/4071/3672 4070/4070/3671 4079/4079/3678
f 4068/4068/3670 4063/4063/3665 4079/4079/3678
f 4080/4080/3679 4057/4057/3661 4072/4072/3673
f 4066/4066/3668 4058/4058/3662 4073/4073/3674
f 4081/4081/3680 4059/4059/3663 4065/4065/3667
f 3926/3926/3564 4074/4074/3675 4082/4082/3681
f 4077/4077/3677 4076/4076/3676 4083/4083/2109
f 4084/4084/3682 4085/4085/2122 4086/4086/2331
f 4077/4077/3677 4083/4083/2109 4084/4084/3682
f 4070/4070/3671 4078/4078/998 4087/4087/3683
f 4088/4088/3684 4065/4065/3667 4066/4066/3668
f 4081/4081/3680 4089/4089/3685 4074/4074/3675
f 4082/4082/3681 4074/4074/3675 4089/4089/3685
f 3926/3926/3564 4082/4082/3681 3928/3928/3566
f 4086/4086/2331 4090/4090/1838 4091/4091/1845
f 4085/4085/2122 4084/4084/3682 4083/4083/2109
f 4092/4092/3686 4084/4084/3682 4086/4086/2331
f 4077/4077/3677 4084/4084/3682 4092/4092/3686
f 4093/4093/3687 4070/4070/3671 4087/4087/3683
f 4079/4079/3678 4070/4070/3671 4093/4093/3687
f 4068/4068/3670 4079/4079/3678 4094/4094/3688
f 4072/4072/3673 4068/4068/3670 4094/4094/3688
f 4066/4066/3668 4073/4073/3674 4095/4095/3689
f 4088/4088/3684 4066/4066/3668 4095/4095/3689
f 4081/4081/3680 4088/4088/3684 4096/4096/3690
f 4081/4081/3680 4065/4065/3667 4088/4088/3684
f 4081/4081/3680 4096/4096/3690 4089/4089/3685
f 4097/4097/3691 4077/4077/3677 4092/4092/3686
f 4092/4092/3686 4086/4086/2331 4091/4091/1845
f 4098/4098/3692 4078/4078/998 4077/4077/3677
f 4098/4098/3692 4077/4077/3677 4097/4097/3691
f 4087/4087/3683 4078/4078/998 4098/4098/3692
f 4079/4079/3678 4099/4099/3693 4094/4094/3688
f 4080/4080/3679 4072/4072/3673 4100/4100/3694
f 4080/4080/3679 4100/4100/3694 4073/4073/3674
f 4088/4088/3684 4095/4095/3689 4096/4096/3690
f 3928/3928/3566 4082/4082/3681 3935/3935/3572
f 4092/4092/3686 4091/4091/1845 4101/4101/1855
f 4097/4097/3691 4092/4092/3686 4102/4102/3695
f 4093/4093/3687 4087/4087/3683 4098/4098/3692
f 4099/4099/3693 4079/4079/3678 4093/4093/3687
f 4095/4095/3689 4073/4073/3674 4103/4103/3696
f 4096/4096/3690 4095/4095/3689 4103/4103/3696
f 4082/4082/3681 4089/4089/3685 4104/4104/3697
f 4102/4102/3695 4092/4092/3686 4101/4101/1855
f 4098/4098/3692 4097/4097/3691 4105/4105/3698
f 4093/4093/3687 4098/4098/3692 4106/4106/3699
f 4099/4099/3693 4093/4093/3687 4106/4106/3699
f 4107/4107/3700 4072/4072/3673 4094/4094/3688
f 4100/4100/3694 4072/4072/3673 4107/4107/3700
f 4103/4103/3696 4073/4073/3674 4100/4100/3694
f 4096/4096/3690 4103/4103/3696 4108/4108/3701
f 4082/4082/3681 4104/4104/3697 3935/3935/3572
f 4105/4105/3698 4097/4097/3691 4102/4102/3695
f 4099/4099/3693 4106/4106/3699 4109/4109/3702
f 4094/4094/3688 4099/4099/3693 4109/4109/3702
f 4094/4094/3688 4109/4109/3702 4107/4107/3700
f 4100/4100/3694 4110/4110/3703 4103/4103/3696
f 4096/4096/3690 4108/4108/3701 4111/4111/3704
f 4089/4089/3685 4096/4096/3690 4111/4111/3704
f 4104/4104/3697 4089/4089/3685 4111/4111/3704
f 3935/3935/3572 4104/4104/3697 4112/4112/3705
f 3935/3935/3572 4112/4112/3705 3936/3936/3573
f 4105/4105/3698 4102/4102/3695 4113/4113/3706
f 4106/4106/3699 4098/4098/3692 4105/4105/3698
f 4100/4100/3694 4107/4107/3700 4114/4114/3707
f 4100/4100/3694 4114/4114/3707 4110/4110/3703
f 3936/3936/3573 4112/4112/3705 3942/3942/3576
f 4113/4113/3706 4101/4101/1855 4115/4115/1864
f 4102/4102/3695 4101/4101/1855 4113/4113/3706
f 4116/4116/3708 4107/4107/3700 4109/4109/3702
f 4107/4107/3700 4116/4116/3708 4114/4114/3707
f 4103/4103/3696 4110/4110/3703 4117/4117/3709
f 4108/4108/3701 4103/4103/3696 4117/4117/3709
f 4108/4108/3701 4117/4117/3709 4118/4118/3710
f 4111/4111/3704 4108/4108/3701 4118/4118/3710
f 4104/4104/3697 4111/4111/3704 4119/4119/3711
f 4104/4104/3697 4119/4119/3711 4120/4120/3712
f 4112/4112/3705 4104/4104/3697 4120/4120/3712
f 4121/4121/3713 4105/4105/3698 4113/4113/3706
f 4106/4106/3699 4105/4105/3698 4121/4121/3713
f 4109/4109/3702 4106/4106/3699 4122/4122/3714
f 4109/4109/3702 4122/4122/3714 4116/4116/3708
f 4110/4110/3703 4114/4114/3707 4123/4123/3715
f 4110/4110/3703 4124/4124/3716 4117/4117/3709
f 4111/4111/3704 4118/4118/3710 4119/4119/3711
f 4112/4112/3705 4120/4120/3712 3946/3946/3579
f 4112/4112/3705 3946/3946/3579 3942/3942/3576
f 4113/4113/3706 4115/4115/1864 4125/4125/1875
f 4126/4126/3717 4113/4113/3706 4125/4125/1875
f 4121/4121/3713 4113/4113/3706 4126/4126/3717
f 4106/4106/3699 4121/4121/3713 4127/4127/3718
f 4122/4122/3714 4106/4106/3699 4127/4127/3718
f 4116/4116/3708 4122/4122/3714 4123/4123/3715
f 4114/4114/3707 4116/4116/3708 4123/4123/3715
f 4110/4110/3703 4123/4123/3715 4124/4124/3716
f 4117/4117/3709 4124/4124/3716 4128/4128/3719
f 4118/4118/3710 4117/4117/3709 4128/4128/3719
f 3942/3942/3576 3946/3946/3579 3945/3945/3578
f 4129/4129/3720 4121/4121/3713 4126/4126/3717
f 4127/4127/3718 4121/4121/3713 4129/4129/3720
f 4118/4118/3710 4128/4128/3719 4130/4130/3721
f 4119/4119/3711 4118/4118/3710 4130/4130/3721
f 4120/4120/3712 4131/4131/3722 4132/4132/3723
f 4120/4120/3712 4119/4119/3711 4131/4131/3722
f 3946/3946/3579 4120/4120/3712 4132/4132/3723
f 4126/4126/3717 4125/4125/1875 4133/4133/3724
f 4134/4134/3725 4127/4127/3718 4129/4129/3720
f 4122/4122/3714 4127/4127/3718 4134/4134/3725
f 4123/4123/3715 4122/4122/3714 4135/4135/3726
f 4123/4123/3715 4135/4135/3726 4124/4124/3716
f 4119/4119/3711 4130/4130/3721 4131/4131/3722
f 3946/3946/3579 4132/4132/3723 3947/3947/2270
f 4136/4136/3727 4126/4126/3717 4133/4133/3724
f 4129/4129/3720 4126/4126/3717 4136/4136/3727
f 4134/4134/3725 4129/4129/3720 4136/4136/3727
f 4135/4135/3726 4122/4122/3714 4134/4134/3725
f 4128/4128/3719 4124/4124/3716 4137/4137/3728
f 4128/4128/3719 4137/4137/3728 4130/4130/3721
f 4131/4131/3722 4130/4130/3721 4138/4138/3729
f 4132/4132/3723 4131/4131/3722 4139/4139/2271
f 4132/4132/3723 4139/4139/2271 3947/3947/2270
f 4140/4140/1889 4133/4133/3724 4125/4125/1875
f 4136/4136/3727 4133/4133/3724 4140/4140/1889
f 4141/4141/3730 4134/4134/3725 4136/4136/3727
f 4135/4135/3726 4134/4134/3725 4141/4141/3730
f 4141/4141/3730 4136/4136/3727 4142/4142/3731
f 4143/4143/3732 4141/4141/3730 4144/4144/3733
f 4135/4135/3726 4141/4141/3730 4143/4143/3732
f 4124/4124/3716 4135/4135/3726 4143/4143/3732
f 4124/4124/3716 4143/4143/3732 4137/4137/3728
f 4138/4138/3729 4137/4137/3728 4145/4145/3734
f 4130/4130/3721 4137/4137/3728 4138/4138/3729
f 4131/4131/3722 4138/4138/3729 4146/4146/2281
f 4138/4138/3729 4145/4145/3734 4146/4146/2281
f 4131/4131/3722 4146/4146/2281 4139/4139/2271
f 4136/4136/3727 4140/4140/1889 4147/4147/1894
f 4142/4142/3731 4136/4136/3727 4147/4147/1894
f 4144/4144/3733 4141/4141/3730 4142/4142/3731
f 4148/4148/3735 4144/4144/3733 4142/4142/3731
f 4137/4137/3728 4143/4143/3732 4144/4144/3733
f 4145/4145/3734 4144/4144/3733 4148/4148/3735
f 4137/4137/3728 4144/4144/3733 4145/4145/3734
f 4145/4145/3734 4148/4148/3735 4149/4149/3736
f 4145/4145/3734 4149/4149/3736 4150/4150/2282
f 4146/4146/2281 4145/4145/3734 4150/4150/2282
f 4142/4142/3731 4147/4147/1894 4151/4151/1898
f 4148/4148/3735 4142/4142/3731 4151/4151/1898
f 4148/4148/3735 4151/4151/1898 4152/4152/1900
f 4148/4148/3735 4152/4152/1900 4149/4149/3736
f 4153/4153/1901 4149/4149/3736 4152/4152/1900
f 4150/4150/2282 4149/4149/3736 4153/4153/1901
f 4150/4150/2282 4153/4153/1901 4154/4154/1910
f 4154/4154/1910 4153/4153/1901 4155/4155/1904
f 4156/4156/2287 4150/4150/2282 4154/4154/1910
f 4156/4156/2287 4154/4154/1910 4157/4157/1909
f 4158/4158/3737 4156/4156/2287 4157/4157/1909
f 4158/4158/3737 4157/4157/1909 4159/4159/1912
f 4160/4160/2293 4156/4156/2287 4158/4158/3737
f 4161/4161/3738 4160/4160/2293 4158/4158/3737
f 4162/4162/3739 4158/4158/3737 4159/4159/1912
f 4161/4161/3738 4158/4158/3737 4163/4163/3740
f 4163/4163/3740 4158/4158/3737 4162/4162/3739
f 4163/4163/3740 4162/4162/3739 4164/4164/1935
f 4165/4165/1940 4161/4161/3738 4164/4164/1935
f 4161/4161/3738 4163/4163/3740 4164/4164/1935
f 4166/4166/3741 4167/4167/3742 4168/4168/3743
f 4166/4166/3741 4169/4169/3744 4167/4167/3742
f 4170/4170/3745 4166/4166/3741 4168/4168/3743
f 4171/4171/3069 4170/4170/3745 4168/4168/3743
f 4170/4170/3745 4172/4172/3746 4166/4166/3741
f 4173/4173/3072 4170/4170/3745 4171/4171/3069
f 4172/4172/3746 4169/4169/3744 4166/4166/3741
f 4172/4172/3746 4174/4174/3747 4169/4169/3744
f 4172/4172/3746 4170/4170/3745 4173/4173/3072
f 4175/4175/3748 4174/4174/3747 4172/4172/3746
f 4175/4175/3748 4172/4172/3746 4173/4173/3072
f 4176/4176/3073 4175/4175/3748 4173/4173/3072
f 4167/4167/3742 4177/4177/3749 4178/4178/3750
f 4168/4168/3743 4167/4167/3742 4179/4179/3066
f 4167/4167/3742 4178/4178/3750 4179/4179/3066
f 4169/4169/3744 4177/4177/3749 4167/4167/3742
f 4175/4175/3748 4180/4180/3751 4174/4174/3747
f 4181/4181/3752 4175/4175/3748 4176/4176/3073
f 4182/4182/3753 4181/4181/3752 4176/4176/3073
f 4182/4182/3753 4176/4176/3073 4183/4183/3074
f 4179/4179/3066 4178/4178/3750 4184/4184/3754
f 4185/4185/3755 4186/4186/3756 4169/4169/3744
f 4174/4174/3747 4185/4185/3755 4169/4169/3744
f 4180/4180/3751 4185/4185/3755 4174/4174/3747
f 4181/4181/3752 4180/4180/3751 4175/4175/3748
f 4178/4178/3750 4187/4187/3333 4184/4184/3754
f 4177/4177/3749 4188/4188/3757 4189/4189/3758
f 4177/4177/3749 4189/4189/3758 4178/4178/3750
f 4169/4169/3744 4186/4186/3756 4188/4188/3757
f 4169/4169/3744 4188/4188/3757 4177/4177/3749
f 4190/4190/3759 4180/4180/3751 4181/4181/3752
f 4191/4191/3760 4181/4181/3752 4182/4182/3753
f 4178/4178/3750 4189/4189/3758 4187/4187/3333
f 4185/4185/3755 4192/4192/3761 4186/4186/3756
f 4193/4193/3762 4185/4185/3755 4180/4180/3751
f 4194/4194/3763 4193/4193/3762 4180/4180/3751
f 4190/4190/3759 4194/4194/3763 4180/4180/3751
f 4195/4195/3087 4190/4190/3759 4181/4181/3752
f 4195/4195/3087 4181/4181/3752 4191/4191/3760
f 4184/4184/3754 4187/4187/3333 4196/4196/3332
f 4197/4197/3337 4189/4189/3758 4188/4188/3757
f 4188/4188/3757 4198/4198/3764 4197/4197/3337
f 4186/4186/3756 4198/4198/3764 4188/4188/3757
f 4186/4186/3756 4199/4199/3765 4198/4198/3764
f 4186/4186/3756 4192/4192/3761 4199/4199/3765
f 4192/4192/3761 4185/4185/3755 4193/4193/3762
f 4200/4200/3766 4194/4194/3763 4190/4190/3759
f 4200/4200/3766 4190/4190/3759 4195/4195/3087
f 4189/4189/3758 4201/4201/3767 4187/4187/3333
f 4198/4198/3764 4202/4202/3768 4197/4197/3337
f 4198/4198/3764 4199/4199/3765 4202/4202/3768
f 4192/4192/3761 4203/4203/3769 4199/4199/3765
f 4197/4197/3337 4201/4201/3767 4189/4189/3758
f 4197/4197/3337 4202/4202/3768 4204/4204/3338
f 4199/4199/3765 4205/4205/3770 4202/4202/3768
f 4199/4199/3765 4206/4206/3771 4205/4205/3770
f 4203/4203/3769 4206/4206/3771 4199/4199/3765
f 4207/4207/3772 4203/4203/3769 4192/4192/3761
f 4193/4193/3762 4207/4207/3772 4192/4192/3761
f 4208/4208/3773 4207/4207/3772 4193/4193/3762
f 4194/4194/3763 4208/4208/3773 4193/4193/3762
f 4200/4200/3766 4209/4209/3774 4194/4194/3763
f 4210/4210/3086 4200/4200/3766 4195/4195/3087
f 4197/4197/3337 4211/4211/3339 4201/4201/3767
f 4212/4212/3775 4206/4206/3771 4203/4203/3769
f 4213/4213/3776 4212/4212/3775 4203/4203/3769
f 4207/4207/3772 4213/4213/3776 4203/4203/3769
f 4202/4202/3768 4214/4214/3777 4204/4204/3338
f 4205/4205/3770 4214/4214/3777 4202/4202/3768
f 4206/4206/3771 4215/4215/3778 4205/4205/3770
f 4215/4215/3778 4216/4216/3779 4205/4205/3770
f 4206/4206/3771 4217/4217/3780 4215/4215/3778
f 4212/4212/3775 4217/4217/3780 4206/4206/3771
f 4218/4218/3781 4212/4212/3775 4213/4213/3776
f 4219/4219/3782 4213/4213/3776 4207/4207/3772
f 4219/4219/3782 4218/4218/3781 4213/4213/3776
f 4219/4219/3782 4207/4207/3772 4208/4208/3773
f 4220/4220/3783 4218/4218/3781 4219/4219/3782
f 4210/4210/3086 4221/4221/3784 4200/4200/3766
f 4204/4204/3338 4214/4214/3777 4222/4222/3340
f 4205/4205/3770 4223/4223/3785 4214/4214/3777
f 4216/4216/3779 4223/4223/3785 4205/4205/3770
f 4215/4215/3778 4224/4224/3786 4216/4216/3779
f 4217/4217/3780 4224/4224/3786 4215/4215/3778
f 4225/4225/3787 4217/4217/3780 4212/4212/3775
f 4218/4218/3781 4225/4225/3787 4212/4212/3775
f 4226/4226/3100 4219/4219/3782 4208/4208/3773
f 4209/4209/3774 4208/4208/3773 4194/4194/3763
f 4226/4226/3100 4220/4220/3783 4219/4219/3782
f 4227/4227/3788 4225/4225/3787 4218/4218/3781
f 4220/4220/3783 4227/4227/3788 4218/4218/3781
f 4228/4228/3096 4220/4220/3783 4226/4226/3100
f 4229/4229/3789 4227/4227/3788 4220/4220/3783
f 4229/4229/3789 4220/4220/3783 4228/4228/3096
f 4229/4229/3789 4230/4230/3790 4227/4227/3788
f 4231/4231/3791 4229/4229/3789 4228/4228/3096
f 4232/4232/3792 4230/4230/3790 4229/4229/3789
f 4231/4231/3791 4232/4232/3792 4229/4229/3789
f 4233/4233/3793 4230/4230/3790 4232/4232/3792
f 4234/4234/3098 4232/4232/3792 4231/4231/3791
f 4234/4234/3098 4233/4233/3793 4232/4232/3792
f 4214/4214/3777 4235/4235/3794 4222/4222/3340
f 4214/4214/3777 4223/4223/3785 4235/4235/3794
f 4225/4225/3787 4236/4236/3795 4217/4217/3780
f 4227/4227/3788 4237/4237/3796 4225/4225/3787
f 4221/4221/3784 4209/4209/3774 4200/4200/3766
f 4238/4238/3797 4237/4237/3796 4227/4227/3788
f 4230/4230/3790 4238/4238/3797 4227/4227/3788
f 4239/4239/3798 4238/4238/3797 4230/4230/3790
f 4233/4233/3793 4239/4239/3798 4230/4230/3790
f 4233/4233/3793 4240/4240/3799 4239/4239/3798
f 4233/4233/3793 4241/4241/3800 4240/4240/3799
f 4242/4242/3801 4233/4233/3793 4234/4234/3098
f 4242/4242/3801 4241/4241/3800 4233/4233/3793
f 4243/4243/3802 4242/4242/3801 4234/4234/3098
f 4243/4243/3802 4234/4234/3098 4244/4244/3803
f 4216/4216/3779 4245/4245/3804 4223/4223/3785
f 4216/4216/3779 4246/4246/3805 4245/4245/3804
f 4224/4224/3786 4246/4246/3805 4216/4216/3779
f 4217/4217/3780 4247/4247/3806 4224/4224/3786
f 4236/4236/3795 4247/4247/3806 4217/4217/3780
f 4225/4225/3787 4248/4248/3807 4236/4236/3795
f 4237/4237/3796 4248/4248/3807 4225/4225/3787
f 4249/4249/3106 4226/4226/3100 4208/4208/3773
f 4249/4249/3106 4208/4208/3773 4209/4209/3774
f 4238/4238/3797 4248/4248/3807 4237/4237/3796
f 4250/4250/3808 4248/4248/3807 4238/4238/3797
f 4239/4239/3798 4250/4250/3808 4238/4238/3797
f 4251/4251/3809 4250/4250/3808 4239/4239/3798
f 4240/4240/3799 4251/4251/3809 4239/4239/3798
f 4252/4252/3810 4240/4240/3799 4241/4241/3800
f 4253/4253/3109 4243/4243/3802 4244/4244/3803
f 4254/4254/3811 4241/4241/3800 4242/4242/3801
f 4254/4254/3811 4242/4242/3801 4243/4243/3802
f 4254/4254/3811 4255/4255/3812 4241/4241/3800
f 4256/4256/3813 4243/4243/3802 4253/4253/3109
f 4257/4257/3814 4255/4255/3812 4254/4254/3811
f 4256/4256/3813 4254/4254/3811 4243/4243/3802
f 4258/4258/3815 4257/4257/3814 4254/4254/3811
f 4258/4258/3815 4254/4254/3811 4256/4256/3813
f 4223/4223/3785 4259/4259/3352 4235/4235/3794
f 4223/4223/3785 4245/4245/3804 4259/4259/3352
f 4260/4260/3816 4246/4246/3805 4224/4224/3786
f 4247/4247/3806 4260/4260/3816 4224/4224/3786
f 4248/4248/3807 4261/4261/3817 4236/4236/3795
f 4221/4221/3784 4249/4249/3106 4209/4209/3774
f 4262/4262/3818 4221/4221/3784 4210/4210/3086
f 4263/4263/3107 4262/4262/3818 4210/4210/3086
f 4264/4264/3819 4251/4251/3809 4240/4240/3799
f 4252/4252/3810 4264/4264/3819 4240/4240/3799
f 4255/4255/3812 4252/4252/3810 4241/4241/3800
f 4265/4265/3117 4256/4256/3813 4253/4253/3109
f 4266/4266/3820 4258/4258/3815 4256/4256/3813
f 4258/4258/3815 4267/4267/3821 4257/4257/3814
f 4268/4268/3122 4266/4266/3820 4256/4256/3813
f 4268/4268/3122 4256/4256/3813 4265/4265/3117
f 4269/4269/3822 4267/4267/3821 4258/4258/3815
f 4269/4269/3822 4258/4258/3815 4266/4266/3820
f 4270/4270/3823 4269/4269/3822 4266/4266/3820
f 4271/4271/3124 4270/4270/3823 4266/4266/3820
f 4261/4261/3817 4260/4260/3816 4247/4247/3806
f 4236/4236/3795 4261/4261/3817 4247/4247/3806
f 4262/4262/3818 4249/4249/3106 4221/4221/3784
f 4250/4250/3808 4272/4272/3824 4248/4248/3807
f 4252/4252/3810 4273/4273/3825 4264/4264/3819
f 4274/4274/3826 4273/4273/3825 4252/4252/3810
f 4255/4255/3812 4274/4274/3826 4252/4252/3810
f 4275/4275/3827 4274/4274/3826 4255/4255/3812
f 4275/4275/3827 4255/4255/3812 4257/4257/3814
f 4267/4267/3821 4275/4275/3827 4257/4257/3814
f 4268/4268/3122 4271/4271/3124 4266/4266/3820
f 4276/4276/3828 4269/4269/3822 4270/4270/3823
f 4277/4277/3829 4276/4276/3828 4270/4270/3823
f 4277/4277/3829 4270/4270/3823 4271/4271/3124
f 4260/4260/3816 4278/4278/3830 4246/4246/3805
f 4248/4248/3807 4272/4272/3824 4261/4261/3817
f 4262/4262/3818 4279/4279/3831 4249/4249/3106
f 4251/4251/3809 4280/4280/3832 4250/4250/3808
f 4281/4281/3833 4273/4273/3825 4274/4274/3826
f 4275/4275/3827 4281/4281/3833 4274/4274/3826
f 4269/4269/3822 4282/4282/3834 4267/4267/3821
f 4283/4283/3835 4282/4282/3834 4269/4269/3822
f 4276/4276/3828 4283/4283/3835 4269/4269/3822
f 4284/4284/3836 4276/4276/3828 4277/4277/3829
f 4284/4284/3836 4277/4277/3829 4285/4285/3125
f 4259/4259/3352 4245/4245/3804 4286/4286/3837
f 4246/4246/3805 4287/4287/3838 4245/4245/3804
f 4278/4278/3830 4287/4287/3838 4246/4246/3805
f 4272/4272/3824 4288/4288/3839 4261/4261/3817
f 4280/4280/3832 4272/4272/3824 4250/4250/3808
f 4289/4289/3840 4280/4280/3832 4251/4251/3809
f 4264/4264/3819 4289/4289/3840 4251/4251/3809
f 4290/4290/87 4289/4289/3840 4264/4264/3819
f 4273/4273/3825 4290/4290/87 4264/4264/3819
f 4275/4275/3827 4291/4291/82 4281/4281/3833
f 4282/4282/3834 4291/4291/82 4275/4275/3827
f 4282/4282/3834 4275/4275/3827 4267/4267/3821
f 4292/4292/3841 4283/4283/3835 4276/4276/3828
f 4293/4293/3842 4284/4284/3836 4285/4285/3125
f 4294/4294/3843 4284/4284/3836 4293/4293/3842
f 4295/4295/3844 4296/4296/3845 4294/4294/3843
f 4295/4295/3844 4294/4294/3843 4297/4297/3846
f 4298/4298/3355 4259/4259/3352 4286/4286/3837
f 4245/4245/3804 4299/4299/3847 4286/4286/3837
f 4245/4245/3804 4287/4287/3838 4299/4299/3847
f 4300/4300/3848 4301/4301/3849 4260/4260/3816
f 4300/4300/3848 4260/4260/3816 4261/4261/3817
f 4289/4289/3840 4302/4302/100 4280/4280/3832
f 4273/4273/3825 4303/4303/88 4290/4290/87
f 4281/4281/3833 4303/4303/88 4273/4273/3825
f 4304/4304/3850 4291/4291/82 4282/4282/3834
f 4283/4283/3835 4304/4304/3850 4282/4282/3834
f 4305/4305/92 4304/4304/3850 4283/4283/3835
f 4284/4284/3836 4292/4292/3841 4276/4276/3828
f 4293/4293/3842 4285/4285/3125 4306/4306/3135
f 4294/4294/3843 4292/4292/3841 4284/4284/3836
f 4297/4297/3846 4294/4294/3843 4293/4293/3842
f 4297/4297/3846 4293/4293/3842 4306/4306/3135
f 4296/4296/3845 4307/4307/3851 4292/4292/3841
f 4296/4296/3845 4292/4292/3841 4294/4294/3843
f 4297/4297/3846 4306/4306/3135 4308/4308/3148
f 4296/4296/3845 4309/4309/3852 4307/4307/3851
f 4310/4310/3853 4296/4296/3845 4295/4295/3844
f 4311/4311/3150 4297/4297/3846 4308/4308/3148
f 4310/4310/3853 4309/4309/3852 4296/4296/3845
f 4312/4312/3854 4295/4295/3844 4297/4297/3846
f 4311/4311/3150 4312/4312/3854 4297/4297/3846
f 4313/4313/3855 4310/4310/3853 4295/4295/3844
f 4313/4313/3855 4295/4295/3844 4312/4312/3854
f 4278/4278/3830 4314/4314/3856 4287/4287/3838
f 4301/4301/3849 4278/4278/3830 4260/4260/3816
f 4288/4288/3839 4300/4300/3848 4261/4261/3817
f 4315/4315/3857 4262/4262/3818 4263/4263/3107
f 4316/4316/3858 4272/4272/3824 4280/4280/3832
f 4290/4290/87 4317/4317/86 4289/4289/3840
f 4291/4291/82 4318/4318/3859 4281/4281/3833
f 4304/4304/3850 4319/4319/83 4291/4291/82
f 4305/4305/92 4319/4319/83 4304/4304/3850
f 4292/4292/3841 4307/4307/3851 4320/4320/3860
f 4309/4309/3852 4321/4321/3861 4307/4307/3851
f 4322/4322/3155 4312/4312/3854 4311/4311/3150
f 4310/4310/3853 4323/4323/3862 4309/4309/3852
f 4324/4324/3863 4313/4313/3855 4312/4312/3854
f 4322/4322/3155 4324/4324/3863 4312/4312/3854
f 4325/4325/3864 4310/4310/3853 4313/4313/3855
f 4325/4325/3864 4323/4323/3862 4310/4310/3853
f 4324/4324/3863 4325/4325/3864 4313/4313/3855
f 4326/4326/3865 4300/4300/3848 4288/4288/3839
f 4316/4316/3858 4288/4288/3839 4272/4272/3824
f 4317/4317/86 4302/4302/100 4289/4289/3840
f 4318/4318/3859 4303/4303/88 4281/4281/3833
f 4320/4320/3860 4305/4305/92 4283/4283/3835
f 4320/4320/3860 4283/4283/3835 4292/4292/3841
f 4309/4309/3852 4327/4327/3866 4321/4321/3861
f 4309/4309/3852 4328/4328/3867 4327/4327/3866
f 4323/4323/3862 4328/4328/3867 4309/4309/3852
f 4329/4329/3868 4328/4328/3867 4323/4323/3862
f 4330/4330/3869 4323/4323/3862 4325/4325/3864
f 4331/4331/3870 4324/4324/3863 4322/4322/3155
f 4330/4330/3869 4329/4329/3868 4323/4323/3862
f 4332/4332/3871 4330/4330/3869 4325/4325/3864
f 4332/4332/3871 4325/4325/3864 4324/4324/3863
f 4331/4331/3870 4332/4332/3871 4324/4324/3863
f 4298/4298/3355 4286/4286/3837 4333/4333/3872
f 4299/4299/3847 4333/4333/3872 4286/4286/3837
f 4334/4334/3873 4299/4299/3847 4287/4287/3838
f 4314/4314/3856 4334/4334/3873 4287/4287/3838
f 4301/4301/3849 4314/4314/3856 4278/4278/3830
f 4326/4326/3865 4301/4301/3849 4300/4300/3848
f 4302/4302/100 4316/4316/3858 4280/4280/3832
f 4320/4320/3860 4335/4335/3874 4305/4305/92
f 4320/4320/3860 4336/4336/3875 4335/4335/3874
f 4307/4307/3851 4336/4336/3875 4320/4320/3860
f 4321/4321/3861 4336/4336/3875 4307/4307/3851
f 4321/4321/3861 4337/4337/3876 4336/4336/3875
f 4327/4327/3866 4337/4337/3876 4321/4321/3861
f 4338/4338/3160 4331/4331/3870 4322/4322/3155
f 4339/4339/3877 4332/4332/3871 4331/4331/3870
f 4340/4340/3878 4330/4330/3869 4332/4332/3871
f 4339/4339/3877 4340/4340/3878 4332/4332/3871
f 4341/4341/3879 4339/4339/3877 4331/4331/3870
f 4342/4342/3880 4337/4337/3876 4327/4327/3866
f 4343/4343/3881 4342/4342/3880 4327/4327/3866
f 4328/4328/3867 4343/4343/3881 4327/4327/3866
f 4344/4344/3882 4328/4328/3867 4329/4329/3868
f 4344/4344/3882 4329/4329/3868 4330/4330/3869
f 4341/4341/3879 4331/4331/3870 4338/4338/3160
f 4345/4345/3883 4344/4344/3882 4330/4330/3869
f 4346/4346/3884 4341/4341/3879 4338/4338/3160
f 4340/4340/3878 4345/4345/3883 4330/4330/3869
f 4347/4347/2561 4348/4348/3885 4339/4339/3877
f 4347/4347/2561 4339/4339/3877 4341/4341/3879
f 4346/4346/3884 4347/4347/2561 4341/4341/3879
f 4348/4348/3885 4340/4340/3878 4339/4339/3877
f 4348/4348/3885 4349/4349/3886 4340/4340/3878
f 4349/4349/3886 4345/4345/3883 4340/4340/3878
f 4350/4350/3887 4333/4333/3872 4299/4299/3847
f 4350/4350/3887 4299/4299/3847 4334/4334/3873
f 4351/4351/3888 4314/4314/3856 4301/4301/3849
f 4351/4351/3888 4301/4301/3849 4326/4326/3865
f 4352/4352/3889 4288/4288/3839 4316/4316/3858
f 4336/4336/3875 4353/4353/3890 4354/4354/3891
f 4336/4336/3875 4354/4354/3891 4335/4335/3874
f 4336/4336/3875 4355/4355/3892 4353/4353/3890
f 4336/4336/3875 4337/4337/3876 4355/4355/3892
f 4356/4356/3893 4343/4343/3881 4328/4328/3867
f 4344/4344/3882 4356/4356/3893 4328/4328/3867
f 4345/4345/3883 4357/4357/3894 4344/4344/3882
f 4349/4349/3886 4358/4358/3895 4345/4345/3883
f 4353/4353/3890 4359/4359/3896 4354/4354/3891
f 4353/4353/3890 4360/4360/3897 4359/4359/3896
f 4355/4355/3892 4360/4360/3897 4353/4353/3890
f 4361/4361/3898 4356/4356/3893 4344/4344/3882
f 4358/4358/3895 4362/4362/2586 4345/4345/3883
f 4363/4363/3899 4326/4326/3865 4288/4288/3839
f 4352/4352/3889 4363/4363/3899 4288/4288/3839
f 4364/4364/103 4352/4352/3889 4316/4316/3858
f 4364/4364/103 4316/4316/3858 4302/4302/100
f 4365/4365/3900 4355/4355/3892 4337/4337/3876
f 4342/4342/3880 4365/4365/3900 4337/4337/3876
f 4343/4343/3881 4366/4366/3901 4342/4342/3880
f 4367/4367/3902 4366/4366/3901 4343/4343/3881
f 4356/4356/3893 4367/4367/3902 4343/4343/3881
f 4361/4361/3898 4367/4367/3902 4356/4356/3893
f 4357/4357/3894 4361/4361/3898 4344/4344/3882
f 4368/4368/2588 4357/4357/3894 4345/4345/3883
f 4362/4362/2586 4368/4368/2588 4345/4345/3883
f 4350/4350/3887 4369/4369/3387 4333/4333/3872
f 4355/4355/3892 4370/4370/3903 4360/4360/3897
f 4365/4365/3900 4370/4370/3903 4355/4355/3892
f 4342/4342/3880 4371/4371/3904 4365/4365/3900
f 4366/4366/3901 4371/4371/3904 4342/4342/3880
f 4372/4372/3905 4361/4361/3898 4357/4357/3894
f 4368/4368/2588 4372/4372/3905 4357/4357/3894
f 4373/4373/2591 4372/4372/3905 4368/4368/2588
f 4374/4374/2590 4373/4373/2591 4368/4368/2588
f 4360/4360/3897 4375/4375/3906 4359/4359/3896
f 4376/4376/137 4370/4370/3903 4365/4365/3900
f 4371/4371/3904 4376/4376/137 4365/4365/3900
f 4366/4366/3901 4377/4377/3907 4371/4371/3904
f 4367/4367/3902 4377/4377/3907 4366/4366/3901
f 4378/4378/3908 4377/4377/3907 4367/4367/3902
f 4378/4378/3908 4367/4367/3902 4361/4361/3898
f 4379/4379/3909 4378/4378/3908 4361/4361/3898
f 4372/4372/3905 4379/4379/3909 4361/4361/3898
f 4375/4375/3906 4380/4380/122 4359/4359/3896
f 4370/4370/3903 4375/4375/3906 4360/4360/3897
f 4381/4381/141 4379/4379/3909 4372/4372/3905
f 4373/4373/2591 4381/4381/141 4372/4372/3905
f 4370/4370/3903 4376/4376/137 4382/4382/139
f 4371/4371/3904 4383/4383/130 4376/4376/137
f 4377/4377/3907 4383/4383/130 4371/4371/3904
f 4378/4378/3908 4384/4384/129 4377/4377/3907
f 4385/4385/142 4381/4381/141 4373/4373/2591
f 4370/4370/3903 4382/4382/139 4386/4386/136
f 4370/4370/3903 4386/4386/136 4375/4375/3906
f 4379/4379/3909 4387/4387/151 4378/4378/3908
f 4387/4387/151 4388/4388/150 4378/4378/3908
f 4381/4381/141 4387/4387/151 4379/4379/3909
f 4389/4389/168 4384/4384/129 4378/4378/3908
f 4388/4388/150 4389/4389/168 4378/4378/3908
f 4390/4390/3910 4314/4314/3856 4351/4351/3888
f 4391/4391/3911 4350/4350/3887 4334/4334/3873
f 4392/4392/3912 4391/4391/3911 4334/4334/3873
f 4392/4392/3912 4334/4334/3873 4314/4314/3856
f 4392/4392/3912 4314/4314/3856 4390/4390/3910
f 4393/4393/3913 4390/4390/3910 4351/4351/3888
f 4393/4393/3913 4351/4351/3888 4326/4326/3865
f 4363/4363/3899 4393/4393/3913 4326/4326/3865
f 4394/4394/3914 4395/4395/3915 4369/4369/3387
f 4350/4350/3887 4394/4394/3914 4369/4369/3387
f 4396/4396/3916 4391/4391/3911 4392/4392/3912
f 4390/4390/3910 4396/4396/3916 4392/4392/3912
f 4397/4397/3917 4363/4363/3899 4352/4352/3889
f 4398/4398/3918 4397/4397/3917 4352/4352/3889
f 4398/4398/3918 4352/4352/3889 4364/4364/103
f 4399/4399/3919 4350/4350/3887 4391/4391/3911
f 4400/4400/3920 4390/4390/3910 4393/4393/3913
f 4401/4401/3921 4400/4400/3920 4393/4393/3913
f 4401/4401/3921 4393/4393/3913 4363/4363/3899
f 4399/4399/3919 4394/4394/3914 4350/4350/3887
f 4402/4402/3922 4399/4399/3919 4391/4391/3911
f 4402/4402/3922 4391/4391/3911 4396/4396/3916
f 4400/4400/3920 4396/4396/3916 4390/4390/3910
f 4397/4397/3917 4401/4401/3921 4363/4363/3899
f 4403/4403/3923 4395/4395/3915 4394/4394/3914
f 4399/4399/3919 4403/4403/3923 4394/4394/3914
f 4404/4404/3924 4402/4402/3922 4396/4396/3916
f 4404/4404/3924 4396/4396/3916 4400/4400/3920
f 4401/4401/3921 4405/4405/3925 4400/4400/3920
f 4406/4406/3926 4397/4397/3917 4398/4398/3918
f 4407/4407/128 4398/4398/3918 4364/4364/103
f 4403/4403/3923 4408/4408/3927 4395/4395/3915
f 4409/4409/3928 4401/4401/3921 4397/4397/3917
f 4410/4410/172 4406/4406/3926 4398/4398/3918
f 4410/4410/172 4398/4398/3918 4407/4407/128
f 4399/4399/3919 4411/4411/3929 4403/4403/3923
f 4412/4412/3930 4399/4399/3919 4402/4402/3922
f 4405/4405/3925 4404/4404/3924 4400/4400/3920
f 4409/4409/3928 4397/4397/3917 4406/4406/3926
f 4410/4410/172 4413/4413/3931 4406/4406/3926
f 4414/4414/3932 4415/4415/163 4416/4416/132
f 4411/4411/3929 4408/4408/3927 4403/4403/3923
f 4412/4412/3930 4411/4411/3929 4399/4399/3919
f 4404/4404/3924 4412/4412/3930 4402/4402/3922
f 4417/4417/3933 4401/4401/3921 4409/4409/3928
f 4413/4413/3931 4409/4409/3928 4406/4406/3926
f 4414/4414/3932 4416/4416/132 4418/4418/164
f 4417/4417/3933 4405/4405/3925 4401/4401/3921
f 4419/4419/3934 4420/4420/171 4415/4415/163
f 4414/4414/3932 4419/4419/3934 4415/4415/163
f 4421/4421/3935 4411/4411/3929 4412/4412/3930
f 4422/4422/3936 4412/4412/3930 4404/4404/3924
f 4423/4423/3937 4405/4405/3925 4417/4417/3933
f 4413/4413/3931 4417/4417/3933 4409/4409/3928
f 4424/4424/3938 4413/4413/3931 4410/4410/172
f 4425/4425/3939 4410/4410/172 4420/4420/171
f 4422/4422/3936 4421/4421/3935 4412/4412/3930
f 4426/4426/3940 4404/4404/3924 4405/4405/3925
f 4419/4419/3934 4425/4425/3939 4420/4420/171
f 4427/4427/3941 4428/4428/3421 4411/4411/3929
f 4428/4428/3421 4408/4408/3927 4411/4411/3929
f 4421/4421/3935 4427/4427/3941 4411/4411/3929
f 4426/4426/3940 4422/4422/3936 4404/4404/3924
f 4425/4425/3939 4424/4424/3938 4410/4410/172
f 4429/4429/3942 4414/4414/3932 4418/4418/164
f 4430/4430/3943 4421/4421/3935 4422/4422/3936
f 4423/4423/3937 4426/4426/3940 4405/4405/3925
f 4431/4431/3944 4417/4417/3933 4413/4413/3931
f 4419/4419/3934 4432/4432/3945 4425/4425/3939
f 4424/4424/3938 4431/4431/3944 4413/4413/3931
f 4433/4433/3946 4424/4424/3938 4425/4425/3939
f 4432/4432/3945 4419/4419/3934 4414/4414/3932
f 4434/4434/3947 4432/4432/3945 4414/4414/3932
f 4429/4429/3942 4434/4434/3947 4414/4414/3932
f 4435/4435/3948 4436/4436/1446 4418/4418/164
f 4437/4437/3949 4438/4438/3950 4428/4428/3421
f 4437/4437/3949 4428/4428/3421 4427/4427/3941
f 4437/4437/3949 4427/4427/3941 4421/4421/3935
f 4439/4439/3951 4426/4426/3940 4423/4423/3937
f 4440/4440/3952 4439/4439/3951 4423/4423/3937
f 4440/4440/3952 4423/4423/3937 4417/4417/3933
f 4431/4431/3944 4440/4440/3952 4417/4417/3933
f 4432/4432/3945 4433/4433/3946 4425/4425/3939
f 4436/4436/1446 4429/4429/3942 4418/4418/164
f 4441/4441/3953 4422/4422/3936 4426/4426/3940
f 4439/4439/3951 4441/4441/3953 4426/4426/3940
f 4442/4442/3954 4431/4431/3944 4424/4424/3938
f 4442/4442/3954 4424/4424/3938 4433/4433/3946
f 4443/4443/3955 4432/4432/3945 4434/4434/3947
f 4444/4444/1451 4443/4443/3955 4434/4434/3947
f 4444/4444/1451 4434/4434/3947 4429/4429/3942
f 4445/4445/3956 4437/4437/3949 4421/4421/3935
f 4445/4445/3956 4421/4421/3935 4430/4430/3943
f 4446/4446/3957 4445/4445/3956 4430/4430/3943
f 4441/4441/3953 4430/4430/3943 4422/4422/3936
f 4447/4447/3958 4440/4440/3952 4431/4431/3944
f 4442/4442/3954 4447/4447/3958 4431/4431/3944
f 4448/4448/3959 4433/4433/3946 4432/4432/3945
f 4448/4448/3959 4432/4432/3945 4443/4443/3955
f 4449/4449/1448 4429/4429/3942 4436/4436/1446
f 4438/4438/3950 4437/4437/3949 4450/4450/3436
f 4441/4441/3953 4446/4446/3957 4430/4430/3943
f 4451/4451/3960 4442/4442/3954 4433/4433/3946
f 4449/4449/1448 4444/4444/1451 4429/4429/3942
f 4452/4452/3961 4450/4450/3436 4437/4437/3949
f 4452/4452/3961 4437/4437/3949 4445/4445/3956
f 4453/4453/3962 4441/4441/3953 4439/4439/3951
f 4454/4454/3963 4439/4439/3951 4440/4440/3952
f 4454/4454/3963 4440/4440/3952 4447/4447/3958
f 4455/4455/1454 4443/4443/3955 4444/4444/1451
f 4456/4456/3964 4452/4452/3961 4445/4445/3956
f 4456/4456/3964 4445/4445/3956 4446/4446/3957
f 4457/4457/3965 4447/4447/3958 4442/4442/3954
f 4448/4448/3959 4451/4451/3960 4433/4433/3946
f 4455/4455/1454 4448/4448/3959 4443/4443/3955
f 4458/4458/1449 4444/4444/1451 4449/4449/1448
f 4452/4452/3961 4459/4459/3444 4450/4450/3436
f 4460/4460/3966 4446/4446/3957 4441/4441/3953
f 4460/4460/3966 4441/4441/3953 4453/4453/3962
f 4454/4454/3963 4453/4453/3962 4439/4439/3951
f 4461/4461/3967 4457/4457/3965 4442/4442/3954
f 4461/4461/3967 4442/4442/3954 4451/4451/3960
f 4462/4462/3968 4453/4453/3962 4454/4454/3963
f 4463/4463/3969 4454/4454/3963 4447/4447/3958
f 4457/4457/3965 4463/4463/3969 4447/4447/3958
f 4464/4464/1450 4455/4455/1454 4444/4444/1451
f 4465/4465/3970 4452/4452/3961 4456/4456/3964
f 4465/4465/3970 4466/4466/3971 4452/4452/3961
f 4467/4467/3972 4456/4456/3964 4446/4446/3957
f 4467/4467/3972 4446/4446/3957 4460/4460/3966
f 4468/4468/3973 4461/4461/3967 4451/4451/3960
f 4468/4468/3973 4451/4451/3960 4448/4448/3959
f 4469/4469/1453 4448/4448/3959 4455/4455/1454
f 4470/4470/3451 4459/4459/3444 4466/4466/3971
f 4459/4459/3444 4452/4452/3961 4466/4466/3971
f 4465/4465/3970 4456/4456/3964 4467/4467/3972
f 4462/4462/3968 4460/4460/3966 4453/4453/3962
f 4471/4471/3974 4462/4462/3968 4454/4454/3963
f 4471/4471/3974 4454/4454/3963 4463/4463/3969
f 4472/4472/3975 4463/4463/3969 4457/4457/3965
f 4472/4472/3975 4457/4457/3965 4461/4461/3967
f 4469/4469/1453 4468/4468/3973 4448/4448/3959
f 4473/4473/3976 4466/4466/3971 4465/4465/3970
f 4474/4474/3977 4470/4470/3451 4466/4466/3971
f 4473/4473/3976 4474/4474/3977 4466/4466/3971
f 4473/4473/3976 4465/4465/3970 4467/4467/3972
f 4475/4475/3978 4467/4467/3972 4460/4460/3966
f 4476/4476/3979 4475/4475/3978 4460/4460/3966
f 4476/4476/3979 4460/4460/3966 4462/4462/3968
f 4476/4476/3979 4462/4462/3968 4471/4471/3974
f 4477/4477/3980 4471/4471/3974 4463/4463/3969
f 4478/4478/3981 4468/4468/3973 4469/4469/1453
f 4475/4475/3978 4473/4473/3976 4467/4467/3972
f 4479/4479/3982 4476/4476/3979 4471/4471/3974
f 4479/4479/3982 4471/4471/3974 4477/4477/3980
f 4477/4477/3980 4463/4463/3969 4472/4472/3975
f 4480/4480/3983 4472/4472/3975 4461/4461/3967
f 4480/4480/3983 4461/4461/3967 4468/4468/3973
f 4480/4480/3983 4477/4477/3980 4472/4472/3975
f 4481/4481/3984 4480/4480/3983 4468/4468/3973
f 4481/4481/3984 4468/4468/3973 4478/4478/3981
f 4482/4482/3985 4479/4479/3982 4477/4477/3980
f 4482/4482/3985 4477/4477/3980 4480/4480/3983
f 4483/4483/3986 4481/4481/3984 4478/4478/3981
f 4484/4484/3987 4480/4480/3983 4481/4481/3984
f 4484/4484/3987 4481/4481/3984 4483/4483/3986
f 4485/4485/3229 4486/4486/3988 4487/4487/3220
f 4488/4488/3989 4489/4489/3990 4486/4486/3988
f 4488/4488/3989 4490/4490/1033 4489/4489/3990
f 4491/4491/3991 4488/4488/3989 4486/4486/3988
f 4485/4485/3229 4491/4491/3991 4486/4486/3988
f 4491/4491/3991 4485/4485/3229 4492/4492/3242
f 4493/4493/3992 4492/4492/3242 4494/4494/607
f 4492/4492/3242 4495/4495/3993 4491/4491/3991
f 4490/4490/1033 4496/4496/3994 4497/4497/1045
f 4488/4488/3989 4496/4496/3994 4490/4490/1033
f 4495/4495/3993 4492/4492/3242 4493/4493/3992
f 4498/4498/3995 4493/4493/3992 4499/4499/618
f 4500/4500/3996 4496/4496/3994 4488/4488/3989
f 4501/4501/3997 4500/4500/3996 4488/4488/3989
f 4501/4501/3997 4488/4488/3989 4491/4491/3991
f 4501/4501/3997 4491/4491/3991 4495/4495/3993
f 4495/4495/3993 4493/4493/3992 4498/4498/3995
f 4498/4498/3995 4499/4499/618 4502/4502/3998
f 4501/4501/3997 4495/4495/3993 4498/4498/3995
f 4503/4503/3999 4504/4504/4000 4500/4500/3996
f 4504/4504/4000 4496/4496/3994 4500/4500/3996
f 4505/4505/4001 4497/4497/1045 4496/4496/3994
f 4502/4502/3998 4499/4499/618 4506/4506/630
f 4498/4498/3995 4502/4502/3998 4507/4507/4002
f 4507/4507/4002 4503/4503/3999 4501/4501/3997
f 4507/4507/4002 4501/4501/3997 4498/4498/3995
f 4505/4505/4001 4496/4496/3994 4504/4504/4000
f 4503/4503/3999 4500/4500/3996 4501/4501/3997
f 4505/4505/4001 4508/4508/4003 4509/4509/1059
f 4506/4506/630 4510/4510/636 4511/4511/4004
f 4502/4502/3998 4506/4506/630 4511/4511/4004
f 4504/4504/4000 4512/4512/4005 4505/4505/4001
f 4505/4505/4001 4512/4512/4005 4513/4513/4006
f 4505/4505/4001 4513/4513/4006 4508/4508/4003
f 4511/4511/4004 4510/4510/636 4514/4514/638
f 4507/4507/4002 4502/4502/3998 4515/4515/4007
f 4503/4503/3999 4507/4507/4002 4515/4515/4007
f 4516/4516/4008 4512/4512/4005 4504/4504/4000
f 4517/4517/4009 4516/4516/4008 4504/4504/4000
f 4503/4503/3999 4517/4517/4009 4504/4504/4000
f 4518/4518/4010 4470/4470/3451 4474/4474/3977
f 4519/4519/637 4520/4520/3452 4521/4521/4011
f 4513/4513/4006 4512/4512/4005 4522/4522/4012
f 4523/4523/1061 4509/4509/1059 4524/4524/4013
f 4525/4525/4014 4518/4518/4010 4526/4526/4015
f 4527/4527/4016 4528/4528/3450 4529/4529/3455
f 4527/4527/4016 4529/4529/3455 4530/4530/4017
f 4531/4531/3456 4528/4528/3450 4527/4527/4016
f 4526/4526/4015 4518/4518/4010 4474/4474/3977
f 4532/4532/4018 4531/4531/3456 4533/4533/4019
f 4534/4534/4020 4532/4532/4018 4533/4533/4019
f 4520/4520/3452 4532/4532/4018 4534/4534/4020
f 4521/4521/4011 4520/4520/3452 4534/4534/4020
f 4535/4535/4021 4519/4519/637 4521/4521/4011
f 4536/4536/4022 4514/4514/638 4537/4537/4023
f 4511/4511/4004 4514/4514/638 4536/4536/4022
f 4538/4538/4024 4502/4502/3998 4511/4511/4004
f 4538/4538/4024 4515/4515/4007 4502/4502/3998
f 4516/4516/4008 4539/4539/4025 4540/4540/4026
f 4540/4540/4026 4512/4512/4005 4516/4516/4008
f 4503/4503/3999 4515/4515/4007 4517/4517/4009
f 4541/4541/4027 4513/4513/4006 4522/4522/4012
f 4517/4517/4009 4539/4539/4025 4516/4516/4008
f 4508/4508/4003 4513/4513/4006 4541/4541/4027
f 4524/4524/4013 4509/4509/1059 4508/4508/4003
f 4542/4542/1073 4543/4543/4028 4523/4523/1061
f 4529/4529/3455 4525/4525/4014 4544/4544/4029
f 4530/4530/4017 4529/4529/3455 4544/4544/4029
f 4533/4533/4019 4531/4531/3456 4527/4527/4016
f 4545/4545/4030 4475/4475/3978 4476/4476/3979
f 4511/4511/4004 4536/4536/4022 4538/4538/4024
f 4479/4479/3982 4545/4545/4030 4476/4476/3979
f 4515/4515/4007 4538/4538/4024 4546/4546/4031
f 4512/4512/4005 4540/4540/4026 4547/4547/4032
f 4512/4512/4005 4547/4547/4032 4522/4522/4012
f 4517/4517/4009 4546/4546/4031 4539/4539/4025
f 4515/4515/4007 4546/4546/4031 4517/4517/4009
f 4548/4548/4033 4508/4508/4003 4541/4541/4027
f 4508/4508/4003 4548/4548/4033 4524/4524/4013
f 4523/4523/1061 4524/4524/4013 4549/4549/4034
f 4523/4523/1061 4549/4549/4034 4542/4542/1073
f 4550/4550/4035 4525/4525/4014 4526/4526/4015
f 4551/4551/4036 4534/4534/4020 4533/4533/4019
f 4552/4552/4037 4526/4526/4015 4474/4474/3977
f 4521/4521/4011 4534/4534/4020 4551/4551/4036
f 4552/4552/4037 4474/4474/3977 4553/4553/4038
f 4553/4553/4038 4474/4474/3977 4473/4473/3976
f 4535/4535/4021 4521/4521/4011 4554/4554/4039
f 4555/4555/640 4535/4535/4021 4554/4554/4039
f 4475/4475/3978 4553/4553/4038 4473/4473/3976
f 4555/4555/640 4554/4554/4039 4556/4556/4040
f 4537/4537/4023 4555/4555/640 4556/4556/4040
f 4536/4536/4022 4537/4537/4023 4556/4556/4040
f 4538/4538/4024 4536/4536/4022 4557/4557/4041
f 4538/4538/4024 4557/4557/4041 4546/4546/4031
f 4540/4540/4026 4558/4558/4042 4547/4547/4032
f 4540/4540/4026 4559/4559/4043 4558/4558/4042
f 4539/4539/4025 4559/4559/4043 4540/4540/4026
f 4522/4522/4012 4547/4547/4032 4560/4560/4044
f 4522/4522/4012 4560/4560/4044 4541/4541/4027
f 4561/4561/4045 4524/4524/4013 4548/4548/4033
f 4524/4524/4013 4561/4561/4045 4549/4549/4034
f 4544/4544/4029 4525/4525/4014 4550/4550/4035
f 4562/4562/4046 4550/4550/4035 4526/4526/4015
f 4563/4563/4047 4550/4550/4035 4562/4562/4046
f 4563/4563/4047 4544/4544/4029 4550/4550/4035
f 4530/4530/4017 4544/4544/4029 4563/4563/4047
f 4562/4562/4046 4526/4526/4015 4552/4552/4037
f 4564/4564/4048 4527/4527/4016 4530/4530/4017
f 4533/4533/4019 4527/4527/4016 4564/4564/4048
f 4551/4551/4036 4533/4533/4019 4564/4564/4048
f 4521/4521/4011 4551/4551/4036 4554/4554/4039
f 4565/4565/4049 4553/4553/4038 4475/4475/3978
f 4556/4556/4040 4554/4554/4039 4566/4566/4050
f 4557/4557/4041 4556/4556/4040 4566/4566/4050
f 4536/4536/4022 4556/4556/4040 4557/4557/4041
f 4545/4545/4030 4565/4565/4049 4475/4475/3978
f 4558/4558/4042 4567/4567/4051 4547/4547/4032
f 4559/4559/4043 4568/4568/4052 4558/4558/4042
f 4569/4569/4053 4568/4568/4052 4559/4559/4043
f 4546/4546/4031 4557/4557/4041 4569/4569/4053
f 4570/4570/4054 4545/4545/4030 4479/4479/3982
f 4539/4539/4025 4569/4569/4053 4559/4559/4043
f 4546/4546/4031 4569/4569/4053 4539/4539/4025
f 4541/4541/4027 4560/4560/4044 4571/4571/4055
f 4482/4482/3985 4570/4570/4054 4479/4479/3982
f 4548/4548/4033 4541/4541/4027 4571/4571/4055
f 4542/4542/1073 4549/4549/4034 4572/4572/4056
f 4573/4573/4057 4530/4530/4017 4563/4563/4047
f 4564/4564/4048 4530/4530/4017 4573/4573/4057
f 4574/4574/4058 4552/4552/4037 4553/4553/4038
f 4562/4562/4046 4552/4552/4037 4574/4574/4058
f 4575/4575/4059 4564/4564/4048 4573/4573/4057
f 4575/4575/4059 4551/4551/4036 4564/4564/4048
f 4576/4576/4060 4551/4551/4036 4575/4575/4059
f 4574/4574/4058 4553/4553/4038 4565/4565/4049
f 4554/4554/4039 4551/4551/4036 4576/4576/4060
f 4566/4566/4050 4554/4554/4039 4576/4576/4060
f 4577/4577/4061 4566/4566/4050 4576/4576/4060
f 4557/4557/4041 4566/4566/4050 4577/4577/4061
f 4577/4577/4061 4576/4576/4060 4568/4568/4052
f 4558/4558/4042 4568/4568/4052 4567/4567/4051
f 4569/4569/4053 4577/4577/4061 4568/4568/4052
f 4557/4557/4041 4577/4577/4061 4569/4569/4053
f 4547/4547/4032 4567/4567/4051 4578/4578/4062
f 4560/4560/4044 4547/4547/4032 4578/4578/4062
f 4571/4571/4055 4560/4560/4044 4578/4578/4062
f 4579/4579/4063 4570/4570/4054 4482/4482/3985
f 4548/4548/4033 4571/4571/4055 4580/4580/4064
f 4581/4581/4065 4482/4482/3985 4480/4480/3983
f 4561/4561/4045 4548/4548/4033 4580/4580/4064
f 4484/4484/3987 4581/4581/4065 4480/4480/3983
f 4549/4549/4034 4561/4561/4045 4572/4572/4056
f 4563/4563/4047 4562/4562/4046 4582/4582/4066
f 4582/4582/4066 4562/4562/4046 4574/4574/4058
f 4583/4583/4067 4563/4563/4047 4582/4582/4066
f 4573/4573/4057 4563/4563/4047 4583/4583/4067
f 4584/4584/4068 4574/4574/4058 4565/4565/4049
f 4582/4582/4066 4574/4574/4058 4584/4584/4068
f 4585/4585/4069 4573/4573/4057 4583/4583/4067
f 4585/4585/4069 4575/4575/4059 4573/4573/4057
f 4586/4586/4070 4585/4585/4069 4583/4583/4067
f 4586/4586/4070 4575/4575/4059 4585/4585/4069
f 4568/4568/4052 4575/4575/4059 4586/4586/4070
f 4568/4568/4052 4576/4576/4060 4575/4575/4059
f 4587/4587/4071 4588/4588/4072 4584/4584/4068
f 4567/4567/4051 4586/4586/4070 4589/4589/4073
f 4568/4568/4052 4586/4586/4070 4567/4567/4051
f 4587/4587/4071 4584/4584/4068 4545/4545/4030
f 4584/4584/4068 4565/4565/4049 4545/4545/4030
f 4570/4570/4054 4587/4587/4071 4545/4545/4030
f 4578/4578/4062 4589/4589/4073 4590/4590/4074
f 4578/4578/4062 4567/4567/4051 4589/4589/4073
f 4580/4580/4064 4571/4571/4055 4591/4591/4075
f 4579/4579/4063 4482/4482/3985 4581/4581/4065
f 4561/4561/4045 4580/4580/4064 4592/4592/4076
f 4561/4561/4045 4592/4592/4076 4572/4572/4056
f 4593/4593/1468 4484/4484/3987 4483/4483/3986
f 4594/4594/4077 4583/4583/4067 4582/4582/4066
f 4588/4588/4072 4582/4582/4066 4584/4584/4068
f 4586/4586/4070 4583/4583/4067 4594/4594/4077
f 4594/4594/4077 4582/4582/4066 4588/4588/4072
f 4589/4589/4073 4586/4586/4070 4594/4594/4077
f 4590/4590/4074 4594/4594/4077 4588/4588/4072
f 4589/4589/4073 4594/4594/4077 4590/4590/4074
f 4590/4590/4074 4588/4588/4072 4587/4587/4071
f 4595/4595/4078 4587/4587/4071 4570/4570/4054
f 4590/4590/4074 4587/4587/4071 4595/4595/4078
f 4578/4578/4062 4590/4590/4074 4596/4596/4079
f 4596/4596/4079 4590/4590/4074 4595/4595/4078
f 4597/4597/4080 4578/4578/4062 4596/4596/4079
f 4571/4571/4055 4578/4578/4062 4597/4597/4080
f 4595/4595/4078 4570/4570/4054 4579/4579/4063
f 4598/4598/4081 4595/4595/4078 4579/4579/4063
f 4591/4591/4075 4571/4571/4055 4597/4597/4080
f 4599/4599/4082 4579/4579/4063 4581/4581/4065
f 4580/4580/4064 4591/4591/4075 4592/4592/4076
f 4600/4600/4083 4599/4599/4082 4581/4581/4065
f 4600/4600/4083 4581/4581/4065 4484/4484/3987
f 4572/4572/4056 4592/4592/4076 4601/4601/4084
f 4598/4598/4081 4596/4596/4079 4595/4595/4078
f 4602/4602/4085 4596/4596/4079 4598/4598/4081
f 4602/4602/4085 4597/4597/4080 4596/4596/4079
f 4591/4591/4075 4597/4597/4080 4602/4602/4085
f 4598/4598/4081 4579/4579/4063 4599/4599/4082
f 4591/4591/4075 4602/4602/4085 4603/4603/4086
f 4592/4592/4076 4591/4591/4075 4603/4603/4086
f 4593/4593/1468 4600/4600/4083 4484/4484/3987
f 4592/4592/4076 4604/4604/1096 4601/4601/4084
f 4605/4605/4087 4602/4602/4085 4598/4598/4081
f 4603/4603/4086 4602/4602/4085 4605/4605/4087
f 4605/4605/4087 4598/4598/4081 4599/4599/4082
f 4606/4606/1473 4599/4599/4082 4600/4600/4083
f 4606/4606/1473 4605/4605/4087 4599/4599/4082
f 4607/4607/4088 4603/4603/4086 4606/4606/1473
f 4603/4603/4086 4605/4605/4087 4606/4606/1473
f 4604/4604/1096 4592/4592/4076 4603/4603/4086
f 4604/4604/1096 4603/4603/4086 4607/4607/4088
f 4608/4608/1472 4600/4600/4083 4593/4593/1468
f 4609/4609/4089 4604/4604/1096 4607/4607/4088
f 4610/4610/293 4611/4611/1773 4612/4612/286
f 4613/4613/305 4614/4614/283 4615/4615/275
f 4610/4610/293 4616/4616/1503 4611/4611/1773
f 4617/4617/296 4613/4613/305 4615/4615/275
f 4618/4618/4090 4619/4619/290 4620/4620/284
f 4618/4618/4090 4620/4620/284 4621/4621/298
f 4622/4622/4091 4623/4623/4092 4624/4624/292
f 4625/4625/4093 4613/4613/305 4617/4617/296
f 4626/4626/288 4627/4627/4094 4617/4617/296
f 4628/4628/4095 4629/4629/304 4630/4630/297
f 4628/4628/4095 4630/4630/297 4619/4619/290
f 4631/4631/4096 4618/4618/4090 4621/4621/298
f 4631/4631/4096 4621/4621/298 4632/4632/291
f 4633/4633/4097 4632/4632/291 4634/4634/280
f 4635/4635/299 4633/4633/4097 4634/4634/280
f 4636/4636/4098 4616/4616/1503 4610/4610/293
f 4636/4636/4098 4610/4610/293 4637/4637/4099
f 4638/4638/4100 4636/4636/4098 4637/4637/4099
f 4638/4638/4100 4637/4637/4099 4639/4639/4101
f 4640/4640/309 4641/4641/4102 4613/4613/305
f 4640/4640/309 4613/4613/305 4625/4625/4093
f 4642/4642/4103 4643/4643/308 4644/4644/4104
f 4627/4627/4094 4625/4625/4093 4617/4617/296
f 4645/4645/4105 4627/4627/4094 4626/4626/288
f 4645/4645/4105 4626/4626/288 4629/4629/304
f 4646/4646/4106 4645/4645/4105 4629/4629/304
f 4628/4628/4095 4646/4646/4106 4629/4629/304
f 4633/4633/4097 4631/4631/4096 4632/4632/291
f 4647/4647/4107 4635/4635/299 4648/4648/300
f 4636/4636/4098 4649/4649/4108 4616/4616/1503
f 4650/4650/4109 4638/4638/4100 4639/4639/4101
f 4651/4651/4110 4650/4650/4109 4639/4639/4101
f 4651/4651/4110 4639/4639/4101 4643/4643/308
f 4640/4640/309 4642/4642/4103 4644/4644/4104
f 4652/4652/4111 4628/4628/4095 4619/4619/290
f 4652/4652/4111 4619/4619/290 4618/4618/4090
f 4653/4653/4112 4633/4633/4097 4635/4635/299
f 4654/4654/4113 4647/4647/4107 4648/4648/300
f 4654/4654/4113 4648/4648/300 4623/4623/4092
f 4642/4642/4103 4651/4651/4110 4643/4643/308
f 4655/4655/4114 4642/4642/4103 4640/4640/309
f 4656/4656/4115 4623/4623/4092 4622/4622/4091
f 4657/4657/1531 4649/4649/4108 4636/4636/4098
f 4658/4658/4116 4655/4655/4114 4640/4640/309
f 4625/4625/4093 4658/4658/4116 4640/4640/309
f 4659/4659/4117 4627/4627/4094 4645/4645/4105
f 4660/4660/4118 4618/4618/4090 4631/4631/4096
f 4660/4660/4118 4631/4631/4096 4633/4633/4097
f 4653/4653/4112 4661/4661/4119 4633/4633/4097
f 4647/4647/4107 4653/4653/4112 4635/4635/299
f 4662/4662/4120 4654/4654/4113 4623/4623/4092
f 4656/4656/4115 4662/4662/4120 4623/4623/4092
f 4663/4663/1780 4656/4656/4115 4622/4622/4091
f 4664/4664/4121 4636/4636/4098 4638/4638/4100
f 4650/4650/4109 4664/4664/4121 4638/4638/4100
f 4665/4665/4122 4651/4651/4110 4642/4642/4103
f 4627/4627/4094 4658/4658/4116 4625/4625/4093
f 4646/4646/4106 4659/4659/4117 4645/4645/4105
f 4666/4666/4123 4652/4652/4111 4618/4618/4090
f 4666/4666/4123 4618/4618/4090 4660/4660/4118
f 4661/4661/4119 4660/4660/4118 4633/4633/4097
f 4667/4667/4124 4653/4653/4112 4647/4647/4107
f 4668/4668/4125 4647/4647/4107 4654/4654/4113
f 4662/4662/4120 4669/4669/4126 4654/4654/4113
f 4670/4670/1546 4671/4671/1529 4657/4657/1531
f 4672/4672/4127 4657/4657/1531 4636/4636/4098
f 4664/4664/4121 4672/4672/4127 4636/4636/4098
f 4673/4673/4128 4664/4664/4121 4650/4650/4109
f 4673/4673/4128 4650/4650/4109 4651/4651/4110
f 4674/4674/4129 4665/4665/4122 4642/4642/4103
f 4674/4674/4129 4642/4642/4103 4655/4655/4114
f 4675/4675/4130 4658/4658/4116 4627/4627/4094
f 4667/4667/4124 4661/4661/4119 4653/4653/4112
f 4669/4669/4126 4662/4662/4120 4656/4656/4115
f 4676/4676/1779 4669/4669/4126 4656/4656/4115
f 4663/4663/1780 4676/4676/1779 4656/4656/4115
f 4665/4665/4122 4673/4673/4128 4651/4651/4110
f 4675/4675/4130 4655/4655/4114 4658/4658/4116
f 4677/4677/4131 4675/4675/4130 4627/4627/4094
f 4659/4659/4117 4677/4677/4131 4627/4627/4094
f 4678/4678/4132 4659/4659/4117 4646/4646/4106
f 4679/4679/4133 4646/4646/4106 4628/4628/4095
f 4652/4652/4111 4679/4679/4133 4628/4628/4095
f 4680/4680/4134 4667/4667/4124 4647/4647/4107
f 4668/4668/4125 4680/4680/4134 4647/4647/4107
f 4669/4669/4126 4668/4668/4125 4654/4654/4113
f 4670/4670/1546 4657/4657/1531 4672/4672/4127
f 4655/4655/4114 4681/4681/4135 4674/4674/4129
f 4679/4679/4133 4678/4678/4132 4646/4646/4106
f 4682/4682/4136 4666/4666/4123 4660/4660/4118
f 4682/4682/4136 4660/4660/4118 4661/4661/4119
f 4683/4683/4137 4661/4661/4119 4667/4667/4124
f 4684/4684/4138 4672/4672/4127 4664/4664/4121
f 4673/4673/4128 4684/4684/4138 4664/4664/4121
f 4685/4685/4139 4665/4665/4122 4674/4674/4129
f 4685/4685/4139 4674/4674/4129 4681/4681/4135
f 4675/4675/4130 4681/4681/4135 4655/4655/4114
f 4686/4686/4140 4652/4652/4111 4666/4666/4123
f 4687/4687/4141 4688/4688/4142 4670/4670/1546
f 4684/4684/4138 4687/4687/4141 4670/4670/1546
f 4684/4684/4138 4670/4670/1546 4672/4672/4127
f 4689/4689/4143 4684/4684/4138 4673/4673/4128
f 4689/4689/4143 4673/4673/4128 4665/4665/4122
f 4690/4690/4144 4679/4679/4133 4652/4652/4111
f 4682/4682/4136 4691/4691/4145 4666/4666/4123
f 4683/4683/4137 4682/4682/4136 4661/4661/4119
f 4680/4680/4134 4683/4683/4137 4667/4667/4124
f 4692/4692/4146 4668/4668/4125 4669/4669/4126
f 4693/4693/4147 4684/4684/4138 4689/4689/4143
f 4694/4694/4148 4689/4689/4143 4665/4665/4122
f 4685/4685/4139 4694/4694/4148 4665/4665/4122
f 4695/4695/4149 4677/4677/4131 4659/4659/4117
f 4696/4696/4150 4659/4659/4117 4678/4678/4132
f 4697/4697/4151 4669/4669/4126 4676/4676/1779
f 4698/4698/1781 4697/4697/4151 4676/4676/1779
f 4699/4699/1561 4688/4688/4142 4687/4687/4141
f 4694/4694/4148 4693/4693/4147 4689/4689/4143
f 4685/4685/4139 4700/4700/4152 4694/4694/4148
f 4695/4695/4149 4675/4675/4130 4677/4677/4131
f 4696/4696/4150 4695/4695/4149 4659/4659/4117
f 4690/4690/4144 4652/4652/4111 4686/4686/4140
f 4691/4691/4145 4686/4686/4140 4666/4666/4123
f 4701/4701/4153 4682/4682/4136 4683/4683/4137
f 4702/4702/4154 4687/4687/4141 4684/4684/4138
f 4700/4700/4152 4702/4702/4154 4693/4693/4147
f 4702/4702/4154 4684/4684/4138 4693/4693/4147
f 4700/4700/4152 4693/4693/4147 4694/4694/4148
f 4703/4703/4155 4700/4700/4152 4685/4685/4139
f 4681/4681/4135 4703/4703/4155 4685/4685/4139
f 4704/4704/4156 4681/4681/4135 4675/4675/4130
f 4695/4695/4149 4705/4705/4157 4675/4675/4130
f 4706/4706/4158 4678/4678/4132 4679/4679/4133
f 4706/4706/4158 4679/4679/4133 4690/4690/4144
f 4692/4692/4146 4680/4680/4134 4668/4668/4125
f 4697/4697/4151 4707/4707/4159 4669/4669/4126
f 4708/4708/1569 4699/4699/1561 4687/4687/4141
f 4702/4702/4154 4708/4708/1569 4687/4687/4141
f 4709/4709/1571 4708/4708/1569 4702/4702/4154
f 4710/4710/1570 4708/4708/1569 4709/4709/1571
f 4709/4709/1571 4702/4702/4154 4700/4700/4152
f 4711/4711/4160 4709/4709/1571 4700/4700/4152
f 4703/4703/4155 4711/4711/4160 4700/4700/4152
f 4712/4712/4161 4711/4711/4160 4703/4703/4155
f 4713/4713/1575 4711/4711/4160 4712/4712/4161
f 4712/4712/4161 4703/4703/4155 4681/4681/4135
f 4704/4704/4156 4712/4712/4161 4681/4681/4135
f 4705/4705/4157 4704/4704/4156 4675/4675/4130
f 4686/4686/4140 4714/4714/4162 4690/4690/4144
f 4715/4715/4163 4683/4683/4137 4680/4680/4134
f 4707/4707/4159 4692/4692/4146 4669/4669/4126
f 4713/4713/1575 4709/4709/1571 4711/4711/4160
f 4716/4716/1572 4709/4709/1571 4713/4713/1575
f 4717/4717/4164 4716/4716/1572 4713/4713/1575
f 4706/4706/4158 4696/4696/4150 4678/4678/4132
f 4704/4704/4156 4718/4718/1576 4712/4712/4161
f 4718/4718/1576 4713/4713/1575 4712/4712/4161
f 4719/4719/4165 4706/4706/4158 4690/4690/4144
f 4720/4720/4166 4691/4691/4145 4682/4682/4136
f 4721/4721/4167 4682/4682/4136 4701/4701/4153
f 4722/4722/4168 4701/4701/4153 4683/4683/4137
f 4715/4715/4163 4722/4722/4168 4683/4683/4137
f 4723/4723/4169 4715/4715/4163 4680/4680/4134
f 4723/4723/4169 4680/4680/4134 4692/4692/4146
f 4707/4707/4159 4724/4724/4170 4692/4692/4146
f 4697/4697/4151 4725/4725/4171 4707/4707/4159
f 4719/4719/4165 4690/4690/4144 4714/4714/4162
f 4726/4726/4172 4686/4686/4140 4691/4691/4145
f 4721/4721/4167 4720/4720/4166 4682/4682/4136
f 4727/4727/4173 4725/4725/4171 4697/4697/4151
f 4728/4728/4174 4705/4705/4157 4695/4695/4149
f 4728/4728/4174 4695/4695/4149 4696/4696/4150
f 4729/4729/4175 4696/4696/4150 4706/4706/4158
f 4726/4726/4172 4714/4714/4162 4686/4686/4140
f 4722/4722/4168 4721/4721/4167 4701/4701/4153
f 4724/4724/4170 4723/4723/4169 4692/4692/4146
f 4725/4725/4171 4724/4724/4170 4707/4707/4159
f 4730/4730/4176 4718/4718/1576 4704/4704/4156
f 4731/4731/4177 4704/4704/4156 4705/4705/4157
f 4728/4728/4174 4731/4731/4177 4705/4705/4157
f 4720/4720/4166 4726/4726/4172 4691/4691/4145
f 4732/4732/4178 4722/4722/4168 4715/4715/4163
f 4731/4731/4177 4730/4730/4176 4704/4704/4156
f 4729/4729/4175 4728/4728/4174 4696/4696/4150
f 4719/4719/4165 4729/4729/4175 4706/4706/4158
f 4726/4726/4172 4719/4719/4165 4714/4714/4162
f 4733/4733/4179 4726/4726/4172 4720/4720/4166
f 4732/4732/4178 4721/4721/4167 4722/4722/4168
f 4723/4723/4169 4732/4732/4178 4715/4715/4163
f 4734/4734/1789 4725/4725/4171 4727/4727/4173
f 4735/4735/4180 4731/4731/4177 4728/4728/4174
f 4736/4736/4181 4732/4732/4178 4723/4723/4169
f 4719/4719/4165 4737/4737/4182 4729/4729/4175
f 4738/4738/4183 4720/4720/4166 4721/4721/4167
f 4736/4736/4181 4723/4723/4169 4724/4724/4170
f 4739/4739/4184 4735/4735/4180 4728/4728/4174
f 4739/4739/4184 4728/4728/4174 4729/4729/4175
f 4740/4740/4185 4726/4726/4172 4733/4733/4179
f 4738/4738/4183 4733/4733/4179 4720/4720/4166
f 4741/4741/4186 4721/4721/4167 4732/4732/4178
f 4742/4742/1793 4724/4724/4170 4725/4725/4171
f 4734/4734/1789 4742/4742/1793 4725/4725/4171
f 4740/4740/4185 4719/4719/4165 4726/4726/4172
f 4741/4741/4186 4738/4738/4183 4721/4721/4167
f 4743/4743/4187 4732/4732/4178 4736/4736/4181
f 4744/4744/4188 4736/4736/4181 4724/4724/4170
f 4737/4737/4182 4739/4739/4184 4729/4729/4175
f 4732/4732/4178 4743/4743/4187 4741/4741/4186
f 4742/4742/1793 4744/4744/4188 4724/4724/4170
f 4740/4740/4185 4737/4737/4182 4719/4719/4165
f 4745/4745/4189 4743/4743/4187 4736/4736/4181
f 4746/4746/4190 4747/4747/4191 4742/4742/1793
f 4740/4740/4185 4748/4748/4192 4737/4737/4182
f 4738/4738/4183 4749/4749/4193 4733/4733/4179
f 4743/4743/4187 4750/4750/4194 4741/4741/4186
f 4745/4745/4189 4736/4736/4181 4744/4744/4188
f 4747/4747/4191 4744/4744/4188 4742/4742/1793
f 4749/4749/4193 4740/4740/4185 4733/4733/4179
f 4750/4750/4194 4738/4738/4183 4741/4741/4186
f 4751/4751/4195 4743/4743/4187 4745/4745/4189
f 4752/4752/4196 4745/4745/4189 4744/4744/4188
f 4753/4753/4197 4735/4735/4180 4739/4739/4184
f 4754/4754/4198 4753/4753/4197 4739/4739/4184
f 4754/4754/4198 4739/4739/4184 4737/4737/4182
f 4755/4755/4199 4754/4754/4198 4737/4737/4182
f 4747/4747/4191 4752/4752/4196 4744/4744/4188
f 4756/4756/4200 4747/4747/4191 4746/4746/4190
f 4755/4755/4199 4737/4737/4182 4748/4748/4192
f 4757/4757/4201 4748/4748/4192 4740/4740/4185
f 4758/4758/4202 4757/4757/4201 4740/4740/4185
f 4749/4749/4193 4758/4758/4202 4740/4740/4185
f 4759/4759/4203 4749/4749/4193 4738/4738/4183
f 4750/4750/4194 4759/4759/4203 4738/4738/4183
f 4760/4760/4204 4753/4753/4197 4754/4754/4198
f 4755/4755/4199 4760/4760/4204 4754/4754/4198
f 4757/4757/4201 4761/4761/4205 4748/4748/4192
f 4750/4750/4194 4743/4743/4187 4751/4751/4195
f 4762/4762/4206 4751/4751/4195 4745/4745/4189
f 4752/4752/4196 4762/4762/4206 4745/4745/4189
f 4756/4756/4200 4752/4752/4196 4747/4747/4191
f 4763/4763/4207 4756/4756/4200 4746/4746/4190
f 4761/4761/4205 4755/4755/4199 4748/4748/4192
f 4759/4759/4203 4758/4758/4202 4749/4749/4193
f 4764/4764/4208 4761/4761/4205 4757/4757/4201
f 4758/4758/4202 4764/4764/4208 4757/4757/4201
f 4765/4765/4209 4762/4762/4206 4752/4752/4196
f 4756/4756/4200 4766/4766/4210 4752/4752/4196
f 4761/4761/4205 4760/4760/4204 4755/4755/4199
f 4759/4759/4203 4767/4767/4211 4758/4758/4202
f 4768/4768/4212 4759/4759/4203 4750/4750/4194
f 4769/4769/4213 4750/4750/4194 4751/4751/4195
f 4766/4766/4210 4765/4765/4209 4752/4752/4196
f 4770/4770/2086 4771/4771/4214 4756/4756/4200
f 4771/4771/4214 4766/4766/4210 4756/4756/4200
f 4763/4763/4207 4770/4770/2086 4756/4756/4200
f 4767/4767/4211 4764/4764/4208 4758/4758/4202
f 4769/4769/4213 4768/4768/4212 4750/4750/4194
f 4762/4762/4206 4769/4769/4213 4751/4751/4195
f 4766/4766/4210 4772/4772/4215 4765/4765/4209
f 4771/4771/4214 4772/4772/4215 4766/4766/4210
f 4773/4773/4216 4771/4771/4214 4770/4770/2086
f 4774/4774/4217 4769/4769/4213 4762/4762/4206
f 4775/4775/4218 4774/4774/4217 4762/4762/4206
f 4776/4776/4219 4765/4765/4209 4772/4772/4215
f 4777/4777/4220 4776/4776/4219 4772/4772/4215
f 4778/4778/2091 4772/4772/4215 4771/4771/4214
f 4776/4776/4219 4775/4775/4218 4762/4762/4206
f 4776/4776/4219 4762/4762/4206 4765/4765/4209
f 4777/4777/4220 4772/4772/4215 4778/4778/2091
f 4778/4778/2091 4771/4771/4214 4773/4773/4216
f 4779/4779/4221 4768/4768/4212 4769/4769/4213
f 4780/4780/4222 4775/4775/4218 4776/4776/4219
f 4781/4781/4223 4780/4780/4222 4776/4776/4219
f 4781/4781/4223 4776/4776/4219 4777/4777/4220
f 4782/4782/2098 4781/4781/4223 4777/4777/4220
f 4782/4782/2098 4777/4777/4220 4778/4778/2091
f 4783/4783/4224 4784/4784/4225 4774/4774/4217
f 4783/4783/4224 4774/4774/4217 4775/4775/4218
f 4785/4785/2104 4780/4780/4222 4781/4781/4223
f 4786/4786/4226 4783/4783/4224 4775/4775/4218
f 4787/4787/4227 4786/4786/4226 4775/4775/4218
f 4787/4787/4227 4775/4775/4218 4780/4780/4222
f 4785/4785/2104 4787/4787/4227 4780/4780/4222
f 4788/4788/4228 4784/4784/4225 4783/4783/4224
f 4786/4786/4226 4788/4788/4228 4783/4783/4224
f 4786/4786/4226 4789/4789/4229 4788/4788/4228
f 4790/4790/4230 4786/4786/4226 4787/4787/4227
f 4791/4791/4231 4792/4792/4232 4793/4793/4233
f 4794/4794/4234 4791/4791/4231 4793/4793/4233
f 4791/4791/4231 4795/4795/4235 4792/4792/4232
f 4796/4796/4236 4791/4791/4231 4794/4794/4234
f 4797/4797/4237 4796/4796/4236 4794/4794/4234
f 4798/4798/4238 4795/4795/4235 4791/4791/4231
f 4796/4796/4236 4798/4798/4238 4791/4791/4231
f 4799/4799/1543 4800/4800/4239 4798/4798/4238
f 4801/4801/1540 4799/4799/1543 4798/4798/4238
f 4801/4801/1540 4798/4798/4238 4796/4796/4236
f 4802/4802/4240 4796/4796/4236 4797/4797/4237
f 4803/4803/1533 4801/4801/1540 4796/4796/4236
f 4803/4803/1533 4796/4796/4236 4802/4802/4240
f 4793/4793/4233 4792/4792/4232 4804/4804/4241
f 4792/4792/4232 4805/4805/4242 4804/4804/4241
f 4795/4795/4235 4805/4805/4242 4792/4792/4232
f 4797/4797/4237 4794/4794/4234 4806/4806/4243
f 4798/4798/4238 4800/4800/4239 4795/4795/4235
f 4807/4807/4244 4797/4797/4237 4806/4806/4243
f 4802/4802/4240 4797/4797/4237 4807/4807/4244
f 4808/4808/1156 4803/4803/1533 4802/4802/4240
f 4809/4809/4245 4810/4810/4246 4811/4811/4247
f 4812/4812/4248 4813/4813/4249 4810/4810/4246
f 4812/4812/4248 4814/4814/4250 4813/4813/4249
f 4809/4809/4245 4812/4812/4248 4810/4810/4246
f 4815/4815/4251 4809/4809/4245 4816/4816/4252
f 4817/4817/4253 4809/4809/4245 4815/4815/4251
f 4817/4817/4253 4812/4812/4248 4809/4809/4245
f 4818/4818/4254 4812/4812/4248 4817/4817/4253
f 4818/4818/4254 4819/4819/4255 4812/4812/4248
f 4820/4820/4256 4819/4819/4255 4818/4818/4254
f 4804/4804/4241 4819/4819/4255 4820/4820/4256
f 4804/4804/4241 4821/4821/4257 4819/4819/4255
f 4793/4793/4233 4804/4804/4241 4820/4820/4256
f 4822/4822/4258 4793/4793/4233 4820/4820/4256
f 4805/4805/4242 4821/4821/4257 4804/4804/4241
f 4794/4794/4234 4793/4793/4233 4822/4822/4258
f 4806/4806/4243 4794/4794/4234 4822/4822/4258
f 4823/4823/4259 4802/4802/4240 4807/4807/4244
f 4813/4813/4249 4824/4824/4260 4825/4825/4261
f 4813/4813/4249 4825/4825/4261 4811/4811/4247
f 4816/4816/4252 4811/4811/4247 4826/4826/4262
f 4810/4810/4246 4813/4813/4249 4811/4811/4247
f 4827/4827/4263 4824/4824/4260 4813/4813/4249
f 4816/4816/4252 4809/4809/4245 4811/4811/4247
f 4815/4815/4251 4816/4816/4252 4828/4828/4264
f 4829/4829/4265 4828/4828/4264 4830/4830/4266
f 4814/4814/4250 4827/4827/4263 4813/4813/4249
f 4831/4831/4267 4815/4815/4251 4828/4828/4264
f 4817/4817/4253 4815/4815/4251 4832/4832/4268
f 4819/4819/4255 4814/4814/4250 4812/4812/4248
f 4819/4819/4255 4821/4821/4257 4814/4814/4250
f 4833/4833/4269 4818/4818/4254 4817/4817/4253
f 4820/4820/4256 4818/4818/4254 4833/4833/4269
f 4822/4822/4258 4820/4820/4256 4833/4833/4269
f 4806/4806/4243 4822/4822/4258 4834/4834/4270
f 4807/4807/4244 4806/4806/4243 4835/4835/4271
f 4836/4836/4272 4823/4823/4259 4837/4837/4273
f 4823/4823/4259 4807/4807/4244 4837/4837/4273
f 4811/4811/4247 4825/4825/4261 4838/4838/4274
f 4811/4811/4247 4838/4838/4274 4826/4826/4262
f 4830/4830/4266 4839/4839/4275 4840/4840/4276
f 4816/4816/4252 4826/4826/4262 4839/4839/4275
f 4828/4828/4264 4816/4816/4252 4839/4839/4275
f 4828/4828/4264 4839/4839/4275 4830/4830/4266
f 4829/4829/4265 4830/4830/4266 4841/4841/4277
f 4831/4831/4267 4828/4828/4264 4829/4829/4265
f 4842/4842/4278 4831/4831/4267 4829/4829/4265
f 4842/4842/4278 4829/4829/4265 4843/4843/4279
f 4832/4832/4268 4815/4815/4251 4831/4831/4267
f 4844/4844/4280 4833/4833/4269 4817/4817/4253
f 4844/4844/4280 4817/4817/4253 4832/4832/4268
f 4834/4834/4270 4822/4822/4258 4833/4833/4269
f 4834/4834/4270 4833/4833/4269 4844/4844/4280
f 4845/4845/4281 4806/4806/4243 4834/4834/4270
f 4835/4835/4271 4806/4806/4243 4845/4845/4281
f 4807/4807/4244 4835/4835/4271 4837/4837/4273
f 4846/4846/1163 4823/4823/4259 4836/4836/4272
f 4830/4830/4266 4840/4840/4276 4847/4847/4282
f 4841/4841/4277 4830/4830/4266 4847/4847/4282
f 4843/4843/4279 4829/4829/4265 4841/4841/4277
f 4842/4842/4278 4843/4843/4279 4848/4848/4283
f 4849/4849/4284 4831/4831/4267 4842/4842/4278
f 4850/4850/4285 4851/4851/4286 4832/4832/4268
f 4850/4850/4285 4832/4832/4268 4831/4831/4267
f 4849/4849/4284 4850/4850/4285 4831/4831/4267
f 4852/4852/4287 4834/4834/4270 4844/4844/4280
f 4845/4845/4281 4834/4834/4270 4852/4852/4287
f 4853/4853/4288 4837/4837/4273 4835/4835/4271
f 4836/4836/4272 4837/4837/4273 4853/4853/4288
f 4825/4825/4261 4854/4854/4289 4855/4855/4290
f 4838/4838/4274 4825/4825/4261 4855/4855/4290
f 4826/4826/4262 4838/4838/4274 4856/4856/4291
f 4826/4826/4262 4856/4856/4291 4840/4840/4276
f 4840/4840/4276 4839/4839/4275 4826/4826/4262
f 4843/4843/4279 4841/4841/4277 4857/4857/4292
f 4848/4848/4283 4843/4843/4279 4857/4857/4292
f 4858/4858/4293 4842/4842/4278 4848/4848/4283
f 4859/4859/4294 4849/4849/4284 4842/4842/4278
f 4860/4860/4295 4859/4859/4294 4858/4858/4293
f 4859/4859/4294 4842/4842/4278 4858/4858/4293
f 4861/4861/4296 4844/4844/4280 4832/4832/4268
f 4851/4851/4286 4861/4861/4296 4832/4832/4268
f 4852/4852/4287 4844/4844/4280 4861/4861/4296
f 4862/4862/4297 4835/4835/4271 4845/4845/4281
f 4853/4853/4288 4835/4835/4271 4862/4862/4297
f 4863/4863/4298 4836/4836/4272 4853/4853/4288
f 4846/4846/1163 4836/4836/4272 4863/4863/4298
f 4840/4840/4276 4856/4856/4291 4864/4864/4299
f 4840/4840/4276 4864/4864/4299 4865/4865/4300
f 4847/4847/4282 4840/4840/4276 4865/4865/4300
f 4866/4866/4301 4841/4841/4277 4847/4847/4282
f 4857/4857/4292 4841/4841/4277 4866/4866/4301
f 4867/4867/4302 4848/4848/4283 4868/4868/4303
f 4858/4858/4293 4848/4848/4283 4867/4867/4302
f 4860/4860/4295 4858/4858/4293 4867/4867/4302
f 4869/4869/4304 4859/4859/4294 4860/4860/4295
f 4869/4869/4304 4849/4849/4284 4859/4859/4294
f 4870/4870/4305 4849/4849/4284 4869/4869/4304
f 4871/4871/4306 4850/4850/4285 4849/4849/4284
f 4870/4870/4305 4871/4871/4306 4849/4849/4284
f 4872/4872/4307 4845/4845/4281 4852/4852/4287
f 4847/4847/4282 4865/4865/4300 4873/4873/4308
f 4847/4847/4282 4873/4873/4308 4866/4866/4301
f 4868/4868/4303 4848/4848/4283 4857/4857/4292
f 4874/4874/4309 4869/4869/4304 4860/4860/4295
f 4871/4871/4306 4851/4851/4286 4850/4850/4285
f 4875/4875/4310 4861/4861/4296 4851/4851/4286
f 4875/4875/4310 4851/4851/4286 4871/4871/4306
f 4876/4876/4311 4870/4870/4305 4869/4869/4304
f 4852/4852/4287 4861/4861/4296 4875/4875/4310
f 4877/4877/4312 4871/4871/4306 4870/4870/4305
f 4876/4876/4311 4877/4877/4312 4870/4870/4305
f 4862/4862/4297 4845/4845/4281 4872/4872/4307
f 4878/4878/4313 4846/4846/1163 4863/4863/4298
f 4868/4868/4303 4857/4857/4292 4879/4879/4314
f 4880/4880/4315 4867/4867/4302 4868/4868/4303
f 4874/4874/4309 4876/4876/4311 4869/4869/4304
f 4872/4872/4307 4852/4852/4287 4875/4875/4310
f 4881/4881/4316 4853/4853/4288 4862/4862/4297
f 4882/4882/4317 4857/4857/4292 4866/4866/4301
f 4880/4880/4315 4868/4868/4303 4879/4879/4314
f 4883/4883/4318 4867/4867/4302 4880/4880/4315
f 4860/4860/4295 4867/4867/4302 4883/4883/4318
f 4877/4877/4312 4875/4875/4310 4871/4871/4306
f 4881/4881/4316 4862/4862/4297 4872/4872/4307
f 4884/4884/4319 4863/4863/4298 4853/4853/4288
f 4878/4878/4313 4863/4863/4298 4885/4885/4320
f 4879/4879/4314 4857/4857/4292 4882/4882/4317
f 4886/4886/4321 4860/4860/4295 4883/4883/4318
f 4874/4874/4309 4860/4860/4295 4886/4886/4321
f 4887/4887/4322 4877/4877/4312 4876/4876/4311
f 4888/4888/4323 4872/4872/4307 4875/4875/4310
f 4889/4889/4324 4872/4872/4307 4888/4888/4323
f 4881/4881/4316 4872/4872/4307 4889/4889/4324
f 4853/4853/4288 4881/4881/4316 4884/4884/4319
f 4885/4885/4320 4863/4863/4298 4884/4884/4319
f 4890/4890/4325 4879/4879/4314 4882/4882/4317
f 4891/4891/4326 4880/4880/4315 4879/4879/4314
f 4891/4891/4326 4879/4879/4314 4890/4890/4325
f 4892/4892/4327 4883/4883/4318 4880/4880/4315
f 4892/4892/4327 4880/4880/4315 4893/4893/4328
f 4894/4894/4329 4874/4874/4309 4886/4886/4321
f 4888/4888/4323 4875/4875/4310 4877/4877/4312
f 4895/4895/4330 4876/4876/4311 4874/4874/4309
f 4895/4895/4330 4874/4874/4309 4894/4894/4329
f 4896/4896/4331 4888/4888/4323 4877/4877/4312
f 4896/4896/4331 4877/4877/4312 4887/4887/4322
f 4895/4895/4330 4887/4887/4322 4876/4876/4311
f 4897/4897/1177 4878/4878/4313 4885/4885/4320
f 4898/4898/4332 4880/4880/4315 4891/4891/4326
f 4893/4893/4328 4880/4880/4315 4898/4898/4332
f 4899/4899/4333 4883/4883/4318 4892/4892/4327
f 4899/4899/4333 4886/4886/4321 4883/4883/4318
f 4900/4900/4334 4892/4892/4327 4893/4893/4328
f 4901/4901/4335 4892/4892/4327 4900/4900/4334
f 4901/4901/4335 4899/4899/4333 4892/4892/4327
f 4902/4902/4336 4894/4894/4329 4886/4886/4321
f 4903/4903/4337 4888/4888/4323 4896/4896/4331
f 4904/4904/4338 4896/4896/4331 4887/4887/4322
f 4904/4904/4338 4887/4887/4322 4895/4895/4330
f 4889/4889/4324 4888/4888/4323 4903/4903/4337
f 4905/4905/4339 4889/4889/4324 4903/4903/4337
f 4905/4905/4339 4881/4881/4316 4889/4889/4324
f 4906/4906/4340 4884/4884/4319 4881/4881/4316
f 4907/4907/4341 4885/4885/4320 4884/4884/4319
f 4897/4897/1177 4885/4885/4320 4908/4908/1186
f 4895/4895/4330 4894/4894/4329 4902/4902/4336
f 4906/4906/4340 4881/4881/4316 4905/4905/4339
f 4908/4908/1186 4885/4885/4320 4907/4907/4341
f 4909/4909/4342 4910/4910/4343 4911/4911/4344
f 4912/4912/4345 4909/4909/4342 4911/4911/4344
f 4912/4912/4345 4898/4898/4332 4909/4909/4342
f 4912/4912/4345 4893/4893/4328 4898/4898/4332
f 4913/4913/4346 4900/4900/4334 4893/4893/4328
f 4914/4914/4347 4899/4899/4333 4901/4901/4335
f 4915/4915/4348 4886/4886/4321 4899/4899/4333
f 4915/4915/4348 4899/4899/4333 4914/4914/4347
f 4915/4915/4348 4902/4902/4336 4886/4886/4321
f 4916/4916/4349 4895/4895/4330 4902/4902/4336
f 4907/4907/4341 4884/4884/4319 4906/4906/4340
f 4917/4917/4350 4901/4901/4335 4900/4900/4334
f 4917/4917/4350 4900/4900/4334 4913/4913/4346
f 4914/4914/4347 4901/4901/4335 4917/4917/4350
f 4918/4918/4351 4903/4903/4337 4896/4896/4331
f 4918/4918/4351 4896/4896/4331 4904/4904/4338
f 4913/4913/4346 4893/4893/4328 4912/4912/4345
f 4919/4919/4352 4904/4904/4338 4895/4895/4330
f 4919/4919/4352 4895/4895/4330 4916/4916/4349
f 4920/4920/1202 4905/4905/4339 4903/4903/4337
f 4921/4921/4353 4920/4920/1202 4903/4903/4337
f 4921/4921/4353 4903/4903/4337 4918/4918/4351
f 4922/4922/1199 4905/4905/4339 4920/4920/1202
f 4922/4922/1199 4906/4906/4340 4905/4905/4339
f 4923/4923/1198 4906/4906/4340 4922/4922/1199
f 4907/4907/4341 4906/4906/4340 4923/4923/1198
f 4923/4923/1198 4908/4908/1186 4907/4907/4341
f 4912/4912/4345 4911/4911/4344 4924/4924/4354
f 4914/4914/4347 4917/4917/4350 4925/4925/4355
f 4926/4926/4356 4915/4915/4348 4914/4914/4347
f 4902/4902/4336 4915/4915/4348 4926/4926/4356
f 4927/4927/4357 4916/4916/4349 4902/4902/4336
f 4927/4927/4357 4919/4919/4352 4916/4916/4349
f 4919/4919/4352 4918/4918/4351 4904/4904/4338
f 4908/4908/1186 4923/4923/1198 4928/4928/1201
f 4929/4929/1189 4908/4908/1186 4928/4928/1201
f 4930/4930/4358 4913/4913/4346 4912/4912/4345
f 4931/4931/4359 4913/4913/4346 4930/4930/4358
f 4917/4917/4350 4913/4913/4346 4931/4931/4359
f 4925/4925/4355 4917/4917/4350 4931/4931/4359
f 4912/4912/4345 4924/4924/4354 4932/4932/4360
f 4933/4933/4361 4914/4914/4347 4925/4925/4355
f 4926/4926/4356 4914/4914/4347 4933/4933/4361
f 4934/4934/4362 4902/4902/4336 4926/4926/4356
f 4935/4935/4363 4926/4926/4356 4933/4933/4361
f 4927/4927/4357 4902/4902/4336 4934/4934/4362
f 4936/4936/1209 4921/4921/4353 4918/4918/4351
f 4936/4936/1209 4918/4918/4351 4919/4919/4352
f 4920/4920/1202 4921/4921/4353 4936/4936/1209
f 4930/4930/4358 4912/4912/4345 4932/4932/4360
f 4937/4937/4364 4925/4925/4355 4931/4931/4359
f 4933/4933/4361 4925/4925/4355 4938/4938/4365
f 4934/4934/4362 4926/4926/4356 4935/4935/4363
f 4938/4938/4365 4925/4925/4355 4937/4937/4364
f 4935/4935/4363 4933/4933/4361 4938/4938/4365
f 4939/4939/4366 4920/4920/1202 4936/4936/1209
f 4931/4931/4359 4930/4930/4358 4940/4940/4367
f 4937/4937/4364 4931/4931/4359 4941/4941/4368
f 4935/4935/4363 4938/4938/4365 4942/4942/4369
f 4943/4943/4370 4936/4936/1209 4919/4919/4352
f 4940/4940/4367 4930/4930/4358 4932/4932/4360
f 4941/4941/4368 4931/4931/4359 4940/4940/4367
f 4942/4942/4369 4934/4934/4362 4935/4935/4363
f 4944/4944/4371 4934/4934/4362 4942/4942/4369
f 4943/4943/4370 4919/4919/4352 4927/4927/4357
f 4945/4945/4372 4942/4942/4369 4938/4938/4365
f 4927/4927/4357 4934/4934/4362 4944/4944/4371
f 4946/4946/4373 4943/4943/4370 4927/4927/4357
f 4943/4943/4370 4947/4947/1210 4936/4936/1209
f 4940/4940/4367 4932/4932/4360 4948/4948/4374
f 4945/4945/4372 4938/4938/4365 4937/4937/4364
f 4949/4949/4375 4942/4942/4369 4945/4945/4372
f 4944/4944/4371 4942/4942/4369 4949/4949/4375
f 4946/4946/4373 4927/4927/4357 4944/4944/4371
f 4950/4950/4376 4943/4943/4370 4946/4946/4373
f 4951/4951/4377 4940/4940/4367 4948/4948/4374
f 4952/4952/4378 4944/4944/4371 4949/4949/4375
f 4950/4950/4376 4947/4947/1210 4943/4943/4370
f 4945/4945/4372 4937/4937/4364 4941/4941/4368
f 4953/4953/4379 4945/4945/4372 4954/4954/4380
f 4949/4949/4375 4945/4945/4372 4953/4953/4379
f 4952/4952/4378 4949/4949/4375 4953/4953/4379
f 4954/4954/4380 4945/4945/4372 4955/4955/4381
f 4952/4952/4378 4953/4953/4379 4956/4956/4382
f 4800/4800/4239 4957/4957/4383 4795/4795/4235
f 4958/4958/1547 4957/4957/4383 4800/4800/4239
f 4821/4821/4257 4959/4959/4384 4814/4814/4250
f 4805/4805/4242 4960/4960/4385 4821/4821/4257
f 4805/4805/4242 4961/4961/4386 4960/4960/4385
f 4795/4795/4235 4961/4961/4386 4805/4805/4242
f 4957/4957/4383 4961/4961/4386 4795/4795/4235
f 4827/4827/4263 4962/4962/4387 4824/4824/4260
f 4814/4814/4250 4962/4962/4387 4827/4827/4263
f 4814/4814/4250 4963/4963/4388 4962/4962/4387
f 4959/4959/4384 4963/4963/4388 4814/4814/4250
f 4960/4960/4385 4964/4964/4389 4959/4959/4384
f 4960/4960/4385 4959/4959/4384 4821/4821/4257
f 4957/4957/4383 4965/4965/4390 4961/4961/4386
f 4966/4966/1563 4965/4965/4390 4957/4957/4383
f 4966/4966/1563 4957/4957/4383 4958/4958/1547
f 4825/4825/4261 4824/4824/4260 4967/4967/4391
f 4962/4962/4387 4967/4967/4391 4824/4824/4260
f 4963/4963/4388 4968/4968/4392 4962/4962/4387
f 4959/4959/4384 4969/4969/4393 4963/4963/4388
f 4959/4959/4384 4964/4964/4389 4969/4969/4393
f 4960/4960/4385 4961/4961/4386 4964/4964/4389
f 4966/4966/1563 4970/4970/4394 4965/4965/4390
f 4825/4825/4261 4967/4967/4391 4854/4854/4289
f 4962/4962/4387 4971/4971/4395 4967/4967/4391
f 4962/4962/4387 4968/4968/4392 4971/4971/4395
f 4964/4964/4389 4972/4972/4396 4969/4969/4393
f 4961/4961/4386 4973/4973/4397 4964/4964/4389
f 4961/4961/4386 4965/4965/4390 4973/4973/4397
f 4974/4974/4398 4970/4970/4394 4966/4966/1563
f 4967/4967/4391 4975/4975/4399 4854/4854/4289
f 4967/4967/4391 4976/4976/4400 4975/4975/4399
f 4967/4967/4391 4971/4971/4395 4976/4976/4400
f 4963/4963/4388 4977/4977/4401 4968/4968/4392
f 4969/4969/4393 4977/4977/4401 4963/4963/4388
f 4964/4964/4389 4973/4973/4397 4972/4972/4396
f 4970/4970/4394 4978/4978/4402 4965/4965/4390
f 4854/4854/4289 4975/4975/4399 4979/4979/4403
f 4977/4977/4401 4980/4980/4404 4968/4968/4392
f 4973/4973/4397 4981/4981/4405 4972/4972/4396
f 4982/4982/4406 4973/4973/4397 4965/4965/4390
f 4978/4978/4402 4982/4982/4406 4965/4965/4390
f 4979/4979/4403 4975/4975/4399 4983/4983/4407
f 4976/4976/4400 4984/4984/4408 4983/4983/4407
f 4975/4975/4399 4976/4976/4400 4983/4983/4407
f 4971/4971/4395 4984/4984/4408 4976/4976/4400
f 4972/4972/4396 4977/4977/4401 4969/4969/4393
f 4985/4985/4409 4978/4978/4402 4970/4970/4394
f 4974/4974/4398 4986/4986/1577 4970/4970/4394
f 4987/4987/4410 4984/4984/4408 4971/4971/4395
f 4988/4988/4411 4971/4971/4395 4968/4968/4392
f 4980/4980/4404 4988/4988/4411 4968/4968/4392
f 4981/4981/4405 4977/4977/4401 4972/4972/4396
f 4983/4983/4407 4984/4984/4408 4989/4989/4412
f 4988/4988/4411 4987/4987/4410 4971/4971/4395
f 4990/4990/4413 4980/4980/4404 4977/4977/4401
f 4981/4981/4405 4990/4990/4413 4977/4977/4401
f 4981/4981/4405 4973/4973/4397 4982/4982/4406
f 4991/4991/4414 4982/4982/4406 4978/4978/4402
f 4985/4985/4409 4970/4970/4394 4986/4986/1577
f 4992/4992/4415 4988/4988/4411 4980/4980/4404
f 4992/4992/4415 4980/4980/4404 4990/4990/4413
f 4993/4993/4416 4990/4990/4413 4981/4981/4405
f 4994/4994/4417 4981/4981/4405 4982/4982/4406
f 4991/4991/4414 4994/4994/4417 4982/4982/4406
f 4985/4985/4409 4991/4991/4414 4978/4978/4402
f 4995/4995/4418 4985/4985/4409 4986/4986/1577
f 4995/4995/4418 4986/4986/1577 4996/4996/1579
f 4984/4984/4408 4997/4997/4419 4989/4989/4412
f 4998/4998/4420 4987/4987/4410 4988/4988/4411
f 4992/4992/4415 4998/4998/4420 4988/4988/4411
f 4999/4999/4421 4995/4995/4418 4996/4996/1579
f 5000/5000/4422 4997/4997/4419 4984/4984/4408
f 5000/5000/4422 4984/4984/4408 4987/4987/4410
f 5001/5001/4423 4992/4992/4415 4990/4990/4413
f 5002/5002/4424 4993/4993/4416 4981/4981/4405
f 4994/4994/4417 5002/5002/4424 4981/4981/4405
f 5003/5003/4425 4999/4999/4421 4996/4996/1579
f 5004/5004/4426 4998/4998/4420 4992/4992/4415
f 5004/5004/4426 4992/4992/4415 5001/5001/4423
f 5001/5001/4423 4990/4990/4413 4993/4993/4416
f 4991/4991/4414 5005/5005/4427 4994/4994/4417
f 4995/4995/4418 5006/5006/4428 4985/4985/4409
f 5007/5007/4429 4999/4999/4421 5003/5003/4425
f 5008/5008/4430 5000/5000/4422 4987/4987/4410
f 4998/4998/4420 5008/5008/4430 4987/4987/4410
f 5005/5005/4427 5002/5002/4424 4994/4994/4417
f 5009/5009/4431 4991/4991/4414 4985/4985/4409
f 5006/5006/4428 5009/5009/4431 4985/4985/4409
f 5010/5010/4432 5006/5006/4428 4995/4995/4418
f 5010/5010/4432 4995/4995/4418 4999/4999/4421
f 5011/5011/1583 5007/5007/4429 5003/5003/4425
f 5012/5012/4433 5000/5000/4422 5008/5008/4430
f 5009/5009/4431 5005/5005/4427 4991/4991/4414
f 5013/5013/4434 4997/4997/4419 5000/5000/4422
f 5012/5012/4433 5013/5013/4434 5000/5000/4422
f 5014/5014/4435 5012/5012/4433 5008/5008/4430
f 4998/4998/4420 5014/5014/4435 5008/5008/4430
f 4993/4993/4416 5015/5015/4436 5001/5001/4423
f 5016/5016/4437 5009/5009/4431 5006/5006/4428
f 5007/5007/4429 5010/5010/4432 4999/4999/4421
f 5014/5014/4435 5017/5017/4438 5012/5012/4433
f 5018/5018/4439 5014/5014/4435 4998/4998/4420
f 5004/5004/4426 5018/5018/4439 4998/4998/4420
f 5002/5002/4424 5015/5015/4436 4993/4993/4416
f 5010/5010/4432 5016/5016/4437 5006/5006/4428
f 5005/5005/4427 5019/5019/4440 5002/5002/4424
f 5020/5020/4441 5009/5009/4431 5016/5016/4437
f 5021/5021/4442 5010/5010/4432 5007/5007/4429
f 5022/5022/4443 5014/5014/4435 5018/5018/4439
f 5001/5001/4423 5023/5023/4444 5004/5004/4426
f 5024/5024/4445 5001/5001/4423 5015/5015/4436
f 5020/5020/4441 5005/5005/4427 5009/5009/4431
f 5021/5021/4442 5016/5016/4437 5010/5010/4432
f 5025/5025/4446 5021/5021/4442 5007/5007/4429
f 5011/5011/1583 5025/5025/4446 5007/5007/4429
f 5017/5017/4438 5013/5013/4434 5012/5012/4433
f 5022/5022/4443 5017/5017/4438 5014/5014/4435
f 5023/5023/4444 5018/5018/4439 5004/5004/4426
f 5024/5024/4445 5023/5023/4444 5001/5001/4423
f 5026/5026/4447 5015/5015/4436 5002/5002/4424
f 5026/5026/4447 5002/5002/4424 5019/5019/4440
f 5027/5027/4448 5025/5025/4446 5011/5011/1583
f 5027/5027/4448 5011/5011/1583 5028/5028/1585
f 5017/5017/4438 5029/5029/4449 5013/5013/4434
f 5030/5030/4450 5019/5019/4440 5005/5005/4427
f 5020/5020/4441 5030/5030/4450 5005/5005/4427
f 5031/5031/4451 5016/5016/4437 5021/5021/4442
f 5031/5031/4451 5020/5020/4441 5016/5016/4437
f 5032/5032/4452 5022/5022/4443 5018/5018/4439
f 5032/5032/4452 5018/5018/4439 5023/5023/4444
f 5024/5024/4445 5032/5032/4452 5023/5023/4444
f 5026/5026/4447 5024/5024/4445 5015/5015/4436
f 5033/5033/4453 5031/5031/4451 5021/5021/4442
f 5025/5025/4446 5033/5033/4453 5021/5021/4442
f 5017/5017/4438 5034/5034/4454 5029/5029/4449
f 5022/5022/4443 5035/5035/4455 5017/5017/4438
f 5036/5036/4456 5022/5022/4443 5032/5032/4452
f 5037/5037/4457 5026/5026/4447 5019/5019/4440
f 5031/5031/4451 5030/5030/4450 5020/5020/4441
f 5038/5038/4458 5033/5033/4453 5025/5025/4446
f 5035/5035/4455 5034/5034/4454 5017/5017/4438
f 5039/5039/4459 5032/5032/4452 5024/5024/4445
f 5040/5040/4460 5039/5039/4459 5024/5024/4445
f 5040/5040/4460 5024/5024/4445 5026/5026/4447
f 5040/5040/4460 5026/5026/4447 5037/5037/4457
f 5041/5041/4461 5037/5037/4457 5019/5019/4440
f 5041/5041/4461 5019/5019/4440 5030/5030/4450
f 5042/5042/4462 5030/5030/4450 5031/5031/4451
f 5027/5027/4448 5038/5038/4458 5025/5025/4446
f 5043/5043/4463 5035/5035/4455 5022/5022/4443
f 5043/5043/4463 5022/5022/4443 5036/5036/4456
f 5042/5042/4462 5041/5041/4461 5030/5030/4450
f 5033/5033/4453 5042/5042/4462 5031/5031/4451
f 5044/5044/4464 5036/5036/4456 5032/5032/4452
f 5039/5039/4459 5044/5044/4464 5032/5032/4452
f 5043/5043/4463 5045/5045/4465 5035/5035/4455
f 5045/5045/4465 5034/5034/4454 5035/5035/4455
f 5046/5046/4466 5040/5040/4460 5037/5037/4457
f 5041/5041/4461 5046/5046/4466 5037/5037/4457
f 5047/5047/4467 5043/5043/4463 5036/5036/4456
f 5047/5047/4467 5036/5036/4456 5044/5044/4464
f 5048/5048/4468 5044/5044/4464 5039/5039/4459
f 5049/5049/4469 5039/5039/4459 5040/5040/4460
f 5046/5046/4466 5049/5049/4469 5040/5040/4460
f 5049/5049/4469 5048/5048/4468 5039/5039/4459
f 4735/4735/4180 4730/4730/4176 4731/4731/4177
f 5050/5050/4470 5051/5051/1574 4718/4718/1576
f 5052/5052/4471 4718/4718/1576 4730/4730/4176
f 5050/5050/4470 5053/5053/1581 5051/5051/1574
f 5052/5052/4471 5050/5050/4470 4718/4718/1576
f 5052/5052/4471 4730/4730/4176 4735/4735/4180
f 5054/5054/4472 5053/5053/1581 5050/5050/4470
f 5055/5055/4473 5052/5052/4471 4735/4735/4180
f 5054/5054/4472 5050/5050/4470 5052/5052/4471
f 5056/5056/4474 5052/5052/4471 5055/5055/4473
f 5057/5057/4475 5055/5055/4473 4735/4735/4180
f 5028/5028/1585 5053/5053/1581 5054/5054/4472
f 5056/5056/4474 5054/5054/4472 5052/5052/4471
f 4753/4753/4197 5057/5057/4475 4735/4735/4180
f 5058/5058/4476 5028/5028/1585 5054/5054/4472
f 5027/5027/4448 5028/5028/1585 5058/5058/4476
f 5059/5059/4477 5056/5056/4474 5055/5055/4473
f 5057/5057/4475 5059/5059/4477 5055/5055/4473
f 5060/5060/4478 5027/5027/4448 5058/5058/4476
f 4753/4753/4197 5061/5061/4479 5057/5057/4475
f 5062/5062/4480 5060/5060/4478 5058/5058/4476
f 5063/5063/4481 5058/5058/4476 5054/5054/4472
f 5063/5063/4481 5054/5054/4472 5056/5056/4474
f 5061/5061/4479 5059/5059/4477 5057/5057/4475
f 5061/5061/4479 4753/4753/4197 4760/4760/4204
f 5062/5062/4480 5058/5058/4476 5063/5063/4481
f 5064/5064/4482 5056/5056/4474 5059/5059/4477
f 5065/5065/4483 5061/5061/4479 4760/4760/4204
f 5064/5064/4482 5063/5063/4481 5056/5056/4474
f 4761/4761/4205 5065/5065/4483 4760/4760/4204
f 4764/4764/4208 5066/5066/4484 4761/4761/4205
f 4767/4767/4211 5067/5067/4485 4764/4764/4208
f 4759/4759/4203 5068/5068/4486 4767/4767/4211
f 4768/4768/4212 5068/5068/4486 4759/4759/4203
f 5069/5069/4487 5042/5042/4462 5033/5033/4453
f 5060/5060/4478 5070/5070/4488 5027/5027/4448
f 5071/5071/4489 5062/5062/4480 5063/5063/4481
f 5071/5071/4489 5060/5060/4478 5062/5062/4480
f 5066/5066/4484 5065/5065/4483 4761/4761/4205
f 5067/5067/4485 5066/5066/4484 4764/4764/4208
f 5072/5072/4490 5069/5069/4487 5033/5033/4453
f 5038/5038/4458 5072/5072/4490 5033/5033/4453
f 5070/5070/4488 5038/5038/4458 5027/5027/4448
f 5073/5073/4491 5070/5070/4488 5060/5060/4478
f 5073/5073/4491 5060/5060/4478 5071/5071/4489
f 5074/5074/4492 5064/5064/4482 5059/5059/4477
f 4779/4779/4221 5075/5075/4493 4768/4768/4212
f 4784/4784/4225 4779/4779/4221 4769/4769/4213
f 4784/4784/4225 4769/4769/4213 4774/4774/4217
f 5076/5076/4494 5041/5041/4461 5042/5042/4462
f 5069/5069/4487 5076/5076/4494 5042/5042/4462
f 5070/5070/4488 5072/5072/4490 5038/5038/4458
f 5077/5077/4495 5074/5074/4492 5059/5059/4477
f 5077/5077/4495 5059/5059/4477 5061/5061/4479
f 5077/5077/4495 5061/5061/4479 5065/5065/4483
f 5067/5067/4485 5078/5078/4496 5066/5066/4484
f 5068/5068/4486 5067/5067/4485 4767/4767/4211
f 5075/5075/4493 5068/5068/4486 4768/4768/4212
f 5041/5041/4461 5079/5079/4497 5046/5046/4466
f 5071/5071/4489 5063/5063/4481 5064/5064/4482
f 5080/5080/4498 5071/5071/4489 5064/5064/4482
f 5081/5081/4499 5065/5065/4483 5066/5066/4484
f 5082/5082/4500 5078/5078/4496 5067/5067/4485
f 5082/5082/4500 5067/5067/4485 5068/5068/4486
f 5083/5083/4501 5043/5043/4463 5047/5047/4467
f 5084/5084/4502 5047/5047/4467 5044/5044/4464
f 5085/5085/4503 5041/5041/4461 5076/5076/4494
f 5086/5086/4504 5069/5069/4487 5072/5072/4490
f 5087/5087/4505 5086/5086/4504 5072/5072/4490
f 5087/5087/4505 5072/5072/4490 5070/5070/4488
f 5088/5088/4506 5070/5070/4488 5073/5073/4491
f 5074/5074/4492 5080/5080/4498 5064/5064/4482
f 5081/5081/4499 5077/5077/4495 5065/5065/4483
f 5078/5078/4496 5081/5081/4499 5066/5066/4484
f 5089/5089/4507 5082/5082/4500 5068/5068/4486
f 5090/5090/4508 5089/5089/4507 5068/5068/4486
f 5090/5090/4508 5068/5068/4486 5075/5075/4493
f 5091/5091/4509 5075/5075/4493 4779/4779/4221
f 4784/4784/4225 5091/5091/4509 4779/4779/4221
f 5092/5092/4510 4787/4787/4227 4785/4785/2104
f 5093/5093/2100 5092/5092/4510 4785/4785/2104
f 5083/5083/4501 5045/5045/4465 5043/5043/4463
f 5083/5083/4501 5047/5047/4467 5084/5084/4502
f 5048/5048/4468 5084/5084/4502 5044/5044/4464
f 5085/5085/4503 5079/5079/4497 5041/5041/4461
f 5094/5094/4511 5076/5076/4494 5069/5069/4487
f 5088/5088/4506 5087/5087/4505 5070/5070/4488
f 5095/5095/4512 5073/5073/4491 5071/5071/4489
f 5096/5096/4513 5074/5074/4492 5077/5077/4495
f 5091/5091/4509 5090/5090/4508 5075/5075/4493
f 4788/4788/4228 5097/5097/4514 4784/4784/4225
f 5097/5097/4514 5091/5091/4509 4784/4784/4225
f 5094/5094/4511 5085/5085/4503 5076/5076/4494
f 5098/5098/4515 5073/5073/4491 5095/5095/4512
f 5095/5095/4512 5071/5071/4489 5080/5080/4498
f 5099/5099/4516 5080/5080/4498 5074/5074/4492
f 5100/5100/4517 5081/5081/4499 5078/5078/4496
f 5082/5082/4500 5100/5100/4517 5078/5078/4496
f 5101/5101/4518 5082/5082/4500 5089/5089/4507
f 5102/5102/4519 5090/5090/4508 5091/5091/4509
f 5097/5097/4514 5102/5102/4519 5091/5091/4509
f 5103/5103/4520 5083/5083/4501 5084/5084/4502
f 5104/5104/4521 5049/5049/4469 5046/5046/4466
f 5079/5079/4497 5104/5104/4521 5046/5046/4466
f 5086/5086/4504 5094/5094/4511 5069/5069/4487
f 5099/5099/4516 5095/5095/4512 5080/5080/4498
f 5096/5096/4513 5099/5099/4516 5074/5074/4492
f 5105/5105/4522 5096/5096/4513 5077/5077/4495
f 5105/5105/4522 5077/5077/4495 5081/5081/4499
f 5101/5101/4518 5100/5100/4517 5082/5082/4500
f 5106/5106/4523 5101/5101/4518 5089/5089/4507
f 5106/5106/4523 5089/5089/4507 5090/5090/4508
f 5102/5102/4519 5106/5106/4523 5090/5090/4508
f 5107/5107/4524 5108/5108/4525 5097/5097/4514
f 5107/5107/4524 5097/5097/4514 4788/4788/4228
f 4789/4789/4229 5107/5107/4524 4788/4788/4228
f 5109/5109/4526 5092/5092/4510 5093/5093/2100
f 5110/5110/4527 5045/5045/4465 5083/5083/4501
f 5111/5111/4528 5110/5110/4527 5083/5083/4501
f 5112/5112/4529 5103/5103/4520 5084/5084/4502
f 5048/5048/4468 5112/5112/4529 5084/5084/4502
f 5113/5113/4530 5048/5048/4468 5049/5049/4469
f 5114/5114/4531 5079/5079/4497 5085/5085/4503
f 5098/5098/4515 5088/5088/4506 5073/5073/4491
f 5115/5115/4532 5105/5105/4522 5081/5081/4499
f 5115/5115/4532 5081/5081/4499 5100/5100/4517
f 5108/5108/4525 5102/5102/4519 5097/5097/4514
f 4790/4790/4230 4789/4789/4229 4786/4786/4226
f 4790/4790/4230 5116/5116/4533 4789/4789/4229
f 5117/5117/4534 4787/4787/4227 5092/5092/4510
f 5103/5103/4520 5111/5111/4528 5083/5083/4501
f 5104/5104/4521 5113/5113/4530 5049/5049/4469
f 5118/5118/4535 5104/5104/4521 5079/5079/4497
f 5114/5114/4531 5118/5118/4535 5079/5079/4497
f 5119/5119/4536 5094/5094/4511 5086/5086/4504
f 5120/5120/4537 5119/5119/4536 5086/5086/4504
f 5120/5120/4537 5086/5086/4504 5087/5087/4505
f 5121/5121/4538 5087/5087/4505 5088/5088/4506
f 5098/5098/4515 5121/5121/4538 5088/5088/4506
f 5122/5122/4539 5096/5096/4513 5105/5105/4522
f 5101/5101/4518 5115/5115/4532 5100/5100/4517
f 5123/5123/4540 5101/5101/4518 5106/5106/4523
f 5124/5124/4541 5102/5102/4519 5108/5108/4525
f 5108/5108/4525 5125/5125/4542 5124/5124/4541
f 5126/5126/4543 5108/5108/4525 5107/5107/4524
f 5116/5116/4533 5107/5107/4524 4789/4789/4229
f 5117/5117/4534 4790/4790/4230 4787/4787/4227
f 5117/5117/4534 5092/5092/4510 5109/5109/4526
f 5127/5127/4544 5114/5114/4531 5085/5085/4503
f 5094/5094/4511 5127/5127/4544 5085/5085/4503
f 5128/5128/4545 5098/5098/4515 5095/5095/4512
f 5128/5128/4545 5095/5095/4512 5099/5099/4516
f 5122/5122/4539 5099/5099/4516 5096/5096/4513
f 5129/5129/4546 5115/5115/4532 5101/5101/4518
f 5130/5130/4547 5123/5123/4540 5106/5106/4523
f 5130/5130/4547 5106/5106/4523 5102/5102/4519
f 5125/5125/4542 5131/5131/4548 5124/5124/4541
f 5108/5108/4525 5126/5126/4543 5132/5132/4549
f 5133/5133/4550 5116/5116/4533 4790/4790/4230
f 5134/5134/4551 5135/5135/4552 5110/5110/4527
f 5134/5134/4551 5110/5110/4527 5111/5111/4528
f 5136/5136/4553 5111/5111/4528 5103/5103/4520
f 5113/5113/4530 5112/5112/4529 5048/5048/4468
f 5137/5137/4554 5104/5104/4521 5118/5118/4535
f 5138/5138/4555 5137/5137/4554 5118/5118/4535
f 5138/5138/4555 5118/5118/4535 5114/5114/4531
f 5119/5119/4536 5127/5127/4544 5094/5094/4511
f 5139/5139/4556 5120/5120/4537 5087/5087/4505
f 5139/5139/4556 5087/5087/4505 5121/5121/4538
f 5140/5140/4557 5098/5098/4515 5128/5128/4545
f 5122/5122/4539 5128/5128/4545 5099/5099/4516
f 5141/5141/4558 5122/5122/4539 5105/5105/4522
f 5141/5141/4558 5105/5105/4522 5115/5115/4532
f 5123/5123/4540 5129/5129/4546 5101/5101/4518
f 5130/5130/4547 5102/5102/4519 5124/5124/4541
f 5142/5142/4559 5130/5130/4547 5124/5124/4541
f 5131/5131/4548 5142/5142/4559 5124/5124/4541
f 5125/5125/4542 5108/5108/4525 5132/5132/4549
f 5126/5126/4543 5107/5107/4524 5116/5116/4533
f 5133/5133/4550 5126/5126/4543 5116/5116/4533
f 5133/5133/4550 4790/4790/4230 5117/5117/4534
f 5136/5136/4553 5134/5134/4551 5111/5111/4528
f 5138/5138/4555 5114/5114/4531 5127/5127/4544
f 5143/5143/4560 5119/5119/4536 5120/5120/4537
f 5140/5140/4557 5121/5121/4538 5098/5098/4515
f 5144/5144/4561 5140/5140/4557 5128/5128/4545
f 5144/5144/4561 5128/5128/4545 5122/5122/4539
f 5145/5145/4562 5144/5144/4561 5122/5122/4539
f 5141/5141/4558 5145/5145/4562 5122/5122/4539
f 5146/5146/4563 5141/5141/4558 5115/5115/4532
f 5146/5146/4563 5115/5115/4532 5129/5129/4546
f 5130/5130/4547 5147/5147/4564 5123/5123/4540
f 5148/5148/4565 5147/5147/4564 5130/5130/4547
f 5149/5149/4566 5148/5148/4565 5130/5130/4547
f 5149/5149/4566 5130/5130/4547 5142/5142/4559
f 5149/5149/4566 5142/5142/4559 5131/5131/4548
f 5150/5150/4567 5149/5149/4566 5131/5131/4548
f 5151/5151/4568 5125/5125/4542 5132/5132/4549
f 5152/5152/4569 5135/5135/4552 5134/5134/4551
f 5112/5112/4529 5136/5136/4553 5103/5103/4520
f 5153/5153/4570 5113/5113/4530 5104/5104/4521
f 5137/5137/4554 5153/5153/4570 5104/5104/4521
f 5154/5154/4571 5138/5138/4555 5127/5127/4544
f 5119/5119/4536 5154/5154/4571 5127/5127/4544
f 5155/5155/4572 5144/5144/4561 5145/5145/4562
f 5156/5156/4573 5146/5146/4563 5129/5129/4546
f 5156/5156/4573 5129/5129/4546 5123/5123/4540
f 5147/5147/4564 5156/5156/4573 5123/5123/4540
f 5148/5148/4565 5157/5157/4574 5147/5147/4564
f 5149/5149/4566 5158/5158/4575 5148/5148/4565
f 5159/5159/4576 5160/5160/4577 5149/5149/4566
f 5159/5159/4576 5149/5149/4566 5150/5150/4567
f 5161/5161/4578 5117/5117/4534 5109/5109/4526
f 5161/5161/4578 5109/5109/4526 5162/5162/4579
f 5163/5163/4580 5134/5134/4551 5136/5136/4553
f 5164/5164/4581 5143/5143/4560 5120/5120/4537
f 5139/5139/4556 5164/5164/4581 5120/5120/4537
f 5165/5165/4582 5139/5139/4556 5121/5121/4538
f 5166/5166/4583 5140/5140/4557 5144/5144/4561
f 5166/5166/4583 5144/5144/4561 5155/5155/4572
f 5167/5167/4584 5166/5166/4583 5155/5155/4572
f 5168/5168/4585 5167/5167/4584 5155/5155/4572
f 5145/5145/4562 5168/5168/4585 5155/5155/4572
f 5169/5169/4586 5145/5145/4562 5141/5141/4558
f 5169/5169/4586 5141/5141/4558 5146/5146/4563
f 5156/5156/4573 5169/5169/4586 5146/5146/4563
f 5157/5157/4574 5156/5156/4573 5147/5147/4564
f 5158/5158/4575 5157/5157/4574 5148/5148/4565
f 5170/5170/4587 5158/5158/4575 5160/5160/4577
f 5160/5160/4577 5158/5158/4575 5149/5149/4566
f 5151/5151/4568 5132/5132/4549 5171/5171/4588
f 5126/5126/4543 5171/5171/4588 5132/5132/4549
f 5172/5172/4589 5126/5126/4543 5133/5133/4550
f 5153/5153/4570 5112/5112/4529 5113/5113/4530
f 5173/5173/4590 5154/5154/4571 5119/5119/4536
f 5165/5165/4582 5164/5164/4581 5139/5139/4556
f 5140/5140/4557 5165/5165/4582 5121/5121/4538
f 5166/5166/4583 5174/5174/4591 5140/5140/4557
f 5175/5175/4592 5168/5168/4585 5145/5145/4562
f 5175/5175/4592 5145/5145/4562 5169/5169/4586
f 5176/5176/4593 5169/5169/4586 5156/5156/4573
f 5157/5157/4574 5176/5176/4593 5156/5156/4573
f 5158/5158/4575 5177/5177/4594 5157/5157/4574
f 5178/5178/4595 5177/5177/4594 5158/5158/4575
f 5170/5170/4587 5178/5178/4595 5158/5158/4575
f 5172/5172/4589 5171/5171/4588 5126/5126/4543
f 5179/5179/4596 5172/5172/4589 5133/5133/4550
f 5179/5179/4596 5133/5133/4550 5117/5117/4534
f 5161/5161/4578 5180/5180/4597 5117/5117/4534
f 5152/5152/4569 5134/5134/4551 5181/5181/4598
f 5181/5181/4598 5134/5134/4551 5163/5163/4580
f 5182/5182/4599 5136/5136/4553 5112/5112/4529
f 5143/5143/4560 5173/5173/4590 5119/5119/4536
f 5183/5183/4600 5143/5143/4560 5164/5164/4581
f 5184/5184/4601 5164/5164/4581 5165/5165/4582
f 5185/5185/4602 5174/5174/4591 5166/5166/4583
f 5167/5167/4584 5185/5185/4602 5166/5166/4583
f 5186/5186/4603 5187/5187/4604 5175/5175/4592
f 5187/5187/4604 5168/5168/4585 5175/5175/4592
f 5176/5176/4593 5175/5175/4592 5169/5169/4586
f 5188/5188/4605 5175/5175/4592 5176/5176/4593
f 5189/5189/4606 5188/5188/4605 5176/5176/4593
f 5189/5189/4606 5176/5176/4593 5157/5157/4574
f 5177/5177/4594 5190/5190/4607 5189/5189/4606
f 5177/5177/4594 5189/5189/4606 5157/5157/4574
f 5178/5178/4595 5190/5190/4607 5177/5177/4594
f 5180/5180/4597 5179/5179/4596 5117/5117/4534
f 5191/5191/2146 5180/5180/4597 5161/5161/4578
f 5192/5192/2144 5191/5191/2146 5161/5161/4578
f 5192/5192/2144 5161/5161/4578 5162/5162/4579
f 5181/5181/4598 5163/5163/4580 5193/5193/4608
f 5193/5193/4608 5163/5163/4580 5136/5136/4553
f 5182/5182/4599 5112/5112/4529 5153/5153/4570
f 5194/5194/4609 5153/5153/4570 5137/5137/4554
f 5195/5195/4610 5194/5194/4609 5137/5137/4554
f 5195/5195/4610 5137/5137/4554 5138/5138/4555
f 5196/5196/4611 5195/5195/4610 5138/5138/4555
f 5196/5196/4611 5138/5138/4555 5154/5154/4571
f 5173/5173/4590 5196/5196/4611 5154/5154/4571
f 5197/5197/4612 5173/5173/4590 5143/5143/4560
f 5197/5197/4612 5143/5143/4560 5183/5183/4600
f 5184/5184/4601 5183/5183/4600 5164/5164/4581
f 5198/5198/4613 5184/5184/4601 5165/5165/4582
f 5174/5174/4591 5165/5165/4582 5140/5140/4557
f 5174/5174/4591 5198/5198/4613 5165/5165/4582
f 5199/5199/4614 5185/5185/4602 5167/5167/4584
f 5168/5168/4585 5199/5199/4614 5167/5167/4584
f 5200/5200/4615 5199/5199/4614 5168/5168/4585
f 5200/5200/4615 5168/5168/4585 5187/5187/4604
f 5201/5201/4616 5202/5202/4617 5186/5186/4603
f 5186/5186/4603 5175/5175/4592 5188/5188/4605
f 5203/5203/4618 5186/5186/4603 5188/5188/4605
f 5190/5190/4607 5203/5203/4618 5188/5188/4605
f 5190/5190/4607 5188/5188/4605 5189/5189/4606
f 5204/5204/4619 5151/5151/4568 5171/5171/4588
f 5204/5204/4619 5171/5171/4588 5172/5172/4589
f 5205/5205/4620 5172/5172/4589 5179/5179/4596
f 5180/5180/4597 5205/5205/4620 5179/5179/4596
f 5191/5191/2146 5206/5206/4621 5180/5180/4597
f 5207/5207/4622 5152/5152/4569 5181/5181/4598
f 5208/5208/4623 5193/5193/4608 5136/5136/4553
f 5208/5208/4623 5136/5136/4553 5182/5182/4599
f 5209/5209/4624 5182/5182/4599 5153/5153/4570
f 5210/5210/4625 5209/5209/4624 5153/5153/4570
f 5194/5194/4609 5210/5210/4625 5153/5153/4570
f 5211/5211/4626 5183/5183/4600 5184/5184/4601
f 5212/5212/4627 5198/5198/4613 5174/5174/4591
f 5212/5212/4627 5174/5174/4591 5185/5185/4602
f 5213/5213/4628 5212/5212/4627 5185/5185/4602
f 5186/5186/4603 5202/5202/4617 5187/5187/4604
f 5203/5203/4618 5201/5201/4616 5186/5186/4603
f 5214/5214/4629 5215/5215/4630 5151/5151/4568
f 5214/5214/4629 5151/5151/4568 5204/5204/4619
f 5216/5216/4631 5204/5204/4619 5172/5172/4589
f 5216/5216/4631 5172/5172/4589 5205/5205/4620
f 5206/5206/4621 5205/5205/4620 5180/5180/4597
f 5217/5217/4632 5207/5207/4622 5181/5181/4598
f 5217/5217/4632 5181/5181/4598 5193/5193/4608
f 5218/5218/4633 5193/5193/4608 5208/5208/4623
f 5218/5218/4633 5208/5208/4623 5182/5182/4599
f 5219/5219/4634 5209/5209/4624 5210/5210/4625
f 5219/5219/4634 5210/5210/4625 5194/5194/4609
f 5220/5220/4635 5219/5219/4634 5194/5194/4609
f 5220/5220/4635 5194/5194/4609 5195/5195/4610
f 5173/5173/4590 5221/5221/4636 5196/5196/4611
f 5222/5222/4637 5173/5173/4590 5197/5197/4612
f 5223/5223/4638 5222/5222/4637 5197/5197/4612
f 5223/5223/4638 5197/5197/4612 5183/5183/4600
f 5211/5211/4626 5223/5223/4638 5183/5183/4600
f 5211/5211/4626 5184/5184/4601 5198/5198/4613
f 5199/5199/4614 5213/5213/4628 5185/5185/4602
f 5224/5224/4639 5200/5200/4615 5187/5187/4604
f 5218/5218/4633 5182/5182/4599 5209/5209/4624
f 5225/5225/4640 5220/5220/4635 5195/5195/4610
f 5225/5225/4640 5195/5195/4610 5196/5196/4611
f 5221/5221/4636 5225/5225/4640 5196/5196/4611
f 5222/5222/4637 5221/5221/4636 5173/5173/4590
f 5226/5226/4641 5223/5223/4638 5211/5211/4626
f 5227/5227/4642 5211/5211/4626 5198/5198/4613
f 5227/5227/4642 5198/5198/4613 5212/5212/4627
f 5228/5228/4643 5227/5227/4642 5213/5213/4628
f 5213/5213/4628 5227/5227/4642 5212/5212/4627
f 5229/5229/4644 5230/5230/4645 5213/5213/4628
f 5229/5229/4644 5213/5213/4628 5199/5199/4614
f 5224/5224/4639 5231/5231/4646 5229/5229/4644
f 5200/5200/4615 5229/5229/4644 5199/5199/4614
f 5224/5224/4639 5229/5229/4644 5200/5200/4615
f 5232/5232/4647 5204/5204/4619 5216/5216/4631
f 5233/5233/4648 5216/5216/4631 5205/5205/4620
f 5206/5206/4621 5233/5233/4648 5205/5205/4620
f 5234/5234/4649 5235/5235/4650 5207/5207/4622
f 5234/5234/4649 5207/5207/4622 5217/5217/4632
f 5236/5236/4651 5234/5234/4649 5217/5217/4632
f 5236/5236/4651 5217/5217/4632 5193/5193/4608
f 5218/5218/4633 5237/5237/4652 5193/5193/4608
f 5238/5238/4653 5218/5218/4633 5209/5209/4624
f 5238/5238/4653 5209/5209/4624 5219/5219/4634
f 5239/5239/4654 5240/5240/4655 5220/5220/4635
f 5240/5240/4655 5219/5219/4634 5220/5220/4635
f 5239/5239/4654 5220/5220/4635 5225/5225/4640
f 5241/5241/4656 5221/5221/4636 5222/5222/4637
f 5241/5241/4656 5222/5222/4637 5223/5223/4638
f 5226/5226/4641 5241/5241/4656 5223/5223/4638
f 5227/5227/4642 5226/5226/4641 5211/5211/4626
f 5230/5230/4645 5228/5228/4643 5213/5213/4628
f 5242/5242/4657 5230/5230/4645 5229/5229/4644
f 5231/5231/4646 5242/5242/4657 5229/5229/4644
f 5214/5214/4629 5204/5204/4619 5232/5232/4647
f 5232/5232/4647 5216/5216/4631 5233/5233/4648
f 5243/5243/2154 5191/5191/2146 5244/5244/4658
f 5237/5237/4652 5236/5236/4651 5193/5193/4608
f 5240/5240/4655 5238/5238/4653 5219/5219/4634
f 5245/5245/4659 5246/5246/4660 5247/5247/4661
f 5248/5248/4662 5239/5239/4654 5225/5225/4640
f 5248/5248/4662 5225/5225/4640 5221/5221/4636
f 5249/5249/4663 5248/5248/4662 5221/5221/4636
f 5249/5249/4663 5221/5221/4636 5241/5241/4656
f 5250/5250/4664 5241/5241/4656 5226/5226/4641
f 5251/5251/4665 5250/5250/4664 5228/5228/4643
f 5250/5250/4664 5226/5226/4641 5227/5227/4642
f 5228/5228/4643 5250/5250/4664 5227/5227/4642
f 5251/5251/4665 5228/5228/4643 5230/5230/4645
f 5242/5242/4657 5251/5251/4665 5230/5230/4645
f 5252/5252/4666 5215/5215/4630 5214/5214/4629
f 5253/5253/4667 5232/5232/4647 5233/5233/4648
f 5243/5243/2154 5206/5206/4621 5191/5191/2146
f 5254/5254/4668 5235/5235/4650 5234/5234/4649
f 5238/5238/4653 5237/5237/4652 5218/5218/4633
f 5255/5255/4669 5240/5240/4655 5239/5239/4654
f 5248/5248/4662 5256/5256/4670 5239/5239/4654
f 5257/5257/4671 5249/5249/4663 5241/5241/4656
f 5258/5258/4672 5257/5257/4671 5241/5241/4656
f 5250/5250/4664 5258/5258/4672 5241/5241/4656
f 5251/5251/4665 5258/5258/4672 5250/5250/4664
f 5259/5259/4673 5215/5215/4630 5252/5252/4666
f 5252/5252/4666 5214/5214/4629 5232/5232/4647
f 5206/5206/4621 5253/5253/4667 5233/5233/4648
f 5260/5260/4674 5261/5261/4675 5262/5262/4676
f 5254/5254/4668 5234/5234/4649 5263/5263/4677
f 5263/5263/4677 5234/5234/4649 5236/5236/4651
f 5264/5264/4678 5236/5236/4651 5237/5237/4652
f 5265/5265/4679 5237/5237/4652 5238/5238/4653
f 5265/5265/4679 5238/5238/4653 5240/5240/4655
f 5255/5255/4669 5265/5265/4679 5240/5240/4655
f 5256/5256/4670 5255/5255/4669 5239/5239/4654
f 5266/5266/4680 5267/5267/4681 5246/5246/4660
f 5268/5268/4682 5269/5269/4683 5270/5270/4684
f 5270/5270/4684 5256/5256/4670 5248/5248/4662
f 5268/5268/4682 5270/5270/4684 5271/5271/4685
f 5271/5271/4685 5270/5270/4684 5248/5248/4662
f 5249/5249/4663 5271/5271/4685 5248/5248/4662
f 5257/5257/4671 5271/5271/4685 5249/5249/4663
f 5272/5272/4686 5271/5271/4685 5257/5257/4671
f 5273/5273/4687 5272/5272/4686 5257/5257/4671
f 5273/5273/4687 5257/5257/4671 5258/5258/4672
f 5243/5243/2154 5274/5274/4688 5206/5206/4621
f 5260/5260/4674 5262/5262/4676 5275/5275/4689
f 5262/5262/4676 5254/5254/4668 5276/5276/4690
f 5276/5276/4690 5254/5254/4668 5263/5263/4677
f 5263/5263/4677 5236/5236/4651 5264/5264/4678
f 5264/5264/4678 5237/5237/4652 5265/5265/4679
f 5277/5277/4691 5264/5264/4678 5265/5265/4679
f 5277/5277/4691 5265/5265/4679 5255/5255/4669
f 5278/5278/4692 5255/5255/4669 5279/5279/4693
f 5279/5279/4693 5255/5255/4669 5256/5256/4670
f 5280/5280/4694 5278/5278/4692 5279/5279/4693
f 5267/5267/4681 5278/5278/4692 5280/5280/4694
f 5269/5269/4683 5280/5280/4694 5279/5279/4693
f 5270/5270/4684 5279/5279/4693 5256/5256/4670
f 5270/5270/4684 5269/5269/4683 5279/5279/4693
f 5266/5266/4680 5246/5246/4660 5245/5245/4659
f 5281/5281/4695 5245/5245/4659 5282/5282/4696
f 5274/5274/4688 5253/5253/4667 5206/5206/4621
f 5283/5283/4697 5263/5263/4677 5264/5264/4678
f 5276/5276/4690 5263/5263/4677 5283/5283/4697
f 5277/5277/4691 5283/5283/4697 5264/5264/4678
f 5278/5278/4692 5277/5277/4691 5255/5255/4669
f 5284/5284/4698 5267/5267/4681 5266/5266/4680
f 5266/5266/4680 5245/5245/4659 5281/5281/4695
f 5285/5285/4699 5259/5259/4673 5286/5286/4700
f 5252/5252/4666 5286/5286/4700 5259/5259/4673
f 5287/5287/4701 5232/5232/4647 5253/5253/4667
f 5288/5288/4702 5274/5274/4688 5243/5243/2154
f 5289/5289/2156 5288/5288/4702 5243/5243/2154
f 5290/5290/4703 5260/5260/4674 5275/5275/4689
f 5291/5291/4704 5262/5262/4676 5276/5276/4690
f 5278/5278/4692 5292/5292/4705 5277/5277/4691
f 5293/5293/4706 5292/5292/4705 5278/5278/4692
f 5267/5267/4681 5293/5293/4706 5278/5278/4692
f 5294/5294/4707 5293/5293/4706 5267/5267/4681
f 5252/5252/4666 5232/5232/4647 5287/5287/4701
f 5295/5295/4708 5287/5287/4701 5253/5253/4667
f 5295/5295/4708 5253/5253/4667 5274/5274/4688
f 5275/5275/4689 5262/5262/4676 5291/5291/4704
f 5292/5292/4705 5283/5283/4697 5277/5277/4691
f 5284/5284/4698 5294/5294/4707 5267/5267/4681
f 5296/5296/4709 5266/5266/4680 5281/5281/4695
f 5282/5282/4696 5297/5297/4710 5281/5281/4695
f 5298/5298/4711 5287/5287/4701 5295/5295/4708
f 5295/5295/4708 5274/5274/4688 5288/5288/4702
f 5299/5299/2166 5288/5288/4702 5289/5289/2156
f 5300/5300/4712 5290/5290/4703 5301/5301/4713
f 5301/5301/4713 5290/5290/4703 5275/5275/4689
f 5302/5302/4714 5275/5275/4689 5291/5291/4704
f 5303/5303/4715 5291/5291/4704 5276/5276/4690
f 5302/5302/4714 5291/5291/4704 5303/5303/4715
f 5303/5303/4715 5276/5276/4690 5283/5283/4697
f 5303/5303/4715 5283/5283/4697 5292/5292/4705
f 5304/5304/4716 5303/5303/4715 5292/5292/4705
f 5304/5304/4716 5292/5292/4705 5293/5293/4706
f 5305/5305/4717 5304/5304/4716 5293/5293/4706
f 5294/5294/4707 5305/5305/4717 5293/5293/4706
f 5284/5284/4698 5266/5266/4680 5296/5296/4709
f 5297/5297/4710 5306/5306/4718 5281/5281/4695
f 5307/5307/4719 5285/5285/4699 5286/5286/4700
f 5298/5298/4711 5252/5252/4666 5287/5287/4701
f 5308/5308/4720 5298/5298/4711 5295/5295/4708
f 5308/5308/4720 5295/5295/4708 5288/5288/4702
f 5309/5309/4721 5305/5305/4717 5294/5294/4707
f 5309/5309/4721 5294/5294/4707 5284/5284/4698
f 5310/5310/4722 5309/5309/4721 5284/5284/4698
f 5296/5296/4709 5310/5310/4722 5284/5284/4698
f 5306/5306/4718 5296/5296/4709 5281/5281/4695
f 5311/5311/4723 5300/5300/4712 5301/5301/4713
f 5311/5311/4723 5301/5301/4713 5312/5312/4724
f 5313/5313/4725 5301/5301/4713 5275/5275/4689
f 5312/5312/4724 5301/5301/4713 5313/5313/4725
f 5313/5313/4725 5275/5275/4689 5302/5302/4714
f 5314/5314/4726 5313/5313/4725 5302/5302/4714
f 5314/5314/4726 5302/5302/4714 5303/5303/4715
f 5314/5314/4726 5303/5303/4715 5304/5304/4716
f 5314/5314/4726 5304/5304/4716 5305/5305/4717
f 5306/5306/4718 5310/5310/4722 5296/5296/4709
f 5315/5315/4727 5307/5307/4719 5286/5286/4700
f 5316/5316/4728 5252/5252/4666 5298/5298/4711
f 5317/5317/4729 5312/5312/4724 5313/5313/4725
f 5317/5317/4729 5313/5313/4725 5314/5314/4726
f 5318/5318/4730 5314/5314/4726 5305/5305/4717
f 5309/5309/4721 5318/5318/4730 5305/5305/4717
f 5319/5319/4731 5318/5318/4730 5309/5309/4721
f 5310/5310/4722 5319/5319/4731 5309/5309/4721
f 5306/5306/4718 5319/5319/4731 5310/5310/4722
f 5297/5297/4710 5320/5320/4732 5306/5306/4718
f 5316/5316/4728 5315/5315/4727 5286/5286/4700
f 5286/5286/4700 5252/5252/4666 5316/5316/4728
f 5321/5321/4733 5308/5308/4720 5288/5288/4702
f 5321/5321/4733 5288/5288/4702 5299/5299/2166
f 5322/5322/4734 5311/5311/4723 5312/5312/4724
f 5322/5322/4734 5312/5312/4724 5317/5317/4729
f 5317/5317/4729 5314/5314/4726 5318/5318/4730
f 5306/5306/4718 5323/5323/4735 5319/5319/4731
f 5320/5320/4732 5323/5323/4735 5306/5306/4718
f 5308/5308/4720 5316/5316/4728 5298/5298/4711
f 5324/5324/4736 5316/5316/4728 5308/5308/4720
f 5321/5321/4733 5324/5324/4736 5308/5308/4720
f 5325/5325/2174 5321/5321/4733 5299/5299/2166
f 5326/5326/4737 5322/5322/4734 5317/5317/4729
f 5327/5327/4738 5322/5322/4734 5326/5326/4737
f 5326/5326/4737 5317/5317/4729 5318/5318/4730
f 5326/5326/4737 5318/5318/4730 5323/5323/4735
f 5319/5319/4731 5323/5323/4735 5318/5318/4730
f 5328/5328/4739 5329/5329/4740 5307/5307/4719
f 5330/5330/4741 5329/5329/4740 5328/5328/4739
f 5328/5328/4739 5307/5307/4719 5315/5315/4727
f 5331/5331/4742 5315/5315/4727 5316/5316/4728
f 5332/5332/4743 5331/5331/4742 5316/5316/4728
f 5333/5333/4744 5324/5324/4736 5321/5321/4733
f 5334/5334/4745 5328/5328/4739 5315/5315/4727
f 5332/5332/4743 5316/5316/4728 5324/5324/4736
f 5325/5325/2174 5335/5335/4746 5321/5321/4733
f 5334/5334/4745 5315/5315/4727 5331/5331/4742
f 5336/5336/4747 5324/5324/4736 5333/5333/4744
f 5335/5335/4746 5333/5333/4744 5321/5321/4733
f 5337/5337/2185 5335/5335/4746 5325/5325/2174
f 5336/5336/4747 5332/5332/4743 5324/5324/4736
f 5338/5338/4748 5334/5334/4745 5331/5331/4742
f 5332/5332/4743 5338/5338/4748 5331/5331/4742
f 5335/5335/4746 5336/5336/4747 5333/5333/4744
f 5339/5339/4749 5330/5330/4741 5328/5328/4739
f 5339/5339/4749 5328/5328/4739 5334/5334/4745
f 5336/5336/4747 5338/5338/4748 5332/5332/4743
f 5340/5340/4750 5330/5330/4741 5339/5339/4749
f 5339/5339/4749 5334/5334/4745 5341/5341/4751
f 5341/5341/4751 5334/5334/4745 5338/5338/4748
f 5342/5342/4752 5336/5336/4747 5335/5335/4746
f 5342/5342/4752 5335/5335/4746 5337/5337/2185
f 5343/5343/4753 5338/5338/4748 5336/5336/4747
f 5342/5342/4752 5343/5343/4753 5336/5336/4747
f 5342/5342/4752 5337/5337/2185 5344/5344/4754
f 5340/5340/4750 5339/5339/4749 5345/5345/4755
f 5341/5341/4751 5338/5338/4748 5343/5343/4753
f 5346/5346/4756 5345/5345/4755 5339/5339/4749
f 5346/5346/4756 5339/5339/4749 5341/5341/4751
f 5347/5347/4757 5342/5342/4752 5344/5344/4754
f 5343/5343/4753 5346/5346/4756 5341/5341/4751
f 5348/5348/4758 5343/5343/4753 5342/5342/4752
f 5347/5347/4757 5348/5348/4758 5342/5342/4752
f 5349/5349/4759 5350/5350/4760 5340/5340/4750
f 5349/5349/4759 5340/5340/4750 5345/5345/4755
f 5351/5351/4761 5346/5346/4756 5343/5343/4753
f 5351/5351/4761 5343/5343/4753 5348/5348/4758
f 5352/5352/4762 5348/5348/4758 5347/5347/4757
f 5353/5353/2196 5352/5352/4762 5347/5347/4757
f 5354/5354/4763 5350/5350/4760 5349/5349/4759
f 5355/5355/4764 5349/5349/4759 5345/5345/4755
f 5345/5345/4755 5346/5346/4756 5355/5355/4764
f 5351/5351/4761 5355/5355/4764 5346/5346/4756
f 5356/5356/4765 5351/5351/4761 5348/5348/4758
f 5352/5352/4762 5356/5356/4765 5348/5348/4758
f 5357/5357/2206 5352/5352/4762 5353/5353/2196
f 5358/5358/4766 5355/5355/4764 5351/5351/4761
f 5358/5358/4766 5351/5351/4761 5356/5356/4765
f 5359/5359/4767 5358/5358/4766 5356/5356/4765
f 5359/5359/4767 5356/5356/4765 5352/5352/4762
f 5360/5360/2212 5352/5352/4762 5357/5357/2206
f 5354/5354/4763 5349/5349/4759 5361/5361/4768
f 5362/5362/4769 5349/5349/4759 5355/5355/4764
f 5360/5360/2212 5359/5359/4767 5352/5352/4762
f 5363/5363/4770 5362/5362/4769 5355/5355/4764
f 5363/5363/4770 5355/5355/4764 5358/5358/4766
f 5359/5359/4767 5363/5363/4770 5358/5358/4766
f 5364/5364/4771 5359/5359/4767 5360/5360/2212
f 5365/5365/4772 5354/5354/4763 5361/5361/4768
f 5362/5362/4769 5361/5361/4768 5349/5349/4759
f 5364/5364/4771 5363/5363/4770 5359/5359/4767
f 5366/5366/4773 5362/5362/4769 5363/5363/4770
f 5367/5367/4774 5363/5363/4770 5364/5364/4771
f 5368/5368/2215 5364/5364/4771 5360/5360/2212
f 5369/5369/4775 5370/5370/4776 5365/5365/4772
f 5369/5369/4775 5365/5365/4772 5361/5361/4768
f 5369/5369/4775 5361/5361/4768 5371/5371/4777
f 5371/5371/4777 5361/5361/4768 5362/5362/4769
f 5366/5366/4773 5371/5371/4777 5362/5362/4769
f 5367/5367/4774 5366/5366/4773 5363/5363/4770
f 5368/5368/2215 5367/5367/4774 5364/5364/4771
f 5372/5372/4778 5367/5367/4774 5368/5368/2215
f 5373/5373/2216 5372/5372/4778 5368/5368/2215
f 5374/5374/4779 5370/5370/4776 5375/5375/4780
f 5375/5375/4780 5370/5370/4776 5369/5369/4775
f 5375/5375/4780 5369/5369/4775 5371/5371/4777
f 5375/5375/4780 5371/5371/4777 5376/5376/4781
f 5376/5376/4781 5371/5371/4777 5366/5366/4773
f 5367/5367/4774 5376/5376/4781 5366/5366/4773
f 5377/5377/2219 5372/5372/4778 5373/5373/2216
f 5378/5378/4782 5374/5374/4779 5375/5375/4780
f 5379/5379/4783 5374/5374/4779 5378/5378/4782
f 5372/5372/4778 5376/5376/4781 5367/5367/4774
f 5380/5380/4784 5381/5381/4785 5377/5377/2219
f 5378/5378/4782 5375/5375/4780 5376/5376/4781
f 5382/5382/4786 5379/5379/4783 5378/5378/4782
f 5383/5383/4787 5378/5378/4782 5376/5376/4781
f 5384/5384/4788 5383/5383/4787 5376/5376/4781
f 5384/5384/4788 5376/5376/4781 5372/5372/4778
f 5384/5384/4788 5372/5372/4778 5377/5377/2219
f 5381/5381/4785 5384/5384/4788 5377/5377/2219
f 5381/5381/4785 5383/5383/4787 5384/5384/4788
f 5385/5385/4789 5386/5386/3321 5387/5387/4790
f 5388/5388/4791 5386/5386/3321 5389/5389/4792
f 5389/5389/4792 5386/5386/3321 5385/5385/4789
f 5390/5390/3325 5391/5391/3322 5392/5392/1134
f 5393/5393/929 5389/5389/4792 5385/5385/4789
f 5394/5394/4793 5387/5387/4790 5395/5395/3329
f 5385/5385/4789 5387/5387/4790 5394/5394/4793
f 5396/5396/3326 5397/5397/3323 5398/5398/4794
f 5399/5399/4795 5400/5400/3327 5396/5396/3326
f 5401/5401/4796 5402/5402/3328 5403/5403/3324
f 5404/5404/4797 5393/5393/929 5385/5385/4789
f 5392/5392/1134 5405/5405/1142 5406/5406/4798
f 5392/5392/1134 5407/5407/1139 5405/5405/1142
f 5390/5390/3325 5392/5392/1134 5406/5406/4798
f 5397/5397/3323 5390/5390/3325 5408/5408/4799
f 5398/5398/4794 5397/5397/3323 5408/5408/4799
f 5399/5399/4795 5396/5396/3326 5398/5398/4794
f 5401/5401/4796 5403/5403/3324 5400/5400/3327
f 5409/5409/4800 5410/5410/3319 5402/5402/3328
f 5395/5395/3329 5410/5410/3319 5409/5409/4800
f 5394/5394/4793 5395/5395/3329 5409/5409/4800
f 5404/5404/4797 5385/5385/4789 5394/5394/4793
f 5411/5411/938 5393/5393/929 5404/5404/4797
f 5412/5412/4801 5406/5406/4798 5405/5405/1142
f 5408/5408/4799 5390/5390/3325 5406/5406/4798
f 5413/5413/4802 5402/5402/3328 5401/5401/4796
f 5414/5414/4803 5404/5404/4797 5394/5394/4793
f 5415/5415/4804 5400/5400/3327 5399/5399/4795
f 5416/5416/4805 5400/5400/3327 5415/5415/4804
f 5416/5416/4805 5401/5401/4796 5400/5400/3327
f 5409/5409/4800 5402/5402/3328 5413/5413/4802
f 5408/5408/4799 5406/5406/4798 5412/5412/4801
f 5413/5413/4802 5401/5401/4796 5416/5416/4805
f 5414/5414/4803 5417/5417/4806 5404/5404/4797
f 5412/5412/4801 5405/5405/1142 5418/5418/1154
f 5419/5419/4807 5408/5408/4799 5412/5412/4801
f 5398/5398/4794 5408/5408/4799 5419/5419/4807
f 5399/5399/4795 5398/5398/4794 5420/5420/4808
f 5414/5414/4803 5394/5394/4793 5409/5409/4800
f 5421/5421/944 5411/5411/938 5404/5404/4797
f 5421/5421/944 5404/5404/4797 5417/5417/4806
f 5415/5415/4804 5399/5399/4795 5420/5420/4808
f 5422/5422/4809 5409/5409/4800 5413/5413/4802
f 5414/5414/4803 5409/5409/4800 5422/5422/4809
f 5412/5412/4801 5418/5418/1154 5423/5423/1170
f 5424/5424/4810 5398/5398/4794 5419/5419/4807
f 5420/5420/4808 5398/5398/4794 5424/5424/4810
f 5425/5425/4811 5413/5413/4802 5416/5416/4805
f 5422/5422/4809 5413/5413/4802 5426/5426/4812
f 5417/5417/4806 5414/5414/4803 5427/5427/4813
f 5419/5419/4807 5412/5412/4801 5428/5428/4814
f 5416/5416/4805 5415/5415/4804 5429/5429/4815
f 5427/5427/4813 5414/5414/4803 5422/5422/4809
f 5430/5430/954 5417/5417/4806 5427/5427/4813
f 5430/5430/954 5421/5421/944 5417/5417/4806
f 5428/5428/4814 5412/5412/4801 5423/5423/1170
f 5429/5429/4815 5415/5415/4804 5420/5420/4808
f 5426/5426/4812 5413/5413/4802 5425/5425/4811
f 5422/5422/4809 5426/5426/4812 5431/5431/4816
f 5430/5430/954 5427/5427/4813 5432/5432/4817
f 5424/5424/4810 5419/5419/4807 5428/5428/4814
f 5425/5425/4811 5416/5416/4805 5429/5429/4815
f 5427/5427/4813 5422/5422/4809 5431/5431/4816
f 5432/5432/4817 5427/5427/4813 5433/5433/4818
f 5434/5434/4819 5428/5428/4814 5423/5423/1170
f 5435/5435/4820 5428/5428/4814 5434/5434/4819
f 5424/5424/4810 5428/5428/4814 5435/5435/4820
f 5436/5436/4821 5429/5429/4815 5420/5420/4808
f 5425/5425/4811 5429/5429/4815 5437/5437/4822
f 5438/5438/4823 5426/5426/4812 5425/5425/4811
f 5439/5439/960 5430/5430/954 5432/5432/4817
f 5420/5420/4808 5424/5424/4810 5440/5440/4824
f 5437/5437/4822 5429/5429/4815 5436/5436/4821
f 5441/5441/4825 5425/5425/4811 5437/5437/4822
f 5431/5431/4816 5426/5426/4812 5438/5438/4823
f 5433/5433/4818 5427/5427/4813 5431/5431/4816
f 5439/5439/960 5432/5432/4817 5442/5442/4826
f 5423/5423/1170 5443/5443/1162 5444/5444/4827
f 5434/5434/4819 5423/5423/1170 5444/5444/4827
f 5440/5440/4824 5424/5424/4810 5435/5435/4820
f 5438/5438/4823 5425/5425/4811 5441/5441/4825
f 5442/5442/4826 5433/5433/4818 5445/5445/4828
f 5442/5442/4826 5432/5432/4817 5433/5433/4818
f 5446/5446/4829 5420/5420/4808 5440/5440/4824
f 5436/5436/4821 5420/5420/4808 5446/5446/4829
f 5447/5447/4830 5437/5437/4822 5436/5436/4821
f 5444/5444/4827 5443/5443/1162 5448/5448/1182
f 5440/5440/4824 5435/5435/4820 5434/5434/4819
f 5441/5441/4825 5437/5437/4822 5447/5447/4830
f 5449/5449/4831 5438/5438/4823 5441/5441/4825
f 5433/5433/4818 5431/5431/4816 5450/5450/4832
f 5451/5451/4833 5439/5439/960 5442/5442/4826
f 5452/5452/967 5439/5439/960 5451/5451/4833
f 5453/5453/4834 5434/5434/4819 5454/5454/4835
f 5440/5440/4824 5434/5434/4819 5453/5453/4834
f 5431/5431/4816 5438/5438/4823 5455/5455/4836
f 5445/5445/4828 5433/5433/4818 5450/5450/4832
f 5451/5451/4833 5442/5442/4826 5445/5445/4828
f 5454/5454/4835 5434/5434/4819 5444/5444/4827
f 5446/5446/4829 5440/5440/4824 5456/5456/4837
f 5457/5457/4838 5436/5436/4821 5446/5446/4829
f 5447/5447/4830 5436/5436/4821 5458/5458/4839
f 5455/5455/4836 5438/5438/4823 5449/5449/4831
f 5450/5450/4832 5431/5431/4816 5455/5455/4836
f 5456/5456/4837 5440/5440/4824 5453/5453/4834
f 5457/5457/4838 5458/5458/4839 5436/5436/4821
f 5447/5447/4830 5459/5459/4840 5441/5441/4825
f 5449/5449/4831 5441/5441/4825 5459/5459/4840
f 5460/5460/4841 5450/5450/4832 5455/5455/4836
f 5461/5461/4842 5451/5451/4833 5445/5445/4828
f 5462/5462/4843 5448/5448/1182 5463/5463/1184
f 5444/5444/4827 5448/5448/1182 5462/5462/4843
f 5464/5464/4844 5446/5446/4829 5456/5456/4837
f 5457/5457/4838 5446/5446/4829 5464/5464/4844
f 5455/5455/4836 5449/5449/4831 5465/5465/4845
f 5460/5460/4841 5455/5455/4836 5466/5466/4846
f 5461/5461/4842 5445/5445/4828 5467/5467/4847
f 5456/5456/4837 5453/5453/4834 5454/5454/4835
f 5468/5468/4848 5458/5458/4839 5457/5457/4838
f 5469/5469/4849 5447/5447/4830 5458/5458/4839
f 5469/5469/4849 5470/5470/4850 5459/5459/4840
f 5469/5469/4849 5459/5459/4840 5447/5447/4830
f 5471/5471/4851 5449/5449/4831 5459/5459/4840
f 5471/5471/4851 5459/5459/4840 5470/5470/4850
f 5465/5465/4845 5449/5449/4831 5471/5471/4851
f 5472/5472/4852 5455/5455/4836 5465/5465/4845
f 5466/5466/4846 5455/5455/4836 5472/5472/4852
f 5445/5445/4828 5450/5450/4832 5467/5467/4847
f 5473/5473/974 5452/5452/967 5451/5451/4833
f 5474/5474/4853 5444/5444/4827 5462/5462/4843
f 5454/5454/4835 5444/5444/4827 5474/5474/4853
f 5468/5468/4848 5457/5457/4838 5464/5464/4844
f 5469/5469/4849 5468/5468/4848 5470/5470/4850
f 5458/5458/4839 5468/5468/4848 5469/5469/4849
f 5450/5450/4832 5460/5460/4841 5475/5475/4854
f 5461/5461/4842 5473/5473/974 5451/5451/4833
f 5456/5456/4837 5454/5454/4835 5476/5476/4855
f 5471/5471/4851 5470/5470/4850 5468/5468/4848
f 5471/5471/4851 5477/5477/4856 5465/5465/4845
f 5478/5478/4857 5472/5472/4852 5465/5465/4845
f 5479/5479/4858 5472/5472/4852 5478/5478/4857
f 5466/5466/4846 5479/5479/4858 5460/5460/4841
f 5466/5466/4846 5472/5472/4852 5479/5479/4858
f 5475/5475/4854 5467/5467/4847 5450/5450/4832
f 5461/5461/4842 5467/5467/4847 5480/5480/4859
f 5462/5462/4843 5463/5463/1184 5481/5481/1194
f 5476/5476/4855 5454/5454/4835 5474/5474/4853
f 5482/5482/4860 5456/5456/4837 5476/5476/4855
f 5464/5464/4844 5456/5456/4837 5482/5482/4860
f 5483/5483/4861 5468/5468/4848 5464/5464/4844
f 5471/5471/4851 5468/5468/4848 5483/5483/4861
f 5478/5478/4857 5465/5465/4845 5477/5477/4856
f 5484/5484/4862 5460/5460/4841 5479/5479/4858
f 5460/5460/4841 5484/5484/4862 5475/5475/4854
f 5473/5473/974 5461/5461/4842 5485/5485/4863
f 5486/5486/981 5473/5473/974 5485/5485/4863
f 5474/5474/4853 5462/5462/4843 5487/5487/4864
f 5477/5477/4856 5471/5471/4851 5483/5483/4861
f 5480/5480/4859 5467/5467/4847 5488/5488/4865
f 5485/5485/4863 5461/5461/4842 5480/5480/4859
f 5462/5462/4843 5481/5481/1194 5489/5489/4866
f 5490/5490/4867 5478/5478/4857 5477/5477/4856
f 5479/5479/4858 5490/5490/4867 5484/5484/4862
f 5479/5479/4858 5478/5478/4857 5490/5490/4867
f 5475/5475/4854 5484/5484/4862 5491/5491/4868
f 5475/5475/4854 5492/5492/4869 5488/5488/4865
f 5488/5488/4865 5467/5467/4847 5475/5475/4854
f 5480/5480/4859 5493/5493/4870 5494/5494/1954
f 5485/5485/4863 5480/5480/4859 5494/5494/1954
f 5486/5486/981 5485/5485/4863 5494/5494/1954
f 5486/5486/981 5494/5494/1954 5495/5495/4871
f 5476/5476/4855 5474/5474/4853 5487/5487/4864
f 5496/5496/4872 5464/5464/4844 5482/5482/4860
f 5497/5497/4873 5483/5483/4861 5464/5464/4844
f 5490/5490/4867 5477/5477/4856 5483/5483/4861
f 5492/5492/4869 5475/5475/4854 5491/5491/4868
f 5493/5493/4870 5488/5488/4865 5498/5498/1953
f 5493/5493/4870 5480/5480/4859 5488/5488/4865
f 5489/5489/4866 5481/5481/1194 5499/5499/1208
f 5487/5487/4864 5462/5462/4843 5489/5489/4866
f 5497/5497/4873 5464/5464/4844 5496/5496/4872
f 5490/5490/4867 5483/5483/4861 5500/5500/4874
f 5491/5491/4868 5484/5484/4862 5501/5501/4875
f 5488/5488/4865 5492/5492/4869 5502/5502/1959
f 5488/5488/4865 5502/5502/1959 5498/5498/1953
f 5487/5487/4864 5489/5489/4866 5503/5503/1223
f 5504/5504/4876 5476/5476/4855 5505/5505/4877
f 5504/5504/4876 5482/5482/4860 5476/5476/4855
f 5496/5496/4872 5482/5482/4860 5504/5504/4876
f 5500/5500/4874 5483/5483/4861 5497/5497/4873
f 5490/5490/4867 5500/5500/4874 5506/5506/4878
f 5484/5484/4862 5490/5490/4867 5506/5506/4878
f 5492/5492/4869 5491/5491/4868 5507/5507/1963
f 5502/5502/1959 5492/5492/4869 5507/5507/1963
f 5505/5505/4877 5476/5476/4855 5487/5487/4864
f 5508/5508/4879 5497/5497/4873 5496/5496/4872
f 5500/5500/4874 5509/5509/4880 5506/5506/4878
f 5506/5506/4878 5501/5501/4875 5484/5484/4862
f 5507/5507/1963 5491/5491/4868 5510/5510/4881
f 5503/5503/1223 5489/5489/4866 5499/5499/1208
f 5505/5505/4877 5487/5487/4864 5503/5503/1223
f 5508/5508/4879 5496/5496/4872 5504/5504/4876
f 5500/5500/4874 5497/5497/4873 5508/5508/4879
f 5510/5510/4881 5491/5491/4868 5501/5501/4875
f 5507/5507/1963 5510/5510/4881 5511/5511/4882
f 5512/5512/1964 5507/5507/1963 5511/5511/4882
f 5513/5513/4883 5514/5514/1214 5515/5515/1221
f 5509/5509/4880 5500/5500/4874 5508/5508/4879
f 5506/5506/4878 5509/5509/4880 5501/5501/4875
f 5516/5516/4368 5517/5517/4884 5518/5518/4377
f 5519/5519/1216 5514/5514/1214 5513/5513/4883
f 5520/5520/4885 5508/5508/4879 5504/5504/4876
f 5509/5509/4880 5508/5508/4879 5521/5521/4886
f 5510/5510/4881 5501/5501/4875 5522/5522/4887
f 5510/5510/4881 5523/5523/1969 5511/5511/4882
f 5524/5524/4888 5525/5525/1210 5526/5526/4376
f 5526/5526/4376 5527/5527/4889 5524/5524/4888
f 5528/5528/1220 5529/5529/1226 5530/5530/4890
f 5531/5531/4891 5503/5503/1223 5532/5532/1222
f 5531/5531/4891 5505/5505/4877 5503/5503/1223
f 5533/5533/4892 5505/5505/4877 5531/5531/4891
f 5504/5504/4876 5505/5505/4877 5533/5533/4892
f 5521/5521/4886 5508/5508/4879 5520/5520/4885
f 5522/5522/4887 5501/5501/4875 5509/5509/4880
f 5510/5510/4881 5522/5522/4887 5523/5523/1969
f 5518/5518/4377 5534/5534/4374 5535/5535/4893
f 5536/5536/4372 5516/5516/4368 5537/5537/4381
f 5538/5538/4894 5539/5539/4371 5540/5540/4378
f 5541/5541/4373 5539/5539/4371 5538/5538/4894
f 5541/5541/4373 5527/5527/4889 5526/5526/4376
f 5542/5542/4895 5543/5543/1217 5544/5544/1224
f 5542/5542/4895 5545/5545/1213 5543/5543/1217
f 5546/5546/4896 5515/5515/1221 5528/5528/1220
f 5513/5513/4883 5515/5515/1221 5546/5546/4896
f 5547/5547/4897 5504/5504/4876 5533/5533/4892
f 5520/5520/4885 5504/5504/4876 5547/5547/4897
f 5537/5537/4381 5516/5516/4368 5518/5518/4377
f 5548/5548/4382 5538/5538/4894 5540/5540/4378
f 5549/5549/4898 5538/5538/4894 5548/5548/4382
f 5550/5550/4899 5527/5527/4889 5541/5541/4373
f 5551/5551/4900 5552/5552/1225 5553/5553/4901
f 5554/5554/4902 5555/5555/1219 5552/5552/1225
f 5546/5546/4896 5528/5528/1220 5530/5530/4890
f 5556/5556/4903 5513/5513/4883 5546/5546/4896
f 5519/5519/1216 5513/5513/4883 5557/5557/4904
f 5532/5532/1222 5519/5519/1216 5558/5558/4905
f 5531/5531/4891 5532/5532/1222 5558/5558/4905
f 5533/5533/4892 5531/5531/4891 5559/5559/4906
f 5520/5520/4885 5560/5560/4907 5521/5521/4886
f 5509/5509/4880 5521/5521/4886 5561/5561/4908
f 5522/5522/4887 5561/5561/4908 5562/5562/1984
f 5522/5522/4887 5509/5509/4880 5561/5561/4908
f 5562/5562/1984 5523/5523/1969 5522/5522/4887
f 5563/5563/4909 5564/5564/4910 5565/5565/4380
f 5548/5548/4382 5564/5564/4910 5563/5563/4909
f 5550/5550/4899 5541/5541/4373 5538/5538/4894
f 5566/5566/4911 5544/5544/1224 5524/5524/4888
f 5567/5567/4912 5553/5553/4901 5568/5568/4913
f 5554/5554/4902 5552/5552/1225 5551/5551/4900
f 5530/5530/4890 5529/5529/1226 5554/5554/4902
f 5519/5519/1216 5557/5557/4904 5558/5558/4905
f 5547/5547/4897 5533/5533/4892 5559/5559/4906
f 5520/5520/4885 5547/5547/4897 5560/5560/4907
f 5521/5521/4886 5560/5560/4907 5569/5569/4914
f 5561/5561/4908 5521/5521/4886 5569/5569/4914
f 5518/5518/4377 5535/5535/4893 5570/5570/4915
f 5537/5537/4381 5518/5518/4377 5571/5571/4916
f 5549/5549/4898 5548/5548/4382 5563/5563/4909
f 5549/5549/4898 5572/5572/4917 5538/5538/4894
f 5573/5573/4918 5538/5538/4894 5572/5572/4917
f 5550/5550/4899 5538/5538/4894 5573/5573/4918
f 5573/5573/4918 5574/5574/4919 5550/5550/4899
f 5574/5574/4919 5527/5527/4889 5550/5550/4899
f 5527/5527/4889 5575/5575/4920 5524/5524/4888
f 5566/5566/4911 5524/5524/4888 5575/5575/4920
f 5576/5576/4921 5542/5542/4895 5544/5544/1224
f 5568/5568/4913 5542/5542/4895 5576/5576/4921
f 5551/5551/4900 5553/5553/4901 5567/5567/4912
f 5554/5554/4902 5551/5551/4900 5577/5577/4922
f 5577/5577/4922 5530/5530/4890 5554/5554/4902
f 5578/5578/4923 5530/5530/4890 5577/5577/4922
f 5546/5546/4896 5530/5530/4890 5579/5579/4924
f 5557/5557/4904 5513/5513/4883 5556/5556/4903
f 5559/5559/4906 5531/5531/4891 5558/5558/4905
f 5561/5561/4908 5569/5569/4914 5580/5580/4925
f 5561/5561/4908 5580/5580/4925 5562/5562/1984
f 5571/5571/4916 5518/5518/4377 5570/5570/4915
f 5581/5581/4926 5565/5565/4380 5537/5537/4381
f 5563/5563/4909 5565/5565/4380 5581/5581/4926
f 5582/5582/4927 5575/5575/4920 5527/5527/4889
f 5583/5583/4928 5544/5544/1224 5566/5566/4911
f 5576/5576/4921 5544/5544/1224 5583/5583/4928
f 5567/5567/4912 5568/5568/4913 5576/5576/4921
f 5579/5579/4924 5530/5530/4890 5578/5578/4923
f 5556/5556/4903 5546/5546/4896 5579/5579/4924
f 5559/5559/4906 5558/5558/4905 5584/5584/4929
f 5558/5558/4905 5585/5585/4930 5584/5584/4929
f 5547/5547/4897 5559/5559/4906 5586/5586/4931
f 5547/5547/4897 5586/5586/4931 5560/5560/4907
f 5566/5566/4911 5575/5575/4920 5587/5587/4932
f 5583/5583/4928 5566/5566/4911 5587/5587/4932
f 5551/5551/4900 5567/5567/4912 5588/5588/4933
f 5577/5577/4922 5551/5551/4900 5589/5589/4934
f 5578/5578/4923 5577/5577/4922 5590/5590/4935
f 5579/5579/4924 5578/5578/4923 5591/5591/4936
f 5579/5579/4924 5591/5591/4936 5592/5592/4937
f 5579/5579/4924 5592/5592/4937 5593/5593/4938
f 5593/5593/4938 5556/5556/4903 5579/5579/4924
f 5594/5594/4939 5557/5557/4904 5556/5556/4903
f 5558/5558/4905 5557/5557/4904 5594/5594/4939
f 5585/5585/4930 5558/5558/4905 5594/5594/4939
f 5559/5559/4906 5584/5584/4929 5586/5586/4931
f 5569/5569/4914 5595/5595/4940 5580/5580/4925
f 5563/5563/4909 5581/5581/4926 5596/5596/4941
f 5597/5597/4942 5563/5563/4909 5596/5596/4941
f 5549/5549/4898 5563/5563/4909 5597/5597/4942
f 5598/5598/4943 5573/5573/4918 5572/5572/4917
f 5599/5599/4944 5574/5574/4919 5573/5573/4918
f 5574/5574/4919 5582/5582/4927 5527/5527/4889
f 5587/5587/4932 5575/5575/4920 5600/5600/4945
f 5589/5589/4934 5551/5551/4900 5588/5588/4933
f 5601/5601/4946 5556/5556/4903 5593/5593/4938
f 5594/5594/4939 5556/5556/4903 5601/5601/4946
f 5560/5560/4907 5586/5586/4931 5602/5602/4947
f 5560/5560/4907 5602/5602/4947 5595/5595/4940
f 5569/5569/4914 5560/5560/4907 5595/5595/4940
f 5580/5580/4925 5595/5595/4940 5603/5603/4948
f 5604/5604/4949 5537/5537/4381 5571/5571/4916
f 5581/5581/4926 5537/5537/4381 5604/5604/4949
f 5597/5597/4942 5598/5598/4943 5572/5572/4917
f 5597/5597/4942 5572/5572/4917 5549/5549/4898
f 5598/5598/4943 5599/5599/4944 5573/5573/4918
f 5582/5582/4927 5600/5600/4945 5575/5575/4920
f 5605/5605/4950 5567/5567/4912 5576/5576/4921
f 5588/5588/4933 5567/5567/4912 5605/5605/4950
f 5590/5590/4935 5577/5577/4922 5589/5589/4934
f 5591/5591/4936 5578/5578/4923 5606/5606/4951
f 5607/5607/4952 5592/5592/4937 5591/5591/4936
f 5607/5607/4952 5591/5591/4936 5606/5606/4951
f 5592/5592/4937 5607/5607/4952 5608/5608/4953
f 5593/5593/4938 5592/5592/4937 5608/5608/4953
f 5593/5593/4938 5608/5608/4953 5601/5601/4946
f 5609/5609/4954 5571/5571/4916 5570/5570/4915
f 5604/5604/4949 5571/5571/4916 5609/5609/4954
f 5610/5610/4955 5581/5581/4926 5604/5604/4949
f 5596/5596/4941 5581/5581/4926 5610/5610/4955
f 5605/5605/4950 5576/5576/4921 5583/5583/4928
f 5606/5606/4951 5578/5578/4923 5590/5590/4935
f 5606/5606/4951 5590/5590/4935 5611/5611/4956
f 5585/5585/4930 5594/5594/4939 5612/5612/4957
f 5585/5585/4930 5612/5612/4957 5613/5613/4958
f 5584/5584/4929 5585/5585/4930 5613/5613/4958
f 5584/5584/4929 5613/5613/4958 5586/5586/4931
f 5602/5602/4947 5586/5586/4931 5614/5614/4959
f 5603/5603/4948 5595/5595/4940 5615/5615/4960
f 5616/5616/4961 5617/5617/4962 5598/5598/4943
f 5597/5597/4942 5616/5616/4961 5598/5598/4943
f 5618/5618/4963 5574/5574/4919 5599/5599/4944
f 5619/5619/4964 5600/5600/4945 5582/5582/4927
f 5587/5587/4932 5600/5600/4945 5620/5620/4965
f 5587/5587/4932 5620/5620/4965 5621/5621/4966
f 5621/5621/4966 5583/5583/4928 5587/5587/4932
f 5594/5594/4939 5601/5601/4946 5622/5622/4967
f 5594/5594/4939 5622/5622/4967 5612/5612/4957
f 5586/5586/4931 5613/5613/4958 5614/5614/4959
f 5602/5602/4947 5614/5614/4959 5623/5623/4968
f 5595/5595/4940 5602/5602/4947 5623/5623/4968
f 5595/5595/4940 5623/5623/4968 5615/5615/4960
f 5624/5624/4969 5615/5615/4960 5625/5625/4970
f 5624/5624/4969 5603/5603/4948 5615/5615/4960
f 5570/5570/4915 5626/5626/4971 5627/5627/4972
f 5628/5628/4973 5570/5570/4915 5627/5627/4972
f 5609/5609/4954 5570/5570/4915 5628/5628/4973
f 5616/5616/4961 5597/5597/4942 5596/5596/4941
f 5605/5605/4950 5583/5583/4928 5621/5621/4966
f 5629/5629/4974 5589/5589/4934 5588/5588/4933
f 5611/5611/4956 5590/5590/4935 5589/5589/4934
f 5606/5606/4951 5611/5611/4956 5630/5630/4975
f 5607/5607/4952 5606/5606/4951 5630/5630/4975
f 5601/5601/4946 5608/5608/4953 5631/5631/4976
f 5601/5601/4946 5631/5631/4976 5622/5622/4967
f 5615/5615/4960 5632/5632/4977 5633/5633/4978
f 5615/5615/4960 5623/5623/4968 5632/5632/4977
f 5615/5615/4960 5633/5633/4978 5625/5625/4970
f 5625/5625/4970 5633/5633/4978 5634/5634/4576
f 5635/5635/4979 5604/5604/4949 5609/5609/4954
f 5636/5636/4980 5604/5604/4949 5635/5635/4979
f 5610/5610/4955 5604/5604/4949 5636/5636/4980
f 5637/5637/4981 5598/5598/4943 5617/5617/4962
f 5637/5637/4981 5599/5599/4944 5598/5598/4943
f 5637/5637/4981 5618/5618/4963 5599/5599/4944
f 5619/5619/4964 5638/5638/4982 5600/5600/4945
f 5639/5639/4983 5582/5582/4927 5574/5574/4919
f 5620/5620/4965 5600/5600/4945 5638/5638/4982
f 5588/5588/4933 5605/5605/4950 5629/5629/4974
f 5611/5611/4956 5589/5589/4934 5629/5629/4974
f 5607/5607/4952 5630/5630/4975 5640/5640/4984
f 5608/5608/4953 5607/5607/4952 5640/5640/4984
f 5614/5614/4959 5613/5613/4958 5641/5641/4985
f 5614/5614/4959 5641/5641/4985 5642/5642/4986
f 5623/5623/4968 5614/5614/4959 5642/5642/4986
f 5623/5623/4968 5642/5642/4986 5632/5632/4977
f 5632/5632/4977 5643/5643/4595 5644/5644/4587
f 5633/5633/4978 5632/5632/4977 5644/5644/4587
f 5633/5633/4978 5644/5644/4587 5645/5645/4577
f 5633/5633/4978 5645/5645/4577 5634/5634/4576
f 5618/5618/4963 5639/5639/4983 5574/5574/4919
f 5639/5639/4983 5619/5619/4964 5582/5582/4927
f 5621/5621/4966 5620/5620/4965 5646/5646/4987
f 5605/5605/4950 5621/5621/4966 5646/5646/4987
f 5647/5647/4988 5611/5611/4956 5629/5629/4974
f 5608/5608/4953 5640/5640/4984 5631/5631/4976
f 5612/5612/4957 5622/5622/4967 5648/5648/4989
f 5612/5612/4957 5648/5648/4989 5613/5613/4958
f 5632/5632/4977 5642/5642/4986 5643/5643/4595
f 5635/5635/4979 5609/5609/4954 5628/5628/4973
f 5616/5616/4961 5596/5596/4941 5649/5649/4990
f 5620/5620/4965 5638/5638/4982 5650/5650/4991
f 5620/5620/4965 5650/5650/4991 5646/5646/4987
f 5651/5651/4992 5605/5605/4950 5646/5646/4987
f 5629/5629/4974 5605/5605/4950 5651/5651/4992
f 5630/5630/4975 5652/5652/4993 5640/5640/4984
f 5631/5631/4976 5640/5640/4984 5653/5653/4994
f 5631/5631/4976 5653/5653/4994 5654/5654/4995
f 5622/5622/4967 5654/5654/4995 5655/5655/4996
f 5622/5622/4967 5631/5631/4976 5654/5654/4995
f 5648/5648/4989 5622/5622/4967 5655/5655/4996
f 5641/5641/4985 5613/5613/4958 5648/5648/4989
f 5642/5642/4986 5641/5641/4985 5656/5656/4997
f 5643/5643/4595 5656/5656/4997 5657/5657/4607
f 5642/5642/4986 5656/5656/4997 5643/5643/4595
f 5610/5610/4955 5636/5636/4980 5658/5658/4998
f 5596/5596/4941 5610/5610/4955 5659/5659/4999
f 5649/5649/4990 5596/5596/4941 5659/5659/4999
f 5649/5649/4990 5637/5637/4981 5617/5617/4962
f 5649/5649/4990 5617/5617/4962 5616/5616/4961
f 5660/5660/5000 5619/5619/4964 5639/5639/4983
f 5650/5650/4991 5638/5638/4982 5661/5661/4661
f 5611/5611/4956 5647/5647/4988 5662/5662/5001
f 5630/5630/4975 5611/5611/4956 5662/5662/5001
f 5630/5630/4975 5662/5662/5001 5652/5652/4993
f 5653/5653/4994 5640/5640/4984 5652/5652/4993
f 5663/5663/4616 5655/5655/4996 5664/5664/5002
f 5648/5648/4989 5655/5655/4996 5663/5663/4616
f 5641/5641/4985 5648/5648/4989 5663/5663/4616
f 5656/5656/4997 5663/5663/4616 5665/5665/5003
f 5641/5641/4985 5663/5663/4616 5656/5656/4997
f 5656/5656/4997 5665/5665/5003 5657/5657/4607
f 5666/5666/5004 5628/5628/4973 5627/5627/4972
f 5659/5659/4999 5610/5610/4955 5658/5658/4998
f 5637/5637/4981 5667/5667/5005 5618/5618/4963
f 5667/5667/5005 5660/5660/5000 5639/5639/4983
f 5618/5618/4963 5667/5667/5005 5639/5639/4983
f 5646/5646/4987 5650/5650/4991 5668/5668/5006
f 5651/5651/4992 5646/5646/4987 5669/5669/5007
f 5646/5646/4987 5668/5668/5006 5669/5669/5007
f 5629/5629/4974 5651/5651/4992 5670/5670/5008
f 5647/5647/4988 5629/5629/4974 5670/5670/5008
f 5652/5652/4993 5662/5662/5001 5671/5671/5009
f 5652/5652/4993 5672/5672/5010 5653/5653/4994
f 5653/5653/4994 5672/5672/5010 5654/5654/4995
f 5654/5654/4995 5673/5673/5011 5655/5655/4996
f 5655/5655/4996 5673/5673/5011 5664/5664/5002
f 5666/5666/5004 5627/5627/4972 5674/5674/5012
f 5675/5675/5013 5628/5628/4973 5666/5666/5004
f 5635/5635/4979 5628/5628/4973 5675/5675/5013
f 5658/5658/4998 5636/5636/4980 5635/5635/4979
f 5676/5676/5014 5661/5661/4661 5638/5638/4982
f 5619/5619/4964 5676/5676/5014 5638/5638/4982
f 5650/5650/4991 5661/5661/4661 5668/5668/5006
f 5651/5651/4992 5669/5669/5007 5677/5677/5015
f 5651/5651/4992 5677/5677/5015 5670/5670/5008
f 5647/5647/4988 5670/5670/5008 5678/5678/5016
f 5662/5662/5001 5647/5647/4988 5678/5678/5016
f 5662/5662/5001 5678/5678/5016 5671/5671/5009
f 5652/5652/4993 5671/5671/5009 5679/5679/5017
f 5652/5652/4993 5679/5679/5017 5672/5672/5010
f 5673/5673/5011 5680/5680/4639 5664/5664/5002
f 5680/5680/4639 5681/5681/4604 5664/5664/5002
f 5659/5659/4999 5658/5658/4998 5682/5682/5018
f 5683/5683/5019 5659/5659/4999 5682/5682/5018
f 5683/5683/5019 5649/5649/4990 5659/5659/4999
f 5683/5683/5019 5684/5684/5020 5637/5637/4981
f 5683/5683/5019 5637/5637/4981 5649/5649/4990
f 5684/5684/5020 5667/5667/5005 5637/5637/4981
f 5685/5685/5021 5676/5676/5014 5619/5619/4964
f 5660/5660/5000 5685/5685/5021 5619/5619/4964
f 5661/5661/4661 5686/5686/5022 5668/5668/5006
f 5668/5668/5006 5687/5687/5023 5688/5688/5024
f 5669/5669/5007 5668/5668/5006 5688/5688/5024
f 5669/5669/5007 5688/5688/5024 5677/5677/5015
f 5670/5670/5008 5677/5677/5015 5689/5689/5025
f 5670/5670/5008 5689/5689/5025 5678/5678/5016
f 5654/5654/4995 5672/5672/5010 5690/5690/4646
f 5673/5673/5011 5690/5690/4646 5680/5680/4639
f 5673/5673/5011 5654/5654/4995 5690/5690/4646
f 5658/5658/4998 5635/5635/4979 5691/5691/5026
f 5684/5684/5020 5692/5692/5027 5667/5667/5005
f 5661/5661/4661 5693/5693/4660 5686/5686/5022
f 5694/5694/4659 5661/5661/4661 5676/5676/5014
f 5668/5668/5006 5686/5686/5022 5687/5687/5023
f 5677/5677/5015 5688/5688/5024 5695/5695/5028
f 5678/5678/5016 5689/5689/5025 5696/5696/5029
f 5671/5671/5009 5678/5678/5016 5696/5696/5029
f 5671/5671/5009 5696/5696/5029 5679/5679/5017
f 5679/5679/5017 5696/5696/5029 5697/5697/4657
f 5672/5672/5010 5679/5679/5017 5697/5697/4657
f 5690/5690/4646 5672/5672/5010 5697/5697/4657
f 5666/5666/5004 5674/5674/5012 5698/5698/5030
f 5675/5675/5013 5666/5666/5004 5699/5699/5031
f 5691/5691/5026 5635/5635/4979 5675/5675/5013
f 5683/5683/5019 5700/5700/5032 5684/5684/5020
f 5692/5692/5027 5660/5660/5000 5667/5667/5005
f 5701/5701/5033 5685/5685/5021 5660/5660/5000
f 5688/5688/5024 5687/5687/5023 5702/5702/5034
f 5695/5695/5028 5688/5688/5024 5702/5702/5034
f 5677/5677/5015 5695/5695/5028 5689/5689/5025
f 5689/5689/5025 5695/5695/5028 5703/5703/5035
f 5696/5696/5029 5689/5689/5025 5703/5703/5035
f 5696/5696/5029 5703/5703/5035 5704/5704/5036
f 5696/5696/5029 5704/5704/5036 5697/5697/4657
f 5698/5698/5030 5674/5674/5012 5705/5705/5037
f 5699/5699/5031 5666/5666/5004 5698/5698/5030
f 5706/5706/5038 5658/5658/4998 5691/5691/5026
f 5707/5707/5039 5658/5658/4998 5706/5706/5038
f 5682/5682/5018 5658/5658/4998 5707/5707/5039
f 5707/5707/5039 5700/5700/5032 5683/5683/5019
f 5707/5707/5039 5683/5683/5019 5682/5682/5018
f 5686/5686/5022 5693/5693/4660 5708/5708/5040
f 5687/5687/5023 5686/5686/5022 5708/5708/5040
f 5692/5692/5027 5701/5701/5033 5660/5660/5000
f 5687/5687/5023 5708/5708/5040 5709/5709/4682
f 5687/5687/5023 5709/5709/4682 5702/5702/5034
f 5695/5695/5028 5702/5702/5034 5710/5710/4687
f 5703/5703/5035 5710/5710/4687 5711/5711/4672
f 5695/5695/5028 5710/5710/4687 5703/5703/5035
f 5703/5703/5035 5711/5711/4672 5704/5704/5036
f 5698/5698/5030 5705/5705/5037 5712/5712/5041
f 5691/5691/5026 5675/5675/5013 5699/5699/5031
f 5693/5693/4660 5713/5713/5042 5714/5714/4694
f 5693/5693/4660 5714/5714/4694 5708/5708/5040
f 5684/5684/5020 5715/5715/5043 5692/5692/5027
f 5684/5684/5020 5700/5700/5032 5715/5715/5043
f 5708/5708/5040 5714/5714/4694 5716/5716/4683
f 5708/5708/5040 5716/5716/4683 5709/5709/4682
f 5717/5717/4696 5694/5694/4659 5676/5676/5014
f 5717/5717/4696 5676/5676/5014 5685/5685/5021
f 5701/5701/5033 5717/5717/4696 5685/5685/5021
f 5709/5709/4682 5718/5718/4685 5719/5719/4686
f 5702/5702/5034 5709/5709/4682 5719/5719/4686
f 5710/5710/4687 5702/5702/5034 5719/5719/4686
f 5712/5712/5041 5705/5705/5037 5720/5720/5044
f 5699/5699/5031 5698/5698/5030 5712/5712/5041
f 5691/5691/5026 5699/5699/5031 5712/5712/5041
f 5721/5721/5045 5707/5707/5039 5706/5706/5038
f 5700/5700/5032 5721/5721/5045 5722/5722/5046
f 5700/5700/5032 5707/5707/5039 5721/5721/5045
f 5715/5715/5043 5700/5700/5032 5722/5722/5046
f 5715/5715/5043 5701/5701/5033 5692/5692/5027
f 5723/5723/5047 5712/5712/5041 5720/5720/5044
f 5724/5724/5048 5691/5691/5026 5725/5725/5049
f 5691/5691/5026 5712/5712/5041 5725/5725/5049
f 5706/5706/5038 5691/5691/5026 5724/5724/5048
f 5721/5721/5045 5724/5724/5048 5722/5722/5046
f 5721/5721/5045 5706/5706/5038 5724/5724/5048
f 5715/5715/5043 5726/5726/5050 5701/5701/5033
f 5705/5705/5037 5727/5727/5051 5728/5728/5052
f 5720/5720/5044 5705/5705/5037 5728/5728/5052
f 5729/5729/5053 5722/5722/5046 5724/5724/5048
f 5715/5715/5043 5722/5722/5046 5726/5726/5050
f 5701/5701/5033 5730/5730/4710 5717/5717/4696
f 5728/5728/5052 5727/5727/5051 5731/5731/5054
f 5723/5723/5047 5720/5720/5044 5728/5728/5052
f 5725/5725/5049 5712/5712/5041 5723/5723/5047
f 5724/5724/5048 5725/5725/5049 5729/5729/5053
f 5722/5722/5046 5729/5729/5053 5732/5732/5055
f 5722/5722/5046 5732/5732/5055 5726/5726/5050
f 5701/5701/5033 5733/5733/5056 5730/5730/4710
f 5726/5726/5050 5733/5733/5056 5701/5701/5033
f 5731/5731/5054 5727/5727/5051 5734/5734/5057
f 5731/5731/5054 5723/5723/5047 5728/5728/5052
f 5725/5725/5049 5723/5723/5047 5735/5735/5058
f 5729/5729/5053 5725/5725/5049 5735/5735/5058
f 5726/5726/5050 5732/5732/5055 5733/5733/5056
f 5734/5734/5057 5736/5736/5059 5737/5737/5060
f 5738/5738/5061 5734/5734/5057 5737/5737/5060
f 5731/5731/5054 5734/5734/5057 5738/5738/5061
f 5723/5723/5047 5731/5731/5054 5738/5738/5061
f 5723/5723/5047 5738/5738/5061 5735/5735/5058
f 5729/5729/5053 5735/5735/5058 5739/5739/5062
f 5732/5732/5055 5729/5729/5053 5739/5739/5062
f 5733/5733/5056 5739/5739/5062 5740/5740/5063
f 5732/5732/5055 5739/5739/5062 5733/5733/5056
f 5733/5733/5056 5740/5740/5063 5730/5730/4710
f 5735/5735/5058 5738/5738/5061 5741/5741/4738
f 5735/5735/5058 5741/5741/4738 5742/5742/5064
f 5739/5739/5062 5742/5742/5064 5743/5743/5065
f 5739/5739/5062 5735/5735/5058 5742/5742/5064
f 5739/5739/5062 5743/5743/5065 5740/5740/5063
f 5741/5741/4738 5738/5738/5061 5737/5737/5060
f 5743/5743/5065 5741/5741/4738 5744/5744/4737
f 5742/5742/5064 5741/5741/4738 5743/5743/5065
f 5745/5745/4274 5746/5746/5066 5747/5747/5067
f 5748/5748/5068 5745/5745/4274 5747/5747/5067
f 5746/5746/5066 5749/5749/5069 5750/5750/4403
f 5751/5751/4299 5748/5748/5068 5752/5752/5070
f 5753/5753/5071 5746/5746/5066 5754/5754/5072
f 5746/5746/5066 5750/5750/4403 5754/5754/5072
f 5747/5747/5067 5746/5746/5066 5753/5753/5071
f 5755/5755/5073 5748/5748/5068 5747/5747/5067
f 5752/5752/5070 5748/5748/5068 5755/5755/5073
f 5756/5756/4308 5757/5757/5074 5758/5758/5075
f 5754/5754/5072 5750/5750/4403 5759/5759/5076
f 5760/5760/5077 5751/5751/4299 5752/5752/5070
f 5758/5758/5075 5757/5757/5074 5751/5751/4299
f 5761/5761/5078 5756/5756/4308 5758/5758/5075
f 5762/5762/5079 5756/5756/4308 5761/5761/5078
f 5763/5763/5080 5747/5747/5067 5753/5753/5071
f 5755/5755/5073 5747/5747/5067 5763/5763/5080
f 5754/5754/5072 5759/5759/5076 5764/5764/5081
f 5758/5758/5075 5751/5751/4299 5760/5760/5077
f 5764/5764/5081 5759/5759/5076 5765/5765/4412
f 5766/5766/4317 5762/5762/5079 5761/5761/5078
f 5752/5752/5070 5755/5755/5073 5767/5767/5082
f 5760/5760/5077 5752/5752/5070 5767/5767/5082
f 5768/5768/5083 5766/5766/4317 5761/5761/5078
f 5769/5769/5084 5770/5770/4325 5771/5771/4342
f 5772/5772/5085 5754/5754/5072 5764/5764/5081
f 5764/5764/5081 5765/5765/4412 5773/5773/4419
f 5761/5761/5078 5758/5758/5075 5774/5774/5086
f 5775/5775/4343 5770/5770/4325 5766/5766/4317
f 5776/5776/5087 5769/5769/5084 5771/5771/4342
f 5753/5753/5071 5754/5754/5072 5777/5777/5088
f 5763/5763/5080 5753/5753/5071 5778/5778/5089
f 5755/5755/5073 5763/5763/5080 5779/5779/5090
f 5767/5767/5082 5755/5755/5073 5779/5779/5090
f 5780/5780/5091 5760/5760/5077 5767/5767/5082
f 5764/5764/5081 5773/5773/4419 5781/5781/5092
f 5768/5768/5083 5761/5761/5078 5774/5774/5086
f 5766/5766/4317 5768/5768/5083 5775/5775/4343
f 5771/5771/4342 5770/5770/4325 5775/5775/4343
f 5782/5782/5093 5754/5754/5072 5772/5772/5085
f 5777/5777/5088 5754/5754/5072 5782/5782/5093
f 5753/5753/5071 5777/5777/5088 5783/5783/5094
f 5778/5778/5089 5753/5753/5071 5783/5783/5094
f 5779/5779/5090 5763/5763/5080 5778/5778/5089
f 5780/5780/5091 5767/5767/5082 5779/5779/5090
f 5784/5784/5095 5760/5760/5077 5780/5780/5091
f 5772/5772/5085 5764/5764/5081 5781/5781/5092
f 5785/5785/5096 5758/5758/5075 5760/5760/5077
f 5785/5785/5096 5760/5760/5077 5784/5784/5095
f 5774/5774/5086 5758/5758/5075 5785/5785/5096
f 5786/5786/5097 5768/5768/5083 5774/5774/5086
f 5775/5775/4343 5768/5768/5083 5786/5786/5097
f 5787/5787/5098 5783/5783/5094 5777/5777/5088
f 5782/5782/5093 5788/5788/5099 5777/5777/5088
f 5782/5782/5093 5789/5789/5100 5788/5788/5099
f 5782/5782/5093 5772/5772/5085 5789/5789/5100
f 5781/5781/5092 5773/5773/4419 5790/5790/5101
f 5791/5791/5102 5774/5774/5086 5785/5785/5096
f 5786/5786/5097 5774/5774/5086 5791/5791/5102
f 5792/5792/5103 5778/5778/5089 5783/5783/5094
f 5792/5792/5103 5779/5779/5090 5778/5778/5089
f 5789/5789/5100 5772/5772/5085 5781/5781/5092
f 5775/5775/4343 5786/5786/5097 5793/5793/5104
f 5794/5794/4344 5775/5775/4343 5795/5795/5105
f 5796/5796/4354 5794/5794/4344 5795/5795/5105
f 5777/5777/5088 5788/5788/5099 5797/5797/5106
f 5787/5787/5098 5777/5777/5088 5797/5797/5106
f 5792/5792/5103 5783/5783/5094 5787/5787/5098
f 5780/5780/5091 5779/5779/5090 5798/5798/5107
f 5795/5795/5105 5775/5775/4343 5793/5793/5104
f 5787/5787/5098 5797/5797/5106 5799/5799/5108
f 5800/5800/5109 5780/5780/5091 5798/5798/5107
f 5801/5801/5110 5784/5784/5095 5800/5800/5109
f 5784/5784/5095 5780/5780/5091 5800/5800/5109
f 5785/5785/5096 5784/5784/5095 5801/5801/5110
f 5789/5789/5100 5781/5781/5092 5802/5802/5111
f 5789/5789/5100 5802/5802/5111 5788/5788/5099
f 5791/5791/5102 5785/5785/5096 5803/5803/5112
f 5804/5804/5113 5788/5788/5099 5802/5802/5111
f 5797/5797/5106 5788/5788/5099 5804/5804/5113
f 5805/5805/5114 5792/5792/5103 5787/5787/5098
f 5779/5779/5090 5792/5792/5103 5805/5805/5114
f 5803/5803/5112 5785/5785/5096 5801/5801/5110
f 5781/5781/5092 5790/5790/5101 5806/5806/5115
f 5805/5805/5114 5787/5787/5098 5799/5799/5108
f 5807/5807/5116 5791/5791/5102 5803/5803/5112
f 5793/5793/5104 5786/5786/5097 5807/5807/5116
f 5786/5786/5097 5791/5791/5102 5807/5807/5116
f 5795/5795/5105 5793/5793/5104 5808/5808/5117
f 5796/5796/4354 5795/5795/5105 5808/5808/5117
f 5779/5779/5090 5805/5805/5114 5798/5798/5107
f 5799/5799/5108 5797/5797/5106 5809/5809/5118
f 5810/5810/5119 5803/5803/5112 5801/5801/5110
f 5807/5807/5116 5803/5803/5112 5810/5810/5119
f 5802/5802/5111 5781/5781/5092 5806/5806/5115
f 5811/5811/5120 5798/5798/5107 5805/5805/5114
f 5812/5812/5121 5805/5805/5114 5799/5799/5108
f 5802/5802/5111 5813/5813/5122 5814/5814/5123
f 5802/5802/5111 5814/5814/5123 5804/5804/5113
f 5810/5810/5119 5801/5801/5110 5800/5800/5109
f 5813/5813/5122 5802/5802/5111 5806/5806/5115
f 5797/5797/5106 5804/5804/5113 5815/5815/5124
f 5813/5813/5122 5806/5806/5115 5816/5816/4454
f 5817/5817/5125 5793/5793/5104 5807/5807/5116
f 5818/5818/5126 5819/5819/5127 5796/5796/4354
f 5811/5811/5120 5805/5805/5114 5820/5820/5128
f 5815/5815/5124 5804/5804/5113 5814/5814/5123
f 5821/5821/5129 5812/5812/5121 5799/5799/5108
f 5820/5820/5128 5805/5805/5114 5812/5812/5121
f 5822/5822/5130 5800/5800/5109 5798/5798/5107
f 5810/5810/5119 5800/5800/5109 5823/5823/5131
f 5817/5817/5125 5807/5807/5116 5810/5810/5119
f 5824/5824/5132 5793/5793/5104 5817/5817/5125
f 5808/5808/5117 5793/5793/5104 5824/5824/5132
f 5825/5825/5133 5808/5808/5117 5824/5824/5132
f 5818/5818/5126 5796/5796/4354 5808/5808/5117
f 5822/5822/5130 5798/5798/5107 5811/5811/5120
f 5820/5820/5128 5812/5812/5121 5821/5821/5129
f 5823/5823/5131 5800/5800/5109 5822/5822/5130
f 5809/5809/5118 5797/5797/5106 5815/5815/5124
f 5534/5534/4374 5819/5819/5127 5818/5818/5126
f 5821/5821/5129 5799/5799/5108 5809/5809/5118
f 5826/5826/5134 5810/5810/5119 5823/5823/5131
f 5817/5817/5125 5810/5810/5119 5826/5826/5134
f 5827/5827/5135 5813/5813/5122 5816/5816/4454
f 5818/5818/5126 5808/5808/5117 5825/5825/5133
f 5828/5828/5136 5814/5814/5123 5827/5827/5135
f 5815/5815/5124 5814/5814/5123 5828/5828/5136
f 5829/5829/5137 5815/5815/5124 5830/5830/5138
f 5815/5815/5124 5828/5828/5136 5830/5830/5138
f 5809/5809/5118 5815/5815/5124 5829/5829/5137
f 5827/5827/5135 5814/5814/5123 5813/5813/5122
f 5827/5827/5135 5816/5816/4454 5831/5831/4465
f 5821/5821/5129 5809/5809/5118 5829/5829/5137
f 5824/5824/5132 5817/5817/5125 5832/5832/5139
f 5818/5818/5126 5825/5825/5133 5833/5833/5140
f 5811/5811/5120 5820/5820/5128 5834/5834/5141
f 5834/5834/5141 5822/5822/5130 5811/5811/5120
f 5828/5828/5136 5827/5827/5135 5835/5835/5142
f 5830/5830/5138 5828/5828/5136 5835/5835/5142
f 5836/5836/5143 5820/5820/5128 5821/5821/5129
f 5837/5837/5144 5822/5822/5130 5834/5834/5141
f 5823/5823/5131 5822/5822/5130 5837/5837/5144
f 5838/5838/5145 5829/5829/5137 5830/5830/5138
f 5839/5839/5146 5817/5817/5125 5826/5826/5134
f 5535/5535/4893 5534/5534/4374 5818/5818/5126
f 5836/5836/5143 5821/5821/5129 5840/5840/5147
f 5841/5841/5148 5823/5823/5131 5837/5837/5144
f 5839/5839/5146 5826/5826/5134 5823/5823/5131
f 5842/5842/5149 5835/5835/5142 5827/5827/5135
f 5838/5838/5145 5835/5835/5142 5842/5842/5149
f 5830/5830/5138 5835/5835/5142 5838/5838/5145
f 5840/5840/5147 5821/5821/5129 5829/5829/5137
f 5843/5843/5150 5827/5827/5135 5844/5844/5151
f 5827/5827/5135 5831/5831/4465 5844/5844/5151
f 5832/5832/5139 5817/5817/5125 5839/5839/5146
f 5535/5535/4893 5818/5818/5126 5833/5833/5140
f 5845/5845/5152 5834/5834/5141 5820/5820/5128
f 5845/5845/5152 5820/5820/5128 5836/5836/5143
f 5839/5839/5146 5823/5823/5131 5841/5841/5148
f 5840/5840/5147 5829/5829/5137 5838/5838/5145
f 5843/5843/5150 5842/5842/5149 5827/5827/5135
f 5846/5846/5153 5824/5824/5132 5832/5832/5139
f 5825/5825/5133 5824/5824/5132 5846/5846/5153
f 5833/5833/5140 5825/5825/5133 5847/5847/5154
f 5837/5837/5144 5834/5834/5141 5848/5848/5155
f 5847/5847/5154 5825/5825/5133 5846/5846/5153
f 5626/5626/4971 5535/5535/4893 5833/5833/5140
f 5570/5570/4915 5535/5535/4893 5626/5626/4971
f 5849/5849/5156 5838/5838/5145 5842/5842/5149
f 5845/5845/5152 5836/5836/5143 5850/5850/5157
f 5848/5848/5155 5834/5834/5141 5845/5845/5152
f 5841/5841/5148 5837/5837/5144 5848/5848/5155
f 5851/5851/5158 5839/5839/5146 5841/5841/5148
f 5852/5852/5159 5846/5846/5153 5832/5832/5139
f 5626/5626/4971 5833/5833/5140 5847/5847/5154
f 5849/5849/5156 5840/5840/5147 5838/5838/5145
f 5853/5853/5160 5840/5840/5147 5849/5849/5156
f 5854/5854/5161 5842/5842/5149 5843/5843/5150
f 5849/5849/5156 5842/5842/5149 5854/5854/5161
f 5855/5855/5162 5836/5836/5143 5840/5840/5147
f 5850/5850/5157 5836/5836/5143 5855/5855/5162
f 5856/5856/5163 5839/5839/5146 5851/5851/5158
f 5843/5843/5150 5844/5844/5151 5857/5857/5164
f 5857/5857/5164 5844/5844/5151 5831/5831/4465
f 5847/5847/5154 5846/5846/5153 5852/5852/5159
f 5855/5855/5162 5840/5840/5147 5853/5853/5160
f 5851/5851/5158 5841/5841/5148 5848/5848/5155
f 5858/5858/5165 5849/5849/5156 5854/5854/5161
f 5843/5843/5150 5857/5857/5164 5859/5859/4552
f 5832/5832/5139 5839/5839/5146 5856/5856/5163
f 5626/5626/4971 5847/5847/5154 5852/5852/5159
f 5860/5860/5166 5853/5853/5160 5858/5858/5165
f 5853/5853/5160 5849/5849/5156 5858/5858/5165
f 5861/5861/5167 5853/5853/5160 5860/5860/5166
f 5855/5855/5162 5853/5853/5160 5861/5861/5167
f 5862/5862/5168 5858/5858/5165 5854/5854/5161
f 5859/5859/4552 5854/5854/5161 5843/5843/5150
f 5852/5852/5159 5832/5832/5139 5863/5863/5169
f 5864/5864/5170 5626/5626/4971 5852/5852/5159
f 5865/5865/5171 5855/5855/5162 5861/5861/5167
f 5860/5860/5166 5858/5858/5165 5862/5862/5168
f 5866/5866/5172 5848/5848/5155 5845/5845/5152
f 5851/5851/5158 5848/5848/5155 5866/5866/5172
f 5862/5862/5168 5854/5854/5161 5859/5859/4552
f 5863/5863/5169 5832/5832/5139 5856/5856/5163
f 5861/5861/5167 5860/5860/5166 5867/5867/5173
f 5868/5868/5174 5855/5855/5162 5865/5865/5171
f 5850/5850/5157 5855/5855/5162 5868/5868/5174
f 5869/5869/5175 5851/5851/5158 5866/5866/5172
f 5870/5870/5176 5867/5867/5173 5860/5860/5166
f 5871/5871/5177 5845/5845/5152 5850/5850/5157
f 5870/5870/5176 5860/5860/5166 5862/5862/5168
f 5872/5872/5178 5852/5852/5159 5863/5863/5169
f 5873/5873/5179 5861/5861/5167 5867/5867/5173
f 5865/5865/5171 5861/5861/5167 5873/5873/5179
f 5874/5874/5180 5851/5851/5158 5869/5869/5175
f 5866/5866/5172 5845/5845/5152 5871/5871/5177
f 5856/5856/5163 5851/5851/5158 5874/5874/5180
f 5862/5862/5168 5859/5859/4552 5875/5875/4569
f 5863/5863/5169 5856/5856/5163 5874/5874/5180
f 5864/5864/5170 5852/5852/5159 5872/5872/5178
f 5627/5627/4972 5626/5626/4971 5864/5864/5170
f 5868/5868/5174 5865/5865/5171 5873/5873/5179
f 5876/5876/5181 5850/5850/5157 5868/5868/5174
f 5874/5874/5180 5869/5869/5175 5877/5877/5182
f 5878/5878/5183 5866/5866/5172 5871/5871/5177
f 5878/5878/5183 5869/5869/5175 5866/5866/5172
f 5877/5877/5182 5869/5869/5175 5878/5878/5183
f 5873/5873/5179 5867/5867/5173 5870/5870/5176
f 5871/5871/5177 5850/5850/5157 5876/5876/5181
f 5879/5879/4650 5873/5873/5179 5870/5870/5176
f 5880/5880/5184 5862/5862/5168 5875/5875/4569
f 5870/5870/5176 5862/5862/5168 5880/5880/5184
f 5881/5881/5185 5863/5863/5169 5874/5874/5180
f 5882/5882/5186 5868/5868/5174 5873/5873/5179
f 5883/5883/5187 5876/5876/5181 5868/5868/5174
f 5884/5884/5188 5871/5871/5177 5876/5876/5181
f 5884/5884/5188 5876/5876/5181 5883/5883/5187
f 5879/5879/4650 5870/5870/5176 5880/5880/5184
f 5872/5872/5178 5863/5863/5169 5881/5881/5185
f 5674/5674/5012 5864/5864/5170 5872/5872/5178
f 5627/5627/4972 5864/5864/5170 5674/5674/5012
f 5883/5883/5187 5868/5868/5174 5882/5882/5186
f 5885/5885/5189 5871/5871/5177 5884/5884/5188
f 5885/5885/5189 5878/5878/5183 5871/5871/5177
f 5882/5882/5186 5873/5873/5179 5879/5879/4650
f 5883/5883/5187 5882/5882/5186 5886/5886/5190
f 5886/5886/5190 5884/5884/5188 5883/5883/5187
f 5887/5887/5191 5877/5877/5182 5878/5878/5183
f 5887/5887/5191 5874/5874/5180 5877/5877/5182
f 5674/5674/5012 5872/5872/5178 5881/5881/5185
f 5885/5885/5189 5884/5884/5188 5888/5888/4675
f 5887/5887/5191 5878/5878/5183 5885/5885/5189
f 5888/5888/4675 5884/5884/5188 5886/5886/5190
f 5889/5889/5192 5882/5882/5186 5879/5879/4650
f 5886/5886/5190 5882/5882/5186 5889/5889/5192
f 5885/5885/5189 5888/5888/4675 5890/5890/5193
f 5891/5891/5194 5874/5874/5180 5887/5887/5191
f 5888/5888/4675 5886/5886/5190 5889/5889/5192
f 5881/5881/5185 5874/5874/5180 5891/5891/5194
f 5892/5892/5195 5881/5881/5185 5891/5891/5194
f 5892/5892/5195 5674/5674/5012 5881/5881/5185
f 5893/5893/5196 5889/5889/5192 5879/5879/4650
f 5674/5674/5012 5892/5892/5195 5705/5705/5037
f 5894/5894/5197 5885/5885/5189 5890/5890/5193
f 5895/5895/5198 5887/5887/5191 5885/5885/5189
f 5891/5891/5194 5887/5887/5191 5895/5895/5198
f 5890/5890/5193 5888/5888/4675 5896/5896/5199
f 5897/5897/4676 5888/5888/4675 5889/5889/5192
f 5892/5892/5195 5891/5891/5194 5898/5898/5200
f 5897/5897/4676 5889/5889/5192 5893/5893/5196
f 5895/5895/5198 5885/5885/5189 5894/5894/5197
f 5898/5898/5200 5891/5891/5194 5895/5895/5198
f 5705/5705/5037 5892/5892/5195 5898/5898/5200
f 5899/5899/5201 5890/5890/5193 5896/5896/5199
f 5894/5894/5197 5890/5890/5193 5899/5899/5201
f 5898/5898/5200 5895/5895/5198 5900/5900/4712
f 5705/5705/5037 5898/5898/5200 5727/5727/5051
f 5900/5900/4712 5894/5894/5197 5899/5899/5201
f 5895/5895/5198 5894/5894/5197 5900/5900/4712
f 5734/5734/5057 5898/5898/5200 5900/5900/4712
f 5734/5734/5057 5727/5727/5051 5898/5898/5200
f 5734/5734/5057 5900/5900/4712 5736/5736/5059
f 5901/5901/5202 5902/5902/5203 5903/5903/5204
f 5904/5904/1992 5901/5901/5202 5903/5903/5204
f 5903/5903/5204 5902/5902/5203 5905/5905/4948
f 5906/5906/5205 5903/5903/5204 5907/5907/5206
f 5903/5903/5204 5905/5905/4948 5907/5907/5206
f 5904/5904/1992 5903/5903/5204 5908/5908/5207
f 5907/5907/5206 5905/5905/4948 5909/5909/4969
f 5908/5908/5207 5903/5903/5204 5906/5906/5205
f 5910/5910/2000 5904/5904/1992 5908/5908/5207
f 5911/5911/4548 5912/5912/4542 5913/5913/5208
f 5914/5914/5209 5909/5909/4969 5915/5915/5210
f 5907/5907/5206 5909/5909/4969 5914/5914/5209
f 5906/5906/5205 5907/5907/5206 5914/5914/5209
f 5916/5916/5211 5908/5908/5207 5906/5906/5205
f 5917/5917/5212 5911/5911/4548 5918/5918/5213
f 5918/5918/5213 5911/5911/4548 5913/5913/5208
f 5919/5919/5214 5915/5915/5210 5920/5920/5215
f 5914/5914/5209 5915/5915/5210 5919/5919/5214
f 5921/5921/5216 5906/5906/5205 5914/5914/5209
f 5916/5916/5211 5906/5906/5205 5921/5921/5216
f 5922/5922/5217 5920/5920/5215 5923/5923/5218
f 5923/5923/5218 5920/5920/5215 5917/5917/5212
f 5910/5910/2000 5908/5908/5207 5924/5924/5219
f 5918/5918/5213 5923/5923/5218 5917/5917/5212
f 5925/5925/5220 5914/5914/5209 5919/5919/5214
f 5921/5921/5216 5914/5914/5209 5925/5925/5220
f 5919/5919/5214 5920/5920/5215 5922/5922/5217
f 5924/5924/5219 5908/5908/5207 5916/5916/5211
f 5926/5926/2007 5910/5910/2000 5924/5924/5219
f 5922/5922/5217 5923/5923/5218 5927/5927/5221
f 5923/5923/5218 5918/5918/5213 5928/5928/5222
f 5928/5928/5222 5918/5918/5213 5913/5913/5208
f 5925/5925/5220 5919/5919/5214 5929/5929/5223
f 5927/5927/5221 5923/5923/5218 5928/5928/5222
f 5930/5930/5224 5921/5921/5216 5925/5925/5220
f 5931/5931/5225 5921/5921/5216 5930/5930/5224
f 5916/5916/5211 5921/5921/5216 5931/5931/5225
f 5919/5919/5214 5922/5922/5217 5927/5927/5221
f 5928/5928/5222 5913/5913/5208 5932/5932/5226
f 5933/5933/5227 5926/5926/2007 5924/5924/5219
f 5934/5934/2016 5926/5926/2007 5933/5933/5227
f 5935/5935/5228 5924/5924/5219 5916/5916/5211
f 5935/5935/5228 5916/5916/5211 5931/5931/5225
f 5936/5936/5229 5919/5919/5214 5927/5927/5221
f 5937/5937/5230 5927/5927/5221 5928/5928/5222
f 5930/5930/5224 5925/5925/5220 5929/5929/5223
f 5929/5929/5223 5919/5919/5214 5936/5936/5229
f 5933/5933/5227 5924/5924/5219 5935/5935/5228
f 5937/5937/5230 5928/5928/5222 5938/5938/5231
f 5939/5939/2025 5940/5940/2024 5941/5941/5232
f 5938/5938/5231 5928/5928/5222 5932/5932/5226
f 5942/5942/5233 5935/5935/5228 5931/5931/5225
f 5933/5933/5227 5935/5935/5228 5943/5943/5234
f 5936/5936/5229 5927/5927/5221 5937/5937/5230
f 5934/5934/2016 5933/5933/5227 5943/5943/5234
f 5941/5941/5232 5934/5934/2016 5943/5943/5234
f 5944/5944/5235 5930/5930/5224 5929/5929/5223
f 5931/5931/5225 5930/5930/5224 5945/5945/5236
f 5942/5942/5233 5931/5931/5225 5945/5945/5236
f 5939/5939/2025 5941/5941/5232 5946/5946/2041
f 5947/5947/5237 5941/5941/5232 5943/5943/5234
f 5946/5946/2041 5941/5941/5232 5948/5948/5238
f 5949/5949/5239 5935/5935/5228 5942/5942/5233
f 5945/5945/5236 5930/5930/5224 5944/5944/5235
f 5929/5929/5223 5936/5936/5229 5950/5950/5240
f 5948/5948/5238 5941/5941/5232 5947/5947/5237
f 5944/5944/5235 5929/5929/5223 5950/5950/5240
f 5936/5936/5229 5937/5937/5230 5951/5951/5241
f 5937/5937/5230 5938/5938/5231 5952/5952/4699
f 5953/5953/5242 5935/5935/5228 5949/5949/5239
f 5943/5943/5234 5935/5935/5228 5953/5953/5242
f 5954/5954/5243 5944/5944/5235 5950/5950/5240
f 5954/5954/5243 5945/5945/5236 5944/5944/5235
f 5947/5947/5237 5943/5943/5234 5953/5953/5242
f 5948/5948/5238 5947/5947/5237 5955/5955/5244
f 5950/5950/5240 5936/5936/5229 5951/5951/5241
f 5946/5946/2041 5948/5948/5238 5956/5956/5245
f 5951/5951/5241 5937/5937/5230 5957/5957/4719
f 5937/5937/5230 5952/5952/4699 5957/5957/4719
f 5946/5946/2041 5956/5956/5245 5958/5958/2054
f 5958/5958/2054 5959/5959/5246 5946/5946/2041
f 5960/5960/5247 5942/5942/5233 5945/5945/5236
f 5955/5955/5244 5947/5947/5237 5953/5953/5242
f 5956/5956/5245 5948/5948/5238 5955/5955/5244
f 5949/5949/5239 5942/5942/5233 5960/5960/5247
f 5960/5960/5247 5945/5945/5236 5954/5954/5243
f 5954/5954/5243 5950/5950/5240 5961/5961/5248
f 5962/5962/5249 5956/5956/5245 5955/5955/5244
f 5961/5961/5248 5950/5950/5240 5951/5951/5241
f 5958/5958/2054 5956/5956/5245 5962/5962/5249
f 5955/5955/5244 5953/5953/5242 5963/5963/5250
f 5964/5964/4740 5951/5951/5241 5957/5957/4719
f 5965/5965/5251 5953/5953/5242 5949/5949/5239
f 5966/5966/5252 5949/5949/5239 5960/5960/5247
f 5961/5961/5248 5951/5951/5241 5964/5964/4740
f 5965/5965/5251 5949/5949/5239 5966/5966/5252
f 5967/5967/5253 5966/5966/5252 5960/5960/5247
f 5960/5960/5247 5954/5954/5243 5968/5968/5254
f 5962/5962/5249 5955/5955/5244 5963/5963/5250
f 5968/5968/5254 5954/5954/5243 5969/5969/5255
f 5969/5969/5255 5954/5954/5243 5961/5961/5248
f 5970/5970/5256 5958/5958/2054 5962/5962/5249
f 5971/5971/2063 5958/5958/2054 5970/5970/5256
f 5965/5965/5251 5966/5966/5252 5972/5972/5257
f 5973/5973/5258 5953/5953/5242 5965/5965/5251
f 5973/5973/5258 5963/5963/5250 5953/5953/5242
f 5967/5967/5253 5960/5960/5247 5968/5968/5254
f 5974/5974/5259 5962/5962/5249 5963/5963/5250
f 5970/5970/5256 5962/5962/5249 5974/5974/5259
f 5973/5973/5258 5965/5965/5251 5972/5972/5257
f 5975/5975/5260 5971/5971/2063 5970/5970/5256
f 5976/5976/2070 5971/5971/2063 5975/5975/5260
f 5961/5961/5248 5964/5964/4740 5977/5977/5261
f 5972/5972/5257 5966/5966/5252 5967/5967/5253
f 5978/5978/5262 5963/5963/5250 5973/5973/5258
f 5968/5968/5254 5969/5969/5255 5979/5979/5263
f 5969/5969/5255 5961/5961/5248 5977/5977/5261
f 5979/5979/5263 5969/5969/5255 5977/5977/5261
f 5975/5975/5260 5970/5970/5256 5974/5974/5259
f 5980/5980/5264 5976/5976/2070 5975/5975/5260
f 5981/5981/5265 5973/5973/5258 5972/5972/5257
f 5982/5982/5266 5972/5972/5257 5967/5967/5253
f 5983/5983/5267 5967/5967/5253 5968/5968/5254
f 5974/5974/5259 5963/5963/5250 5978/5978/5262
f 5978/5978/5262 5973/5973/5258 5981/5981/5265
f 5982/5982/5266 5967/5967/5253 5983/5983/5267
f 5981/5981/5265 5972/5972/5257 5982/5982/5266
f 5984/5984/5268 5974/5974/5259 5978/5978/5262
f 5985/5985/5269 5974/5974/5259 5984/5984/5268
f 5986/5986/5270 5968/5968/5254 5979/5979/5263
f 5975/5975/5260 5974/5974/5259 5985/5985/5269
f 5987/5987/5271 5978/5978/5262 5981/5981/5265
f 5983/5983/5267 5968/5968/5254 5986/5986/5270
f 5988/5988/5272 5975/5975/5260 5985/5985/5269
f 5980/5980/5264 5975/5975/5260 5988/5988/5272
f 5979/5979/5263 5977/5977/5261 5989/5989/4750
f 5979/5979/5263 5989/5989/4750 5986/5986/5270
f 5985/5985/5269 5984/5984/5268 5990/5990/5273
f 5991/5991/5274 5988/5988/5272 5985/5985/5269
f 5992/5992/5275 5978/5978/5262 5987/5987/5271
f 5992/5992/5275 5984/5984/5268 5978/5978/5262
f 5982/5982/5266 5983/5983/5267 5993/5993/5276
f 5990/5990/5273 5984/5984/5268 5992/5992/5275
f 5993/5993/5276 5983/5983/5267 5986/5986/5270
f 5994/5994/5277 5988/5988/5272 5991/5991/5274
f 5995/5995/5278 5981/5981/5265 5982/5982/5266
f 5996/5996/5279 5987/5987/5271 5981/5981/5265
f 5993/5993/5276 5986/5986/5270 5997/5997/4760
f 5991/5991/5274 5985/5985/5269 5990/5990/5273
f 5997/5997/4760 5986/5986/5270 5989/5989/4750
f 5996/5996/5279 5981/5981/5265 5995/5995/5278
f 5992/5992/5275 5987/5987/5271 5998/5998/5280
f 5990/5990/5273 5992/5992/5275 5998/5998/5280
f 5998/5998/5280 5987/5987/5271 5996/5996/5279
f 5995/5995/5278 5982/5982/5266 5993/5993/5276
f 5999/5999/5281 5990/5990/5273 5998/5998/5280
f 5991/5991/5274 5990/5990/5273 5999/5999/5281
f 6000/6000/5282 5993/5993/5276 5997/5997/4760
f 5995/5995/5278 5993/5993/5276 6000/6000/5282
f 5999/5999/5281 5998/5998/5280 6001/6001/5283
f 6002/6002/5284 5996/5996/5279 5995/5995/5278
f 5998/5998/5280 5996/5996/5279 6002/6002/5284
f 6001/6001/5283 5998/5998/5280 6002/6002/5284
f 6003/6003/5285 5995/5995/5278 6000/6000/5282
f 6004/6004/5286 6001/6001/5283 6002/6002/5284
f 6002/6002/5284 5995/5995/5278 6003/6003/5285
f 6002/6002/5284 6003/6003/5285 6005/6005/4776
f 6004/6004/5286 6002/6002/5284 6005/6005/4776
f 6006/6006/5287 6007/6007/2061 6008/6008/5288
f 6006/6006/5287 6009/6009/2068 6007/6007/2061
f 6010/6010/2071 6009/6009/2068 6006/6006/5287
f 6011/6011/5289 6010/6010/2071 6006/6006/5287
f 6012/6012/2072 6010/6010/2071 6011/6011/5289
f 6013/6013/5290 6011/6011/5289 6014/6014/2077
f 6015/6015/2080 5976/5976/2070 5980/5980/5264
f 6016/6016/5291 6011/6011/5289 6013/6013/5290
f 6016/6016/5291 6012/6012/2072 6011/6011/5289
f 6017/6017/5292 6012/6012/2072 6016/6016/5291
f 6018/6018/5293 6019/6019/5294 6015/6015/2080
f 6020/6020/5295 6014/6014/2077 6019/6019/5294
f 6015/6015/2080 5980/5980/5264 6021/6021/5296
f 6020/6020/5295 6019/6019/5294 6018/6018/5293
f 6013/6013/5290 6014/6014/2077 6020/6020/5295
f 6022/6022/5297 6016/6016/5291 6013/6013/5290
f 6017/6017/5292 6016/6016/5291 6022/6022/5297
f 6023/6023/2084 6017/6017/5292 6022/6022/5297
f 6021/6021/5296 5980/5980/5264 5988/5988/5272
f 6018/6018/5293 6015/6015/2080 6021/6021/5296
f 6024/6024/5298 6023/6023/2084 6022/6022/5297
f 6025/6025/5299 6023/6023/2084 6024/6024/5298
f 6021/6021/5296 5988/5988/5272 5994/5994/5277
f 6013/6013/5290 6020/6020/5295 6026/6026/5300
f 6027/6027/5301 6013/6013/5290 6026/6026/5300
f 6027/6027/5301 6022/6022/5297 6013/6013/5290
f 6024/6024/5298 6022/6022/5297 6027/6027/5301
f 6028/6028/5302 6025/6025/5299 6024/6024/5298
f 6028/6028/5302 6029/6029/5303 6025/6025/5299
f 6030/6030/5304 6021/6021/5296 5994/5994/5277
f 6018/6018/5293 6021/6021/5296 6030/6030/5304
f 6031/6031/5305 6020/6020/5295 6018/6018/5293
f 6026/6026/5300 6020/6020/5295 6031/6031/5305
f 6032/6032/5306 6029/6029/5303 6028/6028/5302
f 5994/5994/5277 5991/5991/5274 6033/6033/5307
f 6031/6031/5305 6018/6018/5293 6030/6030/5304
f 6034/6034/5308 6027/6027/5301 6026/6026/5300
f 6035/6035/5309 6024/6024/5298 6027/6027/5301
f 6035/6035/5309 6028/6028/5302 6024/6024/5298
f 6033/6033/5307 5991/5991/5274 5999/5999/5281
f 6034/6034/5308 6026/6026/5300 6031/6031/5305
f 6034/6034/5308 6035/6035/5309 6027/6027/5301
f 6033/6033/5307 6030/6030/5304 5994/5994/5277
f 6031/6031/5305 6030/6030/5304 6036/6036/5310
f 6035/6035/5309 6037/6037/5311 6028/6028/5302
f 6033/6033/5307 5999/5999/5281 6038/6038/5312
f 6039/6039/5313 6030/6030/5304 6033/6033/5307
f 6036/6036/5310 6030/6030/5304 6039/6039/5313
f 6040/6040/5314 6031/6031/5305 6036/6036/5310
f 6040/6040/5314 6034/6034/5308 6031/6031/5305
f 6037/6037/5311 6032/6032/5306 6028/6028/5302
f 6038/6038/5312 5999/5999/5281 6001/6001/5283
f 6035/6035/5309 6034/6034/5308 6041/6041/5315
f 6042/6042/5316 6038/6038/5312 6001/6001/5283
f 6033/6033/5307 6038/6038/5312 6039/6039/5313
f 6041/6041/5315 6034/6034/5308 6040/6040/5314
f 6035/6035/5309 6041/6041/5315 6043/6043/5317
f 6035/6035/5309 6043/6043/5317 6037/6037/5311
f 6037/6037/5311 6044/6044/5318 6032/6032/5306
f 6036/6036/5310 6039/6039/5313 6045/6045/5319
f 6044/6044/5318 6046/6046/2211 6032/6032/5306
f 6042/6042/5316 6001/6001/5283 6004/6004/5286
f 6047/6047/5320 6038/6038/5312 6042/6042/5316
f 6039/6039/5313 6038/6038/5312 6047/6047/5320
f 6040/6040/5314 6036/6036/5310 6045/6045/5319
f 6043/6043/5317 6041/6041/5315 6048/6048/5321
f 6043/6043/5317 6049/6049/5322 6037/6037/5311
f 6044/6044/5318 6037/6037/5311 6049/6049/5322
f 6044/6044/5318 6050/6050/2217 6046/6046/2211
f 6045/6045/5319 6039/6039/5313 6047/6047/5320
f 6040/6040/5314 6045/6045/5319 6048/6048/5321
f 6048/6048/5321 6041/6041/5315 6040/6040/5314
f 6043/6043/5317 6048/6048/5321 6051/6051/5323
f 6043/6043/5317 6051/6051/5323 6049/6049/5322
f 6052/6052/5324 6004/6004/5286 6005/6005/4776
f 6042/6042/5316 6004/6004/5286 6052/6052/5324
f 6047/6047/5320 6042/6042/5316 6052/6052/5324
f 6053/6053/5325 6047/6047/5320 6052/6052/5324
f 6045/6045/5319 6047/6047/5320 6053/6053/5325
f 6045/6045/5319 6053/6053/5325 6054/6054/5326
f 6048/6048/5321 6045/6045/5319 6054/6054/5326
f 6048/6048/5321 6054/6054/5326 6051/6051/5323
f 6044/6044/5318 6049/6049/5322 6055/6055/5327
f 6053/6053/5325 6052/6052/5324 6056/6056/5328
f 6054/6054/5326 6053/6053/5325 6057/6057/5329
f 6051/6051/5323 6054/6054/5326 6057/6057/5329
f 6049/6049/5322 6051/6051/5323 6058/6058/5330
f 6049/6049/5322 6058/6058/5330 6055/6055/5327
f 6055/6055/5327 6050/6050/2217 6044/6044/5318
f 6050/6050/2217 6055/6055/5327 6059/6059/4784
f 6052/6052/5324 6005/6005/4776 6060/6060/5331
f 6057/6057/5329 6053/6053/5325 6056/6056/5328
f 6051/6051/5323 6057/6057/5329 6058/6058/5330
f 6061/6061/5332 6052/6052/5324 6060/6060/5331
f 6056/6056/5328 6052/6052/5324 6061/6061/5332
f 6057/6057/5329 6056/6056/5328 6062/6062/5333
f 6058/6058/5330 6057/6057/5329 6062/6062/5333
f 6055/6055/5327 6063/6063/4785 6059/6059/4784
f 6061/6061/5332 6062/6062/5333 6056/6056/5328
f 6062/6062/5333 6064/6064/5334 6065/6065/5335
f 6063/6063/4785 6058/6058/5330 6062/6062/5333
f 6063/6063/4785 6055/6055/5327 6058/6058/5330
f 6063/6063/4785 6062/6062/5333 6065/6065/5335
