# Blender 4.2.0
# www.blender.org
mtllib model.mtl
o texture_mapping
v -0.491488 -0.002432 0.183057
v -0.496754 -0.069916 0.148549
v -0.488283 -0.093526 0.182788
v -0.496288 0.094667 -0.024173
v -0.495536 0.131158 0.044444
v -0.489962 0.138070 -0.004182
v -0.490250 -0.156369 0.150062
v -0.496646 0.057280 0.124559
v -0.490624 0.075223 0.141022
v -0.496650 -0.158403 0.090365
v -0.492314 -0.202341 0.092288
v -0.496222 0.019474 0.089608
v -0.489796 0.111994 0.092675
v -0.496235 0.075593 0.049680
v -0.496200 -0.079784 0.070813
v -0.495988 -0.019852 0.048528
v -0.496922 -0.199451 0.046211
v -0.496268 -0.144757 0.009430
v -0.496226 -0.093032 -0.043360
v -0.490591 -0.224421 -0.013023
v -0.496087 -0.000845 -0.026847
v -0.496429 -0.194014 -0.019441
v -0.489633 0.124338 -0.066266
v -0.496304 0.064263 -0.096892
v -0.496639 -0.181288 -0.083851
v -0.496335 -0.041429 -0.094217
v -0.490107 -0.198489 -0.102179
v -0.494154 0.095930 -0.113278
v -0.496434 0.007483 -0.141048
v -0.496741 -0.125199 -0.135386
v -0.491118 -0.024689 -0.181205
v -0.489812 0.049152 -0.157259
v -0.494782 -0.152875 -0.152777
v -0.487410 -0.117601 -0.172884
v -0.483306 0.139933 0.034510
v -0.480506 0.144218 0.062471
v -0.480029 0.145867 -0.051478
v -0.483955 0.093740 -0.121761
v -0.480112 0.120997 -0.110750
v -0.487410 -0.117601 -0.172884
v -0.483378 -0.178328 -0.144399
v -0.485163 -0.179001 -0.129470
v -0.473304 -0.057758 0.207851
v -0.479549 -0.001792 0.209717
v -0.481201 0.053233 0.180076
v -0.475598 -0.138445 0.185497
v -0.475435 0.099680 0.138467
v -0.477358 -0.217789 0.113187
v -0.481256 -0.238026 0.064636
v -0.479184 0.156107 0.004540
v -0.474074 -0.229726 -0.082065
v -0.490591 -0.224421 -0.013023
v -0.490107 -0.198489 -0.102179
v -0.480321 0.090326 -0.147863
v -0.480944 -0.137903 -0.189709
v -0.477555 0.031321 -0.191145
v -0.475970 -0.181096 -0.160351
v -0.491118 -0.024689 -0.181205
v -0.473977 -0.038423 -0.207500
v -0.479430 -0.091129 -0.210192
v -0.472791 -0.243520 0.007066
v -0.481256 -0.238026 0.064636
v -0.473977 -0.038423 -0.207500
v -0.485163 -0.179001 -0.129470
v -0.490107 -0.198489 -0.102179
v -0.494782 -0.152875 -0.152777
v -0.487410 -0.117601 -0.172884
v -0.477358 -0.217789 0.113187
v -0.481256 -0.238026 0.064636
v -0.464566 -0.219808 0.085974
v -0.472791 -0.243520 0.007066
v -0.474074 -0.229726 -0.082065
v -0.451651 -0.224210 -0.034386
v -0.475598 -0.138445 0.185497
v -0.450135 -0.188672 0.118283
v -0.450455 -0.087105 0.190141
v -0.473304 -0.057758 0.207851
v -0.445501 -0.226844 0.045403
v -0.449881 -0.134961 0.170462
v -0.450250 -0.043775 0.195004
v -0.443636 -0.216403 -0.083053
v -0.457182 -0.000070 0.191935
v -0.443833 0.051691 0.167496
v -0.459694 0.047322 0.169501
v -0.454811 0.075480 0.140275
v -0.440258 -0.069653 0.204267
v -0.450250 -0.043775 0.195004
v -0.450455 -0.087105 0.190141
v -0.450904 0.128704 -0.027666
v -0.450332 0.130191 0.030047
v -0.439289 0.143512 0.004999
v -0.431251 0.143530 0.042458
v -0.446284 0.103879 0.106193
v -0.431724 0.133739 0.088011
v -0.448257 0.103939 -0.105669
v -0.427444 0.103304 -0.130651
v -0.445839 0.056785 -0.159581
v -0.435825 -0.004668 0.205936
v -0.432043 0.142301 -0.047102
v -0.439120 -0.144193 0.179394
v -0.449881 -0.134961 0.170462
v -0.426954 0.112194 0.122070
v -0.430244 -0.030226 0.215860
v -0.430165 -0.086434 0.211614
v -0.429662 0.057617 0.181767
v -0.431566 0.090553 0.155512
v -0.432218 0.048083 -0.186516
v -0.449881 -0.134961 0.170462
v -0.450135 -0.188672 0.118283
v -0.439120 -0.144193 0.179394
v -0.445501 -0.226844 0.045403
v -0.451651 -0.224210 -0.034386
v -0.434684 -0.245632 -0.004442
v -0.443636 -0.216403 -0.083053
v -0.450367 -0.114365 -0.180885
v -0.435732 -0.160752 -0.174923
v -0.454056 -0.155688 -0.156957
v -0.452039 -0.063483 -0.195047
v -0.440396 -0.105606 -0.194526
v -0.442363 -0.184472 -0.135398
v -0.436831 -0.208316 0.117246
v -0.453203 0.006123 -0.183355
v -0.432686 -0.021160 -0.210245
v -0.445839 0.056785 -0.159581
v -0.429474 -0.185765 0.156827
v -0.430025 -0.088429 -0.210792
v -0.432775 -0.239150 0.068212
v -0.430366 -0.232918 -0.085604
v -0.431533 -0.202141 -0.140699
v -0.425505 -0.121925 -0.195024
v -0.432218 0.048083 -0.186516
v -0.431533 -0.202141 -0.140699
v -0.435732 -0.160752 -0.174923
v -0.424154 -0.179277 -0.156236
v -0.425505 -0.121925 -0.195024
v -0.436831 -0.208316 0.117246
v -0.432775 -0.239150 0.068212
v -0.421036 -0.224053 0.073941
v -0.415039 -0.190733 0.116827
v -0.429474 -0.185765 0.156827
v -0.434684 -0.245632 -0.004442
v -0.422530 -0.238658 0.020921
v -0.430366 -0.232918 -0.085604
v -0.420821 -0.201753 -0.119215
v -0.432218 0.048083 -0.186516
v -0.427444 0.103304 -0.130651
v -0.419988 0.025190 -0.185044
v -0.432686 -0.021160 -0.210245
v -0.412581 -0.034109 -0.189877
v -0.430025 -0.088429 -0.210792
v -0.419880 -0.229601 -0.053610
v -0.415814 -0.165735 -0.145586
v -0.410127 -0.225592 -0.004021
v -0.411703 0.074644 -0.136511
v -0.410076 -0.120388 -0.177452
v -0.410848 -0.216397 0.062149
v -0.406061 -0.223135 -0.049396
v -0.411054 -0.203879 -0.090371
v -0.402301 0.044854 -0.169288
v -0.404788 -0.173306 -0.137252
v -0.419158 -0.145202 0.169419
v -0.439120 -0.144193 0.179394
v -0.429474 -0.185765 0.156827
v -0.430165 -0.086434 0.211614
v -0.414551 -0.085745 0.192746
v -0.430244 -0.030226 0.215860
v -0.417521 -0.002204 0.190512
v -0.435825 -0.004668 0.205936
v -0.429662 0.057617 0.181767
v -0.418096 0.052540 0.164015
v -0.431566 0.090553 0.155512
v -0.415039 -0.190733 0.116827
v -0.426954 0.112194 0.122070
v -0.419757 0.125034 0.074006
v -0.431724 0.133739 0.088011
v -0.408354 0.116333 -0.073261
v -0.427444 0.103304 -0.130651
v -0.432043 0.142301 -0.047102
v -0.431251 0.143530 0.042458
v -0.408662 0.135381 0.014877
v -0.413203 0.088305 0.119676
v -0.410683 0.117489 0.065878
v -0.411703 0.074644 -0.136511
v -0.403330 -0.158581 0.154532
v -0.417521 -0.002204 0.190512
v -0.414551 -0.085745 0.192746
v -0.405227 -0.033603 0.193413
v -0.402033 -0.075389 0.195527
v -0.418096 0.052540 0.164015
v -0.407596 0.032410 0.172840
v -0.400524 0.068063 0.155164
v -0.413203 0.088305 0.119676
v -0.410683 0.117489 0.065878
v -0.400834 0.100819 0.113468
v -0.398944 -0.129311 0.181323
v -0.388928 0.035213 0.191381
v -0.390599 0.099448 0.141532
v -0.408662 0.135381 0.014877
v -0.390889 -0.113863 0.202920
v -0.389076 -0.048705 0.214456
v -0.383822 0.128526 0.085719
v -0.388058 0.151501 0.002298
v -0.402301 0.044854 -0.169288
v -0.419988 0.025190 -0.185044
v -0.411703 0.074644 -0.136511
v -0.397318 0.139826 -0.029380
v -0.408354 0.116333 -0.073261
v -0.408662 0.135381 0.014877
v -0.398140 0.089412 -0.133919
v -0.412581 -0.034109 -0.189877
v -0.394108 -0.004352 -0.201232
v -0.398539 -0.087006 -0.197728
v -0.410076 -0.120388 -0.177452
v -0.392367 0.127815 -0.093842
v -0.397646 -0.148184 -0.172903
v -0.388058 0.151501 0.002298
v -0.389700 0.105574 -0.135950
v -0.391188 0.064462 -0.175055
v -0.386357 0.142888 -0.060502
v -0.389052 -0.127236 -0.199683
v -0.385476 -0.084132 -0.208559
v -0.399076 -0.230907 0.035960
v -0.410848 -0.216397 0.062149
v -0.410127 -0.225592 -0.004021
v -0.404788 -0.173306 -0.137252
v -0.411054 -0.203879 -0.090371
v -0.415814 -0.165735 -0.145586
v -0.419158 -0.145202 0.169419
v -0.415039 -0.190733 0.116827
v -0.403330 -0.158581 0.154532
v -0.400086 -0.206258 0.103573
v -0.400509 -0.209179 -0.094065
v -0.398944 -0.129311 0.181323
v -0.414551 -0.085745 0.192746
v -0.410076 -0.120388 -0.177452
v -0.397646 -0.148184 -0.172903
v -0.406061 -0.223135 -0.049396
v -0.392098 -0.244153 -0.037861
v -0.384966 -0.201039 0.127254
v -0.392370 -0.215459 -0.114212
v -0.389091 -0.163478 0.174993
v -0.387126 -0.245704 0.024702
v -0.390889 -0.113863 0.202920
v -0.391122 -0.235955 0.075743
v -0.387408 -0.169008 -0.171856
v -0.389052 -0.127236 -0.199683
v -0.391188 0.064462 -0.175055
v -0.380429 0.038918 -0.183817
v -0.394108 -0.004352 -0.201232
v -0.388058 0.151501 0.002298
v -0.383822 0.128526 0.085719
v -0.378764 0.139572 0.033757
v -0.380113 0.110176 -0.111691
v -0.389700 0.105574 -0.135950
v -0.392367 0.127815 -0.093842
v -0.378055 0.073464 -0.153476
v -0.375835 0.132577 -0.045245
v -0.386357 0.142888 -0.060502
v -0.371127 -0.012723 -0.187470
v -0.371875 0.112406 -0.089330
v -0.385476 -0.084132 -0.208559
v -0.365775 0.130723 0.033303
v -0.367502 0.130802 -0.016492
v -0.366916 0.068489 -0.142267
v -0.370000 -0.092425 -0.188235
v -0.360122 0.128438 -0.053967
v -0.358735 0.109661 -0.100386
v -0.372866 -0.220272 0.062822
v -0.391122 -0.235955 0.075743
v -0.387126 -0.245704 0.024702
v -0.384966 -0.201039 0.127254
v -0.392098 -0.244153 -0.037861
v -0.379121 -0.229532 -0.049582
v -0.392370 -0.215459 -0.114212
v -0.387408 -0.169008 -0.171856
v -0.376729 -0.173017 -0.145117
v -0.380928 -0.134885 -0.184886
v -0.389052 -0.127236 -0.199683
v -0.379813 -0.207141 -0.109596
v -0.385476 -0.084132 -0.208559
v -0.374591 -0.226566 0.017051
v -0.370000 -0.092425 -0.188235
v -0.371098 -0.222778 -0.024112
v -0.370134 -0.215119 -0.063031
v -0.367273 -0.146808 -0.159274
v -0.369938 -0.195549 -0.105127
v -0.363127 -0.193856 0.108991
v -0.359875 -0.203813 -0.098456
v -0.359789 -0.228499 -0.015295
v -0.352574 -0.242230 0.032972
v -0.368893 -0.070487 0.194061
v -0.389076 -0.048705 0.214456
v -0.390889 -0.113863 0.202920
v -0.372199 -0.008329 0.190164
v -0.375966 0.032234 0.182637
v -0.388928 0.035213 0.191381
v -0.390599 0.099448 0.141532
v -0.367940 0.090069 0.126442
v -0.389091 -0.163478 0.174993
v -0.368109 -0.142130 0.164044
v -0.384966 -0.201039 0.127254
v -0.383822 0.128526 0.085719
v -0.363127 -0.193856 0.108991
v -0.365775 0.130723 0.033303
v -0.359763 0.046842 0.169624
v -0.353217 0.050844 -0.175700
v -0.371127 -0.012723 -0.187470
v -0.366916 0.068489 -0.142267
v -0.367273 -0.146808 -0.159274
v -0.370000 -0.092425 -0.188235
v -0.359094 -0.104388 -0.187237
v -0.362048 -0.052023 -0.193629
v -0.348877 -0.006102 -0.198666
v -0.371875 0.112406 -0.089330
v -0.358735 0.109661 -0.100386
v -0.356672 -0.171672 -0.152750
v -0.359875 -0.203813 -0.098456
v -0.355925 -0.058769 -0.206764
v -0.352574 -0.242230 0.032972
v -0.372866 -0.220272 0.062822
v -0.359789 -0.228499 -0.015295
v -0.355047 -0.130727 -0.189809
v -0.351112 0.129042 -0.091708
v -0.360122 0.128438 -0.053967
v -0.352956 0.097388 -0.139045
v -0.351141 -0.241907 -0.052339
v -0.349140 -0.081793 -0.211464
v -0.349685 -0.212117 -0.121694
v -0.346398 -0.164356 -0.174283
v -0.345511 0.079336 -0.160688
v -0.344837 -0.119194 -0.199204
v -0.359763 0.046842 0.169624
v -0.372199 -0.008329 0.190164
v -0.358851 -0.008220 0.194761
v -0.351605 0.146892 -0.016480
v -0.367502 0.130802 -0.016492
v -0.365775 0.130723 0.033303
v -0.360122 0.128438 -0.053967
v -0.368893 -0.070487 0.194061
v -0.368109 -0.142130 0.164044
v -0.352264 -0.105408 0.199214
v -0.353929 -0.183868 0.150794
v -0.363127 -0.193856 0.108991
v -0.347254 0.149465 0.033443
v -0.353962 -0.143981 0.184978
v -0.352574 -0.242230 0.032972
v -0.355937 -0.214773 0.098847
v -0.348563 0.103885 0.136728
v -0.367940 0.090069 0.126442
v -0.345914 0.137077 0.073709
v -0.346125 -0.061202 0.210805
v -0.349616 0.024247 0.197935
v -0.347931 -0.018034 0.211404
v -0.346920 -0.214214 0.114363
v -0.351112 0.129042 -0.091708
v -0.347689 0.060071 0.178929
v -0.341978 -0.147351 0.179241
v -0.353962 -0.143981 0.184978
v -0.353929 -0.183868 0.150794
v -0.352264 -0.105408 0.199214
v -0.351141 -0.241907 -0.052339
v -0.334554 -0.232422 -0.012386
v -0.352574 -0.242230 0.032972
v -0.336850 -0.179654 0.138599
v -0.346920 -0.214214 0.114363
v -0.334243 -0.219747 0.060208
v -0.339436 -0.224351 -0.072912
v -0.349685 -0.212117 -0.121694
v -0.335459 -0.133894 -0.172180
v -0.346398 -0.164356 -0.174283
v -0.344837 -0.119194 -0.199204
v -0.336738 -0.191419 -0.119477
v -0.349140 -0.081793 -0.211464
v -0.335662 -0.065564 -0.195308
v -0.347931 -0.018034 0.211404
v -0.346125 -0.061202 0.210805
v -0.323084 -0.022050 0.194635
v -0.332609 -0.099243 0.187579
v -0.334013 -0.147823 0.161338
v -0.329292 -0.222719 -0.041460
v -0.317866 -0.073864 0.195367
v -0.311141 -0.231098 0.010360
v -0.351112 0.129042 -0.091708
v -0.342721 0.113503 -0.118779
v -0.352956 0.097388 -0.139045
v -0.345511 0.079336 -0.160688
v -0.340033 0.035776 0.183370
v -0.347689 0.060071 0.178929
v -0.349616 0.024247 0.197935
v -0.331566 0.078043 0.141488
v -0.348563 0.103885 0.136728
v -0.322561 0.106635 0.105234
v -0.345914 0.137077 0.073709
v -0.353217 0.050844 -0.175700
v -0.333534 0.043628 -0.170594
v -0.348877 -0.006102 -0.198666
v -0.347931 -0.018034 0.211404
v -0.323084 -0.022050 0.194635
v -0.347254 0.149465 0.033443
v -0.337875 0.141790 -0.009308
v -0.351605 0.146892 -0.016480
v -0.333499 0.130935 -0.047954
v -0.335662 -0.065564 -0.195308
v -0.349140 -0.081793 -0.211464
v -0.331421 0.132061 0.024475
v -0.321603 0.121551 -0.069235
v -0.324786 0.088051 -0.125010
v -0.322433 0.027036 0.176490
v -0.318198 0.012862 -0.181136
v -0.313535 0.138921 -0.002663
v -0.317010 -0.092110 -0.185856
v -0.331421 0.132061 0.024475
v -0.313535 0.138921 -0.002663
v -0.333499 0.130935 -0.047954
v -0.322561 0.106635 0.105234
v -0.314227 0.128070 0.057718
v -0.324786 0.088051 -0.125010
v -0.321603 0.121551 -0.069235
v -0.312404 0.112485 -0.102829
v -0.333534 0.043628 -0.170594
v -0.305386 0.068779 -0.164490
v -0.302495 0.088324 0.150232
v -0.331566 0.078043 0.141488
v -0.322433 0.027036 0.176490
v -0.302150 0.146022 0.048590
v -0.301758 0.143607 -0.058519
v -0.302088 0.129169 0.098154
v -0.293409 0.109404 -0.115693
v -0.323084 -0.022050 0.194635
v -0.300338 -0.040414 0.209875
v -0.296037 0.029311 0.190504
v -0.299194 0.151996 -0.005160
v -0.303662 0.390283 -0.013063
v -0.306960 0.330696 -0.016207
v -0.310233 0.342277 0.003798
v -0.295092 0.339622 -0.045883
v -0.287527 0.325267 -0.066089
v -0.281015 0.414854 -0.063245
v -0.291533 0.461539 0.001564
v -0.271560 0.466882 -0.060223
v -0.264127 0.355883 -0.116293
v -0.262486 0.325259 -0.125930
v -0.245201 0.427339 -0.145498
v -0.238652 0.467073 -0.139284
v -0.231738 0.327061 -0.195319
v -0.233871 0.366080 -0.186564
v -0.221488 0.418382 -0.202678
v -0.216631 0.354776 -0.219582
v -0.199486 0.459482 -0.214413
v -0.194357 0.404220 -0.228219
v -0.204841 0.326839 -0.228874
v -0.163639 0.347351 -0.246880
v -0.167901 0.325427 -0.245777
v -0.114186 0.446623 -0.258199
v -0.127461 0.380458 -0.259087
v -0.113423 0.470410 -0.243350
v -0.119670 0.328907 -0.267249
v -0.050813 0.361892 -0.293425
v -0.076193 0.325487 -0.285042
v -0.037398 0.466585 -0.283997
v -0.038161 0.440677 -0.291215
v -0.014954 0.327179 -0.306614
v -0.002942 0.398047 -0.306962
v 0.005027 0.447595 -0.300106
v -0.007387 0.355051 -0.312200
v 0.017509 0.330157 -0.309275
v 0.055436 0.351623 -0.293306
v 0.032114 0.466970 -0.286000
v 0.047765 0.413685 -0.290535
v 0.073916 0.324158 -0.286104
v 0.101973 0.455403 -0.260653
v 0.120336 0.385418 -0.262423
v 0.131352 0.328570 -0.262754
v 0.160077 0.447333 -0.239321
v 0.181746 0.326696 -0.239479
v 0.184505 0.369858 -0.236579
v 0.161662 0.468406 -0.229935
v 0.197497 0.423437 -0.225315
v 0.203574 0.458660 -0.216493
v 0.220026 0.386634 -0.213848
v 0.224430 0.333055 -0.211883
v -0.303662 0.390283 -0.013063
v -0.310233 0.342277 0.003798
v -0.292842 0.426106 0.030336
v -0.284236 0.359422 0.066793
v -0.295050 0.325465 0.041260
v -0.291533 0.461539 0.001564
v -0.261921 0.465910 0.087617
v -0.262332 0.323107 0.119345
v -0.257762 0.415743 0.116425
v -0.257204 0.337273 0.135319
v -0.236026 0.367568 0.179974
v -0.237987 0.324056 0.184880
v -0.231435 0.434080 0.175072
v -0.210821 0.328275 0.221450
v -0.218264 0.467395 0.184256
v -0.222463 0.353294 0.213743
v -0.210347 0.405949 0.216053
v -0.214518 0.453959 0.203234
v -0.202032 0.355413 0.228775
v -0.191659 0.460515 0.220875
v -0.177302 0.470064 0.213524
v -0.158553 0.444105 0.237536
v -0.167813 0.323111 0.246537
v -0.154056 0.389204 0.245271
v -0.143610 0.343350 0.254503
v -0.135458 0.467484 0.239422
v -0.124799 0.322546 0.257704
v -0.097653 0.442467 0.263443
v -0.067256 0.390838 0.282029
v -0.086256 0.463889 0.265843
v -0.072819 0.344226 0.284848
v -0.068556 0.322954 0.288644
v -0.032429 0.455725 0.289540
v -0.026695 0.324820 0.303815
v -0.017226 0.350905 0.307297
v -0.005375 0.395770 0.304831
v 0.003564 0.443160 0.300836
v 0.019461 0.466384 0.288398
v 0.013844 0.323558 0.310000
v 0.006758 0.341910 0.311945
v 0.064881 0.427152 0.279918
v 0.042733 0.363804 0.295992
v 0.052399 0.323582 0.296697
v 0.081595 0.466336 0.266046
v 0.103511 0.322363 0.274307
v 0.123736 0.445788 0.252999
v 0.112814 0.356474 0.266827
v 0.164600 0.419538 0.238555
v 0.174383 0.465099 0.226101
v 0.143573 0.323661 0.252188
v 0.181669 0.326919 0.240620
v 0.195007 0.367252 0.231140
v 0.217004 0.333332 0.219018
v 0.219515 0.444397 0.198536
v 0.216617 0.399179 0.214256
v -0.306960 0.330696 -0.016207
v -0.289052 0.322605 -0.026987
v -0.295050 0.325465 0.041260
v -0.310233 0.342277 0.003798
v -0.287527 0.325267 -0.066089
v -0.241448 0.322919 -0.037185
v -0.262332 0.323107 0.119345
v -0.249120 0.322749 0.039624
v -0.252771 0.322571 -0.107909
v -0.262486 0.325259 -0.125930
v -0.230541 0.322899 0.095624
v -0.194253 0.322774 0.146039
v -0.237987 0.324056 0.184880
v -0.215300 0.322519 -0.186017
v -0.231738 0.327061 -0.195319
v -0.217060 0.322281 0.191892
v -0.210821 0.328275 0.221450
v -0.204841 0.326839 -0.228874
v -0.204018 0.323127 0.025982
v -0.195502 0.322988 -0.126877
v -0.207388 0.322050 -0.025833
v -0.192529 0.317496 -0.084999
v -0.172884 0.322431 -0.226334
v -0.183245 0.305830 -0.068629
v -0.167901 0.325427 -0.245777
v -0.195617 0.305484 0.000809
v -0.193355 0.306472 0.044756
v -0.188859 0.321966 0.082780
v -0.155684 0.322411 0.200411
v -0.160703 0.323125 -0.177011
v -0.167813 0.323111 0.246537
v -0.171541 0.306882 0.096983
v -0.167220 0.324269 0.126918
v -0.181650 0.284648 0.028264
v -0.181405 0.285096 -0.027514
v -0.155121 0.310568 -0.133612
v -0.161963 0.321998 -0.136435
v -0.172398 0.285765 0.070165
v -0.149402 0.288753 -0.111221
v -0.125294 0.289545 0.131736
v -0.120266 0.314250 0.159441
v -0.078306 0.322931 -0.201682
v -0.120444 0.322206 -0.246614
v -0.124799 0.322546 0.257704
v -0.098762 0.322192 0.221406
v -0.119670 0.328907 -0.267249
v -0.120192 0.322307 -0.170137
v -0.076193 0.325487 -0.285042
v -0.071742 0.314407 -0.192363
v -0.070469 0.322778 0.194594
v -0.055753 0.297580 0.179510
v -0.036949 0.321736 0.261214
v -0.044280 0.322301 -0.264004
v -0.068556 0.322954 0.288644
v -0.035773 0.323673 0.212132
v -0.058773 0.322098 -0.197557
v -0.000582 0.300983 0.191917
v -0.052126 0.322022 -0.200725
v -0.026695 0.324820 0.303815
v -0.021198 0.319472 -0.200582
v -0.014954 0.327179 -0.306614
v -0.004954 0.323171 -0.234860
v 0.003620 0.323297 0.221937
v 0.032803 0.323909 0.209681
v 0.022349 0.321741 0.284760
v 0.013844 0.323558 0.310000
v 0.028901 0.322090 -0.287306
v 0.041398 0.325256 -0.200847
v 0.017509 0.330157 -0.309275
v 0.052399 0.323582 0.296697
v 0.069020 0.322532 -0.236733
v 0.073916 0.324158 -0.286104
v 0.086132 0.321875 0.253475
v 0.089065 0.325689 -0.188588
v 0.103511 0.322363 0.274307
v 0.128747 0.322125 0.213562
v 0.135197 0.324218 0.158874
v 0.116259 0.321977 -0.244001
v 0.182969 0.322378 -0.182378
v 0.128280 0.321202 -0.158637
v 0.131352 0.328570 -0.262754
v 0.143573 0.323661 0.252188
v 0.181746 0.326696 -0.239479
v 0.175137 0.323015 0.156820
v 0.169519 0.317062 -0.110979
v 0.197158 0.321963 0.212745
v 0.186100 0.323687 0.093482
v 0.181669 0.326919 0.240620
v 0.224424 0.322333 -0.100195
v 0.201913 0.320668 -0.055440
v 0.214065 0.322154 0.120690
v 0.224430 0.333055 -0.211883
v 0.222747 0.322221 0.005112
v 0.202109 0.316738 -0.001690
v 0.217004 0.333332 0.219018
v 0.203775 0.321215 0.045788
v 0.234048 0.323969 0.180932
v 0.257077 0.322044 0.052204
v 0.243694 0.324428 -0.157657
v 0.256535 0.324255 0.129946
v 0.273804 0.321899 -0.046907
v 0.293875 0.325799 0.047449
v 0.278496 0.327224 -0.089569
v 0.299896 0.326340 -0.038421
v 0.307806 0.325288 -0.008548
v -0.290440 -0.086088 0.195839
v -0.300338 -0.040414 0.209875
v -0.302489 -0.116145 0.201874
v -0.293678 -0.144226 0.176269
v -0.303003 -0.159595 0.174498
v -0.300348 -0.193574 0.144240
v -0.302088 0.129169 0.098154
v -0.302495 0.088324 0.150232
v -0.287903 0.112587 0.098356
v -0.292038 0.138398 0.034919
v -0.299194 0.151996 -0.005160
v -0.302150 0.146022 0.048590
v -0.301758 0.143607 -0.058519
v -0.287306 0.131973 -0.036062
v -0.296037 0.029311 0.190504
v -0.285118 0.082021 0.139467
v -0.292143 -0.181764 0.137207
v -0.300751 -0.227586 0.090836
v -0.292170 -0.213973 0.085402
v -0.293143 -0.235016 0.005957
v -0.295305 -0.238640 0.040801
v -0.304403 -0.243329 -0.009390
v -0.296222 -0.241120 -0.039544
v -0.285360 -0.218877 -0.019032
v -0.284755 -0.098311 0.179451
v -0.281152 0.050147 0.161341
v -0.275178 0.111376 0.087142
v -0.284358 -0.210312 0.055259
v -0.284113 0.013953 0.177877
v -0.278534 -0.035839 0.187828
v -0.281742 -0.146035 0.152434
v -0.284456 -0.184121 0.116474
v -0.274852 0.128879 0.028127
v -0.271778 0.076817 0.137912
v -0.305386 0.068779 -0.164490
v -0.293409 0.109404 -0.115693
v -0.279976 0.085547 -0.133411
v -0.302594 -0.106124 -0.202538
v -0.291483 -0.157897 -0.159763
v -0.303135 -0.175037 -0.165003
v -0.286920 0.036018 -0.172347
v -0.301011 0.017138 -0.201940
v -0.296222 -0.241120 -0.039544
v -0.292649 -0.218771 -0.078320
v -0.285360 -0.218877 -0.019032
v -0.303862 -0.233262 -0.072739
v -0.299436 -0.207240 -0.125686
v -0.291588 -0.116072 -0.185845
v -0.287827 -0.019657 -0.191166
v -0.291361 -0.066238 -0.198240
v -0.304589 -0.037025 -0.209043
v -0.289789 -0.192461 -0.114574
v -0.301758 0.143607 -0.058519
v -0.287306 0.131973 -0.036062
v -0.283274 -0.118325 -0.170043
v -0.275594 -0.006305 -0.181688
v -0.281153 -0.168823 -0.130242
v -0.280630 -0.203578 -0.071602
v -0.278323 -0.067914 -0.181815
v -0.274411 0.116105 -0.077844
v -0.281153 -0.168823 -0.130242
v -0.283274 -0.118325 -0.170043
v -0.264798 -0.154364 -0.155031
v -0.286920 0.036018 -0.172347
v -0.279976 0.085547 -0.133411
v -0.268249 0.037134 -0.170735
v -0.275594 -0.006305 -0.181688
v -0.268694 -0.114414 -0.173636
v -0.278323 -0.067914 -0.181815
v -0.274411 0.116105 -0.077844
v -0.262467 0.114422 -0.103441
v -0.256156 0.081810 -0.154816
v -0.264290 -0.033781 -0.194235
v -0.264454 -0.076763 -0.189562
v -0.259163 0.134944 -0.070406
v -0.249830 -0.064178 -0.202021
v -0.252659 0.113974 -0.121385
v -0.253606 -0.133470 -0.183544
v -0.253851 0.051169 -0.182904
v -0.252872 0.002047 -0.201633
v -0.250721 -0.189107 -0.134865
v -0.261921 0.465910 0.087617
v -0.244851 0.472283 0.005241
v -0.291533 0.461539 0.001564
v -0.271560 0.466882 -0.060223
v -0.215688 0.472152 0.110305
v -0.212749 0.472585 -0.077468
v -0.238652 0.467073 -0.139284
v -0.218264 0.467395 0.184256
v -0.202204 0.483123 0.021908
v -0.199486 0.459482 -0.214413
v -0.127416 0.472271 -0.192290
v -0.201972 0.483919 -0.031474
v -0.177302 0.470064 0.213524
v -0.214518 0.453959 0.203234
v -0.191659 0.460515 0.220875
v -0.185397 0.495004 -0.040275
v -0.189417 0.490656 -0.075046
v -0.180501 0.495093 0.050040
v -0.191378 0.488213 0.065053
v -0.184369 0.474838 0.083613
v -0.182014 0.478525 -0.091073
v -0.166437 0.491691 0.108109
v -0.113423 0.470410 -0.243350
v -0.132917 0.493432 -0.137863
v -0.135756 0.496523 0.007833
v -0.163752 0.487390 -0.122747
v -0.138998 0.485182 0.142399
v -0.104136 0.496522 -0.079220
v -0.135458 0.467484 0.239422
v -0.134416 0.474981 -0.154062
v -0.121122 0.476290 0.176237
v -0.119573 0.496442 0.075718
v -0.072669 0.496318 0.121854
v -0.051069 0.471685 0.250469
v -0.081360 0.494659 0.173160
v -0.058750 0.483609 -0.197566
v -0.086256 0.463889 0.265843
v -0.040107 0.495935 -0.166040
v -0.058961 0.496693 0.038275
v -0.049704 0.496751 -0.024083
v -0.055045 0.480647 0.196960
v -0.023782 0.472465 -0.252648
v -0.032429 0.455725 0.289540
v -0.024817 0.496767 -0.091831
v -0.031082 0.494334 0.190451
v 0.004992 0.474302 0.207426
v 0.017424 0.496587 0.154702
v 0.013620 0.496844 -0.045884
v -0.037398 0.466585 -0.283997
v -0.017013 0.480098 0.202488
v 0.012657 0.496787 0.049843
v 0.030146 0.481653 -0.203422
v 0.019461 0.466384 0.288398
v 0.013333 0.490128 0.202792
v 0.058453 0.472066 0.235736
v 0.065251 0.496639 -0.127707
v 0.032114 0.466970 -0.286000
v 0.032324 0.495429 -0.188712
v 0.092244 0.472931 -0.198275
v 0.057237 0.491386 0.187301
v 0.076915 0.496714 0.114688
v 0.092752 0.496803 -0.041891
v 0.081595 0.466336 0.266046
v 0.101973 0.455403 -0.260653
v 0.110728 0.496871 0.060624
v 0.112930 0.491106 -0.163826
v 0.110602 0.473807 0.177004
v 0.117275 0.495683 0.148330
v 0.108127 0.487985 0.171755
v 0.135895 0.472366 0.205582
v 0.165692 0.496292 -0.004406
v 0.147163 0.477498 0.140915
v 0.154321 0.474306 -0.132882
v 0.161662 0.468406 -0.229935
v 0.174383 0.465099 0.226101
v 0.157229 0.490532 0.124558
v 0.180246 0.488067 -0.082833
v 0.180698 0.493968 0.066603
v 0.186824 0.472688 0.143251
v 0.201364 0.473301 -0.120603
v 0.197310 0.470731 -0.198200
v 0.193882 0.474389 0.079836
v 0.208533 0.470164 0.183526
v 0.203574 0.458660 -0.216493
v 0.218923 0.478231 -0.004002
v 0.232973 0.465597 -0.160384
v 0.248607 0.472102 0.069253
v 0.248365 0.466450 0.121719
v 0.271415 0.467961 -0.060638
v 0.266975 0.472620 0.006648
v 0.274614 0.462187 0.066368
v 0.287461 0.466856 0.024606
v -0.256156 0.081810 -0.154816
v -0.252659 0.113974 -0.121385
v -0.242969 0.086628 -0.133165
v -0.253851 0.051169 -0.182904
v -0.243055 0.035844 -0.171410
v -0.252872 0.002047 -0.201633
v -0.249830 -0.064178 -0.202021
v -0.244315 -0.016241 -0.191606
v -0.251030 0.146991 -0.023249
v -0.244311 0.123231 -0.076008
v -0.259163 0.134944 -0.070406
v -0.243171 0.026828 0.177368
v -0.258233 0.062122 0.170306
v -0.252299 -0.003060 0.203262
v -0.245096 0.070711 0.152306
v -0.258065 0.103007 0.130039
v -0.251640 0.132278 0.086916
v -0.244143 0.112342 0.096648
v -0.244744 0.135371 0.034668
v -0.260309 0.135100 0.066399
v -0.258519 0.146634 0.012817
v -0.234407 0.121887 -0.043999
v -0.235626 -0.033468 -0.180558
v -0.233908 0.127704 0.000863
v -0.229779 0.081145 -0.128822
v -0.232036 -0.083188 -0.178045
v -0.229906 0.067321 0.141280
v -0.234538 0.004428 -0.173666
v -0.233351 0.120663 0.044189
v -0.234449 0.098203 0.097226
v -0.232581 0.107696 -0.082690
v -0.233504 0.042028 -0.157271
v -0.234509 0.012666 0.171395
v -0.256177 -0.069792 0.206682
v -0.251674 -0.117120 0.193202
v -0.243764 -0.074064 0.191280
v -0.243171 0.026828 0.177368
v -0.252299 -0.003060 0.203262
v -0.242476 -0.020395 0.189517
v -0.249830 -0.064178 -0.202021
v -0.242945 -0.117222 -0.173931
v -0.253606 -0.133470 -0.183544
v -0.241901 -0.210213 0.057722
v -0.253674 -0.223844 0.073324
v -0.253574 -0.238643 0.004283
v -0.241256 -0.217068 -0.006929
v -0.242638 -0.164419 -0.141038
v -0.250721 -0.189107 -0.134865
v -0.242529 -0.115723 0.174400
v -0.251606 -0.154468 0.167843
v -0.254322 -0.192496 0.131149
v -0.244817 -0.185350 0.121237
v -0.255610 -0.213548 -0.098417
v -0.242150 -0.203020 -0.075269
v -0.253459 -0.232144 -0.047607
v -0.237774 -0.160269 0.131362
v -0.232036 -0.083188 -0.178045
v -0.232525 -0.098117 0.173937
v -0.235994 -0.134330 -0.151552
v -0.234509 0.012666 0.171395
v -0.233244 -0.190738 0.081074
v -0.234551 -0.030645 0.180193
v -0.230149 -0.205845 0.039258
v -0.229121 -0.062345 0.184313
v -0.230558 -0.135243 0.152917
v -0.228957 -0.179949 -0.105492
v -0.233078 -0.206304 -0.020685
v -0.234386 -0.195796 -0.068501
v -0.219324 0.003530 -0.188247
v -0.235626 -0.033468 -0.180558
v -0.234538 0.004428 -0.173666
v -0.222757 -0.149075 -0.149255
v -0.228957 -0.179949 -0.105492
v -0.235994 -0.134330 -0.151552
v -0.212836 -0.117114 -0.178413
v -0.232036 -0.083188 -0.178045
v -0.223175 -0.046848 -0.190899
v -0.222071 -0.180100 0.114799
v -0.230558 -0.135243 0.152917
v -0.237774 -0.160269 0.131362
v -0.233244 -0.190738 0.081074
v -0.230149 -0.205845 0.039258
v -0.233078 -0.206304 -0.020685
v -0.217905 -0.218297 -0.004038
v -0.234386 -0.195796 -0.068501
v -0.212470 -0.212800 -0.058406
v -0.209755 -0.204583 0.085194
v -0.210640 -0.130869 0.172877
v -0.232525 -0.098117 0.173937
v -0.205685 -0.216585 0.054742
v -0.211646 -0.077917 0.194802
v -0.208902 -0.075740 -0.197957
v -0.207754 -0.023917 -0.202800
v -0.208329 -0.158581 -0.149734
v -0.208218 -0.176684 0.134744
v -0.201664 -0.228159 0.027268
v -0.208622 -0.190234 -0.111602
v -0.194407 -0.226077 -0.017809
v -0.234551 -0.030645 0.180193
v -0.226038 -0.013536 0.185883
v -0.234509 0.012666 0.171395
v -0.234407 0.121887 -0.043999
v -0.233908 0.127704 0.000863
v -0.221042 0.133246 -0.018073
v -0.215078 0.103571 -0.117349
v -0.229779 0.081145 -0.128822
v -0.232581 0.107696 -0.082690
v -0.234538 0.004428 -0.173666
v -0.233504 0.042028 -0.157271
v -0.219324 0.003530 -0.188247
v -0.223185 0.038624 0.169662
v -0.224391 0.103594 0.104711
v -0.234449 0.098203 0.097226
v -0.229906 0.067321 0.141280
v -0.222391 0.124712 0.058044
v -0.233351 0.120663 0.044189
v -0.222958 0.047943 -0.165213
v -0.229121 -0.062345 0.184313
v -0.220109 0.134280 0.021018
v -0.219572 0.125732 -0.061516
v -0.232525 -0.098117 0.173937
v -0.211646 -0.077917 0.194802
v -0.209715 0.124013 0.080989
v -0.209091 -0.020321 0.200736
v -0.208934 0.054256 0.172729
v -0.209179 0.096875 0.135208
v -0.208802 0.023354 -0.189235
v -0.206626 0.139883 0.035996
v -0.209612 0.068100 -0.162944
v -0.207816 0.125134 -0.075126
v -0.204283 0.141325 -0.017645
v -0.207754 -0.023917 -0.202800
v -0.209715 0.124013 0.080989
v -0.206814 0.077378 0.094788
v -0.207173 0.104032 0.070464
v -0.209091 -0.020321 0.200736
v -0.207620 -0.065175 0.172595
v -0.207814 -0.001937 0.176400
v -0.211646 -0.077917 0.194802
v -0.208279 -0.127577 0.154297
v -0.208934 0.054256 0.172729
v -0.207342 0.048530 0.145164
v -0.201367 -0.016948 0.070104
v -0.207942 -0.043472 0.076227
v -0.207942 -0.042117 0.054670
v -0.206822 -0.089085 0.055685
v -0.208385 -0.080962 0.076366
v -0.206755 -0.124875 0.071180
v -0.208442 -0.191975 0.069845
v -0.207099 -0.168684 0.092177
v -0.209755 -0.204583 0.085194
v -0.205161 -0.072587 0.093230
v -0.207942 -0.043472 0.076227
v -0.204713 -0.069086 0.079684
v -0.208385 -0.080962 0.076366
v -0.203619 -0.186133 0.058942
v -0.205685 -0.216585 0.054742
v -0.210640 -0.130869 0.172877
v -0.208218 -0.176684 0.134744
v -0.209179 0.096875 0.135208
v -0.205113 -0.016443 0.107071
v -0.207099 -0.168684 0.092177
v -0.206838 -0.164192 0.069152
v -0.206755 -0.124875 0.071180
v -0.205846 -0.181176 0.063320
v -0.205919 -0.151349 0.054912
v -0.206475 -0.160023 0.062356
v -0.206838 -0.164192 0.069152
v -0.206296 -0.164799 0.062201
v -0.206475 -0.160023 0.062356
v -0.207070 -0.167920 0.050463
v -0.205846 -0.181176 0.063320
v -0.206523 -0.162366 0.055706
v -0.207052 -0.159251 0.055518
v -0.207070 -0.167920 0.050463
v -0.207181 -0.164400 0.053292
v -0.206523 -0.162366 0.055706
v -0.206296 -0.164799 0.062201
v -0.207181 -0.164400 0.053292
v -0.205908 -0.096701 0.118354
v -0.203087 0.019591 0.080277
v -0.201724 0.042224 0.065569
v -0.202015 -0.057711 0.084063
v -0.202920 0.124458 0.062794
v -0.200933 -0.130798 0.051172
v -0.205919 -0.151349 0.054912
v -0.205483 -0.158229 0.065129
v -0.203934 -0.170703 0.063665
v -0.207173 0.104032 0.070464
v -0.201724 0.042224 0.065569
v -0.197433 0.067675 0.059804
v -0.206626 0.139883 0.035996
v -0.202828 -0.073167 0.082622
v -0.203619 -0.186133 0.058942
v -0.203934 -0.170703 0.063665
v -0.205846 -0.181176 0.063320
v -0.202015 -0.057711 0.084063
v -0.204713 -0.069086 0.079684
v -0.205161 -0.072587 0.093230
v -0.202693 -0.072067 0.082932
v -0.202828 -0.073167 0.082622
v -0.202172 -0.071780 0.084178
v -0.202693 -0.072067 0.082932
v -0.195084 0.018029 0.071197
v -0.201333 -0.070330 0.085219
v -0.201950 -0.070912 0.082386
v -0.201950 -0.070912 0.082386
v -0.184294 0.052875 0.048468
v -0.208802 0.023354 -0.189235
v -0.207311 0.061104 -0.130757
v -0.208809 -0.019054 -0.185914
v -0.204442 0.123428 -0.055405
v -0.204477 0.103493 -0.066442
v -0.208009 0.100806 -0.079157
v -0.207816 0.125134 -0.075126
v -0.209176 -0.145851 -0.141124
v -0.208126 -0.186525 -0.070305
v -0.208622 -0.190234 -0.111602
v -0.209132 -0.031151 -0.069414
v -0.202283 -0.038086 -0.055704
v -0.210212 -0.074711 -0.070455
v -0.206279 -0.132688 -0.071856
v -0.205199 -0.083327 -0.052948
v -0.206449 -0.148024 -0.096460
v -0.212836 -0.117114 -0.178413
v -0.206862 -0.079782 -0.171851
v -0.208420 -0.122245 -0.058613
v -0.202973 -0.141993 -0.054502
v -0.208946 0.001139 -0.060642
v -0.204533 0.019556 -0.065866
v -0.203062 0.026995 -0.055326
v -0.204365 0.000539 -0.070951
v -0.203341 -0.056004 -0.088998
v -0.215078 0.103571 -0.117349
v -0.209612 0.068100 -0.162944
v -0.208902 -0.075740 -0.197957
v -0.208329 -0.158581 -0.149734
v -0.212470 -0.212800 -0.058406
v -0.205887 -0.087263 -0.114021
v -0.207754 -0.023917 -0.202800
v -0.207241 -0.187473 -0.044224
v -0.204294 -0.191327 -0.040176
v -0.205665 -0.198464 -0.047456
v -0.207433 -0.189629 -0.046401
v -0.205457 -0.188430 -0.051949
v -0.207462 -0.189083 -0.049151
v -0.207241 -0.187473 -0.044224
v -0.207433 -0.189629 -0.046401
v -0.206589 -0.181633 -0.052990
v -0.208126 -0.186525 -0.070305
v -0.205665 -0.198464 -0.047456
v -0.198843 -0.212080 -0.044460
v -0.206740 -0.181018 -0.055645
v -0.204283 0.141325 -0.017645
v -0.212470 -0.212800 -0.058406
v -0.205934 -0.173161 -0.071007
v -0.205588 -0.004248 -0.141843
v -0.204212 -0.022013 -0.093458
v -0.205029 -0.177425 -0.058494
v -0.206589 -0.181633 -0.052990
v -0.206614 -0.177603 -0.060047
v -0.205371 -0.177673 -0.057028
v -0.197442 -0.159098 -0.064607
v -0.196715 0.078714 -0.063941
v -0.203132 0.049525 -0.069167
v -0.204667 0.015711 -0.088879
v -0.197442 -0.159098 -0.064607
v -0.205029 -0.177425 -0.058494
v -0.205934 -0.173161 -0.071007
v -0.204667 0.015711 -0.088879
v -0.193925 0.009009 -0.073306
v -0.204212 -0.022013 -0.093458
v -0.204365 0.000539 -0.070951
v -0.194407 -0.226077 -0.017809
v -0.204533 0.019556 -0.065866
v -0.204546 0.012923 -0.062437
v -0.200754 -0.004886 -0.062008
v -0.204533 0.019556 -0.065866
v -0.204365 0.000539 -0.070951
v -0.204546 0.012923 -0.062437
v -0.200202 -0.100814 -0.060422
v -0.208420 -0.122245 -0.058613
v -0.205199 -0.083327 -0.052948
v -0.204546 0.012923 -0.062437
v -0.208946 0.001139 -0.060642
v -0.203062 0.026995 -0.055326
v -0.200754 -0.004886 -0.062008
v -0.202283 -0.038086 -0.055704
v -0.201664 -0.228159 0.027268
v -0.207351 -0.250375 0.012759
v -0.207161 -0.232383 0.052761
v -0.202658 -0.252609 -0.040735
v -0.194407 -0.226077 -0.017809
v -0.189327 -0.176898 -0.056843
v -0.205665 -0.198464 -0.047456
v -0.204294 -0.191327 -0.040176
v -0.184262 -0.235969 -0.050571
v -0.202973 -0.141993 -0.054502
v -0.200754 -0.004886 -0.062008
v -0.205685 -0.216585 0.054742
v -0.205029 -0.177425 -0.058494
v -0.197442 -0.159098 -0.064607
v -0.179640 -0.200537 -0.094437
v -0.198843 -0.212080 -0.044460
v -0.188406 0.028814 -0.070415
v -0.185547 0.055219 -0.064108
v -0.203132 0.049525 -0.069167
v -0.196715 0.078714 -0.063941
v -0.188423 -0.078278 -0.070371
v -0.185069 -0.123187 -0.063957
v -0.193925 0.009009 -0.073306
v -0.177007 0.042351 -0.057897
v -0.179691 -0.005022 -0.064648
v -0.175514 -0.023775 -0.091955
v -0.192095 -0.042793 -0.070032
v -0.181963 -0.089368 -0.093634
v -0.172583 -0.215467 -0.080789
v -0.175218 -0.063138 -0.067415
v -0.165649 -0.179727 -0.089814
v -0.161998 0.025507 -0.112883
v -0.168375 0.064084 -0.107606
v -0.176431 -0.146173 -0.093122
v -0.167820 0.089693 -0.078690
v -0.169755 -0.010700 -0.079158
v -0.148363 -0.116943 -0.114546
v -0.168748 -0.251720 -0.112958
v -0.150898 -0.040138 -0.133439
v -0.165362 -0.051983 -0.100568
v -0.179362 0.099614 -0.056647
v -0.152126 0.004164 -0.114758
v -0.157464 -0.070516 -0.103488
v -0.154837 -0.092006 -0.129085
v -0.137535 -0.187990 -0.136202
v -0.168391 0.103429 -0.081036
v -0.152280 0.044548 -0.098876
v -0.153588 -0.148687 -0.131741
v -0.133711 -0.166749 -0.132336
v -0.148340 -0.228941 -0.105387
v -0.137553 0.101991 -0.122914
v -0.118605 -0.227131 -0.141457
v -0.118843 -0.010430 -0.138964
v -0.120925 0.015066 -0.160532
v -0.131364 -0.058441 -0.132153
v -0.135619 0.081594 -0.137674
v -0.117268 0.061581 -0.159292
v -0.118287 -0.079498 -0.146634
v -0.111894 -0.209187 -0.168605
v -0.101908 -0.064670 -0.152618
v -0.118699 -0.093542 -0.162072
v -0.114367 0.094248 -0.138521
v -0.120641 0.044780 -0.135315
v -0.094228 -0.130857 -0.159811
v -0.114741 -0.253147 -0.167824
v -0.096260 -0.155326 -0.172191
v -0.108818 -0.111831 -0.153894
v -0.093146 -0.022930 -0.164721
v -0.103010 0.033385 -0.156827
v -0.095089 -0.193356 -0.169951
v -0.095301 -0.176884 -0.157063
v -0.061094 -0.237587 -0.177332
v -0.064732 -0.050379 -0.192351
v -0.074473 0.080958 -0.177467
v -0.070300 -0.096768 -0.186672
v -0.041580 0.035771 -0.178520
v -0.078110 -0.108247 -0.181034
v -0.052488 0.055864 -0.180427
v -0.055607 -0.081209 -0.175508
v -0.024876 -0.209556 -0.200342
v -0.050081 -0.255779 -0.197014
v -0.088773 -0.268104 -0.173606
v -0.056108 0.068961 -0.197083
v -0.052012 -0.011991 -0.175408
v -0.044179 -0.118536 -0.186294
v -0.036218 -0.066918 -0.195680
v -0.030612 0.006132 -0.197035
v -0.047242 -0.176514 -0.178866
v -0.035226 -0.191530 -0.183588
v -0.036663 -0.034739 -0.197978
v -0.025714 -0.160528 -0.197545
v -0.037079 -0.143153 -0.181582
v 0.031307 -0.140273 -0.180740
v 0.009743 -0.239648 -0.190352
v -0.006673 -0.052866 -0.193468
v 0.006453 -0.106362 -0.196166
v -0.003125 -0.075020 -0.186779
v 0.010842 -0.187931 -0.183632
v -0.009213 0.069545 -0.204731
v 0.001577 -0.031957 -0.201978
v 0.011165 0.052810 -0.187479
v 0.009672 -0.257283 -0.203573
v -0.006096 -0.268741 -0.200966
v 0.019754 -0.095836 -0.181680
v 0.025458 -0.073326 -0.198807
v 0.014971 -0.044103 -0.196979
v 0.024799 -0.119616 -0.198968
v 0.018323 0.023222 -0.199136
v 0.044910 -0.088147 -0.188050
v -0.207181 -0.164400 0.053292
v -0.206296 -0.164799 0.062201
v -0.206838 -0.164192 0.069152
v -0.195916 0.206138 0.023765
v -0.198643 0.218541 0.062157
v -0.202872 0.221041 -0.006867
v -0.182540 0.197473 -0.043137
v -0.184500 0.219434 -0.078543
v -0.195916 0.206138 0.023765
v -0.167670 0.203978 0.093188
v -0.198643 0.218541 0.062157
v -0.164083 0.202737 -0.101129
v -0.188297 0.188023 0.008359
v -0.161451 0.219552 0.133354
v -0.169747 0.188885 0.085641
v -0.167670 0.203978 0.093188
v -0.153189 0.214735 -0.139692
v -0.158365 0.189509 -0.090405
v -0.116184 0.215922 0.165631
v -0.136837 0.189009 0.138849
v -0.111610 0.197562 0.145731
v -0.068517 0.205042 0.174422
v -0.065896 0.223916 0.199131
v 0.001079 0.208750 0.189835
v 0.001416 0.228552 0.207649
v 0.084187 0.219631 0.181055
v 0.076016 0.204471 0.167587
v -0.207462 -0.189083 -0.049151
v -0.207433 -0.189629 -0.046401
v -0.206953 -0.189334 -0.047811
v -0.205457 -0.188430 -0.051949
v -0.205665 -0.198464 -0.047456
v -0.205483 -0.158229 0.065129
v -0.206296 -0.164799 0.062201
v -0.207099 -0.168684 0.092177
v -0.205846 -0.181176 0.063320
v -0.206475 -0.160023 0.062356
v -0.203619 -0.186133 0.058942
v -0.205919 -0.151349 0.054912
v -0.206523 -0.162366 0.055706
v -0.207070 -0.167920 0.050463
v -0.205457 -0.188430 -0.051949
v -0.204294 -0.191327 -0.040176
v -0.207433 -0.189629 -0.046401
v -0.206953 -0.189334 -0.047811
v -0.207433 -0.189629 -0.046401
v -0.204294 -0.191327 -0.040176
v -0.207241 -0.187473 -0.044224
v -0.206953 -0.189334 -0.047811
v -0.204294 -0.191327 -0.040176
v -0.205457 -0.188430 -0.051949
v -0.206589 -0.181633 -0.052990
v -0.208126 -0.186525 -0.070305
v -0.206740 -0.181018 -0.055645
v -0.205371 -0.177673 -0.057028
v -0.205029 -0.177425 -0.058494
v -0.205934 -0.173161 -0.071007
v -0.205029 -0.177425 -0.058494
v -0.206614 -0.177603 -0.060047
v -0.206589 -0.181633 -0.052990
v -0.208126 -0.186525 -0.070305
v -0.189327 -0.176898 -0.056843
v -0.192569 -0.151763 0.055454
v -0.205919 -0.151349 0.054912
v -0.203934 -0.170703 0.063665
v -0.187256 -0.219919 0.093045
v -0.207161 -0.232383 0.052761
v -0.196607 -0.245214 0.076230
v -0.203619 -0.186133 0.058942
v -0.205685 -0.216585 0.054742
v -0.187097 -0.209295 0.055138
v -0.189457 -0.219378 0.065130
v -0.194384 -0.175041 0.064183
v -0.178261 -0.201666 0.085447
v -0.173821 -0.234618 0.113249
v -0.182562 -0.188979 0.090333
v -0.178912 -0.166024 0.067880
v -0.165122 -0.250370 0.122556
v -0.168204 -0.149193 0.088948
v -0.160870 -0.210073 0.098358
v -0.162641 -0.177330 0.107578
v -0.149245 -0.215644 0.149713
v -0.144312 -0.207568 0.134043
v -0.154364 -0.191003 0.130693
v -0.142392 -0.165818 0.118415
v -0.131330 -0.175337 0.145125
v -0.126301 -0.238686 0.159754
v -0.131127 -0.190294 0.153777
v -0.132200 -0.150884 0.140439
v -0.108703 -0.196559 0.158237
v -0.101164 -0.209729 0.165690
v -0.111074 -0.165417 0.148551
v -0.105052 -0.212470 0.178366
v -0.090833 -0.189535 0.176195
v -0.103155 -0.179500 0.175229
v -0.079131 -0.168813 0.173594
v -0.069567 -0.203285 0.173975
v -0.052729 -0.180618 0.193576
v -0.066889 -0.156671 0.166561
v -0.048631 -0.207514 0.193394
v -0.067159 -0.241590 0.190279
v -0.019060 -0.197263 0.187074
v -0.022509 -0.164192 0.187993
v -0.019254 -0.154560 0.176400
v -0.027242 -0.219906 0.205303
v 0.016760 -0.170524 0.200390
v 0.005339 -0.203070 0.204739
v 0.012391 -0.187346 0.192064
v 0.033036 -0.149871 0.174721
v 0.032804 -0.195694 0.193358
v 0.034734 -0.157431 0.185225
v 0.067549 -0.186379 0.183084
v 0.063458 -0.195515 0.197567
v 0.082759 -0.160649 0.179301
v 0.084332 -0.145782 0.160620
v 0.101400 -0.190132 0.181320
v 0.098590 -0.175634 0.170510
v -0.189327 -0.176898 -0.056843
v -0.205457 -0.188430 -0.051949
v -0.208126 -0.186525 -0.070305
v -0.204294 -0.191327 -0.040176
v -0.192360 0.089085 0.066922
v -0.207173 0.104032 0.070464
v -0.197433 0.067675 0.059804
v -0.202920 0.124458 0.062794
v -0.185255 0.104841 0.061551
v -0.191451 0.075238 0.082961
v -0.169164 0.079740 0.116830
v -0.149743 0.099726 0.107410
v -0.126299 0.086817 0.160771
v -0.102971 0.103775 0.150839
v -0.081177 0.089845 0.187388
v -0.040118 0.109367 0.180883
v -0.023852 0.084494 0.205474
v -0.035276 0.095640 0.197901
v 0.022505 0.100730 0.194254
v 0.036907 0.112783 0.177733
v 0.026264 0.086834 0.204050
v 0.072980 0.103107 0.180931
v 0.086943 0.091974 0.189191
v 0.093314 0.116041 0.156637
v 0.122091 0.106228 0.149853
v 0.129985 0.117465 0.126005
v 0.131860 0.094362 0.161013
v 0.160877 0.105670 0.113518
v 0.159895 0.095630 0.132407
v 0.165228 0.121913 0.078387
v 0.186182 0.103930 0.080088
v 0.182045 0.090869 0.093848
v 0.185281 0.119263 0.046498
v 0.203350 0.098655 0.063334
v 0.205555 0.119914 0.057268
v -0.189569 0.136451 0.060515
v -0.206626 0.139883 0.035996
v -0.202920 0.124458 0.062794
v -0.186754 0.145080 0.018307
v -0.197169 0.138119 0.011173
v -0.192946 0.135970 -0.032830
v -0.182414 0.145656 -0.029317
v -0.174494 0.126454 0.113319
v -0.164887 0.151360 0.076846
v -0.151647 0.142005 0.116899
v -0.145808 0.129660 0.149499
v -0.118016 0.159003 0.146554
v -0.098427 0.147346 0.160561
v -0.109394 0.130565 0.177525
v -0.051927 0.166180 0.187413
v -0.034751 0.150645 0.184884
v -0.059888 0.132529 0.200951
v -0.022648 0.130991 0.206112
v 0.013250 0.140503 0.203207
v 0.072144 0.158084 0.170034
v 0.075833 0.137107 0.193663
v -0.196442 -0.310515 -0.006821
v -0.203336 -0.296686 0.044183
v -0.199812 -0.293831 -0.033542
v -0.187170 -0.309781 0.049527
v -0.178255 -0.318944 -0.072363
v -0.170423 -0.301804 0.105589
v -0.181316 -0.303110 -0.097917
v -0.185805 -0.318798 0.006112
v -0.177054 -0.318636 0.050478
v -0.186417 -0.326316 -0.044252
v -0.149896 -0.316381 -0.116333
v -0.150591 -0.305069 -0.135935
v -0.152645 -0.317702 0.107363
v -0.099002 -0.327657 -0.164934
v -0.092741 -0.306447 -0.179051
v -0.047195 -0.327081 -0.188162
v -0.059160 -0.300341 -0.193116
v -0.020925 -0.309913 -0.204035
v 0.020767 -0.332994 -0.193728
v 0.024361 -0.310592 -0.204842
v 0.056105 -0.319687 -0.197362
v 0.074002 -0.344366 -0.170226
v 0.082220 -0.331372 -0.180689
v 0.133463 -0.343265 -0.129670
v 0.142698 -0.328939 -0.146568
v -0.201524 -0.336076 -0.017533
v -0.194680 -0.355085 -0.009108
v -0.205780 -0.340003 0.035420
v -0.194257 -0.350139 0.043840
v -0.191198 -0.347226 -0.065579
v -0.187623 -0.337179 0.088120
v -0.165379 -0.350298 0.102055
v -0.178706 -0.365795 -0.035647
v -0.174987 -0.362827 0.049132
v -0.164301 -0.360136 -0.096842
v -0.136112 -0.334624 0.152030
v -0.158347 -0.367664 -0.090065
v -0.130032 -0.345970 0.144457
v -0.140648 -0.361516 0.122083
v -0.121123 -0.374009 -0.141570
v -0.138968 -0.344180 -0.144505
v -0.087359 -0.364606 -0.167845
v -0.106568 -0.354197 0.146816
v -0.074884 -0.348143 0.169566
v -0.072331 -0.357640 -0.187840
v -0.070286 -0.329265 0.191665
v -0.042620 -0.340959 0.187070
v -0.040687 -0.372771 -0.184255
v -0.010101 -0.319428 0.197282
v -0.020829 -0.351106 0.183838
v 0.021269 -0.341577 0.186849
v 0.046843 -0.323077 0.198198
v -0.186149 -0.280156 0.033283
v -0.199812 -0.293831 -0.033542
v -0.203336 -0.296686 0.044183
v -0.179235 -0.285858 0.093557
v -0.164727 -0.290585 -0.108361
v -0.181316 -0.303110 -0.097917
v -0.178514 -0.276444 -0.055516
v -0.164583 -0.272278 0.081482
v -0.150591 -0.305069 -0.135935
v -0.150975 -0.272882 -0.112367
v -0.148506 -0.272459 0.118384
v -0.150065 -0.287147 0.139428
v -0.135711 -0.291889 -0.144858
v -0.098959 -0.270846 0.160101
v -0.092741 -0.306447 -0.179051
v -0.084768 -0.283499 -0.168127
v -0.059160 -0.300341 -0.193116
v -0.204713 -0.069086 0.079684
v -0.202172 -0.071780 0.084178
v -0.201333 -0.070330 0.085219
v -0.205161 -0.072587 0.093230
v -0.201950 -0.070912 0.082386
v -0.202693 -0.072067 0.082932
v -0.205161 -0.072587 0.093230
v -0.202172 -0.071780 0.084178
v -0.201950 -0.070912 0.082386
v -0.202828 -0.073167 0.082622
v -0.196307 -0.033477 0.061534
v -0.201367 -0.016948 0.070104
v -0.207942 -0.042117 0.054670
v -0.191348 -0.045751 0.053815
v -0.181711 -0.042239 0.077806
v -0.176605 -0.031356 0.101763
v -0.175478 -0.020028 0.084249
v -0.171321 -0.057304 0.069969
v -0.143926 -0.039559 0.125212
v -0.138518 -0.050741 0.113188
v -0.139564 -0.022631 0.145787
v -0.111065 -0.024579 0.166586
v -0.093720 -0.043119 0.154997
v -0.076778 -0.030662 0.179775
v -0.067721 -0.015912 0.188550
v -0.027466 -0.038159 0.175853
v -0.037705 -0.026311 0.193559
v 0.021440 -0.027517 0.190506
v 0.015326 -0.015917 0.201856
v 0.029216 -0.035277 0.177172
v 0.057648 -0.013371 0.194085
v 0.067259 -0.026793 0.176555
v 0.065173 -0.039091 0.167096
v 0.098327 -0.013382 0.176760
v 0.103072 -0.024524 0.159879
v 0.115928 -0.030870 0.139011
v 0.142784 -0.011042 0.142758
v 0.163119 -0.017147 0.108634
v 0.141775 -0.036090 0.118820
v 0.170999 -0.026991 0.068955
v 0.178548 -0.000222 0.096323
v 0.184686 -0.017684 0.070797
v 0.188188 -0.033423 0.052199
v 0.200216 -0.030540 0.064823
v 0.196033 -0.006327 0.071118
v 0.208085 -0.047786 0.057236
v -0.206626 0.139883 0.035996
v -0.189569 0.136451 0.060515
v -0.197169 0.138119 0.011173
v -0.204442 0.123428 -0.055405
v -0.204283 0.141325 -0.017645
v -0.192946 0.135970 -0.032830
v -0.175785 0.136431 -0.075779
v -0.180056 0.121811 -0.101416
v -0.182414 0.145656 -0.029317
v -0.144796 0.133368 -0.126238
v -0.162040 0.150577 -0.089378
v -0.139542 0.120860 -0.149789
v -0.115389 0.143996 -0.137044
v -0.098094 0.135232 -0.161178
v -0.075560 0.120809 -0.188543
v -0.061602 0.138769 -0.172053
v -0.025443 0.132721 -0.186519
v -0.000311 0.139860 -0.179265
v -0.017644 0.117727 -0.203226
v 0.018129 0.128128 -0.190836
v 0.023898 0.117013 -0.203065
v 0.065544 0.119255 -0.190454
v 0.078231 0.131696 -0.165827
v 0.104328 0.116412 -0.173413
v 0.110419 0.134267 -0.141777
v 0.118413 0.125177 -0.147575
v 0.138630 0.112723 -0.149476
v 0.145231 0.131056 -0.104399
v 0.151638 0.121321 -0.118350
v 0.168352 0.110313 -0.114567
v 0.179370 0.116553 -0.081240
v 0.178380 0.129809 -0.054277
v 0.195345 0.118610 -0.055657
v 0.185242 0.103202 -0.078883
v 0.201911 0.138404 -0.050693
v 0.193708 0.099662 -0.064371
v 0.208819 0.112194 -0.064997
v -0.179071 0.112645 0.083211
v -0.202920 0.124458 0.062794
v -0.185255 0.104841 0.061551
v -0.174494 0.126454 0.113319
v -0.149743 0.099726 0.107410
v -0.136634 0.116254 0.142371
v -0.145808 0.129660 0.149499
v -0.109394 0.130565 0.177525
v -0.102971 0.103775 0.150839
v -0.074379 0.117277 0.178904
v -0.059888 0.132529 0.200951
v -0.040118 0.109367 0.180883
v -0.022648 0.130991 0.206112
v 0.023870 0.122934 0.194143
v 0.036907 0.112783 0.177733
v 0.013250 0.140503 0.203207
v 0.075833 0.137107 0.193663
v 0.076974 0.125664 0.181013
v 0.093314 0.116041 0.156637
v 0.116840 0.127624 0.157555
v 0.129985 0.117465 0.126005
v 0.139736 0.139469 0.153515
v 0.147299 0.127290 0.121811
v 0.165228 0.121913 0.078387
v 0.173349 0.142454 0.113913
v 0.175498 0.132167 0.081825
v 0.193378 0.146428 0.074205
v 0.196861 0.135258 0.057803
v 0.185281 0.119263 0.046498
v 0.205555 0.119914 0.057268
v 0.210238 0.133656 0.061335
v -0.194872 0.113257 -0.065376
v -0.204442 0.123428 -0.055405
v -0.180056 0.121811 -0.101416
v -0.204477 0.103493 -0.066442
v -0.196715 0.078714 -0.063941
v -0.179362 0.099614 -0.056647
v -0.168391 0.103429 -0.081036
v -0.162852 0.111196 -0.110931
v -0.139542 0.120860 -0.149789
v -0.137553 0.101991 -0.122914
v -0.087302 0.109517 -0.173401
v -0.075560 0.120809 -0.188543
v -0.114367 0.094248 -0.138521
v -0.082957 0.092985 -0.158624
v -0.051017 0.106032 -0.183237
v -0.018600 0.094192 -0.175325
v -0.017644 0.117727 -0.203226
v -0.003527 0.103650 -0.187163
v 0.023898 0.117013 -0.203065
v 0.039300 0.093057 -0.172294
v 0.063013 0.107712 -0.184539
v 0.065544 0.119255 -0.190454
v 0.088980 0.094534 -0.156724
v 0.098626 0.105671 -0.165313
v 0.104328 0.116412 -0.173413
v 0.133730 0.098392 -0.126517
v 0.138630 0.112723 -0.149476
v 0.168352 0.110313 -0.114567
v 0.185242 0.103202 -0.078883
v 0.153940 0.093058 -0.094905
v 0.193708 0.099662 -0.064371
v 0.174299 0.089852 -0.068347
v -0.202872 0.221041 -0.006867
v -0.198643 0.218541 0.062157
v -0.183642 0.230899 0.064260
v -0.160401 0.230909 0.114593
v -0.171771 0.242310 0.056360
v -0.173225 0.238439 -0.050467
v -0.161451 0.219552 0.133354
v -0.184500 0.219434 -0.078543
v -0.129965 0.223832 -0.145877
v -0.153189 0.214735 -0.139692
v -0.139069 0.235775 -0.113712
v -0.123484 0.245931 0.131683
v -0.110787 0.234222 0.159939
v -0.116184 0.215922 0.165631
v -0.106113 0.213640 -0.177707
v -0.095850 0.233810 -0.153838
v -0.065989 0.225315 -0.179478
v -0.065896 0.223916 0.199131
v -0.068124 0.244107 0.170921
v -0.042952 0.212865 -0.201735
v -0.048093 0.234248 0.192655
v -0.056712 0.234656 -0.171123
v 0.001416 0.228552 0.207649
v -0.030769 0.247515 0.179651
v -0.008180 0.233377 -0.179342
v -0.010741 0.225631 -0.188972
v 0.007228 0.247657 0.183022
v 0.024539 0.214955 -0.199597
v 0.061913 0.247606 0.182027
v 0.034310 0.234439 -0.181441
v -0.188208 0.028310 0.084174
v -0.201724 0.042224 0.065569
v -0.195084 0.018029 0.071197
v -0.167172 0.016793 0.096934
v -0.181248 0.007848 0.072427
v -0.162154 0.032524 0.124175
v -0.145505 -0.004671 0.113031
v -0.140246 0.021427 0.137979
v -0.128169 0.011373 0.131633
v -0.113860 0.033627 0.168377
v -0.105568 -0.004571 0.155540
v -0.087964 0.016404 0.164218
v -0.071024 0.030611 0.189906
v -0.055276 0.001021 0.177650
v -0.051622 0.017355 0.180118
v -0.009799 0.036277 0.201859
v -0.018506 0.022360 0.191887
v -0.006595 0.007447 0.183787
v 0.023048 0.019389 0.187710
v 0.042421 0.002012 0.182984
v 0.047086 0.029004 0.194302
v 0.070784 0.015939 0.168344
v 0.092253 0.024887 0.168903
v 0.094919 0.042340 0.174851
v 0.111284 0.016554 0.141970
v 0.145447 0.030217 0.131565
v 0.144581 0.018106 0.110633
v 0.143298 0.043304 0.147398
v 0.170106 0.027608 0.086717
v 0.183326 0.043607 0.092493
v 0.165254 0.013191 0.087477
v 0.181388 0.023797 0.061001
v 0.195668 0.032032 0.064633
v 0.190534 0.014256 0.061865
v -0.201724 0.042224 0.065569
v -0.188208 0.028310 0.084174
v -0.190986 0.039923 0.060380
v -0.166164 0.045754 0.089169
v -0.184294 0.052875 0.048468
v -0.162154 0.032524 0.124175
v -0.142515 0.041847 0.132157
v -0.127053 0.057464 0.131589
v -0.113860 0.033627 0.168377
v -0.101973 0.048686 0.158469
v -0.091202 0.068363 0.164994
v -0.050049 0.045762 0.184244
v -0.071024 0.030611 0.189906
v -0.059585 0.061532 0.173472
v -0.009799 0.036277 0.201859
v -0.004611 0.055564 0.184060
v 0.043803 0.043165 0.193596
v 0.037783 0.065389 0.179277
v -0.010666 0.068717 0.184104
v 0.047086 0.029004 0.194302
v 0.073323 0.062946 0.167545
v 0.094919 0.042340 0.174851
v 0.132624 0.055508 0.134085
v 0.114498 0.071921 0.141830
v 0.142240 0.069804 0.113454
v 0.143298 0.043304 0.147398
v 0.183326 0.043607 0.092493
v 0.169359 0.060382 0.085745
v 0.168825 0.079336 0.079747
v 0.187224 0.068216 0.055689
v 0.200517 0.055238 0.055728
v 0.195668 0.032032 0.064633
v -0.192569 -0.151763 0.055454
v -0.191518 -0.142178 0.072507
v -0.205919 -0.151349 0.054912
v -0.168204 -0.149193 0.088948
v -0.157975 -0.133207 0.125116
v -0.132200 -0.150884 0.140439
v -0.128710 -0.131457 0.154407
v -0.110210 -0.149301 0.155812
v -0.142392 -0.165818 0.118415
v -0.111074 -0.165417 0.148551
v -0.089177 -0.130184 0.178355
v -0.065688 -0.142722 0.174463
v -0.066889 -0.156671 0.166561
v -0.039514 -0.128466 0.196568
v -0.015121 -0.140718 0.184752
v -0.019254 -0.154560 0.176400
v -0.009372 -0.122804 0.199502
v 0.033036 -0.149871 0.174721
v 0.023085 -0.139542 0.181253
v 0.045741 -0.122526 0.192911
v 0.083101 -0.132473 0.166292
v 0.084332 -0.145782 0.160620
v 0.104008 -0.118062 0.170637
v 0.131439 -0.122721 0.144441
v 0.116557 -0.136609 0.139995
v 0.146104 -0.129422 0.111638
v 0.140345 -0.108916 0.144961
v 0.163206 -0.112180 0.118526
v 0.173886 -0.128590 0.071153
v 0.182718 -0.118093 0.083664
v 0.194935 -0.131757 0.065339
v 0.196933 -0.108376 0.064823
v 0.166565 -0.099243 0.102748
v 0.182718 -0.118093 0.083664
v 0.196488 -0.141323 0.053197
v 0.194935 -0.131757 0.065339
v 0.203533 -0.132939 0.061836
v 0.202785 -0.138513 0.056771
v 0.204089 -0.145023 0.049743
v 0.206925 -0.108053 0.069035
v 0.203435 -0.140210 0.061195
v 0.203533 -0.132939 0.061836
v -0.194930 -0.374236 0.006692
v -0.204823 -0.388845 -0.008637
v -0.200959 -0.385149 0.045066
v -0.181577 -0.378290 -0.075143
v -0.187843 -0.395274 -0.068636
v -0.189375 -0.375074 0.064587
v -0.172431 -0.376614 0.101987
v -0.174987 -0.362827 0.049132
v -0.178706 -0.365795 -0.035647
v -0.163804 -0.387191 -0.119673
v -0.158347 -0.367664 -0.090065
v -0.140648 -0.361516 0.122083
v -0.127012 -0.379756 0.154252
v -0.121123 -0.374009 -0.141570
v -0.142501 -0.393202 -0.145503
v -0.096823 -0.394194 -0.178719
v -0.106568 -0.354197 0.146816
v -0.067467 -0.365634 0.183982
v -0.074884 -0.348143 0.169566
v -0.059353 -0.385191 -0.187938
v -0.087359 -0.364606 -0.167845
v -0.040687 -0.372771 -0.184255
v -0.020829 -0.351106 0.183838
v 0.009780 -0.382083 -0.194035
v -0.012502 -0.403120 -0.204457
v 0.000476 -0.365742 0.202066
v 0.021269 -0.341577 0.186849
v -0.194898 -0.422525 -0.000633
v -0.195397 -0.438318 -0.055040
v -0.202628 -0.433006 0.020758
v -0.179917 -0.421360 -0.067192
v -0.178405 -0.418947 0.073791
v -0.184054 -0.435626 0.085291
v -0.182991 -0.401452 0.047844
v -0.187355 -0.405778 -0.020838
v -0.156288 -0.421842 0.124078
v -0.155988 -0.442429 0.128354
v -0.159525 -0.404173 0.100418
v -0.131417 -0.407856 0.128476
v -0.128445 -0.415495 0.145365
v -0.116227 -0.425285 0.167618
v -0.123865 -0.447541 0.158133
v -0.090740 -0.408681 0.165168
v -0.064936 -0.396046 0.172883
v -0.084133 -0.439255 0.183410
v -0.064658 -0.419197 0.190297
v -0.037207 -0.431639 0.191466
v -0.005920 -0.412870 0.199237
v -0.019483 -0.444292 0.193260
v 0.016126 -0.388716 0.187416
v 0.026665 -0.431013 0.196313
v 0.085279 -0.404673 0.179978
v 0.077953 -0.383768 0.164671
v -0.182014 0.478525 -0.091073
v -0.201972 0.483919 -0.031474
v -0.189417 0.490656 -0.075046
v -0.163752 0.487390 -0.122747
v -0.134416 0.474981 -0.154062
v -0.202204 0.483123 0.021908
v -0.184369 0.474838 0.083613
v -0.191378 0.488213 0.065053
v -0.166437 0.491691 0.108109
v -0.138998 0.485182 0.142399
v -0.195397 -0.438318 -0.055040
v -0.191123 -0.455546 0.009015
v -0.202628 -0.433006 0.020758
v -0.184054 -0.435626 0.085291
v -0.164561 -0.468714 -0.043503
v -0.166865 -0.462255 0.062140
v -0.163135 -0.454340 -0.096647
v -0.166842 -0.428646 -0.111056
v -0.141954 -0.461578 0.110248
v -0.155988 -0.442429 0.128354
v -0.152192 -0.439284 -0.134581
v -0.151221 -0.484409 0.017175
v -0.109536 -0.451444 -0.164084
v -0.151221 -0.484409 0.017175
v -0.143835 -0.486828 0.049897
v -0.131229 -0.475098 0.087585
v -0.121676 -0.484119 -0.095241
v -0.131229 -0.475098 0.087585
v -0.129897 -0.484698 0.087013
v -0.109102 -0.489968 -0.050431
v -0.123865 -0.447541 0.158133
v -0.098699 -0.469664 -0.136665
v -0.089720 -0.461470 0.153983
v -0.105228 -0.479453 0.120645
v -0.081841 -0.488545 0.121972
v -0.110620 -0.474325 0.108675
v -0.108168 -0.475202 0.109943
v -0.111984 -0.474039 0.110757
v -0.096480 -0.474099 0.127361
v -0.111984 -0.474039 0.110757
v -0.110620 -0.474325 0.108675
v -0.106268 -0.475066 0.113536
v -0.102387 -0.474514 0.118819
v -0.094070 -0.474713 0.123270
v -0.089394 -0.475141 0.127868
v -0.084892 -0.474358 0.132422
v -0.195084 0.018029 0.071197
v -0.201367 -0.016948 0.070104
v -0.189691 -0.010007 0.073940
v -0.175478 -0.020028 0.084249
v -0.196307 -0.033477 0.061534
v -0.176605 -0.031356 0.101763
v -0.181248 0.007848 0.072427
v -0.145505 -0.004671 0.113031
v -0.148664 -0.018689 0.123985
v -0.139564 -0.022631 0.145787
v -0.105568 -0.004571 0.155540
v -0.111065 -0.024579 0.166586
v -0.067721 -0.015912 0.188550
v -0.055276 0.001021 0.177650
v -0.019059 -0.009305 0.196561
v -0.037705 -0.026311 0.193559
v -0.006595 0.007447 0.183787
v 0.015326 -0.015917 0.201856
v 0.042421 0.002012 0.182984
v 0.057648 -0.013371 0.194085
v 0.070784 0.015939 0.168344
v 0.023048 0.019389 0.187710
v 0.082705 0.001561 0.172555
v 0.111284 0.016554 0.141970
v 0.098327 -0.013382 0.176760
v 0.124801 0.004925 0.142729
v 0.142784 -0.011042 0.142758
v 0.144581 0.018106 0.110633
v 0.165254 0.013191 0.087477
v 0.178548 -0.000222 0.096323
v 0.181388 0.023797 0.061001
v 0.190534 0.014256 0.061865
v 0.196033 -0.006327 0.071118
v -0.182622 -0.105707 0.054679
v -0.170780 -0.099975 0.078194
v -0.197793 -0.093036 0.054633
v -0.175905 -0.083445 0.099402
v -0.151441 -0.095694 0.111795
v -0.146538 -0.077735 0.138388
v -0.111317 -0.088079 0.150220
v -0.113630 -0.101432 0.138257
v -0.117736 -0.072587 0.162879
v -0.052777 -0.073055 0.191889
v -0.074462 -0.097788 0.160282
v -0.047207 -0.083723 0.181158
v -0.041768 -0.096118 0.175367
v 0.008730 -0.089030 0.178416
v 0.004422 -0.074290 0.196284
v 0.061029 -0.076339 0.182239
v 0.065645 -0.086184 0.170128
v 0.042294 -0.064794 0.195405
v 0.085273 -0.059380 0.178183
v 0.108439 -0.082396 0.145306
v 0.120891 -0.066240 0.159250
v 0.138609 -0.085673 0.118755
v 0.151737 -0.072333 0.120356
v 0.163168 -0.060686 0.120607
v 0.167330 -0.079089 0.083760
v 0.188058 -0.063222 0.080611
v 0.194040 -0.085389 0.057329
v 0.176689 -0.080679 0.059808
v 0.200339 -0.074839 0.070158
v 0.200409 -0.066450 0.078953
v 0.207868 -0.079702 0.058515
v 0.206839 -0.100364 0.054143
v -0.170423 -0.301804 0.105589
v -0.179235 -0.285858 0.093557
v -0.203336 -0.296686 0.044183
v -0.150065 -0.287147 0.139428
v -0.126301 -0.238686 0.159754
v -0.149245 -0.215644 0.149713
v -0.173821 -0.234618 0.113249
v -0.165122 -0.250370 0.122556
v -0.148506 -0.272459 0.118384
v -0.116294 -0.296793 0.161566
v -0.152645 -0.317702 0.107363
v -0.105052 -0.212470 0.178366
v -0.098959 -0.270846 0.160101
v -0.104334 -0.310216 0.147878
v -0.059618 -0.290393 0.189411
v -0.067159 -0.241590 0.190279
v -0.059299 -0.309773 0.173185
v -0.005914 -0.263423 0.186689
v -0.025951 -0.244504 0.195668
v 0.012211 -0.299881 0.183921
v -0.027242 -0.219906 0.205303
v -0.007963 -0.288755 0.200326
v 0.019786 -0.219489 0.205100
v 0.005339 -0.203070 0.204739
v 0.025236 -0.240407 0.191213
v 0.053889 -0.279628 0.196234
v 0.066881 -0.231704 0.184568
v 0.063458 -0.195515 0.197567
v 0.067989 -0.257686 0.172283
v 0.101400 -0.190132 0.181320
v 0.100059 -0.257732 0.156287
v 0.103314 -0.238954 0.170747
v 0.103989 -0.218279 0.178989
v -0.197975 0.257843 0.045840
v -0.168605 0.253396 0.096781
v -0.170284 0.271980 0.106985
v -0.171771 0.242310 0.056360
v -0.199854 0.254701 -0.021869
v -0.173225 0.238439 -0.050467
v -0.135042 0.269135 0.151735
v -0.123484 0.245931 0.131683
v -0.077910 0.253502 0.173476
v -0.085955 0.272633 0.184315
v -0.068124 0.244107 0.170921
v -0.025691 0.260426 0.197765
v -0.030769 0.247515 0.179651
v 0.007228 0.247657 0.183022
v 0.061913 0.247606 0.182027
v 0.029922 0.271394 0.206583
v 0.100680 0.265939 0.175616
v 0.127768 0.252020 0.132324
v 0.139813 0.260407 0.134689
v 0.148657 0.271668 0.145413
v 0.172105 0.262640 0.089808
v 0.175263 0.251008 0.065836
v 0.193058 0.278222 0.069960
v 0.207277 0.275664 -0.009681
v 0.188653 0.261476 0.023409
v 0.182860 0.264239 -0.051801
v -0.176543 0.058734 0.065132
v -0.191451 0.075238 0.082961
v -0.197433 0.067675 0.059804
v -0.184294 0.052875 0.048468
v -0.166164 0.045754 0.089169
v -0.154820 0.059841 0.103669
v -0.169164 0.079740 0.116830
v -0.129686 0.070336 0.144317
v -0.126299 0.086817 0.160771
v -0.127053 0.057464 0.131589
v -0.091202 0.068363 0.164994
v -0.081177 0.089845 0.187388
v -0.051388 0.075042 0.188503
v -0.059585 0.061532 0.173472
v -0.101973 0.048686 0.158469
v -0.023852 0.084494 0.205474
v -0.010666 0.068717 0.184104
v -0.004611 0.055564 0.184060
v 0.026264 0.086834 0.204050
v 0.037783 0.065389 0.179277
v 0.074106 0.080391 0.182957
v 0.086943 0.091974 0.189191
v 0.073323 0.062946 0.167545
v 0.124875 0.083203 0.152728
v 0.114498 0.071921 0.141830
v 0.131860 0.094362 0.161013
v 0.151893 0.082866 0.118388
v 0.142240 0.069804 0.113454
v 0.159895 0.095630 0.132407
v 0.168825 0.079336 0.079747
v 0.182045 0.090869 0.093848
v 0.187224 0.068216 0.055689
v 0.199271 0.075478 0.058899
v 0.203350 0.098655 0.063334
v 0.200517 0.055238 0.055728
v -0.172431 -0.376614 0.101987
v -0.200959 -0.385149 0.045066
v -0.182991 -0.401452 0.047844
v -0.159525 -0.404173 0.100418
v -0.127012 -0.379756 0.154252
v -0.131417 -0.407856 0.128476
v -0.064936 -0.396046 0.172883
v -0.067467 -0.365634 0.183982
v 0.016126 -0.388716 0.187416
v 0.000476 -0.365742 0.202066
v 0.071463 -0.368951 0.188460
v 0.077953 -0.383768 0.164671
v 0.134608 -0.363862 0.152956
v 0.103165 -0.354298 0.168998
v 0.140404 -0.381864 0.124686
v -0.173225 0.238439 -0.050467
v -0.199854 0.254701 -0.021869
v -0.176394 0.253326 -0.093986
v -0.139069 0.235775 -0.113712
v -0.129983 0.255446 -0.155922
v -0.128343 0.245395 -0.143270
v -0.092524 0.242644 -0.165542
v -0.095850 0.233810 -0.153838
v -0.071393 0.253611 -0.188539
v -0.056712 0.234656 -0.171123
v -0.008180 0.233377 -0.179342
v -0.004695 0.248444 -0.199828
v 0.034310 0.234439 -0.181441
v 0.038575 0.256316 -0.199876
v 0.072332 0.240229 -0.181452
v 0.069590 0.228602 -0.169836
v 0.086932 0.255129 -0.183652
v 0.110811 0.228843 -0.148715
v 0.084187 0.219631 0.181055
v 0.076016 0.204471 0.167587
v 0.121754 0.206609 0.139919
v 0.129151 0.246737 -0.160862
v 0.143065 0.220800 0.136208
v 0.150353 0.222880 -0.102781
v 0.148401 0.234569 -0.126368
v 0.151122 0.207124 0.104551
v 0.173581 0.248027 -0.106381
v 0.179496 0.218393 0.059356
v 0.177051 0.231133 -0.083188
v 0.180387 0.216472 -0.031742
v 0.187067 0.233683 0.094193
v 0.197700 0.236173 -0.040454
v 0.204444 0.235192 0.021768
v -0.179917 -0.421360 -0.067192
v -0.166842 -0.428646 -0.111056
v -0.195397 -0.438318 -0.055040
v -0.187355 -0.405778 -0.020838
v -0.161034 -0.412033 -0.083981
v -0.120938 -0.422893 -0.148199
v -0.152192 -0.439284 -0.134581
v -0.120735 -0.409425 -0.140478
v -0.090843 -0.438743 -0.182565
v -0.109536 -0.451444 -0.164084
v -0.082747 -0.418183 -0.164180
v -0.041252 -0.444920 -0.197179
v -0.012096 -0.420439 -0.185617
v 0.015302 -0.438926 -0.198535
v 0.012258 -0.452068 -0.203768
v 0.052462 -0.419240 -0.190755
v 0.069832 -0.451792 -0.184425
v 0.082604 -0.435001 -0.167179
v 0.133024 -0.445752 -0.137862
v 0.124914 -0.457921 -0.150323
v 0.141269 -0.432213 -0.121678
v -0.164083 0.202737 -0.101129
v -0.132313 0.189451 -0.122235
v -0.158365 0.189509 -0.090405
v -0.153189 0.214735 -0.139692
v -0.108763 0.201598 -0.159089
v -0.106113 0.213640 -0.177707
v -0.076783 0.188895 -0.161364
v -0.033729 0.195077 -0.183378
v -0.042952 0.212865 -0.201735
v 0.024539 0.214955 -0.199597
v 0.051293 0.198002 -0.190616
v 0.092091 0.210104 -0.178162
v 0.050093 0.185167 -0.173636
v 0.088978 0.183245 -0.161630
v 0.126070 0.191363 -0.147713
v 0.124022 0.176100 -0.140308
v 0.152086 0.202300 -0.140008
v 0.146691 0.177747 -0.110398
v 0.166075 0.189305 -0.101162
v 0.169813 0.175917 -0.069929
v 0.191450 0.199643 -0.072820
v 0.185767 0.177467 -0.007498
v 0.190892 0.188308 -0.051029
v 0.207251 0.191687 0.002358
v -0.151221 -0.484409 0.017175
v -0.102163 -0.489664 0.018062
v -0.143835 -0.486828 0.049897
v -0.109102 -0.489968 -0.050431
v -0.129897 -0.484698 0.087013
v -0.087941 -0.489579 0.077467
v -0.081841 -0.488545 0.121972
v -0.098699 -0.469664 -0.136665
v -0.071341 -0.490405 -0.108879
v -0.121676 -0.484119 -0.095241
v -0.109536 -0.451444 -0.164084
v -0.051034 -0.466636 -0.164517
v -0.041252 -0.444920 -0.197179
v -0.090843 -0.438743 -0.182565
v -0.044657 -0.486723 -0.147716
v -0.004942 -0.490008 0.012729
v -0.024921 -0.490412 -0.095789
v -0.008654 -0.489771 0.123008
v -0.032744 -0.473108 0.161073
v -0.007562 -0.484065 -0.154742
v 0.020911 -0.462313 -0.179474
v 0.022857 -0.488580 0.146756
v 0.012258 -0.452068 -0.203768
v 0.059452 -0.485011 -0.137868
v 0.059014 -0.490461 -0.079965
v 0.031396 -0.474699 -0.155707
v 0.086995 -0.490348 -0.017148
v 0.056899 -0.490032 0.107064
v 0.069832 -0.451792 -0.184425
v 0.080057 -0.464669 -0.159177
v 0.087073 -0.490225 0.045868
v 0.108013 -0.487060 0.104489
v 0.125259 -0.473610 -0.107072
v 0.124914 -0.457921 -0.150323
v 0.142191 -0.489409 0.031829
v 0.145889 -0.484729 -0.041610
v 0.160532 -0.468372 -0.085333
v 0.145093 -0.475305 -0.057163
v 0.125259 -0.473610 -0.107072
v 0.145093 -0.475305 -0.057163
v 0.156131 -0.472068 -0.050732
v 0.167975 -0.457896 -0.101515
v 0.149513 -0.475284 -0.046620
v 0.150158 -0.474662 -0.039744
v 0.150483 -0.476424 -0.026180
v 0.149572 -0.476739 -0.048263
v 0.152508 -0.475990 0.004161
v 0.156503 -0.473892 0.011717
v 0.152104 -0.479681 0.035978
v 0.148949 -0.476264 -0.046250
v 0.156131 -0.472068 -0.050732
v 0.158168 -0.473855 -0.013593
v 0.156005 -0.474530 -0.000292
v 0.156587 -0.479782 -0.004828
v 0.157113 -0.477021 0.005058
v 0.156503 -0.473892 0.011717
v 0.156005 -0.474530 -0.000292
v 0.181306 -0.466489 -0.014854
v 0.160532 -0.468372 -0.085333
v 0.162791 -0.469032 0.047189
v 0.188353 -0.448321 -0.043489
v 0.167975 -0.457896 -0.101515
v 0.192793 -0.458317 0.013028
v -0.120192 0.322307 -0.170137
v -0.155121 0.310568 -0.133612
v -0.161963 0.321998 -0.136435
v -0.118659 0.303520 -0.159931
v -0.149402 0.288753 -0.111221
v -0.071742 0.314407 -0.192363
v -0.079974 0.281223 -0.163738
v -0.109143 0.275365 -0.151249
v -0.056136 0.294779 -0.185099
v -0.019492 0.279680 -0.183550
v -0.052126 0.322022 -0.200725
v -0.055007 0.312988 -0.199972
v -0.078306 0.322931 -0.201682
v -0.011460 0.304269 -0.204698
v -0.052490 0.316841 -0.199214
v -0.021198 0.319472 -0.200582
v 0.033274 0.281614 -0.186464
v 0.055327 0.309302 -0.189947
v 0.041398 0.325256 -0.200847
v 0.062952 0.292922 -0.194421
v 0.088976 0.319199 -0.177240
v 0.083100 0.279846 -0.173512
v 0.089065 0.325689 -0.188588
v 0.082751 0.271063 -0.164022
v 0.109314 0.302639 -0.164927
v 0.132754 0.291624 -0.156212
v 0.131331 0.278673 -0.147985
v 0.128280 0.321202 -0.158637
v 0.125276 0.263847 -0.139743
v 0.146931 0.303787 -0.120423
v 0.169519 0.317062 -0.110979
v 0.167198 0.276979 -0.109677
v 0.182860 0.264239 -0.051801
v 0.174024 0.299407 -0.066354
v 0.185871 0.289273 -0.070028
v 0.207277 0.275664 -0.009681
v -0.108168 -0.475202 0.109943
v -0.131229 -0.475098 0.087585
v -0.111984 -0.474039 0.110757
v -0.105228 -0.479453 0.120645
v -0.106268 -0.475066 0.113536
v -0.102387 -0.474514 0.118819
v -0.097368 -0.475123 0.121931
v -0.102387 -0.474514 0.118819
v -0.106268 -0.475066 0.113536
v -0.110620 -0.474325 0.108675
v -0.094070 -0.474713 0.123270
v -0.096480 -0.474099 0.127361
v -0.089394 -0.475141 0.127868
v -0.084892 -0.474358 0.132422
v -0.096480 -0.474099 0.127361
v -0.078466 -0.476682 0.136428
v -0.089394 -0.475141 0.127868
v -0.094070 -0.474713 0.123270
v -0.084892 -0.474358 0.132422
v -0.078466 -0.476682 0.136428
v -0.083773 -0.474328 0.130522
v -0.078466 -0.476682 0.136428
v -0.082957 0.092985 -0.158624
v -0.135619 0.081594 -0.137674
v -0.114367 0.094248 -0.138521
v -0.074473 0.080958 -0.177467
v -0.018600 0.094192 -0.175325
v -0.007365 0.081761 -0.189963
v -0.056108 0.068961 -0.197083
v -0.009213 0.069545 -0.204731
v 0.039300 0.093057 -0.172294
v 0.048026 0.066781 -0.196106
v 0.064757 0.082336 -0.175284
v 0.088980 0.094534 -0.156724
v 0.110981 0.064009 -0.161637
v 0.124342 0.084181 -0.135790
v 0.133176 0.072339 -0.149916
v 0.133730 0.098392 -0.126517
v 0.153940 0.093058 -0.094905
v 0.176008 0.067000 -0.100568
v 0.174916 0.078577 -0.088944
v 0.174299 0.089852 -0.068347
v 0.192571 0.080073 -0.066239
v -0.089720 -0.461470 0.153983
v -0.084133 -0.439255 0.183410
v -0.123865 -0.447541 0.158133
v -0.105228 -0.479453 0.120645
v -0.081841 -0.488545 0.121972
v -0.078466 -0.476682 0.136428
v -0.096480 -0.474099 0.127361
v -0.084892 -0.474358 0.132422
v -0.094070 -0.474713 0.123270
v -0.083773 -0.474328 0.130522
v -0.089720 -0.461470 0.153983
v -0.084892 -0.474358 0.132422
v -0.083773 -0.474328 0.130522
v -0.078466 -0.476682 0.136428
v -0.089720 -0.461470 0.153983
v -0.083773 -0.474328 0.130522
v -0.019483 -0.444292 0.193260
v -0.032744 -0.473108 0.161073
v 0.020173 -0.469028 0.168236
v 0.022857 -0.488580 0.146756
v 0.041295 -0.450672 0.183368
v 0.026665 -0.431013 0.196313
v 0.063456 -0.472321 0.154537
v 0.080434 -0.437545 0.180263
v 0.096627 -0.451651 0.158592
v 0.108013 -0.487060 0.104489
v 0.101403 -0.466640 0.139388
v 0.139173 -0.454908 0.121831
v 0.137175 -0.474067 0.086244
v 0.130141 -0.437215 0.147399
v 0.142191 -0.489409 0.031829
v 0.168812 -0.460125 0.077802
v 0.152104 -0.479681 0.035978
v 0.163427 -0.444337 0.106708
v 0.162791 -0.469032 0.047189
v 0.156587 -0.479782 -0.004828
v 0.157113 -0.477021 0.005058
v 0.168455 -0.448171 0.077238
v 0.158168 -0.473855 -0.013593
v 0.156503 -0.473892 0.011717
v 0.188698 -0.449557 0.050438
v 0.192793 -0.458317 0.013028
v -0.052490 0.316841 -0.199214
v -0.078306 0.322931 -0.201682
v -0.055007 0.312988 -0.199972
v -0.058773 0.322098 -0.197557
v -0.052126 0.322022 -0.200725
v -0.011460 0.304269 -0.204698
v -0.052490 0.316841 -0.199214
v -0.055007 0.312988 -0.199972
v -0.071742 0.314407 -0.192363
v -0.021198 0.319472 -0.200582
v -0.040687 -0.372771 -0.184255
v -0.072331 -0.357640 -0.187840
v -0.015908 -0.358440 -0.202925
v 0.009780 -0.382083 -0.194035
v 0.046531 -0.367820 -0.200585
v 0.054874 -0.389003 -0.187546
v 0.087187 -0.378138 -0.177930
v 0.087045 -0.362942 -0.183179
v 0.097566 -0.394568 -0.165762
v 0.145192 -0.383940 -0.118815
v 0.138370 -0.368503 -0.154151
v 0.173532 -0.359317 0.104615
v 0.134608 -0.363862 0.152956
v 0.140404 -0.381864 0.124686
v 0.180953 -0.368643 -0.101262
v 0.168280 -0.387644 0.082321
v 0.185250 -0.390372 0.028350
v 0.187646 -0.376352 0.042079
v 0.197432 -0.362508 0.061093
v 0.185282 -0.383747 -0.038805
v 0.196095 -0.361270 -0.047900
v 0.206477 -0.366693 0.002766
v -0.083399 0.184742 0.183464
v -0.020193 0.180785 0.208406
v -0.021215 0.194612 0.190481
v -0.068517 0.205042 0.174422
v 0.001079 0.208750 0.189835
v 0.046306 0.183768 0.202620
v 0.034310 0.234439 -0.181441
v 0.069590 0.228602 -0.169836
v 0.024539 0.214955 -0.199597
v 0.076016 0.204471 0.167587
v 0.092276 0.186300 0.179447
v 0.092091 0.210104 -0.178162
v 0.121754 0.206609 0.139919
v 0.110811 0.228843 -0.148715
v 0.163206 0.210928 -0.105233
v 0.147958 0.183326 0.134842
v 0.150353 0.222880 -0.102781
v 0.152086 0.202300 -0.140008
v 0.151122 0.207124 0.104551
v 0.179496 0.218393 0.059356
v 0.182047 0.200841 0.076404
v 0.180387 0.216472 -0.031742
v 0.191450 0.199643 -0.072820
v 0.194075 0.204370 0.018675
v 0.197880 0.190129 0.064424
v 0.207251 0.191687 0.002358
v 0.001510 -0.295042 -0.193228
v -0.059160 -0.300341 -0.193116
v -0.084768 -0.283499 -0.168127
v -0.020925 -0.309913 -0.204035
v 0.024361 -0.310592 -0.204842
v 0.021933 -0.278233 -0.191800
v -0.029566 -0.278374 -0.186770
v 0.048487 -0.296972 -0.184614
v 0.056105 -0.319687 -0.197362
v 0.078627 -0.284994 -0.174662
v 0.078563 -0.300744 -0.167971
v 0.100969 -0.316430 -0.174419
v 0.082220 -0.331372 -0.180689
v 0.122840 -0.310429 -0.151735
v 0.151809 -0.296012 -0.114584
v 0.142698 -0.328939 -0.146568
v 0.154856 -0.318725 -0.129749
v 0.164727 -0.293162 0.090593
v 0.181415 -0.307547 0.067392
v 0.176655 -0.298468 0.040059
v 0.172131 -0.301936 -0.065616
v 0.174199 -0.311467 -0.084430
v 0.180478 -0.328933 -0.092295
v 0.187609 -0.292820 -0.032357
v 0.192711 -0.308790 -0.019029
v 0.202390 -0.321253 -0.044830
v 0.200713 -0.320195 0.053025
v 0.182661 -0.318167 0.095421
v 0.207500 -0.321174 0.010159
v -0.000582 0.300983 0.191917
v 0.032803 0.323909 0.209681
v -0.035773 0.323673 0.212132
v 0.043380 0.310378 0.193221
v 0.068215 0.292479 0.175794
v 0.086726 0.316865 0.183051
v 0.135197 0.324218 0.158874
v 0.125088 0.301731 0.143515
v 0.154567 0.309704 0.121304
v 0.172806 0.304016 0.085215
v 0.186100 0.323687 0.093482
v 0.169519 0.317062 -0.110979
v 0.193208 0.307403 -0.039228
v 0.174024 0.299407 -0.066354
v 0.183923 0.298660 -0.010500
v 0.191036 0.308642 0.037959
v 0.180176 0.292301 0.049535
v 0.201913 0.320668 -0.055440
v 0.203775 0.321215 0.045788
v 0.202109 0.316738 -0.001690
v -0.005914 -0.263423 0.186689
v -0.007963 -0.288755 0.200326
v 0.053889 -0.279628 0.196234
v 0.052511 -0.268549 0.187725
v 0.054006 -0.177498 0.190258
v 0.016760 -0.170524 0.200390
v 0.012391 -0.187346 0.192064
v 0.082759 -0.160649 0.179301
v 0.067549 -0.186379 0.183084
v 0.067989 -0.257686 0.172283
v 0.098590 -0.175634 0.170510
v 0.101542 -0.268612 0.168594
v 0.100059 -0.257732 0.156287
v 0.105183 -0.283169 0.173572
v 0.083101 -0.132473 0.166292
v 0.084332 -0.145782 0.160620
v 0.116557 -0.136609 0.139995
v 0.125888 -0.149292 0.144046
v 0.122643 -0.247502 0.142034
v 0.103314 -0.238954 0.170747
v 0.103989 -0.218279 0.178989
v 0.134191 -0.230793 0.152333
v 0.131701 -0.162998 0.152261
v 0.101400 -0.190132 0.181320
v 0.138231 -0.178127 0.151993
v 0.142889 -0.203773 0.144154
v 0.135703 -0.258009 0.126572
v 0.143178 -0.170353 0.135793
v 0.153168 -0.278137 0.135100
v 0.157503 -0.220038 0.123484
v 0.157216 -0.141182 0.105332
v 0.146104 -0.129422 0.111638
v 0.155859 -0.243319 0.107549
v 0.160720 -0.266007 0.114166
v 0.166438 -0.251670 0.081765
v 0.162538 -0.154215 0.121696
v 0.166332 -0.176887 0.121175
v 0.163793 -0.205110 0.106690
v 0.179678 -0.198019 0.100624
v 0.180758 -0.262024 0.069032
v 0.177991 -0.231855 0.099201
v 0.186551 -0.211830 0.073220
v 0.173886 -0.128590 0.071153
v 0.177581 -0.162473 0.096404
v 0.188197 -0.178120 0.089861
v 0.186790 -0.275259 0.086292
v 0.179163 -0.145517 0.088184
v 0.192880 -0.232943 0.059028
v 0.183080 -0.244830 0.041782
v 0.196488 -0.141323 0.053197
v 0.187000 -0.249830 0.010066
v 0.194728 -0.258732 -0.015247
v 0.175558 -0.241904 -0.064859
v 0.191180 -0.151228 0.070853
v 0.192879 -0.156428 0.071453
v 0.203892 -0.195322 0.062081
v 0.198886 -0.149260 0.050807
v 0.191962 -0.155514 0.064668
v 0.205043 -0.274633 0.027256
v 0.183704 -0.255594 -0.053365
v 0.202275 -0.270194 -0.052317
v 0.201125 -0.219102 0.046225
v 0.203217 -0.155119 0.071958
v 0.207384 -0.275938 -0.021196
v 0.051625 -0.406584 -0.202299
v -0.012502 -0.403120 -0.204457
v 0.009780 -0.382083 -0.194035
v 0.054874 -0.389003 -0.187546
v 0.094929 -0.413296 -0.184024
v 0.097566 -0.394568 -0.165762
v 0.126897 -0.397264 0.149854
v 0.077953 -0.383768 0.164671
v 0.085279 -0.404673 0.179978
v 0.140404 -0.381864 0.124686
v 0.143492 -0.412863 -0.148411
v 0.140119 -0.397433 -0.130918
v 0.145192 -0.383940 -0.118815
v 0.172768 -0.400868 -0.095833
v 0.178518 -0.411828 -0.105152
v 0.185282 -0.383747 -0.038805
v 0.175931 -0.403600 0.103385
v 0.168280 -0.387644 0.082321
v 0.195902 -0.396775 -0.010219
v 0.185250 -0.390372 0.028350
v 0.195278 -0.407007 0.061798
v 0.199699 -0.409192 -0.050314
v 0.205857 -0.406698 0.013882
v 0.070212 -0.347935 0.172443
v 0.021269 -0.341577 0.186849
v 0.000476 -0.365742 0.202066
v 0.033324 -0.353020 -0.196803
v 0.020767 -0.332994 -0.193728
v 0.074002 -0.344366 -0.170226
v 0.071463 -0.368951 0.188460
v 0.087045 -0.362942 -0.183179
v 0.046531 -0.367820 -0.200585
v 0.103165 -0.354298 0.168998
v 0.118945 -0.355651 -0.153875
v 0.133463 -0.343265 -0.129670
v 0.131362 -0.344770 0.134239
v 0.138370 -0.368503 -0.154151
v 0.134608 -0.363862 0.152956
v 0.162184 -0.357623 -0.111646
v 0.173532 -0.359317 0.104615
v 0.180953 -0.368643 -0.101262
v 0.172324 -0.345285 -0.068638
v 0.162963 -0.342133 0.080323
v 0.182474 -0.346666 0.043096
v 0.190107 -0.348393 -0.001602
v 0.196095 -0.361270 -0.047900
v 0.197432 -0.362508 0.061093
v 0.206477 -0.366693 0.002766
v 0.205424 -0.055915 0.074643
v 0.200339 -0.074839 0.070158
v 0.203346 -0.063802 0.060758
v 0.038575 0.256316 -0.199876
v 0.033274 0.281614 -0.186464
v 0.082751 0.271063 -0.164022
v 0.086932 0.255129 -0.183652
v 0.061913 0.247606 0.182027
v 0.001416 0.228552 0.207649
v 0.084187 0.219631 0.181055
v 0.125276 0.263847 -0.139743
v 0.143998 0.238623 0.140040
v 0.127768 0.252020 0.132324
v 0.129151 0.246737 -0.160862
v 0.143065 0.220800 0.136208
v 0.173581 0.248027 -0.106381
v 0.182860 0.264239 -0.051801
v 0.175263 0.251008 0.065836
v 0.187067 0.233683 0.094193
v 0.188653 0.261476 0.023409
v 0.172105 0.262640 0.089808
v 0.196043 0.247567 0.005781
v 0.204444 0.235192 0.021768
v 0.197700 0.236173 -0.040454
v 0.080434 -0.437545 0.180263
v 0.059247 -0.423323 0.182991
v 0.026665 -0.431013 0.196313
v 0.088851 -0.426208 0.162208
v 0.130141 -0.437215 0.147399
v 0.128338 -0.423156 0.134189
v 0.152349 -0.430031 0.106305
v 0.141269 -0.432213 -0.121678
v 0.168549 -0.444030 -0.083990
v 0.133024 -0.445752 -0.137862
v 0.163427 -0.444337 0.106708
v 0.167975 -0.457896 -0.101515
v 0.124914 -0.457921 -0.150323
v 0.165904 -0.434920 -0.074003
v 0.177464 -0.437076 0.068404
v 0.172129 -0.429288 0.058081
v 0.175530 -0.433871 -0.033654
v 0.188353 -0.448321 -0.043489
v 0.187767 -0.439718 0.019757
v 0.179805 -0.430661 0.013887
v 0.188698 -0.449557 0.050438
v 0.192793 -0.458317 0.013028
v 0.078420 -0.334962 0.174276
v 0.021269 -0.341577 0.186849
v 0.070212 -0.347935 0.172443
v 0.046843 -0.323077 0.198198
v 0.109931 -0.321353 0.170527
v 0.131362 -0.344770 0.134239
v 0.150174 -0.327472 0.128084
v 0.162963 -0.342133 0.080323
v 0.182797 -0.328246 0.077564
v 0.180478 -0.328933 -0.092295
v 0.172324 -0.345285 -0.068638
v 0.133463 -0.343265 -0.129670
v 0.142698 -0.328939 -0.146568
v 0.190741 -0.333485 0.029871
v 0.182474 -0.346666 0.043096
v 0.182661 -0.318167 0.095421
v 0.194683 -0.333566 -0.029209
v 0.190107 -0.348393 -0.001602
v 0.200713 -0.320195 0.053025
v 0.202390 -0.321253 -0.044830
v 0.207500 -0.321174 0.010159
v 0.029922 0.271394 0.206583
v 0.097887 0.283978 0.167549
v 0.068215 0.292479 0.175794
v 0.100680 0.265939 0.175616
v 0.125088 0.301731 0.143515
v 0.143448 0.284695 0.131557
v 0.148657 0.271668 0.145413
v 0.132754 0.291624 -0.156212
v 0.109314 0.302639 -0.164927
v 0.146931 0.303787 -0.120423
v 0.172806 0.304016 0.085215
v 0.185871 0.289273 -0.070028
v 0.193058 0.278222 0.069960
v 0.174024 0.299407 -0.066354
v 0.167198 0.276979 -0.109677
v 0.180176 0.292301 0.049535
v 0.183923 0.298660 -0.010500
v 0.195281 0.285890 0.016701
v 0.207277 0.275664 -0.009681
v 0.012211 -0.299881 0.183921
v 0.059585 -0.305808 0.175666
v 0.078637 -0.288670 0.179923
v 0.053889 -0.279628 0.196234
v 0.103148 -0.302387 0.154834
v 0.105183 -0.283169 0.173572
v 0.137311 -0.290094 0.132044
v 0.138021 -0.304080 0.124759
v 0.153168 -0.278137 0.135100
v 0.164727 -0.293162 0.090593
v 0.181415 -0.307547 0.067392
v 0.186790 -0.275259 0.086292
v 0.176655 -0.298468 0.040059
v 0.187935 -0.290118 0.042899
v 0.187609 -0.292820 -0.032357
v 0.151809 -0.296012 -0.114584
v 0.166440 -0.281183 -0.118787
v 0.195266 -0.281750 -0.074568
v 0.205043 -0.274633 0.027256
v 0.207384 -0.275938 -0.021196
v 0.202275 -0.270194 -0.052317
v 0.081747 -0.232120 -0.173153
v 0.100031 -0.245201 -0.154462
v 0.051433 -0.234230 -0.183243
v 0.127084 -0.224666 -0.153734
v 0.138784 -0.246679 -0.122505
v 0.165586 -0.227533 -0.118739
v 0.175558 -0.241904 -0.064859
v 0.183080 -0.244830 0.041782
v 0.192880 -0.232943 0.059028
v 0.166438 -0.251670 0.081765
v 0.193289 -0.227723 -0.068949
v 0.187000 -0.249830 0.010066
v 0.200643 -0.232788 0.024466
v 0.208040 -0.221679 -0.043119
v 0.201125 -0.219102 0.046225
v 0.211494 -0.213226 0.058715
v 0.221584 -0.214625 0.020067
v 0.222852 -0.123055 -0.168327
v 0.212347 -0.153116 -0.154457
v 0.208201 -0.114512 -0.184701
v 0.207600 0.004629 -0.198070
v 0.222289 -0.036498 -0.192788
v 0.207703 -0.062971 -0.200874
v 0.220101 -0.085950 -0.188080
v 0.209450 -0.178906 -0.118972
v 0.221930 -0.185896 -0.106869
v 0.207839 -0.204587 -0.084332
v 0.223026 0.014873 -0.181781
v 0.222433 -0.213598 -0.029058
v 0.233903 -0.198153 -0.063315
v 0.230921 -0.197325 0.069671
v 0.235901 -0.131001 -0.156883
v 0.234161 -0.207256 0.004508
v 0.234911 -0.077642 -0.176971
v 0.234925 -0.169841 -0.116806
v 0.236738 -0.025875 -0.180352
v 0.239506 0.020795 -0.173425
v 0.078627 -0.284994 -0.174662
v 0.108129 -0.276608 -0.172095
v 0.151809 -0.296012 -0.114584
v 0.148949 -0.476264 -0.046250
v 0.145093 -0.475305 -0.057163
v 0.150483 -0.476424 -0.026180
v 0.150158 -0.474662 -0.039744
v 0.149513 -0.475284 -0.046620
v 0.149572 -0.476739 -0.048263
v 0.156131 -0.472068 -0.050732
v 0.145889 -0.484729 -0.041610
v 0.148949 -0.476264 -0.046250
v 0.150483 -0.476424 -0.026180
v 0.156131 -0.472068 -0.050732
v 0.152508 -0.475990 0.004161
v 0.156587 -0.479782 -0.004828
v 0.155053 -0.476058 0.000620
v 0.152508 -0.475990 0.004161
v 0.157113 -0.477021 0.005058
v 0.156005 -0.474530 -0.000292
v 0.152104 -0.479681 0.035978
v 0.156587 -0.479782 -0.004828
v 0.152508 -0.475990 0.004161
v 0.155053 -0.476058 0.000620
v 0.156005 -0.474530 -0.000292
v 0.158168 -0.473855 -0.013593
v 0.191067 -0.155514 0.067072
v 0.191283 -0.157011 0.063997
v 0.198886 -0.149260 0.050807
v 0.191180 -0.151228 0.070853
v 0.192879 -0.156428 0.071453
v 0.191180 -0.151228 0.070853
v 0.191067 -0.155514 0.067072
v 0.192967 -0.155438 0.066825
v 0.191962 -0.155514 0.064668
v 0.195748 -0.154501 0.062079
v 0.191962 -0.155514 0.064668
v 0.191067 -0.155514 0.067072
v 0.198886 -0.149260 0.050807
v 0.207482 -0.201496 -0.059062
v 0.191332 -0.211488 -0.044580
v 0.203873 -0.171374 -0.062978
v 0.204033 0.045890 -0.070016
v 0.189021 0.034332 -0.064536
v 0.197855 0.059279 -0.059081
v 0.205763 0.002856 -0.089200
v 0.202353 -0.000043 -0.055596
v 0.203096 0.081702 -0.060556
v 0.205371 -0.036037 -0.127045
v 0.207562 -0.062794 -0.077170
v 0.207840 0.083641 -0.102779
v 0.208819 0.112194 -0.064997
v 0.206213 -0.117818 -0.097496
v 0.207588 0.029816 -0.158501
v 0.208375 -0.116431 -0.163807
v 0.207573 -0.036774 -0.179961
v 0.207839 -0.204587 -0.084332
v 0.208040 -0.221679 -0.043119
v 0.209450 -0.178906 -0.118972
v 0.208201 -0.114512 -0.184701
v 0.212347 -0.153116 -0.154457
v 0.207600 0.004629 -0.198070
v 0.208585 0.063832 -0.166839
v 0.209854 0.122292 -0.087601
v 0.208074 0.105583 -0.124939
v 0.207703 -0.062971 -0.200874
v 0.201911 0.138404 -0.050693
v 0.201286 -0.113257 -0.058486
v 0.205560 -0.054857 -0.049251
v 0.200979 -0.034874 -0.061483
v 0.192967 -0.155438 0.066825
v 0.191283 -0.157011 0.063997
v 0.192879 -0.156428 0.071453
v 0.191962 -0.155514 0.064668
v 0.195748 -0.154501 0.062079
v 0.198886 -0.149260 0.050807
v 0.191180 -0.151228 0.070853
v 0.203217 -0.155119 0.071958
v 0.188197 -0.178120 0.089861
v 0.201197 -0.148548 0.061144
v 0.204089 -0.145023 0.049743
v 0.202466 -0.146727 0.060354
v 0.204089 -0.145023 0.049743
v 0.202629 -0.147391 0.063361
v 0.203217 -0.155119 0.071958
v 0.202629 -0.147391 0.063361
v 0.190534 0.014256 0.061865
v 0.196033 -0.006327 0.071118
v 0.204355 0.020636 0.079868
v 0.200216 -0.030540 0.064823
v 0.204209 -0.029603 0.085880
v 0.195668 0.032032 0.064633
v 0.205424 -0.055915 0.074643
v 0.200339 -0.074839 0.070158
v 0.205338 -0.081283 0.087254
v 0.200409 -0.066450 0.078953
v 0.203346 -0.063802 0.060758
v 0.200517 0.055238 0.055728
v 0.206782 0.068393 0.098633
v 0.199271 0.075478 0.058899
v 0.201125 -0.219102 0.046225
v 0.211494 -0.213226 0.058715
v 0.203892 -0.195322 0.062081
v 0.204218 -0.141633 0.057216
v 0.194935 -0.131757 0.065339
v 0.202785 -0.138513 0.056771
v 0.206925 -0.108053 0.069035
v 0.205201 -0.131679 0.086705
v 0.203217 -0.155119 0.071958
v 0.207722 -0.181541 0.089753
v 0.203533 -0.132939 0.061836
v 0.204398 -0.138594 0.059882
v 0.204218 -0.141633 0.057216
v 0.203217 -0.155119 0.071958
v 0.203435 -0.140210 0.061195
v 0.204089 -0.145023 0.049743
v 0.203435 -0.140210 0.061195
v 0.204089 -0.145023 0.049743
v 0.204218 -0.141633 0.057216
v 0.207836 -0.008986 0.159945
v 0.210621 0.079293 0.131541
v 0.207462 -0.081702 0.161165
v 0.207598 -0.141684 0.133334
v 0.210805 0.111258 0.079301
v 0.203350 0.098655 0.063334
v 0.205555 0.119914 0.057268
v 0.210238 0.133656 0.061335
v 0.208241 0.011345 0.195621
v 0.209214 -0.052700 0.201891
v 0.209382 0.064456 0.167490
v 0.209625 -0.164647 0.144809
v 0.208102 -0.113099 0.184368
v 0.214391 0.099062 0.126031
v 0.209115 -0.200349 0.096330
v 0.208919 0.120802 0.097984
v 0.207868 -0.079702 0.058515
v 0.205338 -0.081283 0.087254
v 0.208473 -0.075716 0.070300
v 0.207868 -0.079702 0.058515
v 0.208085 -0.047786 0.057236
v 0.205424 -0.055915 0.074643
v 0.208085 -0.047786 0.057236
v 0.206839 -0.100364 0.054143
v 0.202149 -0.145565 0.055508
v 0.201197 -0.148548 0.061144
v 0.202629 -0.147391 0.063361
v 0.196488 -0.141323 0.053197
v 0.198886 -0.149260 0.050807
v 0.203217 -0.155119 0.071958
v 0.204089 -0.145023 0.049743
v 0.202149 -0.145565 0.055508
v 0.202629 -0.147391 0.063361
v 0.202466 -0.146727 0.060354
v 0.201197 -0.148548 0.061144
v 0.198886 -0.149260 0.050807
v 0.204089 -0.145023 0.049743
v 0.202785 -0.138513 0.056771
v 0.203533 -0.132939 0.061836
v 0.203435 -0.140210 0.061195
v 0.204398 -0.138594 0.059882
v 0.204218 -0.141633 0.057216
v 0.203217 -0.155119 0.071958
v 0.174383 0.465099 0.226101
v 0.219515 0.444397 0.198536
v 0.208533 0.470164 0.183526
v 0.197497 0.423437 -0.225315
v 0.203574 0.458660 -0.216493
v 0.223427 0.437253 -0.197646
v 0.220026 0.386634 -0.213848
v 0.232973 0.465597 -0.160384
v 0.216617 0.399179 0.214256
v 0.239297 0.365602 0.175132
v 0.217004 0.333332 0.219018
v 0.241719 0.368894 -0.170319
v 0.224430 0.333055 -0.211883
v 0.250925 0.426948 0.132715
v 0.248365 0.466450 0.121719
v 0.234048 0.323969 0.180932
v 0.243694 0.324428 -0.157657
v 0.252495 0.441131 -0.127509
v 0.256535 0.324255 0.129946
v 0.275575 0.360134 0.089790
v 0.271415 0.467961 -0.060638
v 0.274614 0.462187 0.066368
v 0.282690 0.367158 -0.072814
v 0.290259 0.412212 0.042637
v 0.289226 0.437145 -0.041095
v 0.293875 0.325799 0.047449
v 0.278496 0.327224 -0.089569
v 0.287461 0.466856 0.024606
v 0.298061 0.452078 -0.003350
v 0.304833 0.400493 -0.004871
v 0.299896 0.326340 -0.038421
v 0.307945 0.346029 0.011991
v 0.308181 0.349525 -0.015837
v 0.307806 0.325288 -0.008548
v 0.208473 -0.075716 0.070300
v 0.205338 -0.081283 0.087254
v 0.200339 -0.074839 0.070158
v 0.205424 -0.055915 0.074643
v 0.209382 0.064456 0.167490
v 0.208241 0.011345 0.195621
v 0.222458 0.015699 0.182869
v 0.209214 -0.052700 0.201891
v 0.224200 -0.040702 0.190485
v 0.223660 -0.184218 0.107814
v 0.209625 -0.164647 0.144809
v 0.209115 -0.200349 0.096330
v 0.221699 -0.095201 0.182955
v 0.208102 -0.113099 0.184368
v 0.222539 0.061500 0.157143
v 0.224101 -0.142757 0.153024
v 0.211494 -0.213226 0.058715
v 0.230921 -0.197325 0.069671
v 0.240540 0.037338 0.168475
v 0.234836 -0.175300 0.109563
v 0.236373 -0.030007 0.179335
v 0.237090 -0.100747 0.171497
v 0.235556 -0.138881 0.147376
v 0.230588 0.108324 0.083970
v 0.235422 0.072619 0.132545
v 0.242145 0.109827 0.093504
v 0.230921 -0.197325 0.069671
v 0.242890 -0.215904 0.046879
v 0.244079 -0.201255 0.094876
v 0.234161 -0.207256 0.004508
v 0.228693 0.129127 -0.006883
v 0.237898 0.124416 0.038216
v 0.242690 0.134137 0.006779
v 0.236373 -0.030007 0.179335
v 0.244879 -0.085966 0.188973
v 0.244666 -0.042742 0.195499
v 0.237090 -0.100747 0.171497
v 0.244243 -0.166928 0.140461
v 0.235556 -0.138881 0.147376
v 0.234836 -0.175300 0.109563
v 0.242314 -0.219421 -0.004433
v 0.231604 0.108654 -0.086329
v 0.238679 0.125183 -0.039207
v 0.245443 0.130662 -0.058492
v 0.244277 0.087360 0.131590
v 0.244879 -0.205226 -0.086090
v 0.233903 -0.198153 -0.063315
v 0.234925 -0.169841 -0.116806
v 0.243212 -0.166449 -0.137801
v 0.235901 -0.131001 -0.156883
v 0.244102 -0.050436 -0.191441
v 0.234911 -0.077642 -0.176971
v 0.236738 -0.025875 -0.180352
v 0.235106 0.059222 -0.144767
v 0.244103 0.067558 -0.152516
v 0.239506 0.020795 -0.173425
v 0.237976 0.096109 -0.110591
v 0.245683 -0.126505 -0.175814
v 0.246120 -0.131343 0.173695
v 0.240540 0.037338 0.168475
v 0.254911 0.146941 -0.034075
v 0.252045 0.006006 -0.198283
v 0.252134 0.136516 0.069510
v 0.251439 -0.011292 0.204709
v 0.253644 0.082834 0.157060
v 0.253738 -0.239068 0.007251
v 0.254394 -0.168392 -0.157580
v 0.252292 0.049765 -0.181455
v 0.253762 -0.180553 0.147380
v 0.254561 0.123831 -0.103147
v 0.253097 0.095931 -0.143443
v 0.253749 -0.088209 0.203499
v 0.256072 -0.229536 0.057167
v 0.253277 -0.230557 -0.057289
v 0.254348 -0.207665 -0.113526
v 0.254427 -0.071752 -0.204981
v 0.253596 -0.143854 0.179273
v 0.255069 -0.211487 0.107147
v 0.255059 -0.123903 -0.190789
v 0.257929 0.113874 0.114410
v 0.254835 0.039575 0.188644
v 0.258664 0.072222 -0.162516
v 0.254427 -0.071752 -0.204981
v 0.262493 -0.104756 -0.185192
v 0.255059 -0.123903 -0.190789
v 0.262136 -0.025902 -0.198631
v 0.252045 0.006006 -0.198283
v 0.258664 0.072222 -0.162516
v 0.267594 0.031320 -0.175700
v 0.252292 0.049765 -0.181455
v 0.269468 -0.061351 -0.185723
v 0.268539 -0.221200 0.005732
v 0.256072 -0.229536 0.057167
v 0.253738 -0.239068 0.007251
v 0.254348 -0.207665 -0.113526
v 0.265561 -0.215165 -0.058611
v 0.253277 -0.230557 -0.057289
v 0.264987 -0.190338 -0.115045
v 0.254394 -0.168392 -0.157580
v 0.272971 -0.167539 -0.134942
v 0.269251 -0.138093 -0.162913
v 0.279062 -0.212047 0.046233
v 0.279519 -0.098363 -0.176561
v 0.276548 -0.007722 -0.182363
v 0.284144 -0.213454 -0.036936
v 0.277837 0.061906 -0.150175
v 0.282480 -0.190991 -0.101161
v 0.281553 -0.046593 -0.184358
v 0.282896 0.032105 -0.168175
v 0.286296 -0.140205 -0.161702
v 0.290152 -0.178495 0.136421
v 0.280281 -0.169375 0.131763
v 0.281368 -0.198890 0.088351
v 0.290253 -0.017996 -0.195122
v 0.281553 -0.046593 -0.184358
v 0.276548 -0.007722 -0.182363
v 0.275943 0.017763 0.172343
v 0.278091 -0.030405 0.184738
v 0.290658 0.036624 0.175954
v 0.282787 0.084360 -0.126722
v 0.271728 0.112143 -0.090262
v 0.288463 0.110042 -0.103052
v 0.282480 -0.190991 -0.101161
v 0.292456 -0.223318 -0.065999
v 0.284144 -0.213454 -0.036936
v 0.291809 -0.189575 -0.128995
v 0.272971 -0.167539 -0.134942
v 0.289577 0.068014 -0.154806
v 0.277837 0.061906 -0.150175
v 0.282896 0.032105 -0.168175
v 0.289894 -0.073936 -0.193974
v 0.279519 -0.098363 -0.176561
v 0.281470 0.057082 0.151462
v 0.290683 0.077240 0.148743
v 0.283684 0.095922 0.111849
v 0.291283 -0.220097 0.069420
v 0.279062 -0.212047 0.046233
v 0.292151 -0.233892 0.002467
v 0.292080 0.140965 0.020606
v 0.287326 0.134553 -0.013778
v 0.278934 0.126818 0.035638
v 0.284050 -0.073147 0.186310
v 0.293937 -0.048725 0.207839
v 0.283099 -0.139184 0.159604
v 0.292744 0.105100 0.119855
v 0.287392 0.124119 0.067818
v 0.286296 -0.140205 -0.161702
v 0.290608 -0.011256 0.194954
v 0.293337 0.014918 -0.192363
v 0.288999 -0.100458 0.186815
v 0.292694 -0.150008 0.170274
v 0.294201 -0.111466 -0.196690
v 0.300214 0.149315 0.036875
v 0.302355 0.023495 0.199611
v 0.299399 -0.230680 -0.082009
v 0.302117 -0.153323 -0.177405
v 0.301946 -0.030239 0.215371
v 0.300239 -0.078319 0.213947
v 0.304959 0.133408 0.080538
v 0.300879 -0.243730 -0.027759
v 0.299774 0.147074 -0.045675
v 0.287535 0.124580 -0.061243
v 0.305358 0.059515 -0.173539
v 0.299997 -0.033381 -0.214450
v 0.301165 -0.131182 0.197050
v 0.306520 -0.085136 -0.206232
v 0.298810 0.074344 0.167175
v 0.304102 -0.173721 0.162337
v 0.300910 -0.213902 0.119431
v 0.302793 0.112337 0.126640
v 0.299745 -0.244625 0.028859
v 0.301476 0.125148 -0.104401
v 0.301309 -0.199841 -0.137464
v 0.300401 0.094293 -0.148954
v 0.304115 0.150422 -0.008382
v 0.301946 -0.236145 0.070089
v 0.305999 0.021602 -0.195515
v 0.293337 0.014918 -0.192363
v 0.305999 0.021602 -0.195515
v 0.299997 -0.033381 -0.214450
v 0.306520 -0.085136 -0.206232
v 0.302117 -0.153323 -0.177405
v 0.294201 -0.111466 -0.196690
v 0.317628 -0.133789 -0.172219
v 0.300401 0.094293 -0.148954
v 0.310799 0.079080 -0.150333
v 0.305358 0.059515 -0.173539
v 0.309864 -0.033578 -0.204361
v 0.301476 0.125148 -0.104401
v 0.309469 -0.173776 -0.150087
v 0.301309 -0.199841 -0.137464
v 0.308621 -0.200172 -0.118196
v 0.316103 0.106658 -0.102936
v 0.319882 0.037414 -0.168018
v 0.319193 -0.019339 -0.187855
v 0.329664 -0.179671 -0.130425
v 0.319590 -0.071854 -0.188810
v 0.325268 0.070072 -0.143761
v 0.330979 -0.012225 -0.186637
v 0.330969 -0.105767 -0.182217
v 0.334320 0.029696 -0.178384
v 0.334061 -0.068042 -0.189553
v 0.337566 -0.143407 -0.169255
v 0.319267 0.132391 -0.000996
v 0.332860 0.132811 -0.032277
v 0.325113 0.117621 -0.064371
v 0.325002 0.062244 0.150962
v 0.336419 0.080617 0.144724
v 0.321890 0.091796 0.120549
v 0.325217 0.116705 0.079072
v 0.339811 0.121560 0.094856
v 0.330803 0.130166 0.034593
v 0.325268 0.070072 -0.143761
v 0.316103 0.106658 -0.102936
v 0.335097 0.093678 -0.125931
v 0.330695 0.026437 0.175711
v 0.327697 -0.017768 0.190571
v 0.340091 0.015967 0.194405
v 0.340487 0.145286 0.005930
v 0.334320 0.029696 -0.178384
v 0.340258 0.062396 -0.167795
v 0.332138 -0.077286 0.191750
v 0.339660 -0.035016 0.205220
v 0.347660 0.116816 -0.114641
v 0.344792 0.143647 -0.055684
v 0.347557 0.148046 0.040598
v 0.341181 -0.102040 0.199600
v 0.349570 0.010828 0.205505
v 0.348958 0.101733 0.140327
v 0.349106 0.152590 -0.007336
v 0.347932 -0.050433 0.217631
v 0.348878 0.054069 0.184992
v 0.348058 0.134534 0.086244
v 0.348354 0.080150 -0.162670
v 0.350762 0.032608 -0.194198
v 0.351760 -0.105866 0.207353
v 0.330979 -0.012225 -0.186637
v 0.319882 0.037414 -0.168018
v 0.334320 0.029696 -0.178384
v 0.341181 -0.102040 0.199600
v 0.332138 -0.077286 0.191750
v 0.333466 -0.124937 0.176320
v 0.334532 -0.231792 -0.011712
v 0.330601 -0.220699 -0.050754
v 0.339327 -0.228780 -0.058657
v 0.329664 -0.179671 -0.130425
v 0.339851 -0.205542 -0.110938
v 0.326357 -0.202173 -0.097559
v 0.337566 -0.143407 -0.169255
v 0.317628 -0.133789 -0.172219
v 0.339343 -0.086167 -0.197827
v 0.330969 -0.105767 -0.182217
v 0.334061 -0.068042 -0.189553
v 0.340127 -0.029367 -0.202649
v 0.332264 -0.163985 0.151780
v 0.343784 -0.153371 0.179353
v 0.335277 -0.193470 0.122868
v 0.346535 -0.191955 -0.146561
v 0.348194 -0.246138 -0.040969
v 0.351513 -0.227670 -0.090116
v 0.335803 -0.222952 0.052528
v 0.345566 -0.214945 0.119864
v 0.349928 -0.249158 0.009488
v 0.349679 -0.012164 -0.211194
v 0.349884 -0.187317 0.154329
v 0.350762 0.032608 -0.194198
v 0.349763 -0.112559 -0.203744
v 0.353367 -0.065478 -0.206561
v 0.351760 -0.105866 0.207353
v 0.347432 -0.240632 0.058852
v 0.351898 -0.152710 -0.178057
v 0.345566 -0.214945 0.119864
v 0.347432 -0.240632 0.058852
v 0.356356 -0.211398 0.102561
v 0.349884 -0.187317 0.154329
v 0.355647 -0.144686 0.180256
v 0.351760 -0.105866 0.207353
v 0.343784 -0.153371 0.179353
v 0.356272 -0.228496 0.054162
v 0.349928 -0.249158 0.009488
v 0.351513 -0.227670 -0.090116
v 0.358384 -0.231296 -0.017951
v 0.348194 -0.246138 -0.040969
v 0.358890 -0.107783 0.191027
v 0.346535 -0.191955 -0.146561
v 0.351898 -0.152710 -0.178057
v 0.356732 -0.188021 -0.133944
v 0.362694 -0.114210 -0.180844
v 0.349763 -0.112559 -0.203744
v 0.350762 0.032608 -0.194198
v 0.358491 -0.005902 -0.192472
v 0.349679 -0.012164 -0.211194
v 0.360223 -0.216093 -0.073777
v 0.366650 -0.172382 0.141185
v 0.353367 -0.065478 -0.206561
v 0.364528 0.046355 -0.164646
v 0.365254 -0.152524 -0.155767
v 0.366673 -0.186080 -0.119526
v 0.369258 -0.054349 -0.192430
v 0.367672 -0.218950 0.048933
v 0.369774 0.000562 -0.183897
v 0.372443 -0.224079 -0.015405
v 0.372615 -0.208669 -0.079777
v 0.376295 -0.220611 0.067275
v 0.356696 0.134136 0.041789
v 0.349106 0.152590 -0.007336
v 0.347557 0.148046 0.040598
v 0.358329 0.137216 -0.008854
v 0.344792 0.143647 -0.055684
v 0.348878 0.054069 0.184992
v 0.349570 0.010828 0.205505
v 0.355847 0.043597 0.179075
v 0.348958 0.101733 0.140327
v 0.358645 0.073503 0.149328
v 0.348058 0.134534 0.086244
v 0.355851 0.115538 0.101265
v 0.355852 0.131310 -0.065838
v 0.347660 0.116816 -0.114641
v 0.351760 -0.105866 0.207353
v 0.357211 -0.058565 0.204297
v 0.347932 -0.050433 0.217631
v 0.358890 -0.107783 0.191027
v 0.357771 0.107653 -0.104966
v 0.358430 0.078921 -0.143843
v 0.348354 0.080150 -0.162670
v 0.364500 0.014637 0.181698
v 0.364528 0.046355 -0.164646
v 0.350762 0.032608 -0.194198
v 0.365753 0.116656 0.068219
v 0.367578 0.095860 0.110816
v 0.368971 -0.065961 0.191256
v 0.364029 0.119083 -0.060639
v 0.367516 0.124364 0.029569
v 0.367942 0.099399 -0.103818
v 0.373449 0.126252 -0.030117
v 0.375924 -0.137488 0.174348
v 0.375578 0.072405 -0.147678
v 0.366650 -0.172382 0.141185
v 0.375924 -0.137488 0.174348
v 0.358890 -0.107783 0.191027
v 0.356356 -0.211398 0.102561
v 0.367672 -0.218950 0.048933
v 0.376295 -0.220611 0.067275
v 0.362694 -0.114210 -0.180844
v 0.369258 -0.054349 -0.192430
v 0.379985 -0.092393 -0.199978
v 0.368971 -0.065961 0.191256
v 0.379572 -0.100600 0.200230
v 0.377535 -0.047446 0.203235
v 0.376960 -0.138959 -0.175265
v 0.365254 -0.152524 -0.155767
v 0.380551 -0.230002 -0.060145
v 0.372443 -0.224079 -0.015405
v 0.372615 -0.208669 -0.079777
v 0.381645 -0.213695 -0.103447
v 0.366673 -0.186080 -0.119526
v 0.379117 -0.175864 -0.147384
v 0.385222 -0.028869 -0.212941
v 0.369774 0.000562 -0.183897
v 0.387587 -0.156450 -0.179279
v 0.388537 -0.211294 0.124106
v 0.381126 -0.239864 -0.006900
v 0.379442 0.027287 -0.185429
v 0.393317 -0.084528 0.213329
v 0.392413 -0.149699 0.183518
v 0.388614 -0.042657 0.219403
v 0.391447 -0.063951 -0.214182
v 0.389079 -0.241556 0.054602
v 0.391974 -0.250114 -0.010415
v 0.389999 -0.112014 -0.206499
v 0.389387 0.019377 -0.203305
v 0.391028 -0.237700 -0.069861
v 0.388650 -0.207923 -0.131337
v 0.376798 0.119425 -0.077111
v 0.367942 0.099399 -0.103818
v 0.364029 0.119083 -0.060639
v 0.375578 0.072405 -0.147678
v 0.364528 0.046355 -0.164646
v 0.358430 0.078921 -0.143843
v 0.368971 -0.065961 0.191256
v 0.374382 -0.000916 0.190141
v 0.364500 0.014637 0.181698
v 0.367578 0.095860 0.110816
v 0.358645 0.073503 0.149328
v 0.377082 0.075451 0.148351
v 0.365753 0.116656 0.068219
v 0.378200 0.126692 0.066937
v 0.367516 0.124364 0.029569
v 0.377535 -0.047446 0.203235
v 0.379442 0.027287 -0.185429
v 0.369774 0.000562 -0.183897
v 0.378832 0.138224 0.013198
v 0.379360 0.049127 0.174873
v 0.373449 0.126252 -0.030117
v 0.380777 0.107983 -0.115672
v 0.384109 0.120201 0.110676
v 0.389009 0.001861 0.209838
v 0.389507 0.148840 -0.012277
v 0.391017 0.043759 0.191175
v 0.391625 0.081903 0.161311
v 0.387944 0.132216 -0.090414
v 0.389211 0.143262 0.061704
v 0.388614 -0.042657 0.219403
v 0.389283 0.108045 -0.133373
v 0.390200 0.066888 -0.174052
v 0.394118 0.129110 0.094679
v 0.389387 0.019377 -0.203305
v 0.394890 0.143533 -0.057523
v 0.394718 -0.014151 -0.208730
v 0.385222 -0.028869 -0.212941
v 0.389387 0.019377 -0.203305
v 0.384109 0.120201 0.110676
v 0.396907 0.107093 0.122135
v 0.394118 0.129110 0.094679
v 0.391625 0.081903 0.161311
v 0.391447 -0.063951 -0.214182
v 0.391017 0.043759 0.191175
v 0.399551 0.053453 0.168297
v 0.388614 -0.042657 0.219403
v 0.393317 -0.084528 0.213329
v 0.400538 -0.029348 0.203319
v 0.389009 0.001861 0.209838
v 0.389211 0.143262 0.061704
v 0.402302 0.130595 0.033835
v 0.389507 0.148840 -0.012277
v 0.402314 0.129643 -0.036300
v 0.394890 0.143533 -0.057523
v 0.399664 0.117637 -0.086889
v 0.387944 0.132216 -0.090414
v 0.389283 0.108045 -0.133373
v 0.397452 0.098234 -0.126787
v 0.390200 0.066888 -0.174052
v 0.401193 0.005944 -0.189458
v 0.407809 -0.074771 0.194742
v 0.400571 0.013662 0.188798
v 0.398463 0.121898 0.077573
v 0.400315 0.056338 -0.161676
v 0.392413 -0.149699 0.183518
v 0.409716 0.066938 0.145826
v 0.402490 -0.048797 -0.193431
v 0.407356 0.098506 0.105646
v 0.397443 -0.088446 -0.199667
v 0.408068 -0.170325 0.144533
v 0.412133 0.005149 0.183884
v 0.411504 0.089611 -0.120423
v 0.411074 0.119104 0.059866
v 0.409688 -0.101925 -0.185159
v 0.410672 0.133282 -0.000662
v 0.412682 0.114004 -0.070919
v 0.413784 0.012053 -0.182394
v 0.412816 0.053010 -0.158178
v 0.414542 -0.027699 -0.189955
v 0.395932 -0.177895 -0.157539
v 0.388650 -0.207923 -0.131337
v 0.387587 -0.156450 -0.179279
v 0.408068 -0.170325 0.144533
v 0.392413 -0.149699 0.183518
v 0.388537 -0.211294 0.124106
v 0.399118 -0.225127 0.072283
v 0.389079 -0.241556 0.054602
v 0.399970 -0.233207 -0.008251
v 0.391974 -0.250114 -0.010415
v 0.391028 -0.237700 -0.069861
v 0.397107 -0.225571 -0.075229
v 0.400668 -0.207207 -0.100160
v 0.389999 -0.112014 -0.206499
v 0.397443 -0.088446 -0.199667
v 0.391447 -0.063951 -0.214182
v 0.401112 -0.130073 -0.176824
v 0.407425 -0.175223 -0.135404
v 0.409938 -0.222211 0.046041
v 0.414357 -0.227757 -0.021522
v 0.409688 -0.101925 -0.185159
v 0.413706 -0.139572 -0.167725
v 0.419166 -0.210254 -0.096885
v 0.416542 -0.212621 0.087187
v 0.408068 -0.170325 0.144533
v 0.399118 -0.225127 0.072283
v 0.416542 -0.212621 0.087187
v 0.420863 0.022028 0.189774
v 0.409716 0.066938 0.145826
v 0.412133 0.005149 0.183884
v 0.428399 -0.192333 0.141810
v 0.407809 -0.074771 0.194742
v 0.422104 -0.025463 0.205860
v 0.414357 -0.227757 -0.021522
v 0.426602 -0.245495 0.025976
v 0.409938 -0.222211 0.046041
v 0.421709 0.062445 0.168192
v 0.419166 -0.210254 -0.096885
v 0.407425 -0.175223 -0.135404
v 0.417560 -0.172792 -0.145298
v 0.429512 -0.242868 -0.047169
v 0.426000 -0.121833 0.196060
v 0.433705 -0.068730 0.210751
v 0.431222 -0.231055 0.093025
v 0.430850 0.060148 0.181549
v 0.429358 -0.186904 -0.157395
v 0.437917 0.014529 0.194863
v 0.432518 -0.217329 -0.118361
v 0.402314 0.129643 -0.036300
v 0.419658 0.130442 -0.058619
v 0.412682 0.114004 -0.070919
v 0.417982 -0.059782 -0.197449
v 0.409688 -0.101925 -0.185159
v 0.402490 -0.048797 -0.193431
v 0.410672 0.133282 -0.000662
v 0.420423 0.117044 0.095356
v 0.411074 0.119104 0.059866
v 0.407356 0.098506 0.105646
v 0.409716 0.066938 0.145826
v 0.421384 0.090963 0.139344
v 0.422320 -0.007488 -0.202536
v 0.414542 -0.027699 -0.189955
v 0.413784 0.012053 -0.182394
v 0.419243 0.109291 -0.105847
v 0.411504 0.089611 -0.120423
v 0.417560 -0.172792 -0.145298
v 0.407425 -0.175223 -0.135404
v 0.413706 -0.139572 -0.167725
v 0.421709 0.062445 0.168192
v 0.426850 0.143932 0.047076
v 0.422547 0.089862 -0.143789
v 0.412816 0.053010 -0.158178
v 0.422515 -0.119274 -0.192900
v 0.422610 -0.153109 -0.174152
v 0.421944 0.043254 -0.181026
v 0.428839 -0.141393 -0.192010
v 0.430568 -0.087743 -0.210061
v 0.429835 0.100584 0.143069
v 0.429358 -0.186904 -0.157395
v 0.434043 0.144817 -0.045300
v 0.427388 0.131343 -0.094137
v 0.431666 0.110135 -0.130701
v 0.431356 0.130769 0.096662
v 0.430057 0.085848 -0.159988
v 0.430850 0.060148 0.181549
v 0.430704 0.034810 -0.196376
v 0.429421 -0.024213 -0.215483
v 0.434674 0.149344 0.009914
v 0.436119 -0.055803 -0.216349
v 0.433705 -0.068730 0.210751
v 0.437917 0.014529 0.194863
v 0.422104 -0.025463 0.205860
v 0.429358 -0.186904 -0.157395
v 0.451631 -0.181763 -0.130399
v 0.432518 -0.217329 -0.118361
v 0.428399 -0.192333 0.141810
v 0.431222 -0.231055 0.093025
v 0.447178 -0.198672 0.109499
v 0.426602 -0.245495 0.025976
v 0.439619 -0.230493 0.063156
v 0.439654 -0.237780 0.010756
v 0.429512 -0.242868 -0.047169
v 0.438659 -0.227792 -0.072165
v 0.442277 -0.206426 -0.105643
v 0.440388 -0.132289 -0.183730
v 0.428839 -0.141393 -0.192010
v 0.430568 -0.087743 -0.210061
v 0.446508 -0.143235 0.170555
v 0.426000 -0.121833 0.196060
v 0.450357 -0.092163 0.190352
v 0.447762 -0.228219 -0.024654
v 0.436119 -0.055803 -0.216349
v 0.446735 -0.072516 -0.194650
v 0.448998 -0.218122 -0.064530
v 0.449166 -0.036480 0.195406
v 0.450555 -0.221325 0.051089
v 0.451022 -0.126511 -0.175386
v 0.451669 0.018077 0.180046
v 0.437922 0.071208 -0.163159
v 0.430704 0.034810 -0.196376
v 0.430057 0.085848 -0.159988
v 0.429835 0.100584 0.143069
v 0.430850 0.060148 0.181549
v 0.449805 0.070121 0.147776
v 0.441820 0.099267 0.123048
v 0.431356 0.130769 0.096662
v 0.439663 0.133042 0.058826
v 0.426850 0.143932 0.047076
v 0.434674 0.149344 0.009914
v 0.427388 0.131343 -0.094137
v 0.434043 0.144817 -0.045300
v 0.438319 0.117365 -0.105215
v 0.431666 0.110135 -0.130701
v 0.438318 0.003951 -0.200425
v 0.429421 -0.024213 -0.215483
v 0.441431 -0.039351 -0.204043
v 0.436119 -0.055803 -0.216349
v 0.437917 0.014529 0.194863
v 0.450306 0.085277 -0.128599
v 0.446735 -0.072516 -0.194650
v 0.448664 0.132244 -0.008104
v 0.449731 0.120769 -0.066931
v 0.450511 -0.024319 -0.193316
v 0.450839 0.128193 0.041710
v 0.450273 0.028173 -0.174671
v 0.451669 0.018077 0.180046
v 0.453355 0.104428 0.102879
v 0.446735 -0.072516 -0.194650
v 0.458326 -0.091046 -0.192819
v 0.451022 -0.126511 -0.175386
v 0.448664 0.132244 -0.008104
v 0.450839 0.128193 0.041710
v 0.465956 0.143425 0.023901
v 0.466000 -0.006387 -0.201867
v 0.450511 -0.024319 -0.193316
v 0.450273 0.028173 -0.174671
v 0.464422 0.037115 0.182487
v 0.449805 0.070121 0.147776
v 0.451669 0.018077 0.180046
v 0.462239 0.138695 -0.029024
v 0.449731 0.120769 -0.066931
v 0.466563 0.103508 -0.123522
v 0.450306 0.085277 -0.128599
v 0.467722 -0.041351 -0.208463
v 0.472101 -0.001339 0.206979
v 0.463165 -0.029091 0.203476
v 0.453355 0.104428 0.102879
v 0.466923 0.129562 0.083225
v 0.464798 -0.133570 -0.183713
v 0.464702 0.064719 -0.164722
v 0.463522 0.030703 -0.184497
v 0.469015 0.135234 -0.069817
v 0.464892 0.072444 0.158722
v 0.475839 0.108834 0.134049
v 0.479934 0.051841 -0.186378
v 0.478507 0.154831 -0.016736
v 0.479813 -0.062383 -0.213762
v 0.480018 0.148840 0.039712
v 0.481174 -0.111803 -0.198487
v 0.480154 0.098461 -0.146472
v 0.479528 0.005849 -0.209931
v 0.481916 0.025154 0.196459
v 0.479243 0.069593 0.176690
v 0.481926 0.140851 -0.059552
v 0.479265 0.133769 -0.097489
v 0.480499 0.132838 0.088964
v 0.450357 -0.092163 0.190352
v 0.465720 -0.089807 0.202993
v 0.449166 -0.036480 0.195406
v 0.446508 -0.143235 0.170555
v 0.465102 -0.174031 0.155743
v 0.447178 -0.198672 0.109499
v 0.474797 -0.210686 0.120792
v 0.450555 -0.221325 0.051089
v 0.447762 -0.228219 -0.024654
v 0.465363 -0.240223 0.003789
v 0.448998 -0.218122 -0.064530
v 0.459332 -0.228687 -0.048748
v 0.473214 -0.221892 -0.096953
v 0.451631 -0.181763 -0.130399
v 0.463165 -0.029091 0.203476
v 0.451669 0.018077 0.180046
v 0.469008 -0.140234 0.187906
v 0.466200 -0.233592 0.060035
v 0.464798 -0.133570 -0.183713
v 0.451022 -0.126511 -0.175386
v 0.475665 -0.184505 -0.153172
v 0.476725 -0.240759 -0.068143
v 0.480384 -0.042016 0.216278
v 0.482373 -0.240697 0.039973
v 0.480437 -0.102936 0.209208
v 0.479920 -0.166761 0.178554
v 0.472101 -0.001339 0.206979
v 0.479691 -0.249808 -0.026019
v 0.481174 -0.111803 -0.198487
v 0.479691 -0.249808 -0.026019
v 0.482778 -0.229403 -0.045548
v 0.482373 -0.240697 0.039973
v 0.481742 -0.068198 0.203332
v 0.480384 -0.042016 0.216278
v 0.480437 -0.102936 0.209208
v 0.472101 -0.001339 0.206979
v 0.481916 0.025154 0.196459
v 0.485232 -0.089099 0.186786
v 0.483614 -0.021994 0.190464
v 0.481895 0.063796 0.156674
v 0.479243 0.069593 0.176690
v 0.479920 -0.166761 0.178554
v 0.483499 -0.157385 0.155607
v 0.482898 0.031560 0.171393
v 0.483724 0.098754 0.123309
v 0.474797 -0.210686 0.120792
v 0.475839 0.108834 0.134049
v 0.489891 -0.204536 0.097216
v 0.480499 0.132838 0.088964
v 0.484945 0.129142 0.059281
v 0.480018 0.148840 0.039712
v 0.483523 0.140486 -0.004587
v 0.478507 0.154831 -0.016736
v 0.486625 -0.226889 0.022070
v 0.481926 0.140851 -0.059552
v 0.490132 0.121855 -0.073505
v 0.476725 -0.240759 -0.068143
v 0.473214 -0.221892 -0.096953
v 0.486234 0.097316 -0.118705
v 0.479265 0.133769 -0.097489
v 0.480154 0.098461 -0.146472
v 0.483516 -0.199297 -0.110480
v 0.475665 -0.184505 -0.153172
v 0.484133 -0.149513 -0.158755
v 0.487312 0.048834 -0.163927
v 0.479934 0.051841 -0.186378
v 0.482837 -0.001111 -0.187755
v 0.481174 -0.111803 -0.198487
v 0.482937 -0.092292 -0.186067
v 0.479813 -0.062383 -0.213762
v 0.489988 -0.063454 -0.186230
v 0.479528 0.005849 -0.209931
v 0.494387 -0.063602 0.186126
v 0.494961 -0.017777 -0.185117
v 0.494572 -0.148601 0.152500
v 0.493324 0.015173 0.178311
v 0.495931 -0.000521 0.166136
v 0.495527 -0.094978 0.121545
v 0.495571 -0.062369 0.161306
v 0.493828 0.066712 0.140759
v 0.495449 0.006838 0.107661
v 0.495547 -0.176085 0.110698
v 0.495415 0.080523 0.083127
v 0.495436 0.112614 0.091780
v 0.495264 -0.118251 0.053857
v 0.495191 -0.216036 0.063650
v 0.495144 -0.014999 0.039257
v 0.495609 -0.192229 0.026478
v 0.495164 0.132036 0.036999
v 0.495264 0.112768 0.029899
v 0.495121 0.043136 0.001568
v 0.495700 -0.223793 0.019490
v 0.495098 -0.059692 -0.024981
v 0.493648 0.134939 -0.020478
v 0.495479 0.087657 -0.037292
v 0.495539 -0.153875 -0.049284
v 0.495162 -0.221484 -0.035314
v 0.495326 -0.004677 -0.073905
v 0.495313 -0.088717 -0.074413
v 0.494554 -0.205121 -0.086178
v 0.495638 0.078378 -0.097081
v 0.495775 -0.124553 -0.140736
v 0.495679 -0.043634 -0.134431
v 0.495814 0.011478 -0.155868
v 0.494516 -0.170419 -0.136467
v 0.495055 -0.135739 -0.165173
v 0.482778 -0.229403 -0.045548
v 0.473214 -0.221892 -0.096953
v 0.483516 -0.199297 -0.110480
v 0.475665 -0.184505 -0.153172
v 0.486625 -0.226889 0.022070
v 0.495191 -0.216036 0.063650
v 0.489891 -0.204536 0.097216
v 0.494516 -0.170419 -0.136467
v 0.484133 -0.149513 -0.158755
v 0.495162 -0.221484 -0.035314
v 0.482937 -0.092292 -0.186067
v 0.495055 -0.135739 -0.165173
v 0.489988 -0.063454 -0.186230
v 0.494554 -0.205121 -0.086178
v 0.495700 -0.223793 0.019490
v 0.493648 0.134939 -0.020478
v 0.490132 0.121855 -0.073505
v 0.483523 0.140486 -0.004587
v 0.483614 -0.021994 0.190464
v 0.493324 0.015173 0.178311
v 0.482898 0.031560 0.171393
v 0.493828 0.066712 0.140759
v 0.481895 0.063796 0.156674
v 0.483724 0.098754 0.123309
v 0.484945 0.129142 0.059281
v 0.495436 0.112614 0.091780
v 0.495164 0.132036 0.036999
v -0.481201 0.053233 0.180076
v -0.479549 -0.001792 0.209717
v -0.457182 -0.000070 0.191935
v -0.475435 0.099680 0.138467
v -0.459694 0.047322 0.169501
v -0.465294 0.134837 0.059904
v -0.480506 0.144218 0.062471
v -0.479184 0.156107 0.004540
v -0.466762 0.144493 -0.003262
v -0.480029 0.145867 -0.051478
v -0.480321 0.090326 -0.147863
v -0.480112 0.120997 -0.110750
v -0.464988 0.098095 -0.128091
v -0.464794 0.129301 -0.071094
v -0.473304 -0.057758 0.207851
v -0.463982 0.062886 -0.162331
v -0.454811 0.075480 0.140275
v -0.445839 0.056785 -0.159581
v -0.448257 0.103939 -0.105669
v -0.450332 0.130191 0.030047
v -0.450250 -0.043775 0.195004
v -0.446284 0.103879 0.106193
v -0.450904 0.128704 -0.027666
v -0.443833 0.051691 0.167496
v -0.462101 -0.199153 -0.119166
v -0.474074 -0.229726 -0.082065
v -0.475970 -0.181096 -0.160351
v -0.477555 0.031321 -0.191145
v -0.480321 0.090326 -0.147863
v -0.463982 0.062886 -0.162331
v -0.480944 -0.137903 -0.189709
v -0.468024 -0.130508 -0.188030
v -0.479430 -0.091129 -0.210192
v -0.454056 -0.155688 -0.156957
v -0.452039 -0.063483 -0.195047
v -0.473977 -0.038423 -0.207500
v -0.443636 -0.216403 -0.083053
v -0.453203 0.006123 -0.183355
v -0.450367 -0.114365 -0.180885
v -0.442363 -0.184472 -0.135398
v -0.445839 0.056785 -0.159581
v -0.314466 -0.131983 0.177932
v -0.332609 -0.099243 0.187579
v -0.334013 -0.147823 0.161338
v -0.336850 -0.179654 0.138599
v -0.312025 -0.177501 0.143407
v -0.318168 -0.207168 0.091774
v -0.334243 -0.219747 0.060208
v -0.317866 -0.073864 0.195367
v -0.311141 -0.231098 0.010360
v -0.329292 -0.222719 -0.041460
v -0.314905 -0.224748 -0.051226
v -0.334554 -0.232422 -0.012386
v -0.306569 -0.231299 0.057712
v -0.303003 -0.159595 0.174498
v -0.300338 -0.040414 0.209875
v -0.323084 -0.022050 0.194635
v -0.300348 -0.193574 0.144240
v -0.304403 -0.243329 -0.009390
v -0.302489 -0.116145 0.201874
v -0.300751 -0.227586 0.090836
v -0.295305 -0.238640 0.040801
v -0.314905 -0.224748 -0.051226
v -0.329292 -0.222719 -0.041460
v -0.336738 -0.191419 -0.119477
v -0.314880 -0.210113 -0.091371
v -0.315146 -0.153892 -0.163725
v -0.335459 -0.133894 -0.172180
v -0.311408 -0.182955 -0.138637
v -0.335662 -0.065564 -0.195308
v -0.317010 -0.092110 -0.185856
v -0.302594 -0.106124 -0.202538
v -0.304589 -0.037025 -0.209043
v -0.318198 0.012862 -0.181136
v -0.333534 0.043628 -0.170594
v -0.305386 0.068779 -0.164490
v -0.299436 -0.207240 -0.125686
v -0.301011 0.017138 -0.201940
v -0.303862 -0.233262 -0.072739
v -0.303135 -0.175037 -0.165003
v -0.304403 -0.243329 -0.009390
v -0.296222 -0.241120 -0.039544
v -0.284755 -0.098311 0.179451
v -0.281742 -0.146035 0.152434
v -0.265703 -0.109253 0.181699
v -0.285360 -0.218877 -0.019032
v -0.280630 -0.203578 -0.071602
v -0.265796 -0.222417 -0.027342
v -0.284456 -0.184121 0.116474
v -0.284358 -0.210312 0.055259
v -0.271632 -0.198607 0.088455
v -0.267678 -0.219837 0.033292
v -0.266044 -0.157842 0.148245
v -0.281153 -0.168823 -0.130242
v -0.265258 -0.186928 -0.116295
v -0.263570 -0.212272 -0.072911
v -0.264798 -0.154364 -0.155031
v -0.254322 -0.192496 0.131149
v -0.253674 -0.223844 0.073324
v -0.255610 -0.213548 -0.098417
v -0.251606 -0.154468 0.167843
v -0.253459 -0.232144 -0.047607
v -0.253574 -0.238643 0.004283
v -0.250721 -0.189107 -0.134865
v -0.251674 -0.117120 0.193202
v -0.284755 -0.098311 0.179451
v -0.268618 -0.071226 0.188681
v -0.278534 -0.035839 0.187828
v -0.287306 0.131973 -0.036062
v -0.268097 0.135234 -0.026326
v -0.274411 0.116105 -0.077844
v -0.274852 0.128879 0.028127
v -0.265703 -0.109253 0.181699
v -0.281152 0.050147 0.161341
v -0.284113 0.013953 0.177877
v -0.265742 0.020805 0.181934
v -0.258065 0.103007 0.130039
v -0.275178 0.111376 0.087142
v -0.271778 0.076817 0.137912
v -0.259163 0.134944 -0.070406
v -0.263061 -0.027082 0.197866
v -0.260309 0.135100 0.066399
v -0.258233 0.062122 0.170306
v -0.258519 0.146634 0.012817
v -0.256177 -0.069792 0.206682
v -0.251030 0.146991 -0.023249
v -0.252299 -0.003060 0.203262
v -0.251640 0.132278 0.086916
v -0.251674 -0.117120 0.193202
v -0.207942 -0.042117 0.054670
v -0.206822 -0.089085 0.055685
v -0.193129 -0.062282 0.059355
v -0.200933 -0.130798 0.051172
v -0.205919 -0.151349 0.054912
v -0.191518 -0.142178 0.072507
v -0.197793 -0.093036 0.054633
v -0.193336 -0.121894 0.064812
v -0.191348 -0.045751 0.053815
v -0.188944 -0.074506 0.072703
v -0.175905 -0.083445 0.099402
v -0.182622 -0.105707 0.054679
v -0.157975 -0.133207 0.125116
v -0.159731 -0.063087 0.102978
v -0.171321 -0.057304 0.069969
v -0.156376 -0.115262 0.108912
v -0.170780 -0.099975 0.078194
v -0.151441 -0.095694 0.111795
v -0.146538 -0.077735 0.138388
v -0.138518 -0.050741 0.113188
v -0.130516 -0.059730 0.136148
v -0.128710 -0.131457 0.154407
v -0.117736 -0.072587 0.162879
v -0.120257 -0.116292 0.147367
v -0.113630 -0.101432 0.138257
v -0.099808 -0.057606 0.159682
v -0.093720 -0.043119 0.154997
v -0.089177 -0.130184 0.178355
v -0.076573 -0.109345 0.168133
v -0.074462 -0.097788 0.160282
v -0.052777 -0.073055 0.191889
v -0.045148 -0.049924 0.179212
v -0.053606 -0.118769 0.190942
v -0.041768 -0.096118 0.175367
v -0.027466 -0.038159 0.175853
v -0.039514 -0.128466 0.196568
v -0.016089 -0.105475 0.185979
v -0.010815 -0.059785 0.195416
v -0.009372 -0.122804 0.199502
v 0.020921 -0.050288 0.184341
v 0.008730 -0.089030 0.178416
v 0.004422 -0.074290 0.196284
v 0.036584 -0.103676 0.182639
v 0.042294 -0.064794 0.195405
v 0.029216 -0.035277 0.177172
v 0.045741 -0.122526 0.192911
v 0.065645 -0.086184 0.170128
v 0.086071 -0.104607 0.170562
v 0.104008 -0.118062 0.170637
v 0.110785 -0.095027 0.150227
v 0.108439 -0.082396 0.145306
v 0.138609 -0.085673 0.118755
v 0.140345 -0.108916 0.144961
v 0.166565 -0.099243 0.102748
v 0.163206 -0.112180 0.118526
v 0.167330 -0.079089 0.083760
v 0.176689 -0.080679 0.059808
v 0.182718 -0.118093 0.083664
v 0.196933 -0.108376 0.064823
v 0.194040 -0.085389 0.057329
v 0.206839 -0.100364 0.054143
v 0.206925 -0.108053 0.069035
v 0.020921 -0.050288 0.184341
v 0.065173 -0.039091 0.167096
v 0.029216 -0.035277 0.177172
v 0.042294 -0.064794 0.195405
v 0.085273 -0.059380 0.178183
v 0.105021 -0.046217 0.153495
v 0.115928 -0.030870 0.139011
v 0.120891 -0.066240 0.159250
v 0.141775 -0.036090 0.118820
v 0.163168 -0.060686 0.120607
v 0.168987 -0.041636 0.088398
v 0.170999 -0.026991 0.068955
v 0.188058 -0.063222 0.080611
v 0.188188 -0.033423 0.052199
v 0.194704 -0.048322 0.061342
v 0.203346 -0.063802 0.060758
v 0.200409 -0.066450 0.078953
v 0.208085 -0.047786 0.057236
v 0.207868 -0.079702 0.058515
v 0.200339 -0.074839 0.070158
v -0.198779 0.177136 0.064716
v -0.188297 0.188023 0.008359
v -0.208074 0.171604 -0.001226
v -0.195456 0.167076 -0.070294
v -0.182794 0.180513 -0.066373
v -0.169747 0.188885 0.085641
v -0.181585 0.174484 0.107535
v -0.182540 0.197473 -0.043137
v -0.164668 0.172580 -0.120197
v -0.151827 0.177947 0.145994
v -0.158365 0.189509 -0.090405
v -0.136837 0.189009 0.138849
v -0.132313 0.189451 -0.122235
v -0.083399 0.184742 0.183464
v -0.128071 0.177358 -0.148000
v -0.167670 0.203978 0.093188
v -0.111610 0.197562 0.145731
v -0.112949 0.166806 -0.171139
v -0.089473 0.179624 -0.168229
v -0.076783 0.188895 -0.161364
v -0.068517 0.205042 0.174422
v -0.058180 0.165405 -0.197289
v -0.043992 0.175498 -0.188896
v -0.033729 0.195077 -0.183378
v -0.003240 0.164475 -0.205867
v 0.023303 0.174810 -0.191290
v 0.050093 0.185167 -0.173636
v 0.064710 0.160593 -0.195627
v 0.063250 0.173016 -0.182667
v 0.088978 0.183245 -0.161630
v 0.063250 0.173016 -0.182667
v 0.050093 0.185167 -0.173636
v 0.100108 0.169806 -0.169442
v 0.064710 0.160593 -0.195627
v 0.131866 0.157024 -0.157658
v 0.124022 0.176100 -0.140308
v 0.116901 0.152553 0.156163
v 0.072144 0.158084 0.170034
v 0.075833 0.137107 0.193663
v 0.147550 0.165284 0.105448
v 0.139736 0.139469 0.153515
v 0.152506 0.153180 0.123209
v 0.146691 0.177747 -0.110398
v 0.166351 0.155837 -0.118629
v 0.169813 0.175917 -0.069929
v 0.180291 0.164405 -0.073441
v 0.173349 0.142454 0.113913
v 0.185475 0.157561 0.058641
v 0.174394 0.169310 0.045959
v 0.185767 0.177467 -0.007498
v 0.188640 0.153343 -0.082950
v 0.199796 0.155392 -0.005137
v 0.193378 0.146428 0.074205
v 0.203210 0.148143 0.037562
v 0.204726 0.147359 -0.037464
v 0.201911 0.138404 -0.050693
v 0.196861 0.135258 0.057803
v 0.210238 0.133656 0.061335
v 0.224584 0.127699 0.044097
v 0.228693 0.129127 -0.006883
v 0.208585 0.063832 -0.166839
v 0.223026 0.014873 -0.181781
v 0.207600 0.004629 -0.198070
v 0.219029 0.130428 -0.048080
v 0.209854 0.122292 -0.087601
v 0.230588 0.108324 0.083970
v 0.208919 0.120802 0.097984
v 0.214391 0.099062 0.126031
v 0.222199 0.089963 -0.128402
v 0.208074 0.105583 -0.124939
v 0.224946 0.057008 -0.157338
v 0.209382 0.064456 0.167490
v 0.222539 0.061500 0.157143
v 0.231604 0.108654 -0.086329
v 0.238679 0.125183 -0.039207
v 0.237898 0.124416 0.038216
v 0.235106 0.059222 -0.144767
v 0.235422 0.072619 0.132545
v 0.237976 0.096109 -0.110591
v 0.240540 0.037338 0.168475
v 0.245443 0.130662 -0.058492
v 0.239506 0.020795 -0.173425
v 0.242145 0.109827 0.093504
v 0.242690 0.134137 0.006779
v -0.202658 -0.252609 -0.040735
v -0.195740 -0.266334 -0.001853
v -0.207351 -0.250375 0.012759
v -0.199123 -0.256605 0.046952
v -0.207161 -0.232383 0.052761
v -0.196607 -0.245214 0.076230
v -0.178514 -0.276444 -0.055516
v -0.168748 -0.251720 -0.112958
v -0.173609 -0.264188 0.085903
v -0.165122 -0.250370 0.122556
v -0.186149 -0.280156 0.033283
v -0.150975 -0.272882 -0.112367
v -0.164583 -0.272278 0.081482
v -0.148506 -0.272459 0.118384
v -0.114741 -0.253147 -0.167824
v -0.123543 -0.266705 -0.150482
v -0.088773 -0.268104 -0.173606
v -0.084768 -0.283499 -0.168127
v -0.029566 -0.278374 -0.186770
v -0.050081 -0.255779 -0.197014
v 0.001510 -0.295042 -0.193228
v -0.006096 -0.268741 -0.200966
v 0.021933 -0.278233 -0.191800
v 0.045818 -0.267459 -0.199515
v 0.078627 -0.284994 -0.174662
v -0.018820 -0.003715 -0.180298
v -0.052012 -0.011991 -0.175408
v -0.030612 0.006132 -0.197035
v 0.006453 -0.106362 -0.196166
v -0.055607 -0.081209 -0.175508
v 0.019754 -0.095836 -0.181680
v 0.024651 -0.015091 -0.182796
v 0.031307 -0.140273 -0.180740
v 0.057754 -0.172455 -0.188170
v -0.025714 -0.160528 -0.197545
v 0.011165 0.052810 -0.187479
v -0.009213 0.069545 -0.204731
v 0.048026 0.066781 -0.196106
v 0.010842 -0.187931 -0.183632
v 0.001577 -0.031957 -0.201978
v 0.059537 0.009300 -0.188846
v 0.018323 0.023222 -0.199136
v -0.006673 -0.052866 -0.193468
v 0.055652 -0.065166 -0.180644
v 0.025458 -0.073326 -0.198807
v 0.060120 -0.031498 -0.189412
v 0.014971 -0.044103 -0.196979
v 0.048455 -0.049553 -0.179898
v 0.068358 0.045979 -0.172056
v -0.006096 -0.268741 -0.200966
v 0.009672 -0.257283 -0.203573
v 0.045818 -0.267459 -0.199515
v 0.038228 -0.182431 -0.183591
v 0.043171 -0.003100 -0.177227
v 0.052976 -0.209799 -0.193899
v -0.024876 -0.209556 -0.200342
v 0.009743 -0.239648 -0.190352
v 0.056299 -0.251280 -0.182710
v 0.051433 -0.234230 -0.183243
v 0.071653 -0.115210 -0.185386
v 0.024799 -0.119616 -0.198968
v 0.061882 -0.192806 -0.171040
v 0.081622 0.000872 -0.167089
v 0.067771 -0.075802 -0.189365
v 0.044910 -0.088147 -0.188050
v 0.098560 -0.143882 -0.161041
v 0.081747 -0.232120 -0.173153
v 0.077790 -0.129181 -0.179972
v 0.078861 -0.010850 -0.162169
v 0.107565 -0.062360 -0.147218
v 0.078627 -0.284994 -0.174662
v 0.108129 -0.276608 -0.172095
v 0.081336 -0.097918 -0.165991
v 0.098407 -0.086978 -0.173751
v 0.106986 -0.105676 -0.152931
v 0.111115 -0.205579 -0.155758
v 0.100031 -0.245201 -0.154462
v 0.105349 -0.259613 -0.166716
v 0.106542 -0.074567 -0.165306
v 0.114128 -0.191134 -0.148405
v 0.109890 -0.171799 -0.169228
v 0.110981 0.064009 -0.161637
v 0.127084 -0.224666 -0.153734
v 0.123215 -0.009921 -0.131092
v 0.116930 -0.032832 -0.157578
v 0.119619 -0.121822 -0.160791
v 0.122707 0.007093 -0.142466
v 0.120040 0.040991 -0.139573
v 0.138784 -0.246679 -0.122505
v 0.124017 0.020409 -0.159789
v 0.142100 -0.154161 -0.118680
v 0.138539 -0.166847 -0.142472
v 0.156738 -0.058866 -0.101194
v 0.155568 -0.088826 -0.122862
v 0.141420 -0.201288 -0.114316
v 0.150774 -0.127366 -0.129266
v 0.158461 -0.179191 -0.125775
v 0.152001 -0.266358 -0.129757
v 0.162170 0.053384 -0.093595
v 0.164231 -0.029716 -0.105900
v 0.151809 -0.296012 -0.114584
v 0.166440 -0.281183 -0.118787
v 0.165673 -0.215671 -0.112423
v 0.159426 0.003067 -0.106768
v 0.156929 0.031922 -0.100043
v 0.133176 0.072339 -0.149916
v 0.159490 -0.191491 -0.108066
v 0.170960 -0.113770 -0.086398
v 0.176008 0.067000 -0.100568
v 0.173563 0.016061 -0.104187
v 0.168597 -0.013754 -0.075397
v 0.177253 -0.151115 -0.071194
v 0.178466 -0.203134 -0.064193
v 0.175558 -0.241904 -0.064859
v 0.169817 -0.254779 -0.092677
v 0.165586 -0.227533 -0.118739
v 0.189021 0.034332 -0.064536
v 0.179007 -0.129980 -0.095222
v 0.186959 -0.002128 -0.065444
v 0.183704 -0.255594 -0.053365
v 0.186207 -0.268852 -0.093665
v 0.185178 -0.064030 -0.054288
v 0.186383 -0.076952 -0.066709
v 0.185933 -0.016292 -0.055644
v 0.190448 -0.180172 -0.075729
v 0.193289 -0.227723 -0.068949
v 0.187640 0.004888 -0.078641
v 0.194728 -0.258732 -0.015247
v 0.192571 0.080073 -0.066239
v 0.174299 0.089852 -0.068347
v 0.193708 0.099662 -0.064371
v 0.203873 -0.171374 -0.062978
v 0.191332 -0.211488 -0.044580
v 0.201286 -0.113257 -0.058486
v 0.195266 -0.281750 -0.074568
v 0.200979 -0.034874 -0.061483
v 0.197855 0.059279 -0.059081
v 0.202275 -0.270194 -0.052317
v 0.202353 -0.000043 -0.055596
v 0.203096 0.081702 -0.060556
v 0.205560 -0.054857 -0.049251
v 0.208040 -0.221679 -0.043119
v 0.207482 -0.201496 -0.059062
v 0.208819 0.112194 -0.064997
v -0.199854 0.254701 -0.021869
v -0.197975 0.257843 0.045840
v -0.193744 0.273160 0.010069
v -0.178705 0.275058 -0.061199
v -0.176394 0.253326 -0.093986
v -0.181650 0.284648 0.028264
v -0.181405 0.285096 -0.027514
v -0.195617 0.305484 0.000809
v -0.183245 0.305830 -0.068629
v -0.149402 0.288753 -0.111221
v -0.141073 0.268319 -0.131775
v -0.129983 0.255446 -0.155922
v -0.109143 0.275365 -0.151249
v -0.118659 0.303520 -0.159931
v -0.071393 0.253611 -0.188539
v -0.043375 0.267883 -0.187832
v -0.079974 0.281223 -0.163738
v -0.019492 0.279680 -0.183550
v -0.004695 0.248444 -0.199828
v 0.038575 0.256316 -0.199876
v 0.033274 0.281614 -0.186464
v -0.197975 0.257843 0.045840
v -0.186745 0.273825 0.064238
v -0.193744 0.273160 0.010069
v -0.170284 0.271980 0.106985
v -0.181650 0.284648 0.028264
v -0.172398 0.285765 0.070165
v -0.125294 0.289545 0.131736
v -0.135042 0.269135 0.151735
v -0.085955 0.272633 0.184315
v -0.055753 0.297580 0.179510
v -0.025691 0.260426 0.197765
v -0.021836 0.279029 0.196410
v -0.000582 0.300983 0.191917
v 0.029922 0.271394 0.206583
v 0.068215 0.292479 0.175794
v -0.208074 0.171604 -0.001226
v -0.192361 0.160447 -0.047658
v -0.193123 0.157363 -0.004371
v -0.195456 0.167076 -0.070294
v -0.182414 0.145656 -0.029317
v -0.186754 0.145080 0.018307
v -0.162040 0.150577 -0.089378
v -0.164668 0.172580 -0.120197
v -0.149392 0.157845 -0.125915
v -0.115389 0.143996 -0.137044
v -0.112949 0.166806 -0.171139
v -0.113097 0.154066 -0.154617
v -0.075405 0.155063 -0.178299
v -0.061602 0.138769 -0.172053
v -0.058180 0.165405 -0.197289
v -0.030431 0.153974 -0.193101
v -0.000311 0.139860 -0.179265
v -0.003240 0.164475 -0.205867
v 0.013231 0.152778 -0.195756
v 0.064710 0.160593 -0.195627
v 0.060145 0.145772 -0.180350
v 0.078231 0.131696 -0.165827
v 0.103662 0.148414 -0.166692
v 0.110419 0.134267 -0.141777
v 0.131866 0.157024 -0.157658
v 0.132162 0.144509 -0.141242
v 0.145231 0.131056 -0.104399
v 0.164994 0.141717 -0.095202
v 0.166351 0.155837 -0.118629
v 0.178380 0.129809 -0.054277
v 0.188640 0.153343 -0.082950
v 0.201911 0.138404 -0.050693
v -0.208074 0.171604 -0.001226
v -0.186786 0.160626 0.056489
v -0.198779 0.177136 0.064716
v -0.193123 0.157363 -0.004371
v -0.181585 0.174484 0.107535
v -0.186754 0.145080 0.018307
v -0.154362 0.164293 0.122500
v -0.164887 0.151360 0.076846
v -0.151827 0.177947 0.145994
v -0.118016 0.159003 0.146554
v -0.083399 0.184742 0.183464
v -0.051927 0.166180 0.187413
v -0.034751 0.150645 0.184884
v -0.098427 0.147346 0.160561
v -0.020193 0.180785 0.208406
v 0.028759 0.170208 0.192831
v 0.046306 0.183768 0.202620
v 0.072144 0.158084 0.170034
v 0.092276 0.186300 0.179447
v 0.147958 0.183326 0.134842
v 0.147550 0.165284 0.105448
v 0.174261 0.177268 0.084237
v 0.174394 0.169310 0.045959
v 0.189857 0.181203 0.041919
v 0.185767 0.177467 -0.007498
v 0.197880 0.190129 0.064424
v 0.207251 0.191687 0.002358
v -0.201524 -0.336076 -0.017533
v -0.205780 -0.340003 0.035420
v -0.191479 -0.328746 0.050906
v -0.191198 -0.347226 -0.065579
v -0.186417 -0.326316 -0.044252
v -0.196442 -0.310515 -0.006821
v -0.178255 -0.318944 -0.072363
v -0.185805 -0.318798 0.006112
v -0.177054 -0.318636 0.050478
v -0.138968 -0.344180 -0.144505
v -0.164301 -0.360136 -0.096842
v -0.149896 -0.316381 -0.116333
v -0.099002 -0.327657 -0.164934
v -0.064344 -0.345525 -0.196046
v -0.072331 -0.357640 -0.187840
v -0.047195 -0.327081 -0.188162
v -0.015908 -0.358440 -0.202925
v -0.024117 -0.340424 -0.194542
v 0.020767 -0.332994 -0.193728
v 0.033324 -0.353020 -0.196803
v 0.046531 -0.367820 -0.200585
v -0.191479 -0.328746 0.050906
v -0.205780 -0.340003 0.035420
v -0.187623 -0.337179 0.088120
v -0.152645 -0.317702 0.107363
v -0.136112 -0.334624 0.152030
v -0.177054 -0.318636 0.050478
v -0.114686 -0.320484 0.154111
v -0.104334 -0.310216 0.147878
v -0.070286 -0.329265 0.191665
v -0.059299 -0.309773 0.173185
v -0.010101 -0.319428 0.197282
v 0.012211 -0.299881 0.183921
v 0.059585 -0.305808 0.175666
v 0.046843 -0.323077 0.198198
v 0.109931 -0.321353 0.170527
v 0.103148 -0.302387 0.154834
v 0.138021 -0.304080 0.124759
v 0.150174 -0.327472 0.128084
v 0.181415 -0.307547 0.067392
v 0.182661 -0.318167 0.095421
v -0.200959 -0.385149 0.045066
v -0.204823 -0.388845 -0.008637
v -0.182991 -0.401452 0.047844
v -0.187355 -0.405778 -0.020838
v -0.187843 -0.395274 -0.068636
v -0.161034 -0.412033 -0.083981
v -0.163804 -0.387191 -0.119673
v -0.158686 -0.401794 -0.111302
v -0.142501 -0.393202 -0.145503
v -0.120735 -0.409425 -0.140478
v -0.096823 -0.394194 -0.178719
v -0.059095 -0.408492 -0.183993
v -0.082747 -0.418183 -0.164180
v -0.012502 -0.403120 -0.204457
v -0.012096 -0.420439 -0.185617
v -0.059353 -0.385191 -0.187938
v 0.052462 -0.419240 -0.190755
v 0.051625 -0.406584 -0.202299
v 0.082604 -0.435001 -0.167179
v 0.015302 -0.438926 -0.198535
v 0.094929 -0.413296 -0.184024
v 0.143492 -0.412863 -0.148411
v 0.141269 -0.432213 -0.121678
v 0.176365 -0.423518 -0.087859
v 0.165904 -0.434920 -0.074003
v 0.178518 -0.411828 -0.105152
v 0.026665 -0.431013 0.196313
v 0.059247 -0.423323 0.182991
v 0.085279 -0.404673 0.179978
v 0.088851 -0.426208 0.162208
v 0.103898 -0.417182 0.163803
v 0.128338 -0.423156 0.134189
v 0.126897 -0.397264 0.149854
v 0.152349 -0.430031 0.106305
v 0.155992 -0.415221 0.117366
v 0.175931 -0.403600 0.103385
v 0.178138 -0.417161 0.078158
v 0.172129 -0.429288 0.058081
v 0.165904 -0.434920 -0.074003
v 0.176365 -0.423518 -0.087859
v 0.182824 -0.426522 -0.051206
v 0.175530 -0.433871 -0.033654
v 0.191099 -0.418522 0.039842
v 0.179805 -0.430661 0.013887
v 0.192607 -0.421978 -0.006478
v 0.195278 -0.407007 0.061798
v 0.199699 -0.409192 -0.050314
v 0.178518 -0.411828 -0.105152
v 0.205857 -0.406698 0.013882
v 0.254911 0.146941 -0.034075
v 0.252134 0.136516 0.069510
v 0.260957 0.143274 0.026823
v 0.253644 0.082834 0.157060
v 0.254835 0.039575 0.188644
v 0.264036 0.053859 0.169525
v 0.257929 0.113874 0.114410
v 0.262358 0.128941 0.073309
v 0.270266 0.083683 0.135859
v 0.268698 0.136271 -0.002175
v 0.267897 0.132788 -0.043686
v 0.271728 0.112143 -0.090262
v 0.254561 0.123831 -0.103147
v 0.268346 0.089539 -0.129639
v 0.253097 0.095931 -0.143443
v 0.258664 0.072222 -0.162516
v 0.272255 0.114815 0.078693
v 0.278934 0.126818 0.035638
v 0.281470 0.057082 0.151462
v 0.287535 0.124580 -0.061243
v 0.287326 0.134553 -0.013778
v 0.277837 0.061906 -0.150175
v 0.287392 0.124119 0.067818
v 0.283684 0.095922 0.111849
v 0.288463 0.110042 -0.103052
v 0.282787 0.084360 -0.126722
v 0.253596 -0.143854 0.179273
v 0.268717 -0.094033 0.184214
v 0.253749 -0.088209 0.203499
v 0.265775 -0.030224 0.196015
v 0.251439 -0.011292 0.204709
v 0.263538 0.022172 0.186018
v 0.254835 0.039575 0.188644
v 0.267023 -0.151088 0.155647
v 0.253762 -0.180553 0.147380
v 0.265663 -0.181748 0.123467
v 0.255069 -0.211487 0.107147
v 0.256072 -0.229536 0.057167
v 0.261871 -0.209117 0.087477
v 0.264036 0.053859 0.169525
v 0.279062 -0.212047 0.046233
v 0.278091 -0.030405 0.184738
v 0.281368 -0.198890 0.088351
v 0.275943 0.017763 0.172343
v 0.280281 -0.169375 0.131763
v 0.283099 -0.139184 0.159604
v 0.281470 0.057082 0.151462
v 0.284050 -0.073147 0.186310
v 0.288999 -0.100458 0.186815
v 0.304115 0.150422 -0.008382
v 0.300214 0.149315 0.036875
v 0.313872 0.134098 0.041245
v 0.301946 -0.030239 0.215371
v 0.300239 -0.078319 0.213947
v 0.314653 -0.044411 0.199497
v 0.315704 -0.101400 0.191783
v 0.309790 0.069624 0.160269
v 0.298810 0.074344 0.167175
v 0.302355 0.023495 0.199611
v 0.302793 0.112337 0.126640
v 0.304959 0.133408 0.080538
v 0.311108 0.109278 0.112181
v 0.299774 0.147074 -0.045675
v 0.312523 0.131004 -0.053890
v 0.301476 0.125148 -0.104401
v 0.311908 0.010179 0.193247
v 0.316103 0.106658 -0.102936
v 0.321890 0.091796 0.120549
v 0.319267 0.132391 -0.000996
v 0.318859 0.024113 0.175876
v 0.325002 0.062244 0.150962
v 0.325113 0.117621 -0.064371
v 0.327697 -0.017768 0.190571
v 0.325217 0.116705 0.079072
v 0.332138 -0.077286 0.191750
v 0.330695 0.026437 0.175711
v 0.330803 0.130166 0.034593
v 0.335097 0.093678 -0.125931
v 0.332860 0.132811 -0.032277
v 0.300239 -0.078319 0.213947
v 0.301165 -0.131182 0.197050
v 0.315704 -0.101400 0.191783
v 0.308411 -0.195964 0.126231
v 0.304102 -0.173721 0.162337
v 0.300910 -0.213902 0.119431
v 0.308810 -0.222988 -0.068494
v 0.300879 -0.243730 -0.027759
v 0.299399 -0.230680 -0.082009
v 0.308621 -0.200172 -0.118196
v 0.301309 -0.199841 -0.137464
v 0.313164 -0.224839 0.056520
v 0.301946 -0.236145 0.070089
v 0.299745 -0.244625 0.028859
v 0.314177 -0.231239 -0.008812
v 0.321830 -0.207752 0.088799
v 0.326357 -0.202173 -0.097559
v 0.319883 -0.138726 0.167449
v 0.317478 -0.177653 0.136747
v 0.330601 -0.220699 -0.050754
v 0.335277 -0.193470 0.122868
v 0.332264 -0.163985 0.151780
v 0.329664 -0.179671 -0.130425
v 0.334532 -0.231792 -0.011712
v 0.333466 -0.124937 0.176320
v 0.335803 -0.222952 0.052528
v 0.332138 -0.077286 0.191750
vn -0.9597 0.0390 0.2782
vn -0.9978 -0.0149 0.0642
vn -0.9163 -0.0896 0.3904
vn -0.9985 0.0535 -0.0140
vn -0.9825 0.1794 0.0491
vn -0.9351 0.3510 -0.0479
vn -0.9499 -0.1850 0.2520
vn -0.9967 0.0537 0.0613
vn -0.9110 0.2819 0.3011
vn -0.9989 -0.0277 0.0368
vn -0.9491 -0.2802 0.1440
vn -1.0000 -0.0010 -0.0072
vn -0.9390 0.2941 0.1783
vn -0.9998 0.0175 0.0133
vn -1.0000 0.0028 -0.0044
vn -1.0000 0.0003 -0.0007
vn -0.9962 -0.0852 0.0162
vn -1.0000 0.0042 -0.0018
vn -1.0000 0.0022 0.0023
vn -0.9028 -0.4279 -0.0433
vn -1.0000 -0.0005 0.0018
vn -0.9992 -0.0404 -0.0062
vn -0.9388 0.3215 -0.1239
vn -0.9996 0.0174 -0.0236
vn -0.9974 -0.0663 -0.0294
vn -0.9999 0.0006 -0.0169
vn -0.9223 -0.3469 -0.1703
vn -0.9710 0.1961 -0.1367
vn -0.9967 0.0168 -0.0790
vn -0.9980 -0.0121 -0.0622
vn -0.9719 0.0102 -0.2350
vn -0.9507 0.1589 -0.2664
vn -0.9250 -0.2321 -0.3008
vn -0.9443 -0.0734 -0.3208
vn -0.8020 0.5810 0.1386
vn -0.3303 0.8676 0.3718
vn -0.2305 0.9390 -0.2553
vn -0.8454 0.4131 -0.3386
vn -0.2935 0.8246 -0.4837
vn -0.8998 -0.3405 -0.2728
vn -0.6556 -0.4845 -0.5792
vn -0.2340 -0.1115 0.9658
vn -0.2585 0.2172 0.9413
vn -0.3315 0.5124 0.7922
vn -0.0110 -0.5255 0.8507
vn 0.0744 0.7882 0.6109
vn -0.2019 -0.7491 0.6310
vn -0.6439 -0.7493 0.1544
vn -0.0649 0.9964 0.0541
vn -0.2529 -0.9156 -0.3125
vn -0.9028 -0.4279 -0.0432
vn -0.9222 -0.3470 -0.1704
vn -0.4309 0.6101 -0.6649
vn -0.7739 -0.3279 -0.5418
vn -0.3592 0.3592 -0.8614
vn 0.2074 -0.7125 -0.6703
vn -0.9720 0.0102 -0.2350
vn -0.4133 0.1056 -0.9044
vn -0.2642 -0.1452 -0.9535
vn 0.1324 -0.9912 -0.0020
vn -0.4134 0.1055 -0.9044
vn -0.9250 -0.2321 -0.3009
vn -0.2020 -0.7491 0.6309
vn -0.6439 -0.7494 0.1544
vn 0.5090 -0.8058 0.3025
vn 0.1324 -0.9912 -0.0021
vn -0.2530 -0.9156 -0.3125
vn 0.1020 -0.9888 -0.1093
vn 0.0996 -0.7628 0.6389
vn 0.0704 -0.2771 0.9583
vn -0.2341 -0.1116 0.9658
vn -0.2691 -0.9391 0.2138
vn 0.0456 -0.5769 0.8156
vn -0.1475 -0.0021 0.9891
vn -0.3587 -0.8665 -0.3471
vn 0.2316 0.3065 0.9232
vn -0.5509 0.4998 0.6683
vn 0.3767 0.5341 0.7569
vn 0.3791 0.6487 0.6599
vn -0.7188 -0.1025 0.6876
vn 0.0703 -0.2771 0.9583
vn -0.0617 0.9786 -0.1964
vn -0.0086 0.9817 0.1904
vn -0.5800 0.8146 -0.0096
vn -0.0598 0.9816 0.1812
vn -0.2676 0.8384 0.4748
vn -0.2676 0.8916 0.3654
vn -0.1651 0.8646 -0.4747
vn 0.2085 0.7831 -0.5860
vn -0.3672 0.5723 -0.7333
vn -0.3570 0.2760 0.8924
vn 0.0445 0.9673 -0.2497
vn -0.5409 -0.4514 0.7096
vn 0.5754 0.6719 0.4664
vn 0.5454 0.0701 0.8352
vn 0.2745 -0.3287 0.9036
vn 0.2652 0.4414 0.8572
vn -0.3149 0.7021 0.6387
vn -0.1602 0.5365 -0.8285
vn 0.0456 -0.5768 0.8156
vn -0.5409 -0.4515 0.7096
vn -0.4036 -0.9127 -0.0649
vn -0.3586 -0.8666 -0.3470
vn -0.1919 -0.3842 -0.9031
vn -0.4969 -0.4817 -0.7219
vn 0.1807 -0.6233 -0.7608
vn -0.0175 -0.0648 -0.9977
vn -0.6151 -0.2887 -0.7336
vn -0.5133 -0.6688 -0.5378
vn -0.4146 -0.7661 0.4911
vn 0.1330 0.3126 -0.9405
vn -0.1944 0.2089 -0.9584
vn -0.3671 0.5722 -0.7333
vn 0.4158 -0.6458 0.6403
vn 0.1975 -0.1214 -0.9728
vn -0.1874 -0.9414 0.2804
vn 0.0250 -0.9458 -0.3238
vn -0.4054 -0.7394 -0.5376
vn 0.6509 -0.2960 -0.6991
vn -0.1602 0.5366 -0.8285
vn -0.4054 -0.7393 -0.5377
vn 0.7405 -0.4260 -0.5197
vn 0.6510 -0.2959 -0.6990
vn -0.4146 -0.7661 0.4910
vn -0.1875 -0.9414 0.2804
vn 0.6808 -0.6538 0.3302
vn 0.4389 -0.7395 0.5104
vn -0.4035 -0.9127 -0.0649
vn 0.6727 -0.7383 0.0487
vn 0.0249 -0.9458 -0.3238
vn 0.8150 -0.4945 -0.3020
vn 0.2084 0.7831 -0.5859
vn 0.6196 0.3633 -0.6958
vn -0.1944 0.2090 -0.9584
vn 0.2945 0.0483 -0.9544
vn 0.1974 -0.1214 -0.9728
vn 0.6476 -0.7443 -0.1634
vn 0.7094 -0.4825 -0.5138
vn -0.0867 -0.9959 0.0258
vn 0.2338 0.7178 -0.6558
vn -0.0198 -0.3964 -0.9179
vn 0.1876 -0.9409 0.2820
vn -0.5327 -0.8071 -0.2544
vn 0.3290 -0.8078 -0.4891
vn -0.4992 0.4204 -0.7576
vn -0.6161 -0.5846 -0.5278
vn 0.5596 -0.4472 0.6977
vn 0.4158 -0.6458 0.6404
vn 0.2746 -0.3287 0.9036
vn 0.4682 -0.1866 0.8637
vn 0.6326 0.2089 0.7457
vn -0.3569 0.2760 0.8924
vn 0.6207 0.4929 0.6097
vn -0.3149 0.7021 0.6386
vn 0.5755 0.6718 0.4664
vn 0.7290 0.6494 0.2163
vn -0.2677 0.8916 0.3653
vn 0.0228 0.9229 -0.3843
vn 0.2085 0.7831 -0.5859
vn 0.0444 0.9673 -0.2496
vn -0.0599 0.9816 0.1813
vn -0.1165 0.9877 0.1047
vn 0.3125 0.7673 0.5600
vn 0.5316 0.7763 0.3387
vn -0.4320 -0.6109 0.6635
vn 0.6326 0.2089 0.7458
vn 0.4681 -0.1866 0.8637
vn -0.5236 0.1486 0.8389
vn -0.6655 -0.1159 0.7374
vn -0.3385 0.3671 0.8664
vn -0.5624 0.5600 0.6084
vn 0.3125 0.7672 0.5601
vn 0.5315 0.7764 0.3387
vn -0.6127 0.7084 0.3505
vn -0.7197 -0.3177 0.6173
vn -0.0558 0.4456 0.8935
vn 0.0204 0.7541 0.6564
vn -0.1166 0.9877 0.1046
vn 0.2599 -0.3242 0.9096
vn 0.0514 0.0725 0.9960
vn 0.0064 0.9259 0.3777
vn 0.0626 0.9963 0.0586
vn -0.4993 0.4204 -0.7576
vn 0.2339 0.7178 -0.6557
vn -0.7032 0.6961 -0.1446
vn 0.0229 0.9229 -0.3843
vn -0.7661 0.4994 -0.4045
vn -0.2571 0.1893 -0.9477
vn -0.6788 -0.1115 -0.7258
vn -0.0197 -0.3963 -0.9179
vn -0.5874 0.7316 -0.3460
vn -0.7666 -0.3824 -0.5158
vn 0.0626 0.9963 0.0587
vn 0.0516 0.7797 -0.6240
vn -0.3600 0.5255 -0.7709
vn 0.3696 0.8884 -0.2722
vn -0.4256 -0.3512 -0.8340
vn 0.4469 -0.0238 -0.8943
vn -0.7254 -0.6784 0.1167
vn 0.1877 -0.9409 0.2819
vn -0.0866 -0.9959 0.0258
vn -0.6161 -0.5847 -0.5278
vn 0.5597 -0.4472 0.6977
vn 0.4389 -0.7394 0.5104
vn -0.5939 -0.6831 0.4251
vn -0.7630 -0.5575 -0.3272
vn -0.7197 -0.3178 0.6172
vn 0.4681 -0.1865 0.8638
vn -0.0198 -0.3963 -0.9179
vn -0.5328 -0.8071 -0.2544
vn -0.3942 -0.9090 -0.1353
vn 0.2857 -0.7695 0.5712
vn -0.2855 -0.8195 -0.4969
vn 0.0450 -0.6479 0.7604
vn 0.4724 -0.8800 0.0493
vn 0.2599 -0.3243 0.9096
vn -0.0851 -0.9203 0.3819
vn 0.1881 -0.6842 -0.7047
vn -0.3601 0.5255 -0.7708
vn 0.6885 0.2882 -0.6655
vn -0.2572 0.1893 -0.9476
vn 0.0625 0.9963 0.0587
vn 0.0063 0.9259 0.3777
vn 0.5898 0.7997 0.1120
vn 0.6938 0.6073 -0.3871
vn 0.0516 0.7798 -0.6239
vn -0.5873 0.7317 -0.3460
vn 0.6945 0.5043 -0.5132
vn 0.5835 0.7933 -0.1736
vn 0.1990 0.2315 -0.9523
vn 0.4141 0.7980 -0.4378
vn 0.4470 -0.0237 -0.8942
vn -0.2433 0.9349 0.2584
vn 0.1611 0.9854 -0.0552
vn -0.0287 0.6573 -0.7531
vn 0.5142 -0.1778 -0.8390
vn -0.4901 0.8336 -0.2545
vn -0.7007 0.6098 -0.3703
vn 0.3122 -0.9095 0.2745
vn -0.0851 -0.9202 0.3820
vn 0.2858 -0.7695 0.5711
vn 0.7117 -0.6853 -0.1544
vn -0.2856 -0.8195 -0.4969
vn 0.1881 -0.6841 -0.7047
vn 0.6648 -0.5584 -0.4963
vn 0.7737 -0.3069 -0.5542
vn -0.4256 -0.3512 -0.8339
vn 0.6896 -0.6350 -0.3482
vn 0.4470 -0.0238 -0.8942
vn 0.6285 -0.7778 0.0058
vn 0.2670 -0.9560 -0.1218
vn 0.3747 -0.8803 -0.2909
vn 0.1083 -0.6021 -0.7910
vn 0.3839 -0.8087 -0.4456
vn -0.2482 -0.8091 0.5326
vn -0.6871 -0.6352 -0.3526
vn -0.6821 -0.7252 -0.0942
vn -0.1360 -0.9728 0.1875
vn 0.1161 -0.1462 0.9824
vn 0.0513 0.0725 0.9961
vn 0.4412 0.1954 0.8759
vn 0.3878 0.4891 0.7813
vn -0.0559 0.4455 0.8935
vn 0.0383 0.8048 0.5923
vn 0.0449 -0.6479 0.7604
vn 0.1180 -0.5608 0.8195
vn 0.2857 -0.7696 0.5711
vn -0.2432 0.9349 0.2585
vn -0.5289 0.4606 0.7129
vn -0.4851 0.4090 -0.7729
vn 0.1991 0.2315 -0.9522
vn -0.0287 0.6574 -0.7530
vn 0.1084 -0.6021 -0.7910
vn -0.7731 -0.2263 -0.5925
vn -0.6375 0.0090 -0.7704
vn 0.1073 0.2366 -0.9657
vn -0.7007 0.6098 -0.3702
vn -0.8268 -0.3874 -0.4078
vn -0.6872 -0.6352 -0.3527
vn -0.7993 0.0132 -0.6007
vn -0.1359 -0.9728 0.1874
vn 0.3121 -0.9095 0.2744
vn -0.6822 -0.7251 -0.0942
vn -0.7953 -0.2819 -0.5367
vn -0.2184 0.9187 -0.3292
vn -0.4901 0.8336 -0.2546
vn -0.6826 0.5567 -0.4735
vn -0.3761 -0.9080 -0.1845
vn 0.0569 -0.0593 -0.9966
vn -0.0621 -0.8394 -0.5400
vn 0.5217 -0.5687 -0.6359
vn 0.4764 0.5593 -0.6784
vn 0.7195 -0.2525 -0.6469
vn -0.5289 0.4606 0.7128
vn 0.4412 0.1955 0.8758
vn -0.6594 0.1420 0.7382
vn -0.3178 0.9395 -0.1280
vn -0.4902 0.8336 -0.2546
vn 0.1162 -0.1462 0.9824
vn 0.1180 -0.5609 0.8195
vn -0.2845 -0.2975 0.9114
vn -0.4633 -0.6602 0.5912
vn 0.0191 0.9921 0.1239
vn -0.5153 -0.4421 0.7341
vn -0.7871 -0.5563 0.2665
vn -0.0947 0.7739 0.6263
vn 0.0384 0.8048 0.5924
vn -0.1032 0.9272 0.3601
vn 0.0024 -0.0971 0.9953
vn -0.5124 0.3345 0.7909
vn 0.2281 0.2065 0.9515
vn 0.5023 -0.7694 0.3947
vn 0.1433 0.6104 0.7790
vn 0.6220 -0.4234 0.6587
vn -0.4633 -0.6603 0.5911
vn -0.3761 -0.9080 -0.1846
vn 0.4630 -0.8863 0.0053
vn -0.1360 -0.9728 0.1874
vn 0.4027 -0.7319 0.5497
vn 0.5024 -0.7693 0.3947
vn 0.4171 -0.8666 0.2738
vn 0.7558 -0.6075 -0.2442
vn 0.5088 -0.4219 -0.7504
vn 0.7196 -0.2524 -0.6469
vn 0.3356 -0.7708 -0.5415
vn 0.5967 -0.0364 -0.8016
vn 0.2282 0.2065 0.9515
vn 0.2541 0.1860 0.9491
vn 0.3457 -0.3599 0.8666
vn 0.1771 -0.5517 0.8150
vn 0.2530 -0.9281 -0.2732
vn -0.2459 -0.1647 0.9552
vn -0.3505 -0.9322 0.0898
vn -0.2184 0.9187 -0.3291
vn 0.4874 0.7595 -0.4309
vn -0.6826 0.5567 -0.4734
vn 0.6114 0.3615 0.7040
vn 0.1433 0.6103 0.7791
vn -0.5124 0.3344 0.7909
vn 0.2484 0.6390 0.7280
vn -0.0947 0.7738 0.6263
vn 0.0422 0.8889 0.4561
vn -0.1033 0.9272 0.3601
vn -0.4850 0.4090 -0.7729
vn 0.1795 0.4994 -0.8476
vn 0.2282 0.2066 0.9515
vn 0.2541 0.1861 0.9491
vn 0.0190 0.9921 0.1239
vn 0.6642 0.7453 -0.0575
vn 0.3281 0.9252 -0.1908
vn 0.5967 -0.0364 -0.8017
vn 0.0568 -0.0593 -0.9966
vn 0.3691 0.9174 0.1489
vn -0.1291 0.9269 -0.3523
vn 0.1783 0.7585 -0.6269
vn -0.2245 0.4358 0.8716
vn -0.2545 0.1949 -0.9472
vn -0.5092 0.8603 -0.0234
vn -0.4650 -0.1389 -0.8744
vn -0.5857 0.7834 0.2079
vn 0.1783 0.7585 -0.6268
vn -0.4230 0.7575 -0.4973
vn -0.0950 0.6506 -0.7534
vn -0.0961 0.6799 0.7270
vn -0.0639 0.9724 0.2244
vn -0.1147 0.9433 -0.3115
vn -0.1874 0.8699 0.4562
vn 0.3157 0.8165 -0.4833
vn 0.0199 0.1090 0.9938
vn 0.2776 0.4028 0.8722
vn 0.3079 0.9511 -0.0247
vn -0.9719 0.1443 -0.1860
vn -0.9136 -0.3589 -0.1909
vn -0.9698 0.0470 0.2394
vn -0.9231 0.0770 -0.3768
vn -0.5675 -0.7917 -0.2261
vn -0.9237 0.1365 -0.3581
vn -0.8282 0.5587 -0.0443
vn -0.6522 0.7221 -0.2307
vn -0.9186 0.0764 -0.3878
vn -0.7486 -0.5750 -0.3301
vn -0.9133 0.1353 -0.3842
vn -0.4297 0.8707 -0.2393
vn -0.8680 -0.2294 -0.4405
vn -0.9093 0.0725 -0.4097
vn -0.8318 0.1755 -0.5266
vn -0.6715 0.0644 -0.7382
vn -0.4442 0.6976 -0.5622
vn -0.4603 0.1176 -0.8799
vn -0.4830 -0.5559 -0.6765
vn -0.4162 0.0718 -0.9064
vn -0.2902 -0.6776 -0.6757
vn -0.3949 0.1882 -0.8992
vn -0.3897 0.0889 -0.9166
vn -0.1755 0.9289 -0.3262
vn -0.3876 -0.1164 -0.9145
vn -0.3760 0.0752 -0.9236
vn -0.2475 -0.7030 -0.6668
vn -0.1971 0.7406 -0.6423
vn -0.3399 0.1357 -0.9306
vn -0.1487 -0.8432 -0.5167
vn 0.0068 0.1068 -0.9943
vn 0.0621 0.2539 -0.9652
vn -0.0121 0.0703 -0.9974
vn 0.2247 -0.3224 -0.9196
vn 0.3504 0.0798 -0.9332
vn 0.1872 0.8583 -0.4778
vn 0.3554 0.1218 -0.9267
vn 0.2003 -0.8506 -0.4862
vn 0.3163 0.5477 -0.7746
vn 0.3904 0.0934 -0.9159
vn 0.3971 -0.2009 -0.8955
vn 0.3848 0.1465 -0.9113
vn 0.3857 -0.5938 -0.7061
vn 0.4460 0.0583 -0.8932
vn 0.1036 0.9075 -0.4070
vn 0.5315 0.1085 -0.8401
vn 0.5924 0.4246 -0.6847
vn 0.7524 0.0742 -0.6545
vn 0.6877 -0.4506 -0.5692
vn -0.9719 0.1443 -0.1859
vn -0.9698 0.0471 0.2394
vn -0.9396 0.1410 0.3118
vn -0.9235 0.0602 0.3790
vn -0.5798 -0.7910 0.1951
vn -0.7115 0.6483 0.2711
vn -0.3881 -0.9091 0.1512
vn -0.9176 0.1047 0.3836
vn -0.9233 0.0626 0.3790
vn -0.9013 0.0827 0.4252
vn -0.6436 -0.6870 0.3373
vn -0.8989 0.1376 0.4160
vn -0.5409 -0.6762 0.5003
vn -0.5185 0.8138 0.2625
vn -0.8144 0.0451 0.5785
vn -0.6474 0.1160 0.7533
vn -0.7567 0.3107 0.5753
vn -0.4516 0.0861 0.8881
vn -0.4674 0.3011 0.8312
vn -0.1207 0.9835 0.1346
vn -0.4011 0.1322 0.9065
vn -0.3108 -0.7399 0.5966
vn -0.4000 0.1047 0.9105
vn -0.3819 0.0537 0.9227
vn -0.1800 0.8853 0.4288
vn -0.1406 -0.9372 0.3191
vn -0.3922 0.1226 0.9117
vn -0.3788 0.1020 0.9199
vn -0.2485 0.6956 0.6741
vn -0.3957 0.0425 0.9174
vn -0.2097 -0.8473 0.4881
vn -0.3028 0.3591 0.8828
vn -0.1812 -0.7874 0.5892
vn -0.3175 0.0688 0.9458
vn -0.0169 0.1174 0.9929
vn 0.1475 0.1747 0.9735
vn 0.0938 0.8393 0.5355
vn 0.1321 -0.4299 0.8931
vn 0.1606 0.1129 0.9805
vn 0.3583 0.1163 0.9263
vn 0.3500 0.1179 0.9293
vn 0.3358 -0.3915 0.8567
vn 0.2680 0.6961 0.6661
vn 0.3644 -0.4951 0.7887
vn 0.3903 0.1596 0.9067
vn 0.3896 0.0788 0.9176
vn 0.4287 0.1258 0.8947
vn 0.3375 0.7371 0.5854
vn 0.1807 -0.9009 0.3946
vn 0.4188 -0.1927 0.8874
vn 0.4361 0.0910 0.8953
vn 0.7598 -0.1490 0.6328
vn 0.7909 0.2362 0.5645
vn 0.7003 0.1294 0.7020
vn -0.0996 -0.9950 -0.0071
vn -0.5799 -0.7910 0.1951
vn -0.0342 -0.9994 -0.0068
vn -0.0179 -0.9998 0.0050
vn -0.0356 -0.9993 -0.0068
vn -0.0091 -1.0000 0.0004
vn -0.0336 -0.9994 0.0009
vn -0.6437 -0.6870 0.3373
vn -0.0520 -0.9980 -0.0352
vn -0.8680 -0.2295 -0.4404
vn -0.0323 -0.9973 0.0657
vn -0.5409 -0.6761 0.5003
vn -0.4830 -0.5559 -0.6766
vn -0.2199 -0.9751 0.0297
vn -0.0332 -0.9991 -0.0265
vn -0.4206 -0.9072 -0.0128
vn -0.3140 -0.9396 -0.1362
vn -0.0218 -0.9995 -0.0246
vn -0.8016 -0.5355 -0.2659
vn -0.2903 -0.6776 -0.6758
vn -0.8393 -0.5421 -0.0400
vn -0.8487 -0.4837 0.2139
vn -0.2845 -0.9519 0.1135
vn -0.0353 -0.9974 0.0634
vn -0.0024 -1.0000 -0.0029
vn -0.3108 -0.7399 0.5967
vn -0.6668 -0.5762 0.4726
vn -0.2942 -0.9408 0.1686
vn -0.9947 -0.0477 0.0911
vn -0.9892 -0.1164 -0.0889
vn -0.6208 -0.6181 -0.4823
vn -0.2070 -0.9563 -0.2064
vn -0.8902 0.0468 0.4531
vn -0.7734 -0.2900 -0.5637
vn -0.6755 0.1682 0.7179
vn -0.2838 -0.8845 0.3703
vn -0.0136 -0.9996 -0.0253
vn -0.0291 -0.9968 -0.0745
vn 0.0039 -0.9999 -0.0104
vn -0.2952 -0.8568 -0.4228
vn -0.2475 -0.7029 -0.6669
vn -0.3590 -0.5607 -0.7461
vn -0.1140 -0.9181 0.3796
vn -0.4067 -0.1071 0.9072
vn -0.0003 -1.0000 0.0053
vn 0.0102 -0.9992 -0.0390
vn -0.2097 -0.8473 0.4880
vn -0.0227 -0.9766 0.2140
vn -0.0183 -0.9248 -0.3799
vn -0.0207 -0.4890 0.8721
vn -0.0571 -0.9150 -0.3993
vn -0.1812 -0.7873 0.5893
vn 0.0652 -0.7297 -0.6806
vn -0.1488 -0.8432 -0.5167
vn -0.0021 -0.9998 -0.0185
vn 0.0072 -0.9995 -0.0324
vn 0.0314 -0.9866 0.1599
vn -0.0028 -0.9999 0.0110
vn 0.1322 -0.4299 0.8931
vn -0.0108 -0.9971 -0.0756
vn 0.0729 -0.9723 -0.2220
vn 0.3357 -0.3915 0.8567
vn -0.0102 -0.9994 0.0317
vn -0.0001 -0.9999 -0.0108
vn -0.0040 -0.9994 -0.0351
vn -0.0086 -0.9999 -0.0150
vn 0.1830 -0.9597 0.2131
vn 0.0470 -0.9956 -0.0807
vn 0.0444 -0.9978 -0.0484
vn 0.2133 -0.9211 -0.3258
vn 0.3971 -0.2010 -0.8955
vn 0.1806 -0.9010 0.3945
vn 0.3858 -0.5937 -0.7061
vn -0.0088 -0.9999 -0.0140
vn 0.2569 -0.9527 -0.1623
vn 0.0744 -0.9946 0.0725
vn 0.2140 -0.9685 0.1271
vn 0.4188 -0.1928 0.8874
vn 0.0752 -0.9966 -0.0331
vn 0.1646 -0.9856 -0.0380
vn 0.0057 -0.9999 0.0086
vn 0.6877 -0.4505 -0.5693
vn 0.0493 -0.9988 0.0040
vn 0.5290 -0.8486 0.0069
vn 0.7599 -0.1490 0.6328
vn 0.1938 -0.9789 0.0650
vn 0.4138 -0.8878 0.2016
vn 0.0342 -0.9993 0.0134
vn 0.4896 -0.8373 -0.2434
vn 0.6736 -0.6781 0.2940
vn 0.0586 -0.9982 -0.0144
vn 0.5892 -0.7758 0.2257
vn 0.7741 -0.5272 -0.3504
vn 0.8827 -0.3057 -0.3568
vn 0.6259 -0.7796 0.0229
vn 0.7890 -0.1393 0.5984
vn 0.0198 0.1090 0.9938
vn -0.1245 -0.2899 0.9489
vn 0.8112 -0.3141 0.4932
vn -0.4076 -0.5575 0.7232
vn 0.1053 -0.7832 0.6128
vn -0.0962 0.6799 0.7270
vn 0.6218 0.6919 0.3670
vn 0.6435 0.7534 0.1358
vn -0.0640 0.9724 0.2244
vn -0.1147 0.9433 -0.3114
vn 0.5119 0.8458 -0.1500
vn 0.2775 0.4027 0.8722
vn 0.5075 0.6271 0.5909
vn 0.8274 -0.4312 0.3598
vn -0.0822 -0.9035 0.4206
vn 0.8606 -0.4518 0.2349
vn 0.8615 -0.5074 0.0196
vn 0.6592 -0.7384 0.1422
vn -0.4831 -0.8756 0.0002
vn 0.7632 -0.6366 -0.1110
vn 0.5280 -0.8477 -0.0524
vn 0.4127 -0.2973 0.8610
vn 0.0144 0.5334 0.8457
vn -0.1832 0.8819 0.4344
vn 0.5908 -0.7805 0.2047
vn 0.3344 0.2867 0.8977
vn 0.3646 0.0689 0.9286
vn 0.3676 -0.5514 0.7489
vn 0.4520 -0.7428 0.4940
vn -0.2646 0.9568 0.1204
vn -0.4348 0.6836 0.5863
vn 0.3158 0.8165 -0.4834
vn 0.0075 0.7111 -0.7031
vn -0.1331 -0.3261 -0.9359
vn 0.8011 -0.3716 -0.4692
vn -0.0418 -0.6146 -0.7877
vn 0.5008 0.4159 -0.7591
vn 0.1229 0.3689 -0.9213
vn 0.8335 -0.5133 -0.2044
vn 0.5280 -0.8476 -0.0523
vn -0.3394 -0.8857 -0.3169
vn 0.2888 -0.7973 -0.5301
vn 0.7936 -0.2364 -0.5606
vn 0.7160 0.0927 -0.6919
vn 0.7468 -0.0789 -0.6603
vn -0.4653 0.0229 -0.8849
vn 0.8324 -0.4575 -0.3127
vn 0.5119 0.8458 -0.1501
vn 0.4556 -0.3981 -0.7962
vn -0.0262 0.1729 -0.9846
vn 0.1935 -0.7398 -0.6444
vn 0.1367 -0.9108 -0.3896
vn 0.0970 -0.1265 -0.9872
vn -0.1554 0.9144 -0.3737
vn 0.1936 -0.7398 -0.6444
vn 0.4556 -0.3980 -0.7963
vn -0.5297 -0.5489 -0.6466
vn 0.0074 0.7111 -0.7031
vn -0.5429 0.3546 -0.7613
vn -0.5354 -0.2967 -0.7908
vn -0.1555 0.9144 -0.3737
vn -0.5745 0.7009 -0.4226
vn -0.0910 0.6730 -0.7340
vn -0.6372 0.0585 -0.7685
vn -0.5974 -0.1705 -0.7836
vn -0.2854 0.9118 -0.2952
vn 0.4091 -0.1205 -0.9045
vn 0.4004 0.7797 -0.4814
vn 0.0364 -0.4615 -0.8864
vn 0.0028 0.5063 -0.8624
vn -0.0764 0.2140 -0.9738
vn 0.3214 -0.7270 -0.6068
vn -0.7115 0.6482 0.2711
vn -0.2195 0.9756 0.0067
vn -0.6523 0.7220 -0.2307
vn -0.1464 0.9863 0.0762
vn -0.1471 0.9855 -0.0846
vn -0.5185 0.8138 0.2624
vn -0.3444 0.9360 0.0728
vn -0.1115 0.9871 -0.1153
vn -0.4284 0.8982 -0.0986
vn -0.1207 0.9835 0.1348
vn -0.7567 0.3106 0.5753
vn -0.1350 0.9906 -0.0206
vn -0.4995 0.8381 -0.2193
vn -0.1500 0.9882 0.0319
vn -0.7704 0.5813 0.2619
vn -0.3979 0.8953 0.2004
vn -0.6745 0.6104 -0.4153
vn -0.2115 0.9560 0.2033
vn -0.1361 0.9731 -0.1858
vn -0.0135 0.9999 -0.0004
vn -0.6807 0.4651 -0.5661
vn -0.2485 0.9463 0.2066
vn -0.0180 0.9997 -0.0153
vn -0.1799 0.8853 0.4288
vn -0.3496 0.8621 -0.3669
vn -0.1287 0.9727 0.1931
vn -0.0250 0.9994 0.0257
vn -0.0308 0.9989 0.0354
vn -0.0391 0.9825 0.1819
vn -0.1840 0.9475 0.2615
vn -0.1257 0.9444 -0.3038
vn -0.0315 0.9930 -0.1137
vn -0.0020 1.0000 0.0022
vn -0.0022 1.0000 -0.0001
vn -0.0942 0.9220 0.3756
vn -0.0052 0.9846 -0.1745
vn -0.0025 1.0000 -0.0055
vn -0.0270 0.9801 0.1968
vn 0.0787 0.9470 0.3113
vn 0.0071 0.9994 0.0324
vn -0.0002 1.0000 -0.0006
vn -0.1971 0.7406 -0.6424
vn -0.1405 0.4805 0.8657
vn -0.0014 1.0000 0.0015
vn 0.0625 0.9119 -0.4057
vn 0.0430 0.6898 0.7228
vn 0.0316 0.9942 0.1024
vn 0.0363 0.9991 -0.0213
vn 0.0339 0.9773 -0.2092
vn 0.0980 0.9751 -0.1990
vn 0.1032 0.9362 0.3360
vn 0.0135 0.9996 0.0237
vn 0.0250 0.9995 -0.0191
vn 0.0125 0.9999 0.0071
vn 0.2405 0.9244 -0.2962
vn 0.1168 0.9547 0.2738
vn 0.0728 0.9923 0.1002
vn 0.4333 0.6433 0.6312
vn 0.0465 0.9946 0.0928
vn 0.1262 0.9915 -0.0310
vn 0.4102 0.8289 0.3804
vn 0.3595 0.8498 -0.3855
vn 0.5641 0.7115 0.4190
vn 0.1871 0.9771 -0.1011
vn 0.2110 0.9756 0.0603
vn 0.0799 0.9953 0.0555
vn 0.1347 0.9878 -0.0778
vn 0.1018 0.9900 -0.0974
vn 0.3071 0.9386 0.1573
vn 0.2838 0.9345 0.2151
vn 0.2467 0.9690 -0.0123
vn 0.5797 0.7696 -0.2676
vn 0.1363 0.9879 0.0744
vn 0.6065 0.7427 0.2838
vn 0.4544 0.8742 -0.1709
vn 0.1648 0.9863 -0.0025
vn 0.8730 0.3353 0.3542
vn 0.7236 0.6745 0.1466
vn -0.0910 0.6731 -0.7339
vn 0.4003 0.7798 -0.4814
vn 0.6868 0.5137 -0.5141
vn 0.7904 0.3062 -0.5306
vn 0.8150 0.1093 -0.5691
vn 0.4495 0.8866 -0.1091
vn 0.6744 0.6775 -0.2936
vn 0.7164 0.3098 0.6252
vn -0.1250 0.5669 0.8142
vn 0.3385 0.2202 0.9149
vn 0.6211 0.5596 0.5487
vn -0.2237 0.7751 0.5910
vn 0.4912 0.8017 0.3407
vn 0.7672 0.5517 0.3272
vn 0.6506 0.7455 0.1449
vn -0.4895 0.8321 0.2606
vn -0.3340 0.9389 0.0827
vn 0.3221 0.9207 -0.2201
vn 0.2250 0.0677 -0.9720
vn 0.3454 0.9383 0.0152
vn -0.2170 0.7419 -0.6344
vn -0.0348 -0.2878 -0.9571
vn -0.2558 0.6424 0.7224
vn 0.1628 0.3017 -0.9394
vn 0.2150 0.9354 0.2805
vn 0.1535 0.8560 0.4936
vn -0.1811 0.8880 -0.4228
vn -0.0801 0.5077 -0.8578
vn 0.1001 0.3492 0.9317
vn -0.2194 -0.1188 0.9684
vn 0.3316 -0.3745 0.8659
vn 0.7384 -0.0776 0.6699
vn 0.7164 0.3097 0.6252
vn 0.3384 0.2201 0.9149
vn 0.8145 0.0814 0.5745
vn 0.7824 -0.2846 -0.5539
vn 0.0363 -0.4615 -0.8864
vn 0.7863 -0.5948 0.1671
vn 0.0422 -0.9370 0.3467
vn 0.2336 -0.9700 0.0674
vn 0.8142 -0.5796 -0.0332
vn 0.7889 -0.4398 -0.4293
vn 0.3213 -0.7270 -0.6068
vn 0.7763 -0.3267 0.5391
vn 0.3274 -0.5897 0.7383
vn -0.3736 -0.7435 0.5546
vn 0.8148 -0.4867 0.3151
vn 0.0498 -0.8935 -0.4464
vn 0.7923 -0.5667 -0.2261
vn 0.4265 -0.8781 -0.2167
vn 0.5854 -0.5872 0.5590
vn -0.0349 -0.2878 -0.9571
vn -0.1806 -0.3820 0.9064
vn 0.0577 -0.5679 -0.8211
vn 0.0976 -0.8954 0.4345
vn 0.2528 0.1171 0.9604
vn -0.1751 -0.9686 0.1763
vn -0.3902 -0.0643 0.9185
vn -0.2199 -0.6121 0.7595
vn -0.1654 -0.8180 -0.5509
vn -0.0886 -0.9877 -0.1288
vn -0.1404 -0.9435 -0.3000
vn -0.6415 0.2070 -0.7386
vn 0.2251 0.0677 -0.9720
vn 0.1629 0.3017 -0.9394
vn -0.4887 -0.6046 -0.6290
vn -0.1655 -0.8180 -0.5510
vn 0.0578 -0.5679 -0.8210
vn 0.2495 -0.4674 -0.8481
vn -0.6298 -0.0202 -0.7765
vn -0.4864 -0.6806 0.5479
vn -0.2200 -0.6121 0.7596
vn 0.0977 -0.8954 0.4345
vn -0.1750 -0.9687 0.1763
vn -0.0886 -0.9877 -0.1289
vn -0.5146 -0.8574 -0.0092
vn -0.1405 -0.9435 -0.3000
vn -0.1925 -0.9269 -0.3223
vn 0.1984 -0.8999 0.3884
vn -0.1741 -0.5551 0.8133
vn -0.1807 -0.3820 0.9063
vn -0.4497 -0.7429 0.4959
vn 0.5165 -0.2186 0.8279
vn 0.5108 -0.2182 -0.8316
vn 0.0791 0.0829 -0.9934
vn 0.0705 -0.7109 -0.6998
vn 0.8897 -0.3467 0.2972
vn -0.9565 -0.2781 -0.0885
vn 0.7464 -0.5773 -0.3312
vn -0.8995 -0.3128 -0.3052
vn 0.2529 0.1171 0.9604
vn -0.6141 0.1535 0.7742
vn 0.1002 0.3492 0.9317
vn 0.3222 0.9207 -0.2201
vn -0.4357 0.8967 -0.0785
vn 0.1896 0.8311 -0.5228
vn -0.1811 0.8880 -0.4227
vn 0.1629 0.3018 -0.9394
vn -0.0800 0.5078 -0.8578
vn -0.5993 0.3355 0.7269
vn -0.5982 0.6906 0.4066
vn -0.5562 0.7871 0.2665
vn 0.2151 0.9354 0.2806
vn -0.6380 0.4086 -0.6527
vn -0.3902 -0.0644 0.9185
vn -0.4985 0.8613 0.0983
vn -0.4335 0.8581 -0.2751
vn -0.1806 -0.3820 0.9063
vn 0.5165 -0.2185 0.8279
vn 0.6343 0.6941 0.3404
vn 0.3309 0.1347 0.9340
vn 0.5691 0.4370 0.6966
vn 0.7237 0.5403 0.4293
vn 0.8841 0.1944 -0.4249
vn -0.2402 0.9584 0.1542
vn 0.4452 0.6292 -0.6371
vn 0.8187 0.5010 -0.2805
vn -0.0745 0.9860 -0.1491
vn 0.9973 0.0449 0.0577
vn 0.8788 0.0613 0.4732
vn 0.3310 0.1346 0.9340
vn 0.9981 -0.0156 0.0598
vn 0.9990 0.0097 0.0447
vn 0.9974 -0.0295 0.0663
vn 0.5691 0.4369 0.6966
vn 0.9991 0.0256 0.0349
vn 0.8145 -0.2295 0.5328
vn 0.9969 -0.0428 -0.0658
vn 0.6958 -0.1418 0.7041
vn 0.8277 0.0225 0.5607
vn 0.9974 -0.0074 -0.0715
vn 0.9995 -0.0014 0.0313
vn 0.9876 -0.0625 0.1443
vn 0.9992 -0.0303 0.0255
vn 0.9992 -0.0293 0.0254
vn 0.9969 -0.0429 -0.0658
vn 0.7772 -0.0410 -0.6279
vn -0.5470 -0.3110 0.7772
vn -0.4498 -0.7428 0.4959
vn -0.1741 -0.5552 0.8133
vn 0.8897 -0.3467 0.2971
vn 0.7237 0.5403 0.4294
vn 0.9991 0.0042 0.0433
vn 0.9992 -0.0302 0.0255
vn 0.9997 0.0119 0.0209
vn 0.9767 -0.1276 -0.1727
vn 0.6382 -0.0356 0.7690
vn 0.9999 0.0111 -0.0059
vn -0.9982 -0.0275 -0.0530
vn 0.9680 0.1056 0.2278
vn 0.9767 -0.1277 -0.1727
vn -0.9968 -0.0338 0.0726
vn 0.9974 -0.0725 0.0057
vn 0.9680 0.1056 0.2277
vn 0.9882 -0.1398 -0.0620
vn -0.9968 -0.0337 0.0726
vn -0.9982 -0.0275 -0.0529
vn 0.9995 -0.0174 0.0255
vn 0.9802 0.0325 0.1952
vn 0.8926 0.1501 0.4252
vn 0.9941 0.0805 -0.0733
vn -0.5043 0.1975 0.8406
vn -0.0249 0.0646 0.9976
vn 0.6383 -0.0357 0.7690
vn 0.8229 0.5001 0.2696
vn 0.8370 0.0546 0.5445
vn 0.8788 0.0612 0.4733
vn 0.8925 0.1501 0.4253
vn -0.0244 -0.4149 0.9096
vn -0.2402 0.9584 0.1543
vn 0.8536 -0.5129 -0.0914
vn 0.8369 0.0546 0.5446
vn 0.9767 -0.1276 -0.1728
vn 0.9941 0.0805 -0.0732
vn 0.7773 -0.0410 -0.6278
vn 0.9993 -0.0293 0.0253
vn 0.5714 0.8138 0.1061
vn -0.0893 -0.6517 0.7532
vn 0.5714 0.8138 0.1060
vn -0.2406 -0.2266 0.9438
vn 0.9328 -0.2706 0.2379
vn 0.8498 -0.0070 -0.5270
vn 0.8498 -0.0070 -0.5271
vn -0.3840 0.2368 0.8925
vn 0.8841 0.1945 -0.4249
vn 0.9958 0.0627 -0.0662
vn 0.9988 0.0139 -0.0470
vn -0.2438 0.8175 -0.5219
vn 0.5792 0.2483 -0.7765
vn 0.9870 0.0595 -0.1491
vn 0.8188 0.5010 -0.2805
vn 0.9979 -0.0371 -0.0526
vn 0.9895 -0.0927 -0.1112
vn 0.7463 -0.5773 -0.3313
vn 0.9986 -0.0220 0.0491
vn -0.1583 0.0225 -0.9871
vn 0.9996 -0.0114 -0.0246
vn 0.9979 0.0495 -0.0414
vn 0.3228 0.1100 -0.9401
vn 0.9982 -0.0381 -0.0472
vn 0.9977 -0.0320 -0.0601
vn 0.8229 0.0462 -0.5663
vn 0.0833 0.1522 -0.9848
vn 0.9211 -0.0752 -0.3820
vn 0.9945 0.0910 0.0521
vn 0.1576 0.0770 -0.9845
vn 0.8656 -0.3543 0.3538
vn 0.9891 -0.0524 0.1379
vn 0.1895 0.8311 -0.5228
vn -0.1924 -0.9269 -0.3223
vn 0.9998 -0.0191 -0.0096
vn 0.6709 -0.0673 -0.7385
vn -0.3336 -0.4006 -0.8534
vn -0.7690 0.2659 -0.5813
vn 0.9844 -0.1301 0.1187
vn 0.2215 -0.9515 -0.2134
vn 0.9969 0.0198 -0.0764
vn 0.6708 -0.0673 -0.7386
vn 0.9340 -0.2912 -0.2070
vn -0.7691 0.2658 -0.5813
vn -0.3334 -0.7745 -0.5377
vn -0.9608 -0.1084 0.2553
vn 0.9667 -0.0978 -0.2367
vn 0.9991 0.0098 -0.0425
vn 0.9994 -0.0291 -0.0176
vn 0.4579 -0.0230 -0.8887
vn 0.9340 -0.2913 -0.2071
vn 0.9856 -0.1309 -0.1072
vn -0.2847 -0.8854 -0.3673
vn -0.3804 0.0068 -0.9248
vn -0.2055 0.2346 -0.9501
vn 0.9588 -0.0277 -0.2826
vn 0.9957 0.0428 -0.0820
vn -0.3805 0.0067 -0.9248
vn 0.4578 -0.0231 -0.8887
vn -0.4250 -0.3468 -0.8361
vn 0.9994 -0.0292 -0.0176
vn 0.8656 -0.3543 0.3539
vn -0.8994 -0.3129 -0.3052
vn 0.9945 0.0910 0.0520
vn -0.8017 0.2681 -0.5341
vn -0.2102 -0.3437 -0.9152
vn 0.8655 -0.3544 0.3539
vn -0.8017 0.2681 -0.5342
vn -0.6712 -0.0805 -0.7369
vn 0.8230 0.0462 -0.5662
vn 0.3228 0.1099 -0.9401
vn 0.9211 -0.0752 -0.3819
vn -0.2102 -0.3438 -0.9152
vn -0.9979 -0.0479 -0.0431
vn -0.9780 0.0484 0.2030
vn -0.9514 -0.1090 -0.2881
vn -0.8994 -0.3128 -0.3052
vn -0.7166 -0.0082 -0.6975
vn -0.7691 0.2658 -0.5812
vn -0.3337 -0.4006 -0.8534
vn -0.8137 0.4084 -0.4136
vn 0.0833 0.1523 -0.9848
vn -0.3805 0.0068 -0.9248
vn -0.7969 -0.1384 -0.5880
vn -0.3335 -0.7745 -0.5376
vn -0.6678 0.5760 -0.4714
vn -0.6024 -0.5309 -0.5961
vn 0.9588 -0.0277 -0.2827
vn -0.2056 0.2346 -0.9501
vn -0.7275 0.4884 -0.4818
vn -0.7702 -0.0466 -0.6361
vn -0.4250 -0.3467 -0.8361
vn -0.5321 0.1005 -0.8407
vn -0.6777 -0.1750 -0.7142
vn -0.7070 0.4610 -0.5363
vn -0.8092 -0.2912 -0.5102
vn -0.8046 -0.1066 -0.5841
vn -0.7383 -0.4990 -0.4537
vn -0.7483 -0.0795 -0.6586
vn -0.7924 0.1000 -0.6017
vn -0.7048 0.3315 -0.6272
vn -0.7772 -0.1561 -0.6096
vn -0.8158 -0.0628 -0.5749
vn -0.7313 0.4204 -0.5371
vn -0.7636 0.1218 -0.6341
vn -0.7391 -0.0311 -0.6729
vn -0.8268 0.1024 -0.5531
vn -0.6755 -0.0033 -0.7373
vn -0.7188 -0.4777 -0.5050
vn -0.4797 -0.0560 -0.8756
vn -0.6761 -0.4722 -0.5656
vn -0.7043 0.3384 -0.6241
vn -0.7112 -0.0021 -0.7030
vn -0.6462 0.3656 -0.6699
vn -0.6388 -0.6472 -0.4160
vn -0.8136 0.0283 -0.5807
vn -0.6635 0.1450 -0.7340
vn -0.6850 -0.3005 -0.6637
vn -0.7675 0.3781 -0.5177
vn -0.6532 -0.4370 -0.6183
vn -0.7030 -0.0422 -0.7099
vn -0.6496 0.0651 -0.7575
vn -0.5173 -0.0838 -0.8517
vn -0.6105 -0.4853 -0.6260
vn -0.6204 0.4423 -0.6477
vn -0.5348 -0.3244 -0.7802
vn -0.4401 0.5750 -0.6897
vn -0.5586 -0.2238 -0.7986
vn -0.5518 -0.3526 -0.7558
vn -0.5750 0.0291 -0.8176
vn -0.5559 -0.0949 -0.8258
vn -0.6323 -0.2134 -0.7447
vn -0.4901 0.1136 -0.8642
vn -0.5264 0.2991 -0.7959
vn -0.4486 -0.0571 -0.8919
vn -0.5920 -0.4521 -0.6671
vn -0.4492 0.4364 -0.7796
vn -0.4252 0.5880 -0.6881
vn -0.3330 0.5017 -0.7984
vn -0.4664 0.0283 -0.8841
vn -0.3523 0.0245 -0.9356
vn -0.4459 -0.1200 -0.8870
vn -0.3169 0.6474 -0.6932
vn -0.2274 0.3861 -0.8940
vn -0.3219 0.1581 -0.9335
vn -0.4401 -0.3998 -0.8040
vn -0.1925 -0.5948 -0.7805
vn -0.2223 0.2054 -0.9531
vn -0.1508 0.0460 -0.9875
vn -0.2607 0.1578 -0.9524
vn -0.3654 -0.4751 -0.8005
vn -0.3363 0.0849 -0.9379
vn -0.3130 0.0598 -0.9479
vn -0.1875 -0.3569 -0.9151
vn -0.2661 -0.4544 -0.8501
vn -0.1954 -0.1793 -0.9642
vn -0.2831 -0.4097 -0.8672
vn -0.1794 0.4970 -0.8490
vn -0.2313 0.2520 -0.9397
vn -0.0773 0.0259 -0.9967
vn -0.1838 0.2698 -0.9452
vn 0.1121 -0.0345 -0.9931
vn 0.0141 0.0538 -0.9985
vn 0.0988 0.0498 -0.9939
vn 0.0205 0.4429 -0.8964
vn -0.1309 -0.6450 -0.7529
vn 0.0364 0.1073 -0.9936
vn -0.0299 -0.3296 -0.9437
vn 0.0196 0.5448 -0.8383
vn 0.0009 -0.2551 -0.9669
vn 0.0871 0.4141 -0.9060
vn -0.0854 -0.5065 -0.8580
vn 0.0921 0.2579 -0.9618
vn 0.0789 -0.0022 -0.9969
vn 0.1428 -0.4662 -0.8731
vn 0.0297 -0.3913 -0.9198
vn 0.0543 0.2677 -0.9620
vn 0.0683 -0.6448 -0.7613
vn 0.9997 0.0118 0.0209
vn -0.8671 -0.4858 0.1099
vn -0.9480 -0.0306 0.3167
vn -0.8882 0.4532 -0.0754
vn -0.9201 -0.3132 -0.2353
vn -0.8510 0.3651 -0.3775
vn -0.8671 -0.4858 0.1100
vn -0.7014 -0.5238 0.4834
vn -0.6572 -0.6366 -0.4034
vn -0.8805 0.4739 0.0091
vn -0.7589 -0.0998 0.6435
vn -0.7934 0.5089 0.3339
vn -0.7495 -0.2444 -0.6153
vn -0.7863 0.3821 -0.4856
vn -0.4915 -0.5482 0.6766
vn -0.5188 0.6850 0.5115
vn -0.6230 0.0349 0.7815
vn -0.3248 -0.2998 0.8970
vn -0.2908 -0.3149 0.9035
vn 0.0607 -0.2978 0.9527
vn 0.0986 0.1361 0.9858
vn 0.4030 -0.2867 0.8691
vn 0.3677 0.3075 0.8776
vn 0.9969 0.0198 -0.0765
vn 0.9844 -0.1300 0.1188
vn -0.9783 0.1631 0.1280
vn 0.2215 -0.9515 -0.2135
vn -0.7691 0.2659 -0.5812
vn 0.6383 -0.0356 0.7690
vn -0.3337 -0.4005 -0.8534
vn 0.9844 -0.1301 0.1188
vn -0.3336 -0.4005 -0.8534
vn -0.9783 0.1631 0.1279
vn 0.9340 -0.2912 -0.2071
vn 0.9895 -0.0926 -0.1112
vn -0.9608 -0.1084 0.2552
vn -0.2848 -0.8855 -0.3672
vn 0.4578 -0.0232 -0.8887
vn 0.4579 -0.0231 -0.8887
vn 0.9856 -0.1309 -0.1071
vn 0.9895 -0.0927 -0.1111
vn -0.7165 -0.0082 -0.6975
vn -0.5019 -0.2232 0.8357
vn 0.6383 -0.0357 0.7689
vn 0.8370 0.0547 0.5445
vn -0.7510 0.5509 0.3640
vn -0.9780 0.0484 0.2031
vn -0.8373 -0.3368 0.4306
vn -0.6876 -0.2154 0.6934
vn -0.5731 0.7482 0.3343
vn -0.4815 0.4247 0.7667
vn -0.7045 -0.5614 0.4343
vn -0.7749 -0.1313 0.6183
vn -0.7898 0.2355 0.5663
vn -0.7371 0.3044 0.6033
vn -0.6964 -0.4214 0.5809
vn -0.7150 -0.4621 0.5247
vn -0.8599 0.2558 0.4418
vn -0.6686 0.5644 0.4843
vn -0.6776 0.3056 0.6689
vn -0.6592 0.4450 0.6062
vn -0.7969 -0.0741 0.5995
vn -0.7754 0.1543 0.6123
vn -0.5522 0.6220 0.5552
vn -0.5465 -0.3377 0.7664
vn -0.5815 -0.2245 0.7819
vn -0.6591 -0.4407 0.6094
vn -0.4388 -0.3376 0.8327
vn -0.3134 0.8016 0.5091
vn -0.5413 0.1858 0.8200
vn -0.4226 0.1645 0.8912
vn -0.2775 -0.5594 0.7811
vn -0.4630 0.3876 0.7971
vn -0.3029 0.7073 0.6387
vn -0.3539 0.2023 0.9131
vn -0.1907 -0.0111 0.9816
vn -0.2935 0.0708 0.9533
vn -0.2867 0.5438 0.7887
vn -0.3092 -0.3293 0.8922
vn -0.1984 0.1139 0.9735
vn -0.1449 0.7199 0.6788
vn -0.0914 0.1643 0.9822
vn -0.1658 -0.0596 0.9843
vn 0.0448 0.2533 0.9664
vn -0.0728 0.5622 0.8238
vn 0.0392 -0.3147 0.9484
vn 0.1266 0.1526 0.9801
vn -0.0459 0.7246 0.6877
vn 0.0490 0.7718 0.6340
vn 0.1578 0.4414 0.8833
vn 0.2626 0.1074 0.9589
vn 0.3204 0.4763 0.8189
vn 0.3089 0.5029 0.8072
vn 0.4627 0.0991 0.8809
vn 0.4331 0.2276 0.8721
vn -0.7166 -0.0083 -0.6974
vn 0.2216 -0.9515 -0.2134
vn -0.6214 0.5099 0.5948
vn -0.0245 -0.4149 0.9096
vn -0.5043 0.1974 0.8406
vn -0.5438 -0.0751 0.8359
vn -0.7256 -0.5280 0.4413
vn -0.7697 0.0937 0.6315
vn -0.7322 0.3056 0.6087
vn -0.6104 0.3212 0.7241
vn -0.5469 0.2614 0.7953
vn -0.4227 0.2885 0.8591
vn -0.1808 0.0371 0.9828
vn -0.0985 -0.2686 0.9582
vn -0.1183 0.6579 0.7438
vn 0.0483 0.7037 0.7088
vn 0.2011 -0.0340 0.9790
vn 0.1317 -0.4535 0.8815
vn 0.2272 0.7476 0.6241
vn 0.3821 0.2157 0.8986
vn 0.4962 -0.0677 0.8656
vn 0.3822 0.7587 0.5276
vn 0.7238 0.1096 0.6813
vn 0.6000 0.1701 0.7817
vn 0.5024 0.7483 0.4331
vn 0.7785 0.0481 0.6257
vn 0.8231 0.0908 0.5605
vn 0.6507 0.6391 0.4101
vn 0.6815 -0.5172 0.5177
vn 0.5156 0.3488 0.7827
vn -0.4217 0.4384 0.7937
vn -0.7112 0.0982 0.6961
vn -0.5368 0.8024 0.2606
vn -0.5044 0.1974 0.8406
vn -0.9726 0.1633 0.1652
vn -0.2108 0.9775 0.0003
vn -0.4069 0.8895 -0.2081
vn -0.9696 0.0626 -0.2365
vn -0.8315 0.0973 0.5469
vn -0.8778 -0.0428 0.4772
vn -0.5975 0.6733 0.4355
vn -0.6154 0.4950 0.6134
vn -0.5457 -0.4109 0.7303
vn -0.4739 0.4733 0.7426
vn -0.4790 0.2221 0.8493
vn -0.2760 -0.4703 0.8382
vn -0.1227 0.4307 0.8941
vn -0.3076 0.1986 0.9306
vn -0.0724 -0.3328 0.9402
vn 0.0620 0.6178 0.7839
vn 0.4054 0.0708 0.9114
vn 0.3575 0.1713 0.9181
vn -0.8633 -0.5029 -0.0421
vn -0.9821 0.0386 0.1841
vn -0.9311 0.3216 -0.1720
vn -0.6627 -0.7216 0.2003
vn -0.9109 -0.1023 -0.3998
vn -0.7021 -0.5394 0.4649
vn -0.8720 -0.2259 -0.4343
vn -0.9929 -0.0629 0.1014
vn -0.9581 0.0883 0.2724
vn -0.9434 0.2829 -0.1729
vn -0.7490 -0.2316 -0.6207
vn -0.6800 -0.2702 -0.6816
vn -0.7692 0.2464 0.5895
vn -0.5767 0.0103 -0.8169
vn -0.4762 -0.0568 -0.8775
vn -0.2580 -0.0942 -0.9615
vn -0.1895 0.5993 -0.7778
vn -0.1649 -0.1578 -0.9736
vn 0.0882 -0.3029 -0.9489
vn 0.1225 0.2128 -0.9694
vn 0.3572 0.1242 -0.9257
vn 0.4587 0.2300 -0.8583
vn 0.3412 -0.6269 -0.7004
vn 0.6671 -0.3580 -0.6533
vn 0.6046 -0.4104 -0.6827
vn -0.8958 0.4384 -0.0728
vn -0.7214 -0.6922 -0.0208
vn -0.9935 -0.0490 0.1026
vn -0.6313 -0.7462 0.2115
vn -0.9068 -0.1766 -0.3829
vn -0.8561 0.1585 0.4918
vn -0.6200 -0.6668 0.4134
vn -0.9753 -0.1213 -0.1845
vn -0.9611 0.0505 0.2715
vn -0.6981 -0.5883 -0.4081
vn -0.6593 -0.0272 0.7514
vn -0.7223 0.5241 -0.4513
vn -0.4555 -0.6291 0.6299
vn -0.7661 0.2130 0.6064
vn -0.6406 0.2198 -0.7357
vn -0.7243 -0.0324 -0.6887
vn -0.5075 -0.3066 -0.8052
vn -0.5647 0.2615 0.7828
vn -0.3696 -0.4225 0.8276
vn -0.3978 -0.5411 -0.7409
vn -0.3665 0.1285 0.9215
vn -0.0734 -0.5087 0.8578
vn -0.2642 -0.2973 -0.9175
vn -0.0495 0.2919 0.9552
vn -0.1987 0.3642 0.9099
vn 0.0918 -0.2138 0.9725
vn 0.2221 0.0267 0.9747
vn -0.9449 0.3097 0.1056
vn -0.9821 0.0385 0.1841
vn -0.7576 0.5602 0.3352
vn -0.7416 0.5210 -0.4226
vn -0.8720 -0.2260 -0.4343
vn -0.9448 -0.1296 -0.3008
vn -0.9163 -0.0273 0.3996
vn -0.6800 -0.2703 -0.6816
vn -0.7787 -0.0544 -0.6250
vn -0.7308 -0.0625 0.6797
vn -0.6608 0.3039 0.6862
vn -0.5354 0.4956 -0.6839
vn -0.4446 -0.0090 0.8957
vn -0.4274 0.2576 -0.8666
vn -0.1896 0.5993 -0.7778
vn 0.7772 -0.0411 -0.6279
vn 0.9328 -0.2707 0.2380
vn 0.9993 -0.0292 0.0254
vn 0.5713 0.8138 0.1061
vn 0.9992 -0.0293 0.0253
vn -0.0892 -0.6517 0.7532
vn 0.8497 -0.0070 -0.5272
vn 0.8536 -0.5128 -0.0915
vn -0.6923 -0.2937 0.6591
vn 0.8145 -0.2294 0.5329
vn 0.6959 -0.1418 0.7040
vn -0.5462 -0.2857 0.7874
vn -0.6197 -0.6497 0.4403
vn -0.8146 -0.0560 0.5774
vn -0.7010 0.3191 0.6378
vn -0.7658 -0.0430 0.6416
vn -0.4808 -0.6927 0.5377
vn -0.7384 0.0980 0.6672
vn -0.6946 0.1367 0.7062
vn -0.5183 -0.2871 0.8055
vn -0.4778 -0.3012 0.8252
vn -0.2178 -0.7203 0.6586
vn -0.3573 0.3467 0.8673
vn -0.1005 -0.4789 0.8721
vn -0.0936 -0.5772 0.8112
vn 0.0955 -0.7691 0.6320
vn 0.0448 0.0857 0.9953
vn 0.1287 -0.3592 0.9244
vn 0.2853 -0.0034 0.9584
vn 0.2564 -0.7013 0.6652
vn 0.3394 0.2761 0.8992
vn 0.5156 0.0089 0.8568
vn 0.4118 -0.7154 0.5644
vn 0.5657 -0.4219 0.7085
vn 0.6863 -0.2055 0.6977
vn 0.6618 -0.5754 0.4806
vn 0.6827 0.3071 0.6630
vn 0.8007 -0.2880 0.5253
vn 0.6796 0.4585 0.5726
vn 0.3863 -0.7308 0.5628
vn 0.4220 0.0860 0.9025
vn -0.8175 -0.4031 0.4114
vn 0.0161 -0.1918 0.9813
vn -0.8241 -0.1156 0.5546
vn -0.2107 0.9775 0.0003
vn -0.2438 0.8174 -0.5219
vn -0.4068 0.8895 -0.2081
vn -0.6472 0.6899 -0.3243
vn -0.8149 0.1546 -0.5585
vn -0.9716 0.0619 -0.2284
vn -0.5365 0.6801 -0.4997
vn -0.7880 -0.3913 -0.4753
vn -0.6342 -0.1040 -0.7662
vn -0.6213 -0.2134 -0.7540
vn -0.3567 0.7358 -0.5757
vn -0.3477 0.2934 -0.8905
vn -0.3283 0.1032 -0.9389
vn -0.0818 0.7434 -0.6638
vn 0.0421 -0.2869 -0.9570
vn -0.1224 -0.0240 -0.9922
vn 0.1071 0.7909 -0.6025
vn 0.1261 -0.3325 -0.9346
vn 0.3205 0.4291 -0.8445
vn 0.3490 0.4017 -0.8467
vn 0.4661 0.4449 -0.7647
vn 0.5960 -0.4033 -0.6943
vn 0.4247 0.7835 -0.4537
vn 0.6585 -0.1838 -0.7298
vn 0.7879 0.1522 -0.5968
vn 0.5078 0.7780 -0.3700
vn 0.7812 -0.2619 -0.5667
vn 0.6306 0.6827 -0.3692
vn 0.7278 -0.0403 -0.6846
vn 0.3472 0.4896 -0.7998
vn 0.6936 -0.5238 -0.4945
vn 0.4104 -0.1884 -0.8922
vn 0.4070 -0.2767 -0.8705
vn -0.9335 0.0962 -0.3454
vn -0.6217 -0.6488 0.4388
vn -0.5043 0.1974 0.8407
vn -0.5438 -0.0750 0.8359
vn -0.4728 -0.6913 0.5464
vn -0.6155 0.4949 0.6134
vn -0.5469 0.2615 0.7953
vn -0.2628 -0.7212 0.6410
vn -0.3077 0.1985 0.9305
vn -0.1808 0.0372 0.9828
vn 0.1133 -0.6856 0.7191
vn 0.3574 0.1713 0.9181
vn 0.2681 -0.7637 0.5873
vn 0.4322 -0.7318 0.5270
vn 0.6578 -0.0465 0.7517
vn 0.5371 -0.7593 0.3674
vn 0.8410 -0.0048 0.5410
vn 0.6091 -0.7144 0.3443
vn 0.8014 0.4371 0.4082
vn 0.5492 -0.4644 0.6948
vn 0.5155 0.3487 0.7827
vn 0.2359 0.8613 0.4501
vn -0.3952 -0.5337 -0.7477
vn -0.2437 0.8174 -0.5220
vn -0.8149 0.1547 -0.5586
vn 0.5792 0.2484 -0.7764
vn -0.4797 -0.0559 -0.8756
vn -0.5483 -0.7265 -0.4143
vn -0.6341 -0.1040 -0.7662
vn -0.6532 -0.4370 -0.6184
vn -0.4063 -0.6558 -0.6363
vn -0.3476 0.2934 -0.8905
vn -0.5558 -0.0949 -0.8259
vn -0.4047 0.0251 -0.9141
vn -0.1713 -0.7243 -0.6679
vn -0.1351 0.1198 -0.9836
vn -0.1223 -0.0240 -0.9922
vn 0.0057 -0.7699 -0.6381
vn 0.1262 -0.3325 -0.9346
vn 0.1679 -0.1324 -0.9769
vn 0.1810 -0.7269 -0.6624
vn 0.3206 0.4291 -0.8444
vn 0.4437 -0.3223 -0.8362
vn 0.3470 -0.7262 -0.5935
vn 0.4956 -0.6915 -0.5256
vn 0.7813 -0.2619 -0.5666
vn 0.7591 -0.1304 -0.6378
vn 0.4070 -0.2766 -0.8705
vn 0.6310 0.2805 -0.7233
vn -0.9480 -0.0307 0.3167
vn -0.6343 0.7562 0.1604
vn -0.5444 0.7630 0.3483
vn -0.9743 -0.0467 0.2206
vn -0.9748 0.0475 -0.2180
vn -0.7589 -0.0999 0.6435
vn -0.8510 0.3651 -0.3774
vn -0.4087 0.7944 -0.4494
vn -0.7495 -0.2443 -0.6153
vn -0.8119 0.0712 -0.5794
vn -0.6965 -0.1545 0.7007
vn -0.4336 0.6771 0.5946
vn -0.4916 -0.5482 0.6766
vn -0.4571 -0.1571 -0.8755
vn -0.5512 0.1779 -0.8152
vn -0.2119 0.7787 -0.5905
vn -0.2907 -0.3149 0.9035
vn -0.3983 0.5074 0.7641
vn -0.1656 0.0118 -0.9861
vn -0.1824 0.7699 0.6115
vn -0.2703 -0.3725 -0.8878
vn -0.1996 -0.1902 0.9612
vn -0.1370 -0.2034 -0.9695
vn -0.0513 0.7749 -0.6301
vn -0.0490 0.4270 0.9029
vn 0.1332 0.1698 -0.9764
vn 0.3460 -0.0547 0.9366
vn 0.1253 -0.3207 -0.9389
vn -0.7609 0.2732 0.5886
vn -0.2406 -0.2265 0.9438
vn -0.6428 -0.5161 0.5661
vn -0.6603 -0.0941 0.7451
vn -0.7738 0.1399 0.6178
vn -0.7398 0.1324 0.6597
vn -0.4826 -0.6741 0.5591
vn -0.6445 -0.2962 0.7049
vn -0.5377 0.1443 0.8307
vn -0.5486 0.4314 0.7162
vn -0.4382 -0.4602 0.7721
vn -0.3091 -0.2400 0.9202
vn -0.3030 0.3776 0.8750
vn -0.2001 -0.5054 0.8393
vn -0.0654 0.0517 0.9965
vn -0.0710 -0.5354 0.8416
vn -0.0685 0.0710 0.9951
vn 0.1241 -0.4718 0.8729
vn 0.1415 0.4825 0.8644
vn 0.2564 -0.4411 0.8600
vn 0.3918 -0.2688 0.8799
vn 0.4444 -0.5800 0.6827
vn 0.4731 0.2231 0.8523
vn 0.6014 -0.1831 0.7777
vn 0.5544 -0.6319 0.5416
vn 0.7284 -0.2546 0.6361
vn 0.6558 0.2620 0.7080
vn 0.6473 -0.6138 0.4519
vn 0.7994 0.1684 0.5768
vn 0.6462 0.5089 0.5687
vn 0.6763 -0.2530 0.6918
vn 0.4006 -0.3777 0.8348
vn 0.1819 0.5673 0.8032
vn -0.7609 0.2731 0.5886
vn -0.4013 0.7746 0.4889
vn -0.7041 0.5510 0.4480
vn -0.3841 0.2368 0.8924
vn -0.7738 0.1398 0.6178
vn -0.5419 0.6732 0.5030
vn -0.7031 0.0447 0.7097
vn -0.5376 0.1443 0.8307
vn -0.4670 0.4436 0.7649
vn -0.4216 -0.4820 0.7681
vn -0.2453 0.5971 0.7637
vn -0.3090 -0.2400 0.9203
vn -0.2555 -0.1018 0.9614
vn -0.0654 0.0516 0.9965
vn -0.0610 0.4931 0.8678
vn 0.1716 0.4926 0.8532
vn 0.1541 -0.2683 0.9509
vn -0.0148 -0.6530 0.7572
vn 0.2564 -0.4410 0.8601
vn 0.4770 0.0911 0.8742
vn 0.5175 0.6242 0.5854
vn 0.6128 -0.3934 0.6853
vn 0.7702 -0.0303 0.6371
vn 0.6558 0.2619 0.7080
vn 0.6683 0.5004 0.5504
vn 0.6350 -0.5380 0.5543
vn 0.6417 0.0841 0.7623
vn -0.4773 0.3936 0.7857
vn 0.4005 -0.3776 0.8348
vn -0.5018 -0.2232 0.8357
vn -0.7817 -0.2752 0.5596
vn 0.6382 -0.0357 0.7690
vn -0.7149 -0.4622 0.5247
vn -0.7921 -0.0706 0.6063
vn -0.6248 0.1438 0.7674
vn -0.3623 -0.4648 0.8079
vn -0.5413 0.1859 0.8200
vn -0.4456 0.0221 0.8950
vn -0.1948 -0.6276 0.7538
vn -0.2935 0.0709 0.9533
vn -0.1648 -0.5333 0.8297
vn -0.0243 -0.6027 0.7976
vn -0.0914 0.1644 0.9821
vn 0.0437 0.0437 0.9981
vn 0.1267 0.1526 0.9801
vn 0.1673 -0.6183 0.7679
vn 0.2575 -0.1597 0.9530
vn 0.3462 -0.5943 0.7259
vn 0.4705 -0.0683 0.8797
vn 0.5282 -0.6497 0.5467
vn 0.6272 -0.0903 0.7736
vn 0.7019 -0.4744 0.5312
vn 0.5984 0.4033 0.6923
vn 0.7147 -0.4777 0.5109
vn 0.7217 -0.2340 0.6515
vn 0.7416 -0.2722 0.6131
vn 0.3731 -0.5189 0.7691
vn 0.6271 0.3427 0.6995
vn 0.6846 0.5101 0.5207
vn 0.7052 0.2220 0.6734
vn -0.7919 -0.0420 0.6093
vn 0.0605 -0.8314 0.5524
vn -0.7969 0.4178 0.4364
vn -0.9949 0.0648 0.0775
vn -0.5384 -0.3292 0.7757
vn -0.7919 -0.0420 0.6092
vn -0.6780 0.7341 -0.0369
vn -0.9737 -0.2156 -0.0732
vn -0.9418 -0.2007 0.2695
vn -0.7628 0.5905 -0.2634
vn -0.8303 -0.4686 -0.3016
vn -0.6574 0.7333 0.1735
vn -0.8436 0.1114 0.5254
vn -0.9753 -0.1214 -0.1846
vn -0.7379 0.4215 -0.5271
vn -0.7222 0.5241 -0.4513
vn -0.7662 0.2129 0.6063
vn -0.6036 -0.0980 0.7912
vn -0.6406 0.2198 -0.7358
vn -0.6610 -0.1438 -0.7365
vn -0.4740 -0.0882 -0.8761
vn -0.3279 -0.0085 0.9447
vn -0.2858 0.4318 -0.8555
vn -0.5075 -0.3065 -0.8053
vn -0.2642 -0.2974 -0.9175
vn -0.1987 0.3643 0.9099
vn -0.0324 0.1007 -0.9944
vn -0.1346 -0.2195 -0.9663
vn 0.0192 0.1341 0.9908
vn 0.0918 -0.2138 0.9726
vn -0.9051 0.4249 -0.0143
vn -0.9131 -0.3235 -0.2482
vn -0.9938 0.0317 0.1070
vn -0.7944 0.5453 -0.2675
vn -0.8580 0.4251 0.2883
vn -0.8476 -0.3961 0.3530
vn -0.9097 -0.3237 0.2599
vn -0.9482 -0.2871 -0.1359
vn -0.7319 0.4174 0.5386
vn -0.7409 -0.3510 0.5726
vn -0.8281 -0.1074 0.5502
vn -0.6126 0.0138 0.7903
vn -0.4625 0.7293 0.5042
vn -0.5748 0.2644 0.7744
vn -0.4557 -0.6545 0.6033
vn -0.4293 0.6788 0.5958
vn -0.3320 0.0170 0.9431
vn -0.2711 -0.4799 0.8344
vn -0.2973 0.3257 0.8975
vn -0.1091 -0.1591 0.9812
vn -0.0227 0.2907 0.9565
vn -0.0898 -0.6272 0.7737
vn 0.0232 -0.1119 0.9934
vn 0.1398 -0.1552 0.9779
vn 0.3130 0.2601 0.9135
vn 0.4680 -0.1569 0.8697
vn -0.6806 0.4651 -0.5661
vn -0.2116 0.9560 0.2033
vn -0.9131 -0.3235 -0.2483
vn -0.7127 -0.7000 0.0453
vn -0.9938 0.0318 0.1070
vn -0.8477 -0.3961 0.3529
vn -0.5221 -0.8407 -0.1435
vn -0.5921 -0.7662 0.2499
vn -0.5925 -0.7122 -0.3765
vn -0.7843 0.3603 -0.5050
vn -0.4791 -0.8014 0.3581
vn -0.7143 -0.1261 -0.6884
vn -0.4164 -0.9090 0.0176
vn -0.3722 -0.7561 -0.5383
vn -0.2108 -0.9757 0.0597
vn -0.6320 -0.6931 0.3466
vn -0.3804 -0.8892 -0.2542
vn -0.6320 -0.6931 0.3465
vn -0.2834 -0.9378 0.2003
vn -0.0994 -0.9948 -0.0224
vn -0.4557 -0.6545 0.6032
vn -0.3585 -0.8134 -0.4581
vn -0.2553 -0.7848 0.5647
vn -0.5518 -0.5504 0.6266
vn -0.1025 -0.9622 0.2524
vn -0.3463 -0.8794 0.3267
vn -0.0861 0.9912 0.1002
vn -0.5979 -0.6308 0.4945
vn -0.3865 -0.7920 0.4726
vn -0.5979 -0.6308 0.4946
vn 0.3541 0.8633 -0.3595
vn -0.5127 -0.5012 0.6971
vn -0.1175 -0.9847 0.1284
vn 0.0965 0.9933 -0.0637
vn -0.1072 -0.8625 0.4946
vn -0.3085 0.1625 0.9372
vn -0.6923 -0.2938 0.6591
vn -0.8145 -0.0561 0.5775
vn -0.7398 0.1325 0.6597
vn -0.6171 0.6491 0.4447
vn -0.6946 0.1366 0.7063
vn -0.5486 0.4315 0.7161
vn -0.5183 -0.2872 0.8055
vn -0.0945 0.5110 0.8544
vn -0.0935 -0.5772 0.8112
vn 0.0448 0.0856 0.9953
vn 0.2853 -0.0035 0.9584
vn 0.3917 -0.2689 0.8799
vn 0.3500 0.5882 0.7291
vn 0.6013 -0.1832 0.7777
vn 0.5117 0.6153 0.5996
vn 0.6863 -0.2055 0.6976
vn 0.6796 0.4586 0.5726
vn 0.1818 0.5673 0.8032
vn 0.0162 -0.1918 0.9813
vn -0.6899 0.3108 0.6538
vn -0.7483 -0.4517 0.4859
vn -0.6176 -0.2840 0.7334
vn -0.8001 -0.2148 0.5601
vn -0.6204 -0.4621 0.6336
vn -0.7158 -0.0924 0.6922
vn -0.3637 -0.6504 0.6669
vn -0.5736 0.1625 0.8028
vn -0.5180 0.0449 0.8542
vn -0.3202 -0.0605 0.9454
vn -0.4328 -0.1887 0.8815
vn -0.1692 -0.6577 0.7340
vn -0.2451 0.3478 0.9049
vn 0.0512 -0.3000 0.9526
vn 0.0251 -0.5714 0.8203
vn 0.2827 -0.6392 0.7152
vn 0.3285 0.0889 0.9403
vn 0.1839 0.3318 0.9252
vn 0.3950 0.3490 0.8498
vn 0.4889 -0.4794 0.7288
vn 0.5857 -0.1436 0.7977
vn 0.6953 -0.1577 0.7012
vn 0.6071 -0.6324 0.4811
vn 0.7688 0.1033 0.6311
vn 0.7081 -0.4430 0.5498
vn 0.7410 -0.0746 0.6674
vn 0.2920 -0.4943 0.8188
vn 0.7352 0.3806 0.5609
vn 0.2563 -0.8570 0.4471
vn -0.9474 0.1905 0.2572
vn -0.9547 -0.0915 0.2833
vn -0.2835 0.3080 0.9082
vn -0.7021 -0.5393 0.4650
vn -0.7576 0.5601 0.3352
vn -0.9821 0.0385 0.1842
vn -0.5465 -0.3377 0.7663
vn -0.6775 0.3056 0.6690
vn -0.7749 -0.1314 0.6183
vn -0.7309 -0.0625 0.6797
vn -0.4795 -0.4242 0.7682
vn -0.7692 0.2464 0.5896
vn -0.4226 0.1645 0.8913
vn -0.5358 -0.2863 0.7943
vn -0.2855 -0.0227 0.9581
vn -0.3159 0.1569 0.9357
vn -0.0951 0.0871 0.9917
vn -0.0016 -0.4293 0.9032
vn 0.0384 -0.3826 0.9231
vn -0.1658 -0.0597 0.9843
vn -0.0502 -0.1004 0.9937
vn 0.1584 -0.2936 0.9427
vn 0.1804 -0.4458 0.8767
vn 0.1985 -0.0140 0.9800
vn 0.2912 -0.3534 0.8890
vn 0.2856 0.0254 0.9580
vn 0.4626 0.0991 0.8810
vn 0.5017 -0.1630 0.8496
vn 0.4174 -0.5235 0.7428
vn 0.5083 -0.1194 0.8528
vn -0.9074 -0.3529 0.2281
vn -0.5957 -0.6830 0.4227
vn -0.7725 0.4098 0.4851
vn -0.9742 -0.0466 0.2206
vn -0.8870 -0.4515 -0.0971
vn -0.6493 -0.2014 0.7333
vn -0.3504 -0.6468 0.6773
vn -0.4268 0.2833 0.8588
vn -0.3983 0.5073 0.7642
vn -0.1184 -0.5472 0.8286
vn -0.1996 -0.1901 0.9613
vn -0.0490 0.4269 0.9030
vn 0.1933 0.1195 0.9738
vn 0.4777 -0.3585 0.8020
vn 0.7050 -0.1592 0.6911
vn 0.4683 -0.7775 0.4197
vn 0.7398 0.0143 0.6727
vn 0.6873 -0.6472 0.3298
vn 0.7611 0.5423 0.3558
vn 0.9285 0.0771 0.3633
vn 0.9668 -0.2443 -0.0751
vn 0.8766 -0.4665 0.1182
vn 0.9463 -0.0171 -0.3230
vn -0.6925 -0.5693 0.4430
vn -0.7256 -0.5281 0.4413
vn -0.0245 -0.4148 0.9096
vn -0.7041 0.5509 0.4480
vn -0.6299 -0.5910 0.5039
vn -0.7697 0.0938 0.6314
vn -0.4929 -0.6349 0.5949
vn -0.6104 0.3212 0.7240
vn -0.7032 0.0447 0.7096
vn -0.4216 -0.4819 0.7681
vn -0.4228 0.2885 0.8591
vn -0.2114 -0.6769 0.7051
vn -0.4671 0.4437 0.7649
vn -0.0986 -0.2685 0.9582
vn -0.0149 -0.6529 0.7573
vn -0.0611 0.4931 0.8678
vn 0.1316 -0.4536 0.8814
vn 0.1542 -0.2682 0.9509
vn 0.2992 -0.6684 0.6809
vn 0.3820 0.2157 0.8986
vn 0.4770 0.0911 0.8741
vn 0.4496 -0.7257 0.5207
vn 0.6129 -0.3933 0.6853
vn 0.5999 0.1702 0.7817
vn 0.5281 -0.7520 0.3944
vn 0.7785 0.0482 0.6257
vn 0.6351 -0.5380 0.5543
vn 0.6815 -0.5173 0.5176
vn 0.6417 0.0842 0.7623
vn -0.3323 -0.5550 0.7626
vn -0.4217 0.4385 0.7937
vn -0.4774 0.3936 0.7856
vn -0.8436 0.1115 0.5253
vn -0.9419 -0.2006 0.2695
vn -0.9097 -0.3238 0.2600
vn -0.6036 -0.0980 0.7913
vn -0.3319 0.0170 0.9432
vn 0.0192 0.1343 0.9908
vn 0.3275 -0.2324 0.9158
vn 0.4681 -0.1569 0.8696
vn 0.6169 -0.2958 0.7293
vn 0.3634 0.6329 0.6837
vn 0.7199 -0.0918 0.6880
vn -0.8869 -0.4516 -0.0971
vn -0.8477 -0.2845 -0.4478
vn -0.8119 0.0713 -0.5794
vn -0.6376 0.0213 -0.7701
vn -0.4975 -0.7258 -0.4751
vn -0.3468 -0.7069 -0.6165
vn -0.5512 0.1779 -0.8151
vn -0.3373 -0.1772 -0.9246
vn -0.1371 -0.2033 -0.9695
vn -0.0749 -0.3998 -0.9135
vn 0.1415 0.2141 -0.9665
vn 0.2559 -0.6294 -0.7337
vn 0.3593 0.3442 -0.8674
vn 0.4194 0.4685 -0.7776
vn 0.6112 -0.1710 -0.7728
vn 0.4029 -0.2867 0.8692
vn 0.3677 0.3075 0.8777
vn 0.6398 0.0708 0.7653
vn 0.6225 -0.1301 -0.7717
vn 0.6315 -0.5581 0.5382
vn 0.8086 -0.2919 -0.5109
vn 0.5451 -0.6796 -0.4910
vn 0.7769 0.2159 0.5915
vn 0.8045 0.3688 -0.4655
vn 0.8790 -0.4098 0.2438
vn 0.6476 -0.6761 -0.3515
vn 0.9818 -0.0762 -0.1739
vn 0.8936 -0.0176 0.4486
vn 0.9726 -0.0799 -0.2182
vn 0.9575 -0.2739 0.0908
vn -0.7943 0.5454 -0.2675
vn -0.7844 0.3602 -0.5050
vn -0.8845 -0.0359 -0.4652
vn -0.5000 0.5338 -0.6820
vn -0.6374 -0.3153 -0.7031
vn -0.4424 0.3193 -0.8380
vn -0.3721 -0.7561 -0.5383
vn -0.3177 0.3982 -0.8605
vn -0.2159 -0.2762 -0.9365
vn -0.1829 -0.0241 -0.9828
vn 0.1573 0.3108 -0.9374
vn 0.0509 -0.6236 -0.7801
vn 0.1207 -0.4830 -0.8672
vn 0.4078 -0.2620 -0.8747
vn 0.4961 -0.2944 -0.8168
vn 0.6321 0.3947 -0.6668
vn 0.4304 -0.7167 -0.5487
vn 0.6733 -0.4598 -0.5790
vn -0.6572 -0.6367 -0.4035
vn -0.6515 0.2605 -0.7125
vn -0.7863 0.3820 -0.4856
vn -0.3938 -0.7479 -0.5344
vn -0.4570 -0.1571 -0.8755
vn -0.4840 0.0504 -0.8736
vn -0.1305 -0.4383 -0.8893
vn -0.1656 0.0119 -0.9861
vn 0.1332 0.1699 -0.9764
vn 0.1289 -0.5877 -0.7987
vn 0.4957 0.2497 -0.8318
vn 0.1730 0.0251 -0.9846
vn 0.4328 -0.1801 -0.8833
vn 0.4993 -0.5608 -0.6605
vn 0.6161 0.4828 -0.6223
vn 0.7348 0.0631 -0.6753
vn 0.8085 0.2168 -0.5470
vn 0.6213 -0.6617 -0.4198
vn 0.8895 -0.2789 -0.3620
vn 0.8679 0.4214 -0.2632
vn 0.9722 -0.2236 -0.0689
vn 0.6681 -0.7096 -0.2241
vn 0.9667 -0.2522 -0.0438
vn -0.4163 -0.9090 0.0176
vn -0.0361 -0.9993 0.0030
vn -0.2108 -0.9757 0.0596
vn -0.0993 -0.9948 -0.0223
vn -0.2834 -0.9379 0.2002
vn -0.0261 -0.9995 0.0158
vn -0.1024 -0.9622 0.2523
vn -0.3584 -0.8134 -0.4581
vn -0.1275 -0.9784 -0.1630
vn -0.3803 -0.8893 -0.2542
vn -0.1705 -0.7674 -0.6180
vn -0.2158 -0.2761 -0.9366
vn -0.4425 0.3193 -0.8380
vn -0.1396 -0.9319 -0.3347
vn -0.0030 -1.0000 0.0029
vn 0.0070 -0.9994 -0.0328
vn -0.0197 -0.9970 0.0747
vn -0.1276 -0.8196 0.5585
vn 0.0200 -0.9255 -0.3781
vn 0.0150 -0.8443 -0.5357
vn 0.0572 -0.9288 0.3662
vn 0.0510 -0.6235 -0.7801
vn 0.1238 -0.9674 -0.2209
vn 0.0609 -0.9964 -0.0595
vn 0.1487 -0.8037 -0.5762
vn 0.0274 -0.9995 -0.0150
vn 0.0130 -0.9997 0.0186
vn 0.4079 -0.2618 -0.8747
vn 0.2146 -0.8544 -0.4732
vn 0.0130 -0.9998 0.0128
vn 0.2222 -0.9438 0.2446
vn 0.2622 -0.9310 -0.2540
vn 0.1895 -0.9809 0.0426
vn 0.1918 -0.9742 -0.1190
vn 0.5017 -0.8475 -0.1734
vn 0.4222 -0.8885 -0.1799
vn 0.3156 -0.9470 -0.0606
vn 0.7500 -0.4519 -0.4830
vn 0.0729 -0.9726 -0.2206
vn 0.3751 -0.9252 -0.0580
vn 0.9337 -0.3229 -0.1547
vn 0.5070 -0.5406 -0.6714
vn 0.9553 -0.2936 -0.0358
vn 0.4480 -0.8936 0.0275
vn 0.6701 -0.7238 0.1646
vn 0.9836 -0.0862 0.1583
vn 0.3157 -0.9469 -0.0605
vn 0.3515 -0.9355 -0.0373
vn -0.7351 -0.6734 -0.0788
vn 0.7303 -0.6819 -0.0406
vn 0.9469 0.2801 0.1578
vn 0.4479 -0.8936 0.0276
vn 0.4479 -0.8937 0.0275
vn 0.5144 -0.8556 -0.0581
vn 0.4669 -0.8748 0.1289
vn 0.9785 0.0199 -0.2054
vn 0.7499 -0.4520 -0.4830
vn 0.8172 -0.5716 0.0736
vn -0.2069 -0.9563 -0.2064
vn -0.4915 -0.5100 -0.7060
vn -0.3591 -0.5607 -0.7461
vn -0.3647 -0.2080 -0.9076
vn -0.5254 0.2933 -0.7987
vn -0.2977 -0.5932 -0.7480
vn -0.1562 -0.0963 -0.9830
vn -0.0571 -0.9151 -0.3993
vn -0.2298 -0.4535 -0.8611
vn -0.0149 -0.3207 -0.9471
vn -0.1384 0.9629 -0.2318
vn 0.0652 -0.7298 -0.6806
vn 0.1311 -0.2786 -0.9514
vn 0.2988 0.0784 -0.9511
vn 0.0728 -0.9723 -0.2220
vn 0.2776 -0.2534 -0.9267
vn 0.3670 -0.4394 -0.8199
vn 0.2867 -0.6606 -0.6939
vn 0.4405 0.2676 -0.8570
vn 0.5908 -0.0101 -0.8068
vn 0.6668 0.1546 -0.7290
vn 0.4656 -0.5660 -0.6803
vn 0.6981 0.3117 -0.6446
vn 0.8184 -0.0230 -0.5742
vn 0.7500 -0.4610 -0.4743
vn 0.9463 -0.0171 -0.3229
vn 0.8902 -0.2965 -0.3458
vn 0.8647 0.3947 -0.3107
vn -0.6321 -0.6930 0.3466
vn -0.5980 -0.6308 0.4945
vn -0.5518 -0.5503 0.6266
vn -0.2003 0.9725 0.1185
vn -0.5128 -0.5012 0.6971
vn -0.3462 -0.8794 0.3267
vn 0.0965 0.9933 -0.0642
vn -0.1072 -0.8625 0.4945
vn -0.3089 -0.7332 0.6057
vn 0.0965 0.9933 -0.0641
vn -0.1071 -0.8625 0.4945
vn -0.3090 -0.7332 0.6058
vn -0.5504 -0.7169 0.4280
vn -0.4046 0.0250 -0.9141
vn -0.6203 0.4424 -0.6477
vn -0.3168 0.6474 -0.6931
vn 0.0166 0.7448 -0.6671
vn -0.3363 0.0848 -0.9379
vn -0.0299 -0.3295 -0.9437
vn 0.1679 -0.1325 -0.9769
vn 0.2939 0.0210 -0.9556
vn 0.3210 0.5918 -0.7394
vn 0.5697 -0.1120 -0.8142
vn 0.5434 0.5352 -0.6467
vn 0.6807 -0.1471 -0.7176
vn 0.7590 -0.1305 -0.6378
vn 0.7852 0.0600 -0.6163
vn 0.5729 0.6484 -0.5014
vn 0.6684 0.2842 -0.6873
vn -0.2711 -0.4800 0.8344
vn -0.5517 -0.5504 0.6267
vn -0.1025 -0.9622 0.2523
vn -0.1071 -0.8625 0.4946
vn -0.1175 -0.9848 0.1283
vn -0.5504 -0.7168 0.4280
vn -0.2552 -0.7848 0.5647
vn -0.5505 -0.7168 0.4280
vn -0.5504 -0.7169 0.4279
vn -0.1277 -0.8196 0.5586
vn 0.0449 -0.7227 0.6897
vn 0.0572 -0.9288 0.3663
vn 0.1821 -0.6237 0.7602
vn 0.1399 -0.1553 0.9779
vn 0.2604 -0.7594 0.5963
vn 0.4255 -0.1416 0.8938
vn 0.4148 -0.6313 0.6553
vn 0.2222 -0.9438 0.2447
vn 0.4433 -0.7305 0.5195
vn 0.5456 -0.6773 0.4936
vn 0.5116 -0.7895 0.3389
vn 0.6627 0.1106 0.7406
vn 0.1896 -0.9809 0.0426
vn 0.6099 -0.7191 0.3331
vn 0.6701 -0.7238 0.1647
vn 0.7700 -0.2980 0.5642
vn 0.4670 -0.8748 0.1289
vn 0.7304 -0.6819 -0.0405
vn 0.9469 0.2802 0.1579
vn 0.6955 -0.5681 0.4399
vn 0.3515 -0.9355 -0.0372
vn 0.9436 -0.1246 0.3067
vn -0.0135 -0.9996 -0.0252
vn -0.0182 -0.9249 -0.3799
vn -0.0572 -0.9151 -0.3992
vn -0.0149 -0.3207 -0.9470
vn -0.1384 0.9629 -0.2317
vn -0.3592 -0.5607 -0.7460
vn -0.1015 -0.1793 -0.9785
vn -0.0324 0.1006 -0.9944
vn 0.1866 -0.1801 -0.9658
vn 0.3565 0.1516 -0.9219
vn 0.4803 -0.4645 -0.7440
vn 0.4162 0.4177 -0.8077
vn 0.5634 0.3802 -0.7335
vn 0.7248 -0.3853 -0.5711
vn 0.6528 -0.2083 -0.7283
vn 0.8503 0.1162 0.5132
vn 0.6170 -0.2958 0.7293
vn 0.7198 -0.0918 0.6881
vn 0.7936 -0.4578 -0.4008
vn 0.9070 0.1426 0.3962
vn 0.8550 0.4994 0.1396
vn 0.7654 -0.6148 0.1902
vn 0.9433 0.1542 0.2940
vn 0.9585 -0.1743 -0.2255
vn 0.9013 0.3542 -0.2493
vn 0.9972 -0.0740 0.0145
vn -0.4383 0.1774 0.8811
vn -0.1211 -0.1050 0.9871
vn -0.1378 0.5862 0.7984
vn -0.3249 -0.2998 0.8970
vn 0.1916 0.4081 0.8926
vn 0.3592 0.3443 -0.8674
vn 0.1331 0.1698 -0.9764
vn 0.3676 0.3075 0.8777
vn 0.5147 -0.0446 0.8562
vn 0.4957 0.2496 -0.8319
vn 0.6112 -0.1711 -0.7727
vn 0.5834 0.7165 -0.3826
vn 0.7117 -0.1956 0.6747
vn 0.8086 -0.2919 -0.5108
vn 0.7349 0.0631 -0.6753
vn 0.7111 0.5611 0.4237
vn 0.8678 0.4214 -0.2632
vn 0.7428 0.6683 0.0413
vn 0.9302 -0.0274 0.3659
vn 0.9667 -0.2523 -0.0438
vn -0.0466 0.4722 -0.8802
vn -0.4275 0.2576 -0.8666
vn -0.1650 -0.1578 -0.9736
vn 0.1224 0.2128 -0.9694
vn 0.0943 -0.3756 -0.9220
vn -0.2315 -0.4166 -0.8791
vn 0.3260 0.3101 -0.8931
vn 0.3572 0.1241 -0.9258
vn 0.4089 -0.3608 -0.8382
vn 0.4048 0.3923 -0.8260
vn 0.4789 0.3436 -0.8079
vn 0.3413 -0.6269 -0.7004
vn 0.5507 0.4256 -0.7181
vn 0.7623 -0.1854 -0.6201
vn 0.6045 -0.4105 -0.6827
vn 0.7419 0.3868 -0.5477
vn 0.7653 -0.4901 0.4172
vn 0.6674 0.6881 0.2848
vn 0.9825 0.0974 0.1588
vn 0.8888 0.3081 -0.3392
vn 0.7416 0.5865 -0.3255
vn 0.7811 -0.4666 -0.4149
vn 0.7499 -0.6519 -0.1123
vn 0.7444 0.6660 -0.0493
vn 0.9264 0.2674 -0.2652
vn 0.9577 -0.1049 0.2679
vn 0.7706 0.3218 0.5501
vn 0.9725 0.2278 0.0481
vn -0.0207 -0.4889 0.8721
vn -0.0227 -0.9766 0.2139
vn 0.1894 -0.6133 0.7668
vn 0.2974 0.0866 0.9508
vn 0.4015 -0.5142 0.7579
vn 0.1831 -0.9597 0.2131
vn 0.6058 -0.2977 0.7378
vn 0.6200 -0.6163 0.4856
vn 0.8744 -0.1119 0.4722
vn 0.2570 -0.9527 -0.1622
vn 0.6748 -0.7251 -0.1375
vn 0.8902 -0.2966 -0.3458
vn 0.9990 0.0340 -0.0291
vn 0.7484 -0.6504 0.1298
vn 0.9398 0.3212 0.1171
vn 0.5291 -0.8485 0.0069
vn -0.0951 0.0871 0.9916
vn -0.0502 -0.1005 0.9937
vn 0.1985 -0.0141 0.9800
vn 0.1534 0.6820 0.7151
vn 0.2861 -0.1943 0.9383
vn 0.0393 -0.3147 0.9484
vn 0.3204 0.4762 0.8189
vn 0.4253 0.5893 0.6870
vn 0.5370 -0.3387 0.7726
vn 0.3090 0.5029 0.8072
vn 0.6273 -0.0903 0.7736
vn 0.4191 0.6516 0.6323
vn 0.6101 -0.5278 0.5910
vn 0.5084 -0.1194 0.8528
vn 0.6668 -0.3766 0.6431
vn 0.5775 0.1560 0.8013
vn 0.6114 0.2881 0.7370
vn 0.7276 -0.0962 0.6792
vn 0.6348 0.4354 0.6383
vn 0.6891 0.1685 0.7048
vn 0.7257 -0.0477 0.6863
vn 0.8167 0.1434 0.5590
vn 0.5667 0.6092 0.5548
vn 0.6476 -0.6077 0.4596
vn 0.6089 0.6561 0.4458
vn 0.8739 0.0142 0.4859
vn 0.6905 0.3588 0.6281
vn 0.7596 0.1323 0.6368
vn 0.8072 -0.2657 0.5271
vn 0.7682 -0.3302 0.5485
vn 0.7646 0.5835 0.2738
vn 0.8154 -0.2909 0.5005
vn 0.8527 -0.1233 0.5076
vn 0.7932 0.1980 0.5759
vn 0.8005 0.0779 0.5943
vn 0.8878 -0.1970 0.4160
vn 0.7081 0.5163 0.4817
vn 0.7992 -0.5164 0.3076
vn 0.8803 -0.4129 0.2338
vn 0.7052 0.2220 0.6733
vn 0.9892 -0.1460 0.0091
vn 0.7713 0.6351 -0.0433
vn 0.8480 -0.4267 -0.3144
vn 0.8618 0.2162 0.4588
vn 0.4641 0.5921 0.6588
vn 0.1442 -0.5046 0.8512
vn 0.8133 -0.0244 0.5813
vn 0.9850 -0.0953 0.1438
vn 0.9873 0.0044 0.1589
vn 0.7263 0.6532 -0.2142
vn 0.8145 0.5495 -0.1862
vn 0.6553 -0.4698 0.5915
vn -0.7796 0.0811 0.6210
vn 0.9626 -0.2692 -0.0315
vn 0.1908 0.1379 -0.9719
vn 0.3566 0.1516 -0.9219
vn 0.4870 -0.0784 -0.8699
vn 0.6117 0.1974 0.7661
vn 0.4589 -0.1566 0.8746
vn 0.6735 -0.1425 -0.7253
vn 0.5884 0.5611 -0.5822
vn 0.7248 -0.3854 -0.5710
vn 0.6827 0.6076 -0.4059
vn 0.8139 -0.2876 -0.5048
vn 0.9585 -0.1743 -0.2254
vn 0.8004 0.2271 0.5548
vn 0.9070 0.1425 0.3962
vn 0.7615 0.6480 -0.0151
vn 0.8550 0.4995 0.1397
vn 0.9041 0.3187 0.2847
vn 0.9725 -0.0098 -0.2328
vn 0.9972 0.0392 0.0633
vn 0.2999 0.4047 0.8639
vn 0.0192 0.1342 0.9908
vn 0.2118 0.4376 -0.8739
vn 0.3274 -0.2324 0.9159
vn 0.4624 0.6684 -0.5826
vn 0.6814 0.1376 0.7188
vn 0.6140 0.6706 -0.4163
vn 0.8504 0.1161 0.5132
vn 0.7936 -0.4577 -0.4008
vn 0.9204 0.0039 -0.3908
vn 0.8818 -0.0990 0.4612
vn 0.7763 0.5939 0.2112
vn 0.9560 0.2879 -0.0567
vn 0.9433 0.1542 0.2939
vn -0.9771 -0.0642 -0.2027
vn 0.2564 -0.8570 0.4471
vn 0.6584 0.4128 0.6294
vn 0.1414 0.2141 -0.9665
vn 0.1310 -0.2786 -0.9514
vn 0.4404 0.2676 -0.8570
vn 0.0987 0.1361 0.9858
vn 0.5528 0.5180 0.6528
vn 0.7050 -0.1593 0.6911
vn 0.6225 -0.1301 -0.7718
vn 0.8045 0.3688 -0.4656
vn 0.7612 0.5423 0.3558
vn 0.6878 -0.6466 0.3299
vn 0.8735 0.4850 0.0421
vn 0.9575 -0.2739 0.0907
vn 0.9726 -0.0799 -0.2183
vn 0.4256 -0.1416 0.8938
vn 0.4586 -0.1549 0.8750
vn 0.5467 0.2672 0.7935
vn 0.6628 0.1106 0.7406
vn 0.6637 -0.1648 0.7296
vn 0.8525 0.0690 0.5181
vn 0.7666 0.5113 -0.3885
vn 0.6322 0.3946 -0.6668
vn 0.7699 -0.2980 0.5642
vn 0.7499 -0.4519 -0.4831
vn 0.4305 -0.7167 -0.5487
vn 0.8147 -0.4854 -0.3173
vn 0.7805 0.5638 0.2702
vn 0.9357 -0.2240 0.2725
vn 0.9831 -0.0306 -0.1807
vn 0.9785 0.0198 -0.2054
vn 0.8715 0.4890 0.0372
vn 0.9918 -0.1267 0.0198
vn 0.9436 -0.1246 0.3066
vn 0.8172 -0.5716 0.0737
vn 0.3417 -0.5829 0.7372
vn 0.0919 -0.2137 0.9726
vn 0.3000 0.4047 0.8638
vn 0.2220 0.0267 0.9747
vn 0.5549 0.1411 0.8199
vn 0.6814 0.1377 0.7188
vn 0.7773 -0.0605 0.6262
vn 0.8818 -0.0989 0.4611
vn 0.6061 -0.7388 0.2946
vn 0.9204 0.0040 -0.3909
vn 0.6672 -0.3580 -0.6533
vn 0.7732 -0.6109 0.1699
vn 0.7707 0.3217 0.5500
vn 0.7697 -0.6282 -0.1137
vn 0.9577 -0.1048 0.2680
vn 0.9725 0.2278 0.0482
vn 0.4368 0.4636 0.7709
vn 0.4777 -0.3584 0.8021
vn 0.6704 0.4386 0.5985
vn 0.7398 0.0142 0.6727
vn 0.6667 0.1546 -0.7291
vn 0.8184 -0.0231 -0.5741
vn 0.8647 0.3946 -0.3107
vn 0.9285 0.0770 0.3633
vn 0.9398 0.3211 0.1171
vn 0.9990 0.0339 -0.0291
vn 0.6898 0.7228 0.0400
vn 0.0384 -0.3827 0.9231
vn 0.2453 0.4199 0.8738
vn 0.2425 -0.6094 0.7549
vn 0.5642 -0.0941 0.8203
vn 0.5369 -0.3387 0.7727
vn 0.5947 -0.5928 0.5430
vn 0.7349 0.2814 0.6170
vn 0.7257 -0.0477 0.6864
vn 0.7653 -0.4902 0.4171
vn 0.6624 -0.7358 0.1412
vn 0.7623 -0.1853 -0.6202
vn 0.6434 -0.5729 -0.5077
vn 0.7053 -0.6574 -0.2652
vn 0.9873 0.0046 0.1589
vn 0.9626 -0.2693 -0.0314
vn 0.3753 -0.4210 -0.8258
vn 0.5330 -0.0563 -0.8442
vn 0.3163 -0.2592 -0.9126
vn 0.5674 -0.1572 -0.8083
vn 0.7342 -0.0376 -0.6779
vn 0.6780 -0.5400 -0.4987
vn 0.8802 -0.4129 0.2338
vn 0.8966 0.0482 -0.4401
vn 0.9893 -0.1459 0.0091
vn 0.7021 -0.7067 0.0871
vn 0.5847 -0.7823 -0.2148
vn 0.2665 -0.9041 0.3342
vn 0.6038 -0.7943 0.0679
vn 0.5518 -0.3815 -0.7416
vn 0.0216 -0.7102 -0.7037
vn -0.3432 -0.4464 -0.8264
vn -0.7475 0.1670 -0.6429
vn 0.6055 0.0168 -0.7957
vn -0.8133 -0.0680 -0.5779
vn 0.6001 -0.2188 -0.7694
vn -0.9809 -0.1391 -0.1361
vn 0.4242 -0.7861 -0.4495
vn -0.5868 -0.7006 -0.4060
vn 0.5407 0.3117 -0.7813
vn 0.5820 -0.8098 -0.0740
vn -0.0430 -0.9512 -0.3056
vn 0.0400 -0.9494 0.3114
vn -0.1728 -0.5727 -0.8013
vn -0.1957 -0.9806 0.0146
vn 0.0095 -0.2353 -0.9719
vn -0.1149 -0.7917 -0.6000
vn -0.2389 0.0892 -0.9669
vn -0.6135 0.3159 -0.7237
vn 0.5190 -0.2285 -0.8237
vn 0.7623 -0.1853 -0.6201
vn 0.9836 -0.0863 0.1584
vn 0.9337 -0.3229 -0.1546
vn 0.0729 -0.9726 -0.2207
vn 0.5070 -0.5406 -0.6713
vn 0.1918 -0.9742 -0.1191
vn 0.3156 -0.9469 -0.0607
vn 0.7304 -0.6819 -0.0406
vn -0.5756 0.7950 -0.1915
vn 0.9553 -0.2936 -0.0357
vn -0.7351 -0.6734 -0.0787
vn 0.6700 -0.7238 0.1647
vn 0.3515 -0.9354 -0.0372
vn 0.9685 -0.2349 0.0829
vn 0.3222 0.8280 0.4589
vn 0.8133 -0.0245 0.5813
vn 0.8618 0.2161 0.4589
vn 0.4030 0.2279 0.8864
vn 0.9850 -0.0953 0.1439
vn -0.5874 0.8068 0.0629
vn 0.9685 -0.2349 0.0830
vn -0.9495 -0.1590 -0.2705
vn 0.4230 -0.0480 -0.9049
vn -0.8063 -0.1275 -0.5777
vn -0.9429 0.0984 -0.3183
vn 0.4360 0.1970 -0.8781
vn 0.5948 -0.2103 -0.7759
vn -0.9961 -0.0040 -0.0879
vn -0.6456 -0.2345 -0.7268
vn -0.9012 0.0574 -0.4296
vn -0.9999 -0.0041 -0.0134
vn -0.9989 -0.0008 -0.0472
vn -0.9987 0.0318 -0.0407
vn -0.9335 0.0961 -0.3454
vn -0.9986 -0.0124 -0.0505
vn -0.9996 0.0196 -0.0200
vn -0.9987 -0.0344 -0.0365
vn -0.9997 -0.0038 -0.0240
vn -0.5868 -0.7006 -0.4059
vn -0.3433 -0.4464 -0.8264
vn 0.0215 -0.7102 -0.7037
vn -0.7474 0.1670 -0.6430
vn -0.7125 0.4122 -0.5679
vn -0.2813 0.8651 -0.4152
vn -0.8122 0.4755 -0.3379
vn -0.8133 -0.0681 -0.5779
vn 0.0007 0.0410 -0.9992
vn -0.5427 0.0532 -0.8382
vn -0.2850 -0.1187 -0.9511
vn -0.5874 0.8068 0.0630
vn 0.8619 0.2161 0.4588
vn -0.7796 0.0810 0.6210
vn 0.8004 0.0779 0.5943
vn -0.6642 0.6715 0.3284
vn -0.7968 0.4178 0.4365
vn 0.9028 -0.3448 -0.2571
vn 0.6384 0.6609 0.3946
vn -0.9864 0.0368 0.1604
vn -0.9939 -0.0129 0.1099
vn -0.9992 -0.0133 0.0370
vn 0.6584 0.4128 0.6293
vn -0.9921 0.0568 0.1120
vn -0.3323 -0.5549 0.7626
vn 0.6553 -0.4699 0.5915
vn 0.2665 -0.9040 0.3343
vn 0.1443 -0.5046 0.8512
vn -0.9859 -0.1367 -0.0965
vn 0.3731 -0.5189 0.7692
vn 0.0605 -0.8314 0.5523
vn -0.9949 0.0648 0.0774
vn -0.9990 -0.0057 0.0450
vn -0.9942 -0.0470 0.0965
vn -0.9981 0.0378 0.0480
vn -0.9859 -0.1367 -0.0966
vn -0.5383 -0.3292 0.7758
vn -0.9992 0.0133 0.0378
vn -0.9964 0.0656 0.0532
vn -0.9995 -0.0067 0.0310
vn -0.9985 -0.0296 0.0460
vn -0.9906 0.0869 0.1060
vn 0.2358 0.8613 0.4501
vn -0.7471 0.1605 0.6450
vn -0.8937 -0.0441 0.4465
vn -0.8794 0.3017 0.3682
vn -0.7887 -0.4426 0.4266
vn -0.7427 -0.3214 0.5874
vn 0.4085 0.7283 0.5502
vn -0.6612 -0.6580 0.3603
vn -0.4472 0.7864 0.4261
vn -0.9546 -0.0915 0.2834
vn -0.9992 -0.0132 0.0369
vn -0.8583 -0.2260 -0.4606
vn 0.8140 0.4291 0.3914
vn 0.7051 0.2220 0.6734
vn -0.7969 0.4178 0.4365
vn 0.0604 -0.8314 0.5524
vn -0.9981 0.0379 0.0480
vn 0.3376 0.7371 0.5855
vn 0.7909 0.2363 0.5644
vn 0.2838 0.9344 0.2151
vn 0.8692 0.1416 -0.4737
vn 0.7525 0.0743 -0.6544
vn 0.7004 0.1294 0.7019
vn 0.9099 0.0437 0.4126
vn 0.7599 -0.1490 0.6327
vn 0.9164 0.0484 -0.3974
vn 0.9132 0.1129 0.3917
vn 0.6065 0.7428 0.2837
vn 0.4138 -0.8877 0.2016
vn 0.4896 -0.8373 -0.2433
vn 0.9147 0.1350 -0.3809
vn 0.6736 -0.6782 0.2939
vn 0.9207 0.0493 0.3871
vn 0.4544 0.8742 -0.1710
vn 0.8730 0.3353 0.3543
vn 0.9220 0.0849 -0.3778
vn 0.9338 0.1076 0.3413
vn 0.9239 0.1429 -0.3550
vn 0.5891 -0.7759 0.2257
vn 0.7741 -0.5272 -0.3503
vn 0.9571 0.2894 -0.0119
vn 0.9876 0.1143 -0.1075
vn 0.9574 0.0461 0.2850
vn 0.9603 0.0738 -0.2691
vn 0.6259 -0.7796 0.0228
vn -0.8584 -0.2260 -0.4606
vn -0.9771 -0.0643 -0.2027
vn -0.7472 0.1605 0.6450
vn 0.5308 0.2618 0.8060
vn -0.8937 -0.0442 0.4465
vn 0.6437 0.0170 0.7651
vn 0.5104 -0.7013 0.4976
vn -0.7888 -0.4426 0.4266
vn 0.5837 -0.2385 0.7761
vn -0.7428 -0.3215 0.5873
vn 0.4893 0.5580 0.6703
vn 0.5042 -0.5428 0.6717
vn 0.2665 -0.9040 0.3342
vn 0.0400 -0.9495 0.3113
vn -0.5535 0.3870 0.7374
vn -0.3433 -0.7338 0.5862
vn -0.2836 0.0313 0.9584
vn -0.2691 -0.3212 0.9080
vn -0.5532 -0.5252 0.6466
vn 0.4255 0.8099 0.4038
vn 0.1479 0.7654 0.6263
vn -0.6924 0.6289 0.3537
vn -0.7952 -0.5946 0.1184
vn -0.7893 -0.5421 0.2884
vn -0.1956 -0.9806 0.0145
vn 0.4589 0.8884 -0.0135
vn -0.4585 0.8620 0.2162
vn -0.6352 0.7719 0.0262
vn -0.8728 -0.1116 0.4752
vn -0.8504 -0.0359 0.5250
vn -0.2690 -0.3213 0.9080
vn -0.8362 -0.3924 0.3830
vn -0.5532 -0.5253 0.6466
vn -0.8487 -0.5256 -0.0582
vn 0.1876 0.8968 -0.4007
vn -0.3676 0.9146 -0.1683
vn -0.7075 0.6628 -0.2451
vn -0.7683 0.4951 0.4058
vn -0.8399 -0.4981 -0.2156
vn -0.0429 -0.9512 -0.3056
vn -0.1148 -0.7917 -0.6000
vn -0.8183 -0.4250 -0.3869
vn -0.1728 -0.5727 -0.8014
vn -0.8005 -0.0508 -0.5972
vn -0.2388 0.0893 -0.9670
vn 0.0926 0.6149 -0.7831
vn -0.7818 0.3958 -0.4818
vn -0.6135 0.3160 -0.7237
vn -0.5811 0.6638 -0.4708
vn -0.8114 -0.2421 -0.5319
vn -0.8432 -0.2592 0.4709
vn -0.5535 0.3871 0.7374
vn -0.0696 0.9894 -0.1272
vn -0.4085 0.1915 -0.8925
vn -0.5349 0.8182 0.2107
vn -0.4608 0.1558 0.8737
vn -0.2567 0.6712 0.6954
vn 0.0074 -0.9999 -0.0077
vn 0.0852 -0.6804 -0.7278
vn -0.3627 0.4549 -0.8134
vn -0.0942 -0.7411 0.6648
vn -0.0311 0.8936 -0.4478
vn -0.3352 0.7098 -0.6195
vn 0.0254 -0.1924 0.9810
vn 0.1284 -0.9620 0.2411
vn -0.4439 -0.8694 -0.2170
vn -0.0878 -0.8537 -0.5132
vn -0.1394 -0.1188 -0.9831
vn 0.2094 -0.5111 0.8336
vn 0.1088 -0.8667 0.4869
vn 0.2327 -0.4354 -0.8696
vn 0.1210 0.8436 0.5231
vn -0.2835 0.4399 0.8522
vn 0.4099 0.5685 -0.7133
vn 0.7143 -0.1926 -0.6728
vn 0.6596 0.0915 -0.7461
vn -0.4084 0.1915 -0.8925
vn 0.4100 0.5685 -0.7132
vn 0.5838 0.3137 -0.7488
vn -0.3626 0.4549 -0.8134
vn 0.6380 -0.0829 -0.7655
vn 0.6084 -0.7936 -0.0116
vn 0.0073 -0.9999 -0.0077
vn -0.0878 -0.8537 -0.5133
vn 0.6100 -0.7631 -0.2134
vn -0.4439 -0.8694 -0.2171
vn 0.6097 -0.6688 -0.4255
vn 0.0852 -0.6804 -0.7279
vn 0.1107 -0.7229 -0.6820
vn 0.5328 -0.4460 -0.7191
vn -0.0959 -0.9830 0.1569
vn -0.3223 -0.2612 -0.9099
vn 0.2134 0.1638 -0.9631
vn -0.4151 -0.8991 -0.1387
vn 0.3206 0.5844 -0.7454
vn -0.3049 -0.8675 -0.3930
vn -0.5128 -0.0511 -0.8570
vn -0.4202 0.3786 -0.8247
vn -0.6104 -0.4580 -0.6463
vn -0.7851 -0.4819 0.3892
vn -0.0943 -0.7529 0.6513
vn -0.1763 -0.8637 0.4721
vn -0.7972 0.0867 -0.5974
vn 0.2134 0.1639 -0.9631
vn 0.3738 0.3203 0.8704
vn -0.3459 0.1020 0.9327
vn -0.7500 0.2844 0.5972
vn -0.1557 0.7599 -0.6311
vn 0.3749 0.8312 -0.4107
vn -0.6472 0.6424 -0.4103
vn -0.3048 -0.8676 -0.3930
vn -0.8642 -0.4808 -0.1482
vn -0.4150 -0.8992 -0.1388
vn -0.7661 -0.4957 -0.4092
vn -0.6763 0.4554 -0.5790
vn 0.3205 0.5844 -0.7454
vn -0.7823 -0.0601 -0.6200
vn -0.3222 -0.2612 -0.9099
vn -0.0410 0.6061 0.7943
vn -0.8017 0.4076 0.4372
vn -0.3718 0.7574 0.5368
vn -0.8204 -0.5342 0.2037
vn -0.0958 -0.9830 0.1569
vn -0.8520 -0.5235 -0.0055
vn -0.7139 0.6985 0.0500
vn -0.4101 0.9106 -0.0504
vn 0.0123 0.9822 0.1873
vn -0.6104 -0.0716 0.7889
vn -0.8295 -0.0229 0.5580
vn -0.4039 -0.5120 0.7581
vn -0.7200 0.5972 0.3534
vn -0.6028 0.7399 0.2986
vn -0.7958 0.1845 0.5768
vn -0.6716 0.3226 -0.6670
vn -0.7592 -0.2271 0.6099
vn -0.8069 -0.3535 0.4732
vn -0.6940 -0.2674 -0.6684
vn -0.1354 0.9677 0.2126
vn 0.0854 0.3886 0.9174
vn -0.1902 -0.9004 -0.3914
vn -0.1541 -0.5573 -0.8159
vn 0.0613 0.1542 0.9861
vn 0.0724 -0.1834 0.9804
vn 0.0950 0.9226 0.3738
vn 0.0099 -0.9892 -0.1460
vn -0.3264 0.9176 -0.2268
vn -0.4660 0.8394 -0.2799
vn 0.0712 0.5448 -0.8355
vn -0.4320 0.0620 -0.8998
vn -0.1516 -0.4527 0.8787
vn 0.4454 -0.2273 -0.8660
vn -0.4206 0.5788 0.6986
vn 0.3366 -0.6172 0.7112
vn -0.2352 -0.8220 0.5187
vn 0.2262 0.7877 0.5730
vn 0.0239 -0.9942 0.1051
vn 0.1788 0.8770 -0.4459
vn -0.0437 -0.7745 -0.6311
vn -0.4069 0.6698 -0.6211
vn 0.3413 0.9393 -0.0344
vn -0.0157 -0.9468 0.3214
vn 0.5791 0.2954 -0.7599
vn 0.5791 0.2953 -0.7599
vn 0.4455 -0.2273 -0.8659
vn -0.1542 -0.5572 -0.8159
vn -0.6940 -0.2675 -0.6684
vn 0.4510 -0.4325 -0.7807
vn -0.4068 0.6699 -0.6211
vn 0.6955 0.5250 -0.4906
vn 0.0711 0.5449 -0.8355
vn 0.7930 0.0528 -0.6069
vn 0.1788 0.8771 -0.4458
vn 0.6188 -0.5325 -0.5775
vn 0.5931 -0.6926 -0.4106
vn 0.5057 0.7467 -0.4321
vn 0.4699 0.3903 -0.7918
vn 0.5749 0.1434 -0.8055
vn -0.1745 -0.7136 -0.6785
vn 0.5760 -0.1143 -0.8095
vn -0.1352 0.6658 -0.7338
vn -0.5179 0.1555 -0.8412
vn -0.3201 -0.2603 -0.9109
vn -0.6716 0.2928 -0.6807
vn -0.5226 -0.0304 -0.8520
vn -0.6032 -0.4305 -0.6714
vn 0.4406 0.8948 -0.0727
vn -0.6496 0.7564 -0.0765
vn -0.3605 0.8714 -0.3327
vn 0.1263 0.5940 0.7945
vn -0.6463 0.5292 0.5498
vn 0.0294 0.7901 0.6123
vn 0.2201 0.9030 0.3691
vn -0.6212 0.6905 0.3706
vn -0.4894 0.8592 0.1491
vn -0.1351 0.6658 -0.7338
vn -0.5279 0.6979 -0.4839
vn -0.6250 0.3919 0.6751
vn -0.1717 0.1954 0.9656
vn -0.7293 0.2346 0.6428
vn -0.7588 0.6511 0.0169
vn -0.6740 0.4453 -0.5894
vn -0.2703 -0.1314 0.9538
vn -0.7705 0.0349 0.6365
vn -0.1341 0.8516 -0.5068
vn -0.2049 0.9363 -0.2851
vn -0.1924 0.9613 0.1972
vn -0.7841 -0.1694 0.5971
vn 0.4949 0.2321 0.8374
vn 0.0851 0.7746 0.6266
vn 0.2399 0.9700 -0.0394
vn -0.1429 -0.0134 0.9896
vn -0.3033 0.5613 0.7701
vn -0.0061 0.9300 0.3675
vn 0.2034 0.6849 -0.6997
vn 0.3123 0.4198 -0.8522
vn 0.4063 -0.3002 0.8630
vn 0.4699 0.3902 -0.7918
vn -0.6715 0.2928 -0.6807
vn -0.2703 -0.1315 0.9538
vn -0.4787 -0.3863 0.7884
vn -0.4600 -0.8879 0.0102
vn -0.1587 -0.9459 -0.2830
vn -0.7530 -0.6185 -0.2246
vn -0.1744 -0.7136 -0.6785
vn -0.6700 -0.6596 -0.3408
vn 0.0972 -0.8909 -0.4437
vn -0.6032 -0.4306 -0.6714
vn -0.7178 -0.1354 -0.6829
vn -0.3202 -0.2602 -0.9109
vn -0.7464 0.0274 -0.6650
vn -0.4573 -0.5565 0.6937
vn -0.6064 -0.4566 0.6509
vn -0.5993 -0.6617 0.4504
vn -0.3696 -0.6778 -0.6356
vn -0.0447 -0.9806 -0.1910
vn 0.4661 -0.8032 -0.3710
vn -0.5827 -0.7822 0.2205
vn -0.5351 -0.7493 0.3901
vn -0.0583 -0.9949 0.0817
vn -0.1015 0.1920 -0.9761
vn 0.2945 -0.6977 0.6531
vn -0.0281 -0.3485 -0.9369
vn 0.4791 -0.0656 -0.8753
vn 0.4064 -0.3002 0.8630
vn -0.0684 -0.9534 0.2940
vn 0.4534 -0.5252 -0.7201
vn -0.0684 -0.9534 0.2939
vn 0.6434 -0.6841 0.3436
vn 0.2946 -0.6976 0.6531
vn 0.7390 -0.3653 0.5661
vn -0.6064 -0.4567 0.6510
vn 0.8117 -0.5723 0.1165
vn -0.0583 -0.9950 0.0817
vn 0.4661 -0.8031 -0.3711
vn 0.7820 -0.6221 -0.0385
vn -0.0447 -0.9806 -0.1911
vn 0.6546 -0.2881 0.6989
vn -0.3695 -0.6778 -0.6356
vn 0.4535 -0.5252 -0.7201
vn 0.7789 -0.4939 -0.3865
vn 0.3955 -0.3235 -0.8596
vn 0.3123 0.4199 -0.8521
vn 0.7592 0.1536 -0.6325
vn 0.6736 -0.6902 -0.2643
vn -0.0261 -0.7303 0.6826
vn 0.4792 -0.0656 -0.8753
vn 0.4454 0.4537 -0.7718
vn 0.2448 -0.6293 -0.7376
vn -0.1801 -0.8143 -0.5518
vn -0.2202 -0.0119 -0.9754
vn 0.3328 -0.9361 0.1134
vn -0.5147 0.2333 -0.8250
vn -0.3973 -0.9151 -0.0683
vn -0.5445 -0.7898 -0.2824
vn -0.6092 -0.7476 0.2645
vn 0.7989 0.5872 0.1301
vn 0.2398 0.9700 -0.0394
vn -0.1924 0.9613 0.1973
vn 0.7311 0.6798 -0.0576
vn -0.2050 0.9363 -0.2850
vn -0.3033 0.5612 0.7701
vn 0.4950 0.2321 0.8374
vn 0.8370 0.2930 0.4621
vn 0.0851 0.7746 0.6267
vn 0.6149 0.5464 0.5686
vn 0.7791 0.5526 0.2962
vn 0.7560 0.6209 -0.2075
vn 0.8197 0.0259 0.5722
vn -0.1429 -0.0135 0.9896
vn 0.6546 -0.2881 0.6990
vn 0.7458 0.5788 -0.3300
vn 0.5964 0.6206 -0.5090
vn 0.2033 0.6849 -0.6996
vn 0.4191 0.3172 0.8508
vn 0.4454 0.4538 -0.7718
vn 0.3216 0.8949 0.3093
vn -0.2850 0.8241 0.4896
vn -0.1647 -0.0621 0.9844
vn 0.4197 0.8615 -0.2859
vn -0.0094 0.9935 0.1132
vn -0.1688 0.8537 -0.4926
vn -0.4006 0.9084 -0.1196
vn -0.4802 -0.4117 0.7746
vn -0.5493 0.5836 -0.5981
vn -0.0261 -0.7304 0.6826
vn -0.4803 -0.4117 0.7745
vn 0.6545 -0.2881 0.6990
vn -0.6092 -0.7476 0.2644
vn 0.3956 -0.3236 -0.8596
vn -0.2202 -0.0118 -0.9754
vn -0.6970 -0.1785 -0.6945
vn -0.1646 -0.0622 0.9844
vn -0.7054 -0.2329 0.6694
vn -0.7926 0.0098 0.6096
vn -0.6099 -0.4239 -0.6696
vn -0.8161 -0.5579 -0.1508
vn -0.3972 -0.9152 -0.0684
vn -0.7595 -0.5730 -0.3079
vn -0.1801 -0.8142 -0.5519
vn -0.7135 -0.5069 -0.4837
vn -0.6974 0.0838 -0.7118
vn -0.5148 0.2333 -0.8250
vn -0.0952 -0.5450 -0.8330
vn -0.0929 -0.8207 0.5638
vn -0.7971 -0.6039 -0.0002
vn -0.7111 0.3270 -0.6224
vn 0.3201 -0.2207 0.9213
vn 0.2607 -0.5455 0.7965
vn -0.0341 0.0387 0.9987
vn 0.4383 -0.0712 -0.8960
vn -0.0322 -0.9707 0.2381
vn 0.3314 -0.9432 -0.0240
vn 0.0968 -0.3549 -0.9299
vn 0.0975 0.4063 -0.9085
vn 0.2066 -0.9305 -0.3024
vn 0.0085 -0.8124 -0.5830
vn -0.7095 0.6759 -0.1994
vn -0.1687 0.8538 -0.4926
vn -0.5492 0.5836 -0.5981
vn 0.4455 0.4538 -0.7718
vn 0.5965 0.6206 -0.5090
vn -0.7315 0.1838 0.6566
vn 0.4191 0.3171 0.8507
vn -0.2851 0.8241 0.4895
vn -0.5306 0.5814 0.6167
vn -0.7383 0.6468 0.1910
vn -0.0092 0.9935 0.1133
vn -0.7927 0.0099 0.6096
vn -0.7517 0.6587 0.0341
vn -0.6648 0.3987 0.6318
vn -0.4006 0.9084 -0.1195
vn -0.7703 0.5374 -0.3433
vn -0.5830 0.6849 0.4371
vn -0.1760 0.2885 0.9411
vn -0.1479 0.9874 -0.0565
vn -0.0364 0.4829 0.8749
vn 0.1221 0.6948 0.7087
vn -0.4033 0.8539 -0.3291
vn 0.0341 0.9798 0.1969
vn -0.0340 0.0387 0.9987
vn -0.0073 0.7921 -0.6104
vn 0.2343 0.5901 -0.7726
vn 0.6613 0.6778 0.3215
vn 0.7466 0.6438 -0.1677
vn 0.7917 0.0874 -0.6046
vn 0.0974 0.4063 -0.9085
vn 0.7367 0.5618 0.3764
vn 0.1220 0.6948 0.7088
vn -0.0364 0.4828 0.8750
vn 0.8153 0.3051 0.4921
vn 0.7801 0.0861 0.6197
vn -0.1760 0.2885 0.9412
vn 0.6696 0.7277 0.1489
vn -0.1479 0.9874 -0.0564
vn 0.5503 0.8103 -0.2014
vn 0.7466 0.6438 -0.1676
vn 0.7485 0.5975 -0.2877
vn -0.4033 0.8539 -0.3290
vn -0.0073 0.7921 -0.6103
vn 0.7513 0.5055 -0.4243
vn 0.7216 0.2384 -0.6500
vn 0.0958 -0.2336 0.9676
vn 0.7520 0.2836 0.5950
vn 0.7997 0.5652 0.2027
vn 0.6196 0.4752 -0.6248
vn 0.2607 -0.5455 0.7966
vn 0.1010 0.6312 0.7690
vn 0.6399 0.0017 -0.7685
vn 0.0115 0.8688 0.4950
vn 0.8117 -0.1785 -0.5561
vn 0.1066 -0.6797 0.7257
vn -0.1994 0.3123 0.9288
vn -0.0220 0.8024 -0.5964
vn -0.4025 0.8705 0.2832
vn -0.0891 -0.2658 -0.9599
vn -0.3104 0.9506 0.0017
vn -0.2178 0.8845 -0.4126
vn -0.3987 0.3613 -0.8429
vn -0.5433 0.5229 -0.6568
vn -0.3668 0.1283 -0.9214
vn 0.7669 -0.4458 -0.4617
vn 0.0084 -0.8124 -0.5831
vn -0.0952 -0.5449 -0.8330
vn -0.0930 -0.8207 0.5638
vn 0.6184 -0.7302 0.2904
vn -0.0323 -0.9707 0.2381
vn 0.7371 -0.6751 -0.0288
vn 0.3314 -0.9432 -0.0241
vn 0.2065 -0.9305 -0.3025
vn 0.9139 -0.3923 -0.1040
vn 0.5409 -0.7663 -0.3467
vn 0.0969 -0.3549 -0.9299
vn 0.8117 -0.1786 -0.5561
vn 0.6329 -0.3851 -0.6717
vn 0.3367 -0.6736 -0.6579
vn -0.2206 -0.9663 0.1327
vn -0.4873 -0.8630 -0.1331
vn -0.5665 -0.4644 -0.6807
vn -0.6290 -0.6953 -0.3477
vn -0.5421 -0.7499 0.3792
vn 0.1067 -0.6797 0.7257
vn 0.6185 -0.7302 0.2905
vn -0.6456 0.2901 0.7065
vn -0.1993 0.3123 0.9288
vn -0.0351 -0.7224 0.6906
vn 0.0959 -0.2336 0.9676
vn -0.4859 0.1436 0.8621
vn -0.4872 -0.8631 -0.1331
vn -0.4610 -0.8814 0.1031
vn -0.2206 -0.9663 0.1326
vn -0.7551 0.4019 0.5180
vn -0.7461 -0.4928 -0.4478
vn -0.2281 -0.9548 -0.1905
vn -0.2151 -0.4549 0.8642
vn 0.1905 -0.0566 0.9800
vn -0.0136 -0.8954 0.4452
vn 0.3311 0.5015 0.7993
vn 0.0385 -0.7035 -0.7096
vn 0.4838 0.2655 0.8339
vn 0.1688 -0.8664 -0.4700
vn -0.6581 0.7280 -0.1919
vn -0.7059 -0.0543 -0.7063
vn -0.0891 -0.2659 -0.9599
vn -0.7379 0.6075 0.2942
vn -0.4025 0.8705 0.2833
vn 0.0116 0.8688 0.4951
vn 0.1011 0.6312 0.7690
vn -0.7263 0.5389 0.4267
vn -0.8258 0.1360 -0.5473
vn -0.3987 0.3614 -0.8429
vn -0.8155 0.5058 -0.2815
vn -0.0219 0.8024 -0.5963
vn -0.7550 0.4020 0.5180
vn -0.5361 0.8229 0.1880
vn -0.7832 0.4586 -0.4199
vn -0.5433 0.5230 -0.6568
vn -0.7534 -0.1935 -0.6285
vn -0.8173 -0.3672 -0.4441
vn -0.7873 0.3228 -0.5254
vn -0.1186 -0.4706 -0.8744
vn -0.0296 -0.2467 -0.9686
vn 0.0557 0.7718 0.6334
vn 0.2001 0.9620 -0.1858
vn -0.3937 0.8509 -0.3478
vn 0.2406 0.7808 -0.5766
vn 0.2561 0.8770 0.4066
vn -0.2901 0.6232 -0.7263
vn 0.0268 0.4493 -0.8930
vn -0.3188 0.1059 -0.9419
vn 0.2238 0.9741 0.0318
vn 0.6885 -0.0647 -0.7223
vn 0.1905 -0.0567 0.9800
vn -0.4859 0.1437 0.8621
vn 0.0385 -0.7035 -0.7097
vn 0.0207 -0.7488 -0.6625
vn 0.1688 -0.8663 -0.4701
vn -0.0353 -0.7224 0.6906
vn -0.0137 -0.8954 0.4451
vn 0.1492 -0.8172 0.5567
vn -0.4609 -0.8814 0.1031
vn 0.7134 -0.6776 0.1786
vn 0.6657 -0.7457 0.0276
vn -0.2281 -0.9548 -0.1906
vn 0.7332 -0.6471 -0.2089
vn 0.7994 -0.5451 -0.2528
vn 0.7274 -0.3333 -0.5998
vn -0.1187 -0.4705 -0.8744
vn -0.0297 -0.2467 -0.9686
vn -0.0065 -0.5769 0.8168
vn -0.2152 -0.4550 0.8641
vn 0.2642 -0.2583 0.9292
vn 0.2302 -0.9708 -0.0677
vn 0.6885 -0.0648 -0.7223
vn 0.4036 -0.1850 -0.8961
vn -0.0948 -0.9098 -0.4040
vn 0.1506 0.0768 0.9856
vn -0.2053 -0.9470 0.2472
vn -0.0495 -0.4799 -0.8759
vn -0.2627 0.3648 0.8933
vn 0.7557 0.3979 -0.5202
vn 0.0556 0.7718 0.6334
vn 0.1589 0.6544 0.7392
vn 0.6951 0.6098 0.3809
vn 0.6375 0.7270 0.2551
vn -0.5361 0.8230 0.1880
vn 0.2237 0.9741 0.0318
vn 0.2000 0.9620 -0.1857
vn 0.7204 0.6245 -0.3019
vn 0.2406 0.7808 -0.5765
vn 0.7383 0.2380 -0.6310
vn -0.3188 0.1060 -0.9419
vn 0.7916 0.0725 -0.6067
vn 0.2209 0.7437 -0.6309
vn 0.4035 -0.1850 -0.8961
vn 0.2442 0.9676 -0.0643
vn 0.0199 0.9307 -0.3653
vn -0.0265 0.1893 -0.9816
vn -0.0559 0.9703 0.2354
vn 0.0666 0.4918 -0.8682
vn -0.2627 0.3649 0.8932
vn -0.2937 0.8356 0.4642
vn 0.4036 -0.1850 -0.8960
vn -0.4639 -0.2481 -0.8504
vn 0.2442 0.9676 -0.0642
vn -0.0558 0.9703 0.2354
vn -0.5805 0.8091 0.0914
vn -0.6325 0.2217 -0.7421
vn -0.0264 0.1894 -0.9815
vn 0.0667 0.4918 -0.8681
vn -0.5707 0.3968 0.7189
vn 0.1589 0.6544 0.7393
vn -0.6148 0.7810 -0.1101
vn 0.0200 0.9307 -0.3653
vn -0.6238 0.6469 -0.4386
vn 0.2210 0.7438 -0.6309
vn -0.5093 -0.0098 -0.8606
vn -0.4836 0.2672 0.8335
vn -0.6070 0.0779 0.7908
vn -0.2936 0.8356 0.4642
vn -0.5828 0.7581 0.2925
vn -0.4975 -0.4526 -0.7400
vn -0.6108 0.5164 -0.6002
vn -0.6080 0.3612 -0.7070
vn -0.5709 0.7730 -0.2765
vn -0.5972 0.5121 0.6174
vn -0.3331 0.7625 0.5546
vn 0.5068 0.4503 -0.7352
vn -0.1116 0.9899 -0.0871
vn 0.6565 -0.0859 -0.7495
vn 0.3702 0.9104 0.1848
vn 0.4828 -0.3607 -0.7980
vn 0.4407 0.6580 -0.6106
vn 0.3045 0.2507 -0.9189
vn 0.8332 0.2209 0.5069
vn 0.3889 0.5576 0.7334
vn 0.7856 0.5934 -0.1753
vn 0.2754 0.8516 -0.4460
vn 0.6491 0.6896 0.3213
vn 0.2643 -0.2583 0.9292
vn -0.5665 -0.1503 0.8102
vn -0.5396 -0.6137 0.5764
vn 0.1493 -0.8172 0.5567
vn 0.1056 -0.8628 0.4944
vn -0.2054 -0.9470 0.2472
vn -0.5498 -0.8350 0.0227
vn -0.0948 -0.9099 -0.4039
vn -0.5751 -0.7935 -0.1991
vn -0.1545 -0.8582 -0.4896
vn 0.0207 -0.7487 -0.6626
vn -0.6070 0.0779 0.7909
vn -0.5167 -0.4042 0.7547
vn -0.4370 -0.8631 0.2531
vn -0.4974 -0.4527 -0.7400
vn 0.1659 -0.6907 -0.7039
vn -0.2886 -0.9185 -0.2702
vn 0.3717 0.0254 0.9280
vn 0.6530 -0.7381 0.1697
vn 0.7640 -0.2013 0.6129
vn 0.5663 -0.5507 0.6132
vn 0.4768 -0.8787 -0.0244
vn 0.4828 -0.3606 -0.7980
vn 0.8862 -0.4429 -0.1359
vn 0.9865 -0.0008 0.1635
vn 0.7640 -0.2014 0.6129
vn 0.8702 -0.1441 0.4711
vn 0.8981 0.0542 0.4364
vn 0.9396 0.2012 0.2768
vn 0.3890 0.5575 0.7334
vn 0.9105 -0.2706 0.3127
vn 0.8237 0.2709 0.4981
vn 0.8308 0.4383 0.3430
vn 0.8122 -0.4911 0.3149
vn 0.6491 0.6895 0.3213
vn 0.7487 0.6300 0.2066
vn 0.3702 0.9104 0.1849
vn 0.7935 0.6086 -0.0044
vn 0.7285 -0.6832 0.0497
vn 0.7857 0.5933 -0.1753
vn 0.9505 0.2854 -0.1226
vn -0.1545 -0.8581 -0.4896
vn 0.9467 0.2470 -0.2069
vn 0.2755 0.8516 -0.4459
vn 0.4406 0.6581 -0.6105
vn 0.7124 -0.5980 -0.3673
vn 0.7946 -0.3711 -0.4805
vn 0.9383 0.1929 -0.2869
vn 0.5068 0.4503 -0.7351
vn 0.9151 0.0904 -0.3929
vn 0.8753 -0.1710 -0.4522
vn 0.6565 -0.0859 -0.7494
vn 0.9691 -0.0221 -0.2455
vn 0.9641 -0.0308 0.2636
vn 0.9639 0.0360 -0.2640
vn 0.9629 -0.1454 0.2272
vn 0.8008 0.2030 0.5634
vn 0.9993 0.0180 0.0315
vn 1.0000 -0.0022 0.0036
vn 0.9999 -0.0075 0.0068
vn 0.9777 0.1304 0.1645
vn 1.0000 0.0046 0.0002
vn 0.9993 -0.0284 0.0252
vn 1.0000 0.0006 0.0040
vn 0.9225 0.3290 0.2017
vn 1.0000 0.0027 -0.0010
vn 0.9656 -0.2422 0.0943
vn 1.0000 -0.0000 -0.0032
vn 1.0000 0.0001 -0.0002
vn 0.9679 0.2490 0.0332
vn 1.0000 -0.0007 0.0005
vn 1.0000 -0.0018 0.0010
vn 0.9675 -0.2525 0.0136
vn 1.0000 0.0013 0.0016
vn 0.9632 0.2599 -0.0678
vn 0.9996 0.0248 -0.0104
vn 1.0000 -0.0027 -0.0020
vn 0.9702 -0.2355 -0.0566
vn 1.0000 -0.0014 0.0047
vn 1.0000 0.0020 0.0047
vn 0.9852 -0.1501 -0.0821
vn 0.9965 0.0663 -0.0513
vn 0.9997 0.0014 -0.0258
vn 0.9996 -0.0100 -0.0251
vn 0.9959 0.0611 -0.0668
vn 0.9786 -0.1554 -0.1347
vn 0.8989 -0.1572 -0.4090
vn 0.8862 -0.4429 -0.1360
vn -0.1544 -0.8582 -0.4896
vn 0.1658 -0.6907 -0.7039
vn 0.7285 -0.6833 0.0497
vn 0.8122 -0.4911 0.3150
vn 0.9786 -0.1554 -0.1348
vn 0.8753 -0.1710 -0.4523
vn 0.9691 -0.0220 -0.2455
vn 0.9852 -0.1502 -0.0821
vn 0.9632 0.2600 -0.0678
vn 0.7934 0.6086 -0.0045
vn 0.8981 0.0542 0.4365
vn 0.9777 0.1304 0.1646
vn 0.9396 0.2012 0.2769
vn 0.8307 0.4384 0.3431
vn 0.9225 0.3291 0.2017
vn 0.9679 0.2491 0.0333
vn -0.3316 0.5124 0.7922
vn -0.2586 0.2172 0.9413
vn 0.2316 0.3065 0.9233
vn 0.5360 0.7985 0.2740
vn -0.3304 0.8675 0.3718
vn 0.6249 0.7792 -0.0484
vn -0.2306 0.9390 -0.2552
vn -0.4310 0.6101 -0.6649
vn -0.2936 0.8246 -0.4837
vn 0.4585 0.7056 -0.5403
vn 0.5607 0.7795 -0.2793
vn -0.2341 -0.1115 0.9658
vn 0.4201 0.5135 -0.7482
vn 0.3791 0.6488 0.6599
vn -0.3672 0.5722 -0.7333
vn -0.1651 0.8645 -0.4747
vn -0.0087 0.9817 0.1904
vn -0.1475 -0.0020 0.9891
vn -0.0618 0.9786 -0.1965
vn -0.5510 0.4998 0.6683
vn 0.3635 -0.7411 -0.5645
vn -0.3593 0.3592 -0.8613
vn 0.4201 0.5134 -0.7483
vn -0.7738 -0.3279 -0.5419
vn 0.5679 -0.3505 -0.7447
vn 0.1808 -0.6233 -0.7608
vn -0.0176 -0.0649 -0.9977
vn -0.3587 -0.8666 -0.3470
vn -0.1920 -0.3841 -0.9031
vn -0.5190 -0.4117 0.7491
vn 0.3456 -0.3599 0.8666
vn -0.4255 -0.6541 0.6253
vn -0.4429 -0.8137 0.3764
vn -0.3505 -0.9322 0.0899
vn 0.2529 -0.9281 -0.2732
vn -0.5685 -0.7998 -0.1929
vn 0.4630 -0.8863 0.0054
vn -0.6992 -0.7023 0.1338
vn -0.4076 -0.5574 0.7233
vn 0.2542 0.1860 0.9491
vn 0.1053 -0.7831 0.6129
vn -0.0821 -0.9035 0.4206
vn 0.6591 -0.7385 0.1423
vn -0.5685 -0.7997 -0.1929
vn 0.3357 -0.7708 -0.5415
vn -0.5338 -0.7502 -0.3902
vn -0.5085 -0.4672 -0.7233
vn -0.5108 -0.6859 -0.5184
vn -0.4650 -0.1390 -0.8744
vn -0.2544 0.1949 -0.9473
vn 0.1794 0.4994 -0.8476
vn -0.0950 0.6506 -0.7535
vn 0.2888 -0.7973 -0.5300
vn 0.1230 0.3689 -0.9213
vn -0.0418 -0.6147 -0.7877
vn -0.4831 -0.8755 0.0001
vn 0.7631 -0.6366 -0.1111
vn 0.3677 -0.5514 0.7489
vn -0.5604 -0.3790 0.7365
vn 0.1368 -0.9107 -0.3896
vn -0.5517 -0.8258 -0.1168
vn 0.4519 -0.7428 0.4940
vn 0.5908 -0.7804 0.2047
vn -0.4913 -0.7727 0.4019
vn -0.5295 -0.8366 0.1405
vn -0.4852 -0.6072 0.6292
vn -0.5783 -0.6721 -0.4625
vn -0.6599 -0.7018 -0.2683
vn -0.3737 -0.7435 0.5547
vn 0.0422 -0.9370 0.3468
vn 0.0498 -0.8935 -0.4463
vn 0.4265 -0.8782 -0.2166
vn 0.3316 -0.3746 0.8659
vn 0.4127 -0.2974 0.8609
vn -0.5866 -0.1151 0.8017
vn 0.3647 0.0689 0.9286
vn -0.4950 0.8621 -0.1086
vn 0.0144 0.5335 0.8457
vn 0.3345 0.2867 0.8977
vn -0.5197 0.2688 0.8110
vn -0.1831 0.8819 0.4344
vn -0.6691 0.0784 0.7390
vn -0.4896 0.8321 0.2606
vn 0.4494 0.8866 -0.1091
vn 0.3384 0.2202 0.9149
vn 0.6958 -0.1419 0.7040
vn -0.4316 0.2039 0.8787
vn -0.6177 -0.2840 0.7333
vn -0.7004 0.3708 0.6099
vn -0.5462 -0.2856 0.7874
vn -0.7773 0.4090 0.4779
vn -0.7920 -0.0706 0.6064
vn -0.6577 0.6107 0.4410
vn -0.6877 0.4539 0.5666
vn -0.6204 -0.4621 0.6337
vn -0.7158 -0.0925 0.6922
vn -0.7384 0.0979 0.6672
vn -0.5698 0.6263 0.5321
vn -0.5180 0.0448 0.8542
vn -0.4897 0.5928 0.6393
vn -0.5736 0.1624 0.8028
vn -0.3948 0.5402 0.7432
vn -0.4456 0.0221 0.8949
vn -0.4134 0.5992 0.6856
vn -0.2366 0.5699 0.7869
vn -0.2679 0.5357 0.8008
vn -0.2452 0.3478 0.9049
vn -0.0470 0.5569 0.8292
vn -0.0702 0.4894 0.8692
vn 0.0436 0.0436 0.9981
vn 0.0397 0.5960 0.8020
vn 0.1207 0.4784 0.8698
vn 0.1839 0.3319 0.9252
vn 0.1288 -0.3592 0.9243
vn 0.2575 -0.1598 0.9530
vn 0.3059 0.4544 0.8366
vn 0.4777 0.5558 0.6804
vn 0.6953 -0.1578 0.7012
vn 0.7081 -0.4430 0.5499
vn 0.7416 -0.2723 0.6131
vn 0.6270 0.3428 0.6995
vn 0.2921 -0.4943 0.8188
vn -0.2835 0.3079 0.9082
vn -0.9949 0.0649 0.0774
vn 0.3950 0.3489 0.8498
vn 0.4495 0.5473 0.7060
vn 0.6881 0.5400 0.4847
vn 0.8007 -0.2881 0.5253
vn 0.7409 -0.0747 0.6674
vn 0.4219 0.0860 0.9025
vn 0.6265 0.4695 0.6222
vn -0.9474 0.1905 0.2573
vn -0.8509 0.4868 0.1976
vn -0.9927 0.1169 -0.0306
vn -0.9072 -0.1815 -0.3796
vn -0.7107 0.6644 -0.2313
vn -0.7935 0.5089 0.3339
vn -0.8591 -0.1608 0.4859
vn -0.7695 0.2792 -0.5743
vn -0.6470 0.1114 0.7543
vn -0.7862 0.3821 -0.4856
vn -0.5188 0.6850 0.5114
vn -0.6515 0.2604 -0.7126
vn -0.4383 0.1774 0.8812
vn -0.3975 0.7625 -0.5105
vn -0.6229 0.0348 0.7815
vn -0.5759 -0.1055 -0.8107
vn -0.2826 0.7784 -0.5606
vn -0.4840 0.0503 -0.8736
vn -0.3249 -0.2997 0.8970
vn -0.3124 0.1010 -0.9445
vn -0.1611 0.6407 -0.7507
vn 0.0011 0.2181 -0.9759
vn 0.0953 0.6612 -0.7442
vn 0.1730 0.0250 -0.9846
vn 0.3141 -0.0605 -0.9475
vn 0.2375 0.7054 -0.6678
vn 0.4327 -0.1801 -0.8834
vn 0.4171 0.6358 -0.6495
vn 0.3140 -0.0606 -0.9475
vn 0.6535 -0.0686 -0.7538
vn 0.3381 0.7813 0.5247
vn 0.7600 0.2706 0.5908
vn 0.6579 -0.0465 0.7517
vn 0.4859 0.7346 0.4735
vn 0.8086 0.2168 -0.5470
vn 0.7565 0.3587 -0.5468
vn 0.8895 -0.2788 -0.3620
vn 0.7070 0.6718 -0.2210
vn 0.8410 -0.0049 0.5410
vn 0.5760 0.7905 0.2082
vn 0.9604 0.0609 0.2718
vn 0.9722 -0.2237 -0.0689
vn 0.8787 -0.0155 -0.4771
vn 0.7143 0.6992 0.0294
vn 0.8014 0.4372 0.4082
vn 0.6536 0.7313 0.1950
vn 0.7114 0.6833 -0.1647
vn 0.4103 -0.1884 -0.8923
vn 0.5492 -0.4643 0.6948
vn 0.2359 0.8612 0.4501
vn 0.5945 0.7894 0.1529
vn 0.4588 0.8884 -0.0135
vn -0.7125 0.4123 -0.5677
vn 0.5407 0.3118 -0.7813
vn -0.7475 0.1671 -0.6429
vn 0.4859 0.8358 -0.2555
vn -0.2814 0.8651 -0.4153
vn -0.4472 0.7865 0.4261
vn 0.5241 0.6674 -0.5290
vn -0.8122 0.4756 -0.3378
vn 0.6134 0.4620 -0.6405
vn -0.8794 0.3017 0.3683
vn 0.4894 0.5580 0.6702
vn 0.1876 0.8968 -0.4008
vn -0.3677 0.9146 -0.1682
vn -0.4585 0.8620 0.2163
vn -0.5811 0.6639 -0.4707
vn -0.5534 0.3871 0.7375
vn -0.6352 0.7719 0.0261
vn -0.9513 -0.1090 -0.2882
vn -0.7756 -0.6299 -0.0414
vn -0.7936 -0.5660 0.2235
vn -0.8373 -0.3369 0.4306
vn -0.9448 -0.1295 -0.3008
vn -0.8267 0.1024 -0.5532
vn -0.6625 -0.6690 0.3369
vn -0.6964 -0.4215 0.5809
vn -0.7787 -0.0544 -0.6251
vn -0.5814 -0.5432 -0.6057
vn -0.0466 0.4723 -0.8802
vn -0.0855 -0.5066 -0.8579
vn 0.2691 -0.1625 -0.9493
vn 0.4089 -0.3609 -0.8382
vn 0.0509 -0.5926 -0.8039
vn 0.0205 0.4429 -0.8963
vn 0.0959 0.5551 -0.8262
vn 0.1122 -0.0345 -0.9931
vn 0.2447 -0.0533 -0.9681
vn -0.0772 0.0259 -0.9967
vn 0.0010 -0.2551 -0.9669
vn -0.0299 -0.3296 -0.9436
vn 0.2939 0.0211 -0.9556
vn 0.0365 0.1073 -0.9936
vn 0.2965 -0.3529 -0.8875
vn 0.0544 0.2677 -0.9620
vn 0.0989 0.0498 -0.9938
vn 0.3259 0.5818 -0.7451
vn 0.0789 -0.0023 -0.9969
vn 0.3523 0.2133 -0.9113
vn 0.1429 -0.4662 -0.8731
vn 0.3757 -0.3617 -0.8532
vn 0.3885 0.0602 -0.9195
vn -0.0855 -0.5065 -0.8580
vn 0.0872 0.4141 -0.9061
vn 0.2691 -0.1626 -0.9493
vn 0.1308 -0.6228 -0.7714
vn 0.1864 -0.4236 -0.8865
vn 0.2850 0.1761 -0.9422
vn 0.3494 0.4492 -0.8223
vn 0.3293 0.4783 -0.8141
vn 0.3683 0.1737 -0.9133
vn 0.4264 -0.5468 -0.7206
vn 0.3426 0.2085 -0.9161
vn 0.0684 -0.6448 -0.7613
vn 0.5001 0.0340 -0.8653
vn 0.2835 -0.4879 -0.8256
vn 0.4122 0.4116 -0.8128
vn 0.5990 0.1364 -0.7890
vn 0.5190 -0.2286 -0.8236
vn 0.3153 -0.1374 -0.9390
vn 0.4623 -0.4129 -0.7847
vn 0.6621 0.0819 -0.7449
vn 0.5232 0.5002 -0.6899
vn 0.4880 0.5358 -0.6891
vn 0.5146 0.5734 -0.6376
vn 0.4723 -0.4869 -0.7348
vn 0.4972 -0.1099 -0.8607
vn 0.6767 0.1314 -0.7244
vn 0.6038 -0.0464 -0.7958
vn 0.5891 0.0419 -0.8069
vn 0.5035 -0.5986 -0.6231
vn 0.6874 0.2330 -0.6879
vn 0.7342 -0.0377 -0.6779
vn 0.5709 0.1573 -0.8058
vn 0.7725 0.1879 -0.6066
vn 0.6391 0.5023 -0.5825
vn 0.7682 -0.0012 -0.6402
vn 0.7450 0.0297 -0.6664
vn 0.7397 0.2842 -0.6100
vn 0.7409 -0.0539 -0.6695
vn 0.7541 -0.1124 -0.6471
vn 0.6351 0.4462 -0.6305
vn 0.6817 -0.3848 -0.6223
vn 0.7688 0.1371 -0.6246
vn 0.6434 -0.5729 -0.5078
vn 0.6494 0.5859 -0.4847
vn 0.5886 -0.5800 -0.5631
vn 0.6963 0.3845 -0.6060
vn 0.5880 -0.6455 -0.4875
vn 0.7178 0.0709 -0.6926
vn 0.7852 0.0601 -0.6163
vn 0.7605 0.1962 -0.6190
vn 0.7785 -0.0010 -0.6277
vn 0.7264 -0.1298 -0.6749
vn 0.8483 0.0114 -0.5294
vn 0.8480 -0.4268 -0.3144
vn 0.6571 0.6357 -0.4051
vn 0.8191 -0.0925 -0.5661
vn 0.5621 -0.6386 -0.5256
vn 0.7263 0.6531 -0.2142
vn 0.7560 0.4892 -0.4350
vn 0.7248 -0.2128 -0.6553
vn 0.7556 0.2958 -0.5844
vn 0.5829 0.3979 -0.7084
vn 0.8047 0.0823 -0.5879
vn 0.8211 -0.2064 -0.5321
vn 0.7713 0.6350 -0.0433
vn -0.8062 -0.1274 -0.5777
vn 0.4230 -0.0480 -0.9048
vn 0.0006 0.0410 -0.9992
vn 0.7053 -0.6574 -0.2653
vn -0.2850 -0.1186 -0.9512
vn 0.5948 -0.2102 -0.7759
vn 0.8145 0.5494 -0.1862
vn -0.6456 -0.2346 -0.7267
vn -0.9012 0.0575 -0.4296
vn 0.5847 -0.7823 -0.2149
vn -0.9335 0.0962 -0.3455
vn -0.8869 -0.4516 -0.0970
vn -0.8556 0.5164 -0.0359
vn -0.9017 0.2519 -0.3513
vn -0.8477 -0.2846 -0.4477
vn -0.8394 -0.5421 -0.0400
vn -0.7734 -0.2899 -0.5638
vn -0.7161 0.4429 -0.5395
vn -0.6376 0.0213 -0.7700
vn -0.5254 0.2932 -0.7987
vn -0.4915 -0.5100 -0.7059
vn -0.3374 -0.1773 -0.9245
vn -0.1965 0.5020 -0.8422
vn -0.9074 -0.3530 0.2281
vn -0.8023 0.5640 0.1953
vn -0.7725 0.4098 0.4852
vn -0.9947 -0.0477 0.0910
vn -0.8902 0.0467 0.4531
vn -0.6756 0.1681 0.7179
vn -0.6493 -0.2014 0.7334
vn -0.4067 -0.1072 0.9073
vn -0.0729 0.3971 0.9149
vn -0.0208 -0.4889 0.8721
vn 0.1932 0.1194 0.9739
vn -0.9927 0.1170 -0.0306
vn -0.6651 -0.7316 -0.1494
vn -0.7921 -0.6101 0.0187
vn -0.9072 -0.1814 -0.3797
vn -0.9716 0.0620 -0.2284
vn -0.9726 0.1634 0.1653
vn -0.7880 -0.3914 -0.4753
vn -0.7695 0.2792 -0.5744
vn -0.5615 -0.6814 -0.4695
vn -0.6213 -0.2134 -0.7539
vn -0.5758 -0.1054 -0.8108
vn -0.4025 -0.7473 -0.5288
vn -0.3388 -0.6896 -0.6401
vn -0.3284 0.1033 -0.9389
vn -0.3124 0.1011 -0.9445
vn -0.1312 -0.7023 -0.6997
vn 0.0012 0.2182 -0.9759
vn 0.0397 -0.7301 -0.6822
vn 0.3141 -0.0604 -0.9475
vn 0.1406 -0.7094 -0.6907
vn 0.3489 0.4017 -0.8467
vn 0.3618 -0.6630 -0.6554
vn 0.5960 -0.4034 -0.6943
vn 0.6535 -0.0685 -0.7538
vn 0.4833 -0.7257 -0.4896
vn 0.7878 0.1523 -0.5968
vn 0.5329 -0.7227 -0.4402
vn 0.7566 0.3587 -0.5468
vn 0.8787 -0.0154 -0.4771
vn -0.6823 -0.6942 0.2294
vn -0.8509 0.4868 0.1975
vn -0.8591 -0.1608 0.4858
vn -0.9726 0.1634 0.1652
vn -0.4693 -0.8028 0.3678
vn -0.8777 -0.0427 0.4772
vn -0.5457 -0.4110 0.7303
vn -0.4383 0.1775 0.8811
vn -0.1211 -0.1049 0.9871
vn 0.1355 -0.6561 0.7424
vn 0.1916 0.4080 0.8926
vn 0.4054 0.0709 0.9114
vn 0.7117 -0.1955 0.6748
vn 0.7601 0.2706 0.5908
vn 0.6088 -0.7434 0.2771
vn 0.9604 0.0610 0.2718
vn 0.5940 -0.8013 0.0707
vn 0.9302 -0.0274 0.3660
vn 0.9667 -0.2522 -0.0439
vn -0.8958 0.4384 -0.0729
vn -0.6062 0.7831 0.1390
vn -0.9067 -0.1766 -0.3829
vn -0.9434 0.2830 -0.1729
vn -0.9928 -0.0630 0.1014
vn -0.9581 0.0882 0.2724
vn -0.6981 -0.5883 -0.4082
vn -0.7490 -0.2317 -0.6207
vn -0.3691 0.2454 -0.8964
vn -0.3978 -0.5410 -0.7410
vn -0.1014 -0.1794 -0.9785
vn -0.0015 0.3539 -0.9353
vn 0.2117 0.4376 -0.8739
vn 0.1867 -0.1800 -0.9658
vn -0.9935 -0.0490 0.1025
vn -0.8561 0.1585 0.4919
vn -0.6593 -0.0273 0.7514
vn -0.9582 0.0882 0.2723
vn -0.4310 0.7091 0.5580
vn -0.3665 0.1284 0.9215
vn -0.3159 0.1568 0.9357
vn -0.0495 0.2918 0.9552
vn 0.2221 0.0267 0.9746
vn 0.5549 0.1410 0.8199
vn 0.5641 -0.0942 0.8203
vn 0.7349 0.2815 0.6170
vn -0.9737 -0.2156 -0.0733
vn -0.9097 -0.3238 0.2599
vn -0.8303 -0.4686 -0.3017
vn -0.8845 -0.0359 -0.4651
vn -0.7380 0.4214 -0.5271
vn -0.5900 -0.7031 -0.3969
vn -0.6610 -0.1437 -0.7365
vn -0.3219 -0.6612 -0.6776
vn -0.1829 -0.0240 -0.9828
vn -0.2858 0.4317 -0.8555
vn 0.1208 -0.4831 -0.8672
vn 0.4961 -0.2943 -0.8169
vn 0.1573 0.3109 -0.9374
vn 0.4871 -0.0783 -0.8698
vn 0.6736 -0.1425 -0.7253
vn 0.6384 -0.7167 -0.2807
vn 0.8146 -0.4855 -0.3173
vn 0.4586 -0.1549 0.8751
vn 0.3129 0.2601 0.9135
vn 0.5468 0.2672 0.7935
vn 0.5366 -0.4574 0.7091
vn 0.6116 0.1974 0.7661
vn 0.6409 -0.4686 0.6080
vn 0.6779 -0.6573 0.3292
vn 0.6384 -0.7166 -0.2807
vn 0.6632 -0.7384 -0.1223
vn 0.9831 -0.0305 -0.1807
vn 0.6702 -0.7268 0.1501
vn 0.9918 -0.1266 0.0197
vn 0.6906 -0.7231 -0.0117
vn 0.9041 0.3186 0.2848
vn 0.9725 -0.0097 -0.2328
vn 0.9972 0.0393 0.0633
vn -0.0697 0.9894 -0.1271
vn 0.5131 0.8462 0.1440
vn -0.2835 0.4399 0.8521
vn 0.6638 0.4124 0.6239
vn 0.1209 0.8436 0.5231
vn 0.6499 0.7135 0.2620
vn 0.5826 0.6291 0.5145
vn 0.4754 0.8797 0.0060
vn 0.3205 0.9197 -0.2266
vn 0.3749 0.8311 -0.4107
vn -0.0311 0.8936 -0.4477
vn 0.6025 0.6310 -0.4887
vn -0.3352 0.7099 -0.6194
vn 0.4474 0.8132 0.3722
vn -0.0411 0.6060 0.7944
vn -0.4659 0.8394 -0.2799
vn -0.4101 0.9106 -0.0503
vn 0.3205 0.5845 -0.7454
vn -0.6028 0.7400 0.2986
vn -0.3717 0.7574 0.5368
vn -0.6473 0.6424 -0.4103
vn -0.1556 0.7600 -0.6311
vn 0.2094 -0.5112 0.8336
vn 0.4753 -0.2642 0.8392
vn 0.6872 0.0407 0.7253
vn -0.4607 0.1557 0.8738
vn 0.7130 0.2086 0.6695
vn 0.5647 -0.5012 0.6557
vn -0.0942 -0.7411 0.6647
vn 0.5964 -0.6377 0.4876
vn 0.1088 -0.8667 0.4868
vn 0.1283 -0.9620 0.2410
vn 0.6285 -0.7014 0.3361
vn 0.6639 0.4123 0.6239
vn -0.0959 -0.9830 0.1568
vn -0.3459 0.1021 0.9327
vn -0.1764 -0.8637 0.4721
vn 0.3738 0.3204 0.8704
vn -0.0943 -0.7529 0.6514
vn -0.0411 0.6061 0.7943
vn -0.6103 -0.0716 0.7889
vn -0.7592 -0.2270 0.6099
vn -0.1355 0.9677 0.2127
vn 0.6041 0.7855 0.1344
vn 0.0724 -0.1835 0.9803
vn 0.6331 0.0239 0.7737
vn 0.6011 -0.2734 0.7510
vn 0.6848 0.4624 0.5632
vn -0.4206 0.5787 0.6987
vn 0.0853 0.3886 0.9175
vn 0.2261 0.7877 0.5731
vn 0.6865 0.5948 0.4183
vn -0.3264 0.9177 -0.2267
vn 0.7182 0.6686 -0.1927
vn 0.1788 0.8771 -0.4459
vn 0.6817 0.2644 0.6822
vn 0.5056 0.7467 -0.4321
vn 0.0293 0.7901 0.6123
vn 0.4406 0.8948 -0.0726
vn 0.4901 0.4136 0.7673
vn 0.1262 0.5940 0.7945
vn -0.1717 0.1955 0.9656
vn 0.2201 0.9030 0.3690
vn 0.6954 -0.6128 0.3754
vn 0.3367 -0.6172 0.7112
vn -0.2352 -0.8220 0.5186
vn 0.5542 -0.7908 -0.2599
vn 0.0099 -0.9892 -0.1461
vn -0.1903 -0.9003 -0.3914
vn -0.0437 -0.7745 -0.6310
vn 0.5074 -0.8340 0.2169
vn -0.0158 -0.9468 0.3213
vn 0.0240 -0.9942 0.1051
vn 0.4587 -0.8869 -0.0551
vn 0.1428 -0.8810 0.4511
vn 0.3635 -0.5280 0.7675
vn 0.3105 -0.7134 0.6283
vn -0.5993 -0.6618 0.4505
vn -0.4572 -0.5565 0.6937
vn -0.4599 -0.8879 0.0102
vn -0.4788 -0.3863 0.7884
vn -0.5828 -0.7822 0.2205
vn -0.2704 -0.1315 0.9537
vt 0.754317 0.104473
vt 0.748928 0.075618
vt 0.763131 0.070426
vt 0.674308 0.118684
vt 0.694070 0.139139
vt 0.676947 0.137381
vt 0.757946 0.043714
vt 0.728493 0.120408
vt 0.732472 0.129050
vt 0.737858 0.036567
vt 0.742993 0.020419
vt 0.720264 0.102627
vt 0.712310 0.137770
vt 0.701263 0.119314
vt 0.723516 0.063676
vt 0.710107 0.083622
vt 0.726975 0.016557
vt 0.709041 0.032865
vt 0.685958 0.046491
vt 0.709457 0.000338
vt 0.682612 0.082705
vt 0.704140 0.011289
vt 0.656808 0.125566
vt 0.652506 0.099599
vt 0.680852 0.009051
vt 0.663530 0.060377
vt 0.676220 0.000266
vt 0.644045 0.109600
vt 0.642796 0.073814
vt 0.657636 0.024472
vt 0.631971 0.057378
vt 0.633039 0.087944
vt 0.654376 0.012154
vt 0.643619 0.023165
vt 0.689809 0.143921
vt 0.699122 0.148375
vt 0.659383 0.136178
vt 0.639479 0.109370
vt 0.640842 0.120890
vt 0.593874 0.041657
vt 0.582929 0.066249
vt 0.586682 0.070939
vt 0.770112 0.086749
vt 0.764236 0.108055
vt 0.748495 0.125700
vt 0.769935 0.053698
vt 0.730096 0.140019
vt 0.752861 0.015914
vt 0.737677 0.003278
vt 0.677682 0.146469
vt 0.583647 0.098636
vt 0.603673 0.118095
vt 0.588038 0.084309
vt 0.630814 0.105043
vt 0.583203 0.041918
vt 0.622003 0.077644
vt 0.577784 0.062165
vt 0.619872 0.014701
vt 0.608544 0.010389
vt 0.591951 0.023425
vt 0.602926 0.129225
vt 0.619872 0.145178
vt 0.622003 0.049390
vt 0.114416 0.722163
vt 0.102025 0.719420
vt 0.127511 0.718434
vt 0.142515 0.722163
vt 0.618891 0.944859
vt 0.638430 0.945201
vt 0.627987 0.951475
vt 0.658848 0.952676
vt 0.690730 0.963175
vt 0.671333 0.966685
vt 0.579669 0.951771
vt 0.611615 0.957894
vt 0.565920 0.968044
vt 0.551145 0.964125
vt 0.642132 0.960788
vt 0.584139 0.961981
vt 0.551417 0.975226
vt 0.687843 0.975226
vt 0.841956 0.274127
vt 0.855964 0.290705
vt 0.849296 0.291320
vt 0.857208 0.303848
vt 0.831793 0.250287
vt 0.833716 0.260368
vt 0.821908 0.249064
vt 0.843262 0.364231
vt 0.852003 0.345921
vt 0.854518 0.355980
vt 0.862552 0.345038
vt 0.859225 0.318618
vt 0.867776 0.329510
vt 0.827029 0.388692
vt 0.829124 0.399748
vt 0.807520 0.406768
vt 0.849087 0.267478
vt 0.849395 0.373209
vt 0.807499 0.232552
vt 0.805274 0.238080
vt 0.869206 0.315468
vt 0.846415 0.257983
vt 0.831657 0.242981
vt 0.863480 0.287327
vt 0.867603 0.301577
vt 0.805274 0.417421
vt 0.772243 0.397663
vt 0.797573 0.383755
vt 0.775958 0.402504
vt 0.821344 0.363926
vt 0.831083 0.337463
vt 0.836780 0.350632
vt 0.838615 0.321416
vt 0.823988 0.273245
vt 0.839171 0.284015
vt 0.830356 0.288915
vt 0.812091 0.258089
vt 0.826306 0.266951
vt 0.838180 0.300146
vt 0.806559 0.386454
vt 0.790336 0.242456
vt 0.807705 0.241539
vt 0.772243 0.230722
vt 0.794816 0.398814
vt 0.826830 0.257997
vt 0.824441 0.373576
vt 0.846830 0.323455
vt 0.846590 0.301561
vt 0.834874 0.268890
vt 0.783929 0.226692
vt 0.563290 0.797470
vt 0.544690 0.797816
vt 0.553969 0.793987
vt 0.530347 0.791072
vt 0.643411 0.742075
vt 0.630762 0.760321
vt 0.629053 0.752547
vt 0.637676 0.732952
vt 0.651305 0.725892
vt 0.610488 0.777740
vt 0.615316 0.767647
vt 0.584554 0.791497
vt 0.568394 0.789889
vt 0.479516 0.754764
vt 0.468567 0.725892
vt 0.488416 0.756517
vt 0.497355 0.775646
vt 0.506405 0.768623
vt 0.517495 0.789308
vt 0.591961 0.780935
vt 0.553109 0.786487
vt 0.604715 0.766867
vt 0.479358 0.730600
vt 0.534089 0.782761
vt 0.623209 0.750716
vt 0.590603 0.774781
vt 0.576038 0.781452
vt 0.487157 0.744273
vt 0.557167 0.782283
vt 0.801851 0.310884
vt 0.795169 0.305766
vt 0.812857 0.299148
vt 0.775013 0.320866
vt 0.782958 0.325807
vt 0.761348 0.336365
vt 0.764460 0.349899
vt 0.756591 0.345126
vt 0.751188 0.367872
vt 0.759346 0.370480
vt 0.750400 0.382451
vt 0.828716 0.304660
vt 0.755300 0.395665
vt 0.766351 0.410185
vt 0.758263 0.409475
vt 0.805085 0.450371
vt 0.815879 0.469632
vt 0.787663 0.449087
vt 0.767633 0.423407
vt 0.781751 0.426609
vt 0.764067 0.389843
vt 0.772058 0.409881
vt 0.828716 0.466765
vt 0.811962 0.311926
vt 0.366149 0.991722
vt 0.336549 0.997769
vt 0.353960 0.989279
vt 0.338532 0.992253
vt 0.387829 0.988444
vt 0.379422 0.985511
vt 0.394329 0.981804
vt 0.408801 0.988786
vt 0.431243 0.993973
vt 0.414277 0.984467
vt 0.319925 0.999734
vt 0.376487 0.976292
vt 0.406552 0.976409
vt 0.450936 0.999734
vt 0.323975 0.990841
vt 0.345622 0.981819
vt 0.429926 0.980427
vt 0.460043 0.993530
vt 0.965303 0.460394
vt 0.959735 0.470366
vt 0.959917 0.444486
vt 0.949628 0.398548
vt 0.953349 0.417102
vt 0.935802 0.388567
vt 0.965229 0.439134
vt 0.954410 0.488929
vt 0.966415 0.482358
vt 0.951405 0.509266
vt 0.938441 0.517119
vt 0.963866 0.418383
vt 0.935802 0.528237
vt 0.946297 0.385988
vt 0.970497 0.434770
vt 0.972563 0.455704
vt 0.960015 0.405156
vt 0.948229 0.524320
vt 0.957595 0.510919
vt 0.880994 0.510653
vt 0.874324 0.520603
vt 0.876038 0.495889
vt 0.859602 0.444555
vt 0.867838 0.463870
vt 0.853911 0.442978
vt 0.855087 0.564468
vt 0.867178 0.541723
vt 0.863519 0.560163
vt 0.875357 0.536958
vt 0.871945 0.461695
vt 0.857221 0.573523
vt 0.841502 0.581672
vt 0.841502 0.427345
vt 0.852873 0.429470
vt 0.875597 0.478922
vt 0.885182 0.482920
vt 0.878534 0.547115
vt 0.875595 0.454057
vt 0.869264 0.567610
vt 0.887853 0.506062
vt 0.855532 0.583644
vt 0.885492 0.525148
vt 0.861577 0.430126
vt 0.847686 0.417421
vt 0.908503 0.101292
vt 0.915061 0.109338
vt 0.916885 0.126591
vt 0.922791 0.026473
vt 0.943261 0.000266
vt 0.933327 0.018177
vt 0.913527 0.072116
vt 0.907565 0.080109
vt 0.909732 0.062298
vt 0.914024 0.092956
vt 0.922273 0.046734
vt 0.914435 0.049115
vt 0.926912 0.123995
vt 0.919308 0.065164
vt 0.933687 0.151039
vt 0.938672 0.021015
vt 0.929653 0.037815
vt 0.919975 0.091109
vt 0.943261 0.148382
vt 0.927084 0.051953
vt 0.923216 0.070453
vt 0.966102 0.114243
vt 0.957280 0.119540
vt 0.953530 0.102165
vt 0.971198 0.137187
vt 0.949121 0.081069
vt 0.955915 0.075864
vt 0.949732 0.053200
vt 0.955851 0.028261
vt 0.961481 0.037135
vt 0.964615 0.018018
vt 0.962363 0.011925
vt 0.955892 0.053653
vt 0.973763 0.000266
vt 0.962235 0.098620
vt 0.978423 0.008646
vt 0.961613 0.084053
vt 0.961543 0.069905
vt 0.968725 0.028231
vt 0.962136 0.053439
vt 0.978423 0.129339
vt 0.966086 0.057033
vt 0.966559 0.087011
vt 0.967353 0.099834
vt 0.143460 0.938328
vt 0.150512 0.949654
vt 0.126432 0.945072
vt 0.166458 0.940245
vt 0.182017 0.940542
vt 0.182524 0.946495
vt 0.212137 0.940163
vt 0.210400 0.929569
vt 0.107565 0.935599
vt 0.116598 0.927977
vt 0.091369 0.919862
vt 0.231996 0.927423
vt 0.095285 0.909696
vt 0.242674 0.909696
vt 0.187597 0.932802
vt 0.163820 0.445799
vt 0.140667 0.448150
vt 0.169309 0.430945
vt 0.092930 0.456566
vt 0.113990 0.455971
vt 0.110323 0.460889
vt 0.128336 0.456126
vt 0.144921 0.457192
vt 0.184717 0.409604
vt 0.185780 0.416509
vt 0.084103 0.460995
vt 0.064607 0.449283
vt 0.127304 0.462297
vt 0.026372 0.415718
vt 0.028345 0.398775
vt 0.040837 0.427572
vt 0.102458 0.466392
vt 0.193443 0.414425
vt 0.194193 0.398775
vt 0.180504 0.431864
vt 0.044143 0.443418
vt 0.120631 0.467917
vt 0.066265 0.459845
vt 0.089650 0.468672
vt 0.174690 0.441456
vt 0.107311 0.470698
vt 0.463227 0.693351
vt 0.459336 0.672963
vt 0.464949 0.672357
vt 0.421571 0.759459
vt 0.415713 0.753471
vt 0.431240 0.742607
vt 0.404971 0.762944
vt 0.456545 0.651678
vt 0.443266 0.627380
vt 0.460183 0.638556
vt 0.439708 0.611738
vt 0.422619 0.608203
vt 0.438102 0.749555
vt 0.453195 0.625673
vt 0.395045 0.587906
vt 0.419665 0.600215
vt 0.462398 0.716485
vt 0.452950 0.712773
vt 0.448719 0.738183
vt 0.468333 0.652842
vt 0.471645 0.682606
vt 0.471763 0.667404
vt 0.426756 0.599492
vt 0.395045 0.773308
vt 0.470375 0.696575
vt 0.150817 0.782441
vt 0.154879 0.784915
vt 0.139282 0.795369
vt 0.164564 0.773077
vt 0.064347 0.805215
vt 0.078734 0.798564
vt 0.094093 0.807938
vt 0.134218 0.789230
vt 0.123563 0.801406
vt 0.104455 0.797357
vt 0.057394 0.796491
vt 0.039486 0.794821
vt 0.018831 0.764968
vt 0.019144 0.778077
vt 0.007842 0.761723
vt 0.040106 0.784957
vt 0.000266 0.748255
vt 0.006003 0.739744
vt 0.183538 0.745793
vt 0.173904 0.758585
vt 0.174671 0.739744
vt 0.159397 0.765985
vt 0.144717 0.779545
vt 0.068706 0.793680
vt 0.162605 0.754694
vt 0.088009 0.790874
vt 0.366078 0.771238
vt 0.375963 0.765602
vt 0.385384 0.766939
vt 0.393967 0.760796
vt 0.264485 0.730990
vt 0.267721 0.740761
vt 0.257230 0.729845
vt 0.283226 0.742064
vt 0.285330 0.754434
vt 0.298644 0.748528
vt 0.308388 0.765023
vt 0.404846 0.756550
vt 0.402219 0.748433
vt 0.421959 0.741655
vt 0.247469 0.715912
vt 0.255750 0.708311
vt 0.322225 0.770572
vt 0.337237 0.767372
vt 0.339440 0.773308
vt 0.350860 0.764527
vt 0.434373 0.721712
vt 0.443527 0.723360
vt 0.326056 0.761500
vt 0.358346 0.758701
vt 0.380508 0.754229
vt 0.268218 0.723750
vt 0.408830 0.736142
vt 0.334417 0.758236
vt 0.436416 0.708311
vt 0.913946 0.504510
vt 0.921699 0.513874
vt 0.913137 0.529586
vt 0.913885 0.474931
vt 0.920154 0.492527
vt 0.901149 0.556786
vt 0.912680 0.536563
vt 0.911955 0.548960
vt 0.885722 0.574587
vt 0.901013 0.573386
vt 0.917052 0.456936
vt 0.904879 0.460602
vt 0.897128 0.439989
vt 0.928462 0.496504
vt 0.924861 0.533511
vt 0.925705 0.478603
vt 0.916904 0.555709
vt 0.885722 0.424737
vt 0.889123 0.413692
vt 0.906747 0.433719
vt 0.929409 0.515211
vt 0.628176 0.558685
vt 0.629830 0.534629
vt 0.636388 0.540260
vt 0.618378 0.536827
vt 0.611413 0.530130
vt 0.608144 0.566186
vt 0.628649 0.588439
vt 0.605892 0.587389
vt 0.591066 0.540128
vt 0.588840 0.527406
vt 0.576604 0.567371
vt 0.576102 0.583774
vt 0.562316 0.525148
vt 0.564236 0.541117
vt 0.555736 0.561117
vt 0.551760 0.535458
vt 0.546935 0.577388
vt 0.543262 0.554892
vt 0.547135 0.523935
vt 0.531200 0.531924
vt 0.532819 0.523076
vt 0.513632 0.571786
vt 0.517863 0.545178
vt 0.515434 0.582886
vt 0.514336 0.524352
vt 0.488756 0.537649
vt 0.497946 0.522909
vt 0.485341 0.579943
vt 0.484968 0.569112
vt 0.475176 0.523940
vt 0.471876 0.552225
vt 0.470139 0.571766
vt 0.472557 0.535206
vt 0.463658 0.525696
vt 0.450066 0.535907
vt 0.460958 0.581218
vt 0.454331 0.560317
vt 0.442229 0.525737
vt 0.434840 0.579843
vt 0.426553 0.552468
vt 0.420969 0.530159
vt 0.413179 0.579229
vt 0.401708 0.531886
vt 0.402099 0.549275
vt 0.412267 0.588439
vt 0.398476 0.571456
vt 0.396711 0.586096
vt 0.388238 0.557967
vt 0.384390 0.536813
vt 0.249068 0.572043
vt 0.245392 0.592292
vt 0.232324 0.559601
vt 0.221288 0.587544
vt 0.231813 0.600315
vt 0.240591 0.543947
vt 0.208879 0.545331
vt 0.202497 0.603846
vt 0.200416 0.566522
vt 0.196319 0.598639
vt 0.178454 0.587884
vt 0.178198 0.605506
vt 0.177679 0.561080
vt 0.162274 0.604622
vt 0.172048 0.547712
vt 0.166397 0.594383
vt 0.162380 0.573569
vt 0.165850 0.553941
vt 0.157927 0.593949
vt 0.155741 0.551624
vt 0.155036 0.542621
vt 0.142881 0.558297
vt 0.144871 0.607185
vt 0.140427 0.580478
vt 0.135913 0.599056
vt 0.135206 0.548474
vt 0.129421 0.607619
vt 0.119858 0.559005
vt 0.107665 0.579923
vt 0.115834 0.550370
vt 0.109068 0.598775
vt 0.107127 0.607370
vt 0.095423 0.553763
vt 0.091604 0.606497
vt 0.088348 0.595960
vt 0.084825 0.577918
vt 0.082674 0.559045
vt 0.077311 0.548627
vt 0.077215 0.606466
vt 0.079988 0.599283
vt 0.060187 0.562878
vt 0.067244 0.589226
vt 0.063018 0.605120
vt 0.054401 0.546154
vt 0.043692 0.603461
vt 0.038500 0.552827
vt 0.040798 0.589316
vt 0.022643 0.561667
vt 0.019428 0.542621
vt 0.027946 0.601175
vt 0.014321 0.598271
vt 0.010206 0.581467
vt 0.000266 0.593900
vt 0.000305 0.548269
vt 0.002065 0.567444
vt 0.214983 0.261866
vt 0.210209 0.268433
vt 0.201520 0.245220
vt 0.215199 0.253407
vt 0.216026 0.281401
vt 0.196173 0.279262
vt 0.178628 0.224806
vt 0.186639 0.252898
vt 0.211286 0.300672
vt 0.217503 0.305020
vt 0.171700 0.237425
vt 0.151894 0.226071
vt 0.160837 0.206736
vt 0.211519 0.332432
vt 0.218700 0.332890
vt 0.152930 0.207476
vt 0.146726 0.198333
vt 0.215127 0.348405
vt 0.173933 0.264394
vt 0.195388 0.316075
vt 0.183105 0.280824
vt 0.187332 0.302780
vt 0.203867 0.352651
vt 0.180224 0.299075
vt 0.205432 0.360004
vt 0.172381 0.275511
vt 0.164352 0.262436
vt 0.159705 0.248150
vt 0.130989 0.213203
vt 0.191900 0.338171
vt 0.128752 0.195978
vt 0.149739 0.248427
vt 0.145647 0.236483
vt 0.160112 0.271868
vt 0.170058 0.288195
vt 0.181103 0.324358
vt 0.185927 0.324583
vt 0.150945 0.260395
vt 0.171916 0.317649
vt 0.128435 0.245384
vt 0.124479 0.232430
vt 0.168045 0.359310
vt 0.189463 0.367823
vt 0.112774 0.197870
vt 0.108736 0.213538
vt 0.192840 0.375192
vt 0.177266 0.342229
vt 0.180590 0.387923
vt 0.163552 0.356548
vt 0.102614 0.226267
vt 0.099521 0.237474
vt 0.082461 0.208223
vt 0.166292 0.385759
vt 0.089556 0.194726
vt 0.088703 0.224873
vt 0.161126 0.361778
vt 0.079403 0.238407
vt 0.158984 0.363240
vt 0.073163 0.195108
vt 0.148471 0.367772
vt 0.163015 0.405041
vt 0.148204 0.382031
vt 0.074101 0.227033
vt 0.066007 0.235268
vt 0.058958 0.208346
vt 0.058366 0.198531
vt 0.144736 0.405283
vt 0.126932 0.377524
vt 0.152374 0.411540
vt 0.046937 0.208444
vt 0.122931 0.394167
vt 0.128959 0.411984
vt 0.041523 0.227972
vt 0.108498 0.380558
vt 0.032560 0.223318
vt 0.032655 0.247744
vt 0.038489 0.267331
vt 0.107590 0.403974
vt 0.074654 0.392833
vt 0.090134 0.376147
vt 0.105213 0.413159
vt 0.021892 0.236657
vt 0.083954 0.412600
vt 0.025060 0.273983
vt 0.068344 0.365796
vt 0.009187 0.258035
vt 0.030868 0.297364
vt 0.010184 0.246031
vt 0.047346 0.370538
vt 0.048347 0.351479
vt 0.017022 0.292220
vt 0.064529 0.409911
vt 0.031732 0.333562
vt 0.040250 0.332663
vt 0.000266 0.258331
vt 0.032063 0.316541
vt 0.001061 0.274408
vt 0.012491 0.322436
vt 0.049485 0.393553
vt 0.000831 0.295390
vt 0.021836 0.359471
vt 0.000266 0.329690
vt 0.026656 0.375221
vt 0.011260 0.360619
vt 0.003977 0.351323
vt 0.255368 0.230568
vt 0.271351 0.236814
vt 0.244973 0.235958
vt 0.234505 0.226125
vt 0.228483 0.228083
vt 0.215183 0.218154
vt 0.336957 0.203396
vt 0.318423 0.218515
vt 0.330281 0.199420
vt 0.347862 0.181015
vt 0.359610 0.170698
vt 0.349144 0.188257
vt 0.367874 0.151572
vt 0.358476 0.155465
vt 0.295602 0.229382
vt 0.315463 0.210725
vt 0.219143 0.213627
vt 0.199154 0.200705
vt 0.203864 0.196574
vt 0.188910 0.168266
vt 0.191206 0.182147
vt 0.182607 0.164120
vt 0.181939 0.151572
vt 0.192290 0.156514
vt 0.250653 0.224074
vt 0.303033 0.216542
vt 0.329425 0.192748
vt 0.202817 0.184033
vt 0.290258 0.222500
vt 0.272635 0.224387
vt 0.233040 0.215584
vt 0.217279 0.204958
vt 0.343401 0.174569
vt 0.312094 0.206524
vt 0.891080 0.220876
vt 0.872395 0.236392
vt 0.874401 0.225189
vt 0.906865 0.158568
vt 0.892853 0.138435
vt 0.898010 0.132551
vt 0.889641 0.207589
vt 0.902816 0.201155
vt 0.857563 0.097762
vt 0.868850 0.109877
vt 0.846297 0.103088
vt 0.869944 0.103297
vt 0.885903 0.118380
vt 0.899351 0.154477
vt 0.896751 0.188026
vt 0.901171 0.172054
vt 0.907032 0.182548
vt 0.879182 0.122657
vt 0.857785 0.255994
vt 0.846297 0.254253
vt 0.892442 0.152882
vt 0.889993 0.192074
vt 0.881365 0.132769
vt 0.863294 0.115107
vt 0.892933 0.170873
vt 0.855853 0.240367
vt 0.255454 0.944859
vt 0.277673 0.953825
vt 0.261690 0.955519
vt 0.333855 0.956408
vt 0.356837 0.953604
vt 0.335674 0.963196
vt 0.318757 0.962435
vt 0.277857 0.959702
vt 0.295984 0.960045
vt 0.378652 0.944859
vt 0.373517 0.954038
vt 0.353809 0.965142
vt 0.308128 0.967979
vt 0.292173 0.965676
vt 0.387054 0.948967
vt 0.296388 0.973177
vt 0.370425 0.960978
vt 0.270467 0.966315
vt 0.339826 0.970949
vt 0.320903 0.974161
vt 0.245871 0.953532
vt 0.447123 0.357254
vt 0.430319 0.330216
vt 0.447256 0.322993
vt 0.431888 0.303551
vt 0.433070 0.371068
vt 0.408322 0.304805
vt 0.409811 0.279642
vt 0.443752 0.396915
vt 0.416602 0.341533
vt 0.386097 0.257763
vt 0.362925 0.275134
vt 0.409604 0.323005
vt 0.432775 0.412492
vt 0.447256 0.405689
vt 0.439786 0.414080
vt 0.401506 0.322669
vt 0.398637 0.310201
vt 0.411323 0.354284
vt 0.417648 0.358086
vt 0.418362 0.365460
vt 0.395300 0.304057
vt 0.413799 0.376181
vt 0.351121 0.259133
vt 0.371079 0.296070
vt 0.390271 0.345315
vt 0.383824 0.296914
vt 0.408638 0.391807
vt 0.368330 0.319487
vt 0.421206 0.427151
vt 0.370497 0.287386
vt 0.407494 0.406509
vt 0.393088 0.370652
vt 0.382192 0.392195
vt 0.392129 0.441966
vt 0.391175 0.408978
vt 0.337698 0.283347
vt 0.407155 0.443128
vt 0.335075 0.297527
vt 0.367201 0.365132
vt 0.356230 0.344943
vt 0.386246 0.422231
vt 0.317916 0.267853
vt 0.391399 0.459338
vt 0.339112 0.324830
vt 0.375637 0.420589
vt 0.366177 0.434332
vt 0.354678 0.413895
vt 0.331461 0.345213
vt 0.318606 0.254928
vt 0.373153 0.428768
vt 0.343674 0.377697
vt 0.304982 0.292112
vt 0.371752 0.464693
vt 0.361718 0.429438
vt 0.350721 0.451011
vt 0.303430 0.323691
vt 0.293559 0.262962
vt 0.307064 0.299139
vt 0.282971 0.301226
vt 0.344852 0.429460
vt 0.329361 0.407408
vt 0.304388 0.356222
vt 0.346294 0.464838
vt 0.270902 0.279970
vt 0.311011 0.393290
vt 0.282646 0.317220
vt 0.324585 0.436683
vt 0.319683 0.423548
vt 0.325449 0.431047
vt 0.318967 0.449920
vt 0.283641 0.378053
vt 0.306704 0.428219
vt 0.269224 0.331494
vt 0.254150 0.299230
vt 0.307535 0.462247
vt 0.303051 0.420609
vt 0.268398 0.352688
vt 0.287718 0.404066
vt 0.292644 0.433981
vt 0.254700 0.342157
vt 0.245989 0.314839
vt 0.282420 0.412410
vt 0.289738 0.450983
vt 0.240089 0.308799
vt 0.263712 0.385280
vt 0.238043 0.332342
vt 0.261394 0.414949
vt 0.267591 0.433749
vt 0.237347 0.371917
vt 0.247473 0.394878
vt 0.251043 0.417442
vt 0.241944 0.403720
vt 0.167272 0.816189
vt 0.182375 0.810100
vt 0.175628 0.819905
vt 0.154208 0.823012
vt 0.155943 0.831521
vt 0.140533 0.836685
vt 0.128663 0.859151
vt 0.140977 0.845609
vt 0.218176 0.807913
vt 0.198477 0.813009
vt 0.201199 0.805807
vt 0.287102 0.862482
vt 0.285066 0.847071
vt 0.298615 0.871870
vt 0.276797 0.846086
vt 0.270750 0.831101
vt 0.255423 0.819748
vt 0.257913 0.828660
vt 0.237219 0.817031
vt 0.249267 0.814260
vt 0.230940 0.808404
vt 0.209192 0.818172
vt 0.141849 0.854371
vt 0.224817 0.819721
vt 0.177267 0.825551
vt 0.133816 0.871870
vt 0.271056 0.849911
vt 0.150763 0.843044
vt 0.239322 0.825019
vt 0.257135 0.835459
vt 0.195043 0.820169
vt 0.162031 0.833274
vt 0.285001 0.869104
vt 0.813439 0.645258
vt 0.800129 0.633002
vt 0.816245 0.638721
vt 0.852158 0.654836
vt 0.836314 0.656633
vt 0.834364 0.648512
vt 0.852158 0.485615
vt 0.832405 0.497732
vt 0.825034 0.493772
vt 0.784261 0.577406
vt 0.775972 0.581502
vt 0.776445 0.557055
vt 0.787059 0.554828
vt 0.813886 0.509859
vt 0.803256 0.511181
vt 0.804478 0.626838
vt 0.790448 0.620069
vt 0.780898 0.603830
vt 0.786141 0.601045
vt 0.791696 0.522751
vt 0.796461 0.531873
vt 0.782352 0.539678
vt 0.794850 0.607032
vt 0.846780 0.496988
vt 0.812322 0.628347
vt 0.826360 0.506348
vt 0.849527 0.649254
vt 0.790499 0.586970
vt 0.833669 0.643096
vt 0.790187 0.571592
vt 0.823673 0.636312
vt 0.803389 0.616024
vt 0.809667 0.523772
vt 0.793398 0.550987
vt 0.799968 0.535026
vt 0.128663 0.836243
vt 0.142527 0.832335
vt 0.132943 0.843101
vt 0.177329 0.804403
vt 0.195931 0.803210
vt 0.174593 0.811721
vt 0.162017 0.805546
vt 0.155705 0.819361
vt 0.142582 0.823922
vt 0.274460 0.815785
vt 0.290174 0.831285
vt 0.279217 0.826609
vt 0.261606 0.814797
vt 0.247456 0.807819
vt 0.226886 0.804753
vt 0.233647 0.798221
vt 0.209952 0.804314
vt 0.215029 0.794069
vt 0.264544 0.804335
vt 0.299349 0.827079
vt 0.301164 0.842700
vt 0.254370 0.798435
vt 0.313532 0.843101
vt 0.147028 0.811748
vt 0.132162 0.823583
vt 0.178140 0.797560
vt 0.282647 0.813078
vt 0.245302 0.792572
vt 0.194992 0.793830
vt 0.230080 0.787693
vt 0.830968 0.607361
vt 0.838655 0.609230
vt 0.841403 0.619739
vt 0.850859 0.707792
vt 0.855053 0.692511
vt 0.859348 0.699791
vt 0.849410 0.734811
vt 0.838675 0.738818
vt 0.846276 0.721555
vt 0.813875 0.761243
vt 0.825846 0.751472
vt 0.817595 0.767814
vt 0.851177 0.624720
vt 0.860577 0.655587
vt 0.855516 0.657380
vt 0.853493 0.638722
vt 0.862306 0.673255
vt 0.856791 0.677346
vt 0.830463 0.754492
vt 0.824249 0.597747
vt 0.862452 0.686509
vt 0.855649 0.714693
vt 0.811668 0.590708
vt 0.825858 0.588972
vt 0.868066 0.665657
vt 0.843357 0.602170
vt 0.859613 0.625903
vt 0.866456 0.644682
vt 0.826542 0.766899
vt 0.869206 0.682212
vt 0.840071 0.753229
vt 0.858788 0.720291
vt 0.866734 0.700720
vt 0.811668 0.778103
vt 0.416386 0.939271
vt 0.432902 0.934989
vt 0.423117 0.944032
vt 0.467261 0.894779
vt 0.482774 0.906202
vt 0.461249 0.904437
vt 0.487287 0.897215
vt 0.504422 0.913669
vt 0.442466 0.905208
vt 0.443996 0.915562
vt 0.465129 0.947234
vt 0.474692 0.945161
vt 0.473976 0.953777
vt 0.490897 0.953241
vt 0.488045 0.944944
vt 0.503316 0.946988
vt 0.526649 0.947654
vt 0.518579 0.938665
vt 0.531073 0.941525
vt 0.485183 0.938037
vt 0.114278 0.669419
vt 0.112450 0.659600
vt 0.114278 0.655035
vt 0.525209 0.952707
vt 0.535163 0.953869
vt 0.505625 0.906177
vt 0.521443 0.921624
vt 0.427030 0.918303
vt 0.465704 0.932358
vt 0.082312 0.712573
vt 0.077091 0.719567
vt 0.064198 0.712573
vt 0.081867 0.724258
vt 0.070473 0.722285
vt 0.074592 0.721178
vt 0.201652 0.679542
vt 0.201652 0.676878
vt 0.203783 0.677100
vt 0.518747 0.956047
vt 0.522804 0.950294
vt 0.074330 0.723769
vt 0.073233 0.723355
vt 0.075318 0.726425
vt 0.074592 0.724910
vt 0.201119 0.677333
vt 0.200053 0.680075
vt 0.200053 0.676345
vt 0.493613 0.928023
vt 0.452661 0.942265
vt 0.444514 0.947651
vt 0.110549 0.663974
vt 0.415845 0.947030
vt 0.505510 0.955292
vt 0.512726 0.953102
vt 0.514756 0.949433
vt 0.519105 0.950170
vt 0.084443 0.727043
vt 0.062067 0.733884
vt 0.069765 0.727540
vt 0.408364 0.956047
vt 0.484758 0.942368
vt 0.178743 0.661428
vt 0.178743 0.655035
vt 0.180341 0.659026
vt 0.479962 0.941826
vt 0.186201 0.666223
vt 0.180874 0.666223
vt 0.184746 0.667821
vt 0.111135 0.658041
vt 0.484251 0.941717
vt 0.111015 0.658463
vt 0.453105 0.947113
vt 0.484024 0.941430
vt 0.484155 0.942418
vt 0.110996 0.658907
vt 0.062067 0.723761
vt 0.541904 0.717234
vt 0.526617 0.695657
vt 0.556446 0.714060
vt 0.502446 0.668075
vt 0.509709 0.671489
vt 0.511209 0.676586
vt 0.502650 0.675878
vt 0.598636 0.690742
vt 0.610038 0.660854
vt 0.612877 0.677096
vt 0.556140 0.666865
vt 0.558025 0.660436
vt 0.571272 0.665684
vt 0.591431 0.663777
vt 0.573702 0.658135
vt 0.597670 0.672879
vt 0.590156 0.706907
vt 0.576919 0.705796
vt 0.587421 0.658783
vt 0.594435 0.656585
vt 0.544504 0.664959
vt 0.538555 0.668318
vt 0.535553 0.664711
vt 0.545100 0.669463
vt 0.565378 0.674197
vt 0.511149 0.692369
vt 0.525413 0.708776
vt 0.576512 0.716358
vt 0.603371 0.693615
vt 0.618807 0.654984
vt 0.577319 0.682502
vt 0.558773 0.720565
vt 0.170460 0.657546
vt 0.170218 0.655035
vt 0.174481 0.655035
vt 0.171731 0.657504
vt 0.173387 0.659297
vt 0.101779 0.743682
vt 0.101519 0.745605
vt 0.101149 0.744518
vt 0.104912 0.743619
vt 0.106048 0.736961
vt 0.098300 0.742717
vt 0.092735 0.741167
vt 0.105545 0.742820
vt 0.494672 0.654502
vt 0.095496 0.734417
vt 0.605419 0.662711
vt 0.549653 0.697153
vt 0.553901 0.677291
vt 0.107352 0.742601
vt 0.606308 0.654502
vt 0.605863 0.657830
vt 0.605333 0.656622
vt 0.600921 0.660110
vt 0.518368 0.668361
vt 0.528730 0.670683
vt 0.540886 0.677179
vt 0.155301 0.653969
vt 0.155301 0.661961
vt 0.151039 0.659219
vt 0.071890 0.695525
vt 0.077117 0.701080
vt 0.064198 0.707778
vt 0.076149 0.706197
vt 0.082312 0.745605
vt 0.080711 0.695835
vt 0.082312 0.698182
vt 0.080030 0.707778
vt 0.141025 0.661961
vt 0.143580 0.654774
vt 0.139851 0.659380
vt 0.529649 0.445510
vt 0.525374 0.453893
vt 0.526462 0.438133
vt 0.526368 0.402951
vt 0.524608 0.407499
vt 0.524645 0.397488
vt 0.527957 0.409614
vt 0.528194 0.422029
vt 0.493253 0.513272
vt 0.503396 0.522376
vt 0.480946 0.520299
vt 0.528560 0.518315
vt 0.516332 0.506989
vt 0.531460 0.478149
vt 0.524575 0.488784
vt 0.521755 0.485189
vt 0.533535 0.507901
vt 0.526772 0.462167
vt 0.139851 0.652371
vt 0.476558 0.513360
vt 0.525104 0.475363
vt 0.531705 0.469262
vt 0.548084 0.487973
vt 0.525221 0.495753
vt 0.531939 0.396907
vt 0.528460 0.386860
vt 0.522113 0.389577
vt 0.523926 0.379142
vt 0.535888 0.437080
vt 0.534841 0.454782
vt 0.532129 0.403803
vt 0.530557 0.390934
vt 0.534949 0.410100
vt 0.543735 0.416294
vt 0.534845 0.423064
vt 0.544405 0.441187
vt 0.545874 0.496340
vt 0.538079 0.430933
vt 0.548906 0.477939
vt 0.549045 0.395917
vt 0.542819 0.379333
vt 0.546469 0.464180
vt 0.532524 0.370926
vt 0.540880 0.410717
vt 0.559095 0.451636
vt 0.561405 0.512262
vt 0.560620 0.419963
vt 0.549160 0.425899
vt 0.523099 0.369593
vt 0.553057 0.403010
vt 0.552169 0.432525
vt 0.560551 0.441152
vt 0.570984 0.479976
vt 0.532125 0.366191
vt 0.545719 0.387888
vt 0.563735 0.464013
vt 0.570072 0.471610
vt 0.561222 0.499872
vt 0.550675 0.363586
vt 0.580486 0.496494
vt 0.568534 0.407021
vt 0.570886 0.395856
vt 0.566026 0.427014
vt 0.556781 0.369997
vt 0.568377 0.374943
vt 0.574024 0.433894
vt 0.587678 0.486299
vt 0.579399 0.427736
vt 0.577739 0.440053
vt 0.561047 0.362547
vt 0.563563 0.384486
vt 0.586707 0.453411
vt 0.590310 0.506724
vt 0.589765 0.462949
vt 0.579765 0.447430
vt 0.582362 0.410556
vt 0.574318 0.387868
vt 0.592321 0.479473
vt 0.588826 0.472537
vt 0.607805 0.494876
vt 0.596975 0.418797
vt 0.583240 0.364034
vt 0.596297 0.438846
vt 0.599128 0.382676
vt 0.593792 0.443072
vt 0.594537 0.374859
vt 0.598872 0.430990
vt 0.621025 0.481681
vt 0.615319 0.502250
vt 0.600665 0.510086
vt 0.593994 0.366764
vt 0.597084 0.403725
vt 0.606844 0.444751
vt 0.607224 0.423681
vt 0.606771 0.394451
vt 0.609201 0.469209
vt 0.614897 0.474220
vt 0.606245 0.412503
vt 0.617383 0.460447
vt 0.610858 0.453437
vt 0.635717 0.447530
vt 0.634406 0.491500
vt 0.617666 0.418195
vt 0.623942 0.435839
vt 0.618608 0.428688
vt 0.631493 0.470001
vt 0.612639 0.364796
vt 0.619896 0.409380
vt 0.620253 0.374253
vt 0.636388 0.498735
vt 0.631627 0.503623
vt 0.626927 0.436276
vt 0.629578 0.425730
vt 0.625315 0.413798
vt 0.631800 0.438416
vt 0.625054 0.385630
vt 0.636388 0.432752
vt 0.186734 0.665690
vt 0.183140 0.665157
vt 0.180341 0.665690
vt 0.138469 0.668664
vt 0.124180 0.663804
vt 0.149921 0.662493
vt 0.163491 0.674254
vt 0.177171 0.666738
vt 0.636388 0.145178
vt 0.616130 0.121080
vt 0.621050 0.138549
vt 0.186160 0.676230
vt 0.143978 0.676313
vt 0.601773 0.110737
vt 0.114443 0.678356
vt 0.110871 0.673019
vt 0.201652 0.674542
vt 0.182119 0.681673
vt 0.598790 0.087585
vt 0.091369 0.681673
vt 0.607817 0.089967
vt 0.605320 0.068212
vt 0.595898 0.062203
vt 0.613148 0.039220
vt 0.605813 0.035402
vt 0.632396 0.009856
vt 0.636388 0.015694
vt 0.182048 0.663582
vt 0.181406 0.664624
vt 0.181583 0.663954
vt 0.182074 0.661961
vt 0.185669 0.664624
vt 0.076780 0.675611
vt 0.078906 0.677302
vt 0.069526 0.683804
vt 0.081403 0.682955
vt 0.078063 0.675769
vt 0.083910 0.683804
vt 0.078894 0.671550
vt 0.080634 0.675288
vt 0.083404 0.676137
vt 0.198455 0.675812
vt 0.198455 0.680607
vt 0.199521 0.677962
vt 0.204848 0.681673
vt 0.204383 0.681140
vt 0.201652 0.681673
vt 0.091043 0.665169
vt 0.092302 0.666050
vt 0.089238 0.666755
vt 0.093983 0.665834
vt 0.094531 0.663215
vt 0.100959 0.666755
vt 0.096037 0.663385
vt 0.096308 0.661923
vt 0.096835 0.661689
vt 0.100505 0.658231
vt 0.125499 0.655922
vt 0.124956 0.655248
vt 0.128130 0.655035
vt 0.119606 0.655035
vt 0.126465 0.661961
vt 0.292387 0.952288
vt 0.288347 0.952318
vt 0.289194 0.944945
vt 0.295075 0.920802
vt 0.281566 0.924881
vt 0.286475 0.916152
vt 0.288647 0.939536
vt 0.284039 0.930382
vt 0.289159 0.930808
vt 0.289052 0.926880
vt 0.292117 0.943278
vt 0.297627 0.931738
vt 0.300226 0.912999
vt 0.299196 0.935929
vt 0.296941 0.946323
vt 0.301681 0.905874
vt 0.304953 0.950195
vt 0.302033 0.926083
vt 0.307632 0.937516
vt 0.315006 0.914718
vt 0.314165 0.921858
vt 0.313116 0.929550
vt 0.315086 0.940790
vt 0.322694 0.933514
vt 0.318452 0.901268
vt 0.323530 0.926901
vt 0.323370 0.943891
vt 0.330138 0.921337
vt 0.332758 0.915153
vt 0.329371 0.937982
vt 0.332709 0.909546
vt 0.338949 0.923816
vt 0.335605 0.928453
vt 0.343137 0.934084
vt 0.345216 0.916244
vt 0.353859 0.926760
vt 0.346690 0.940655
vt 0.354602 0.909957
vt 0.346626 0.895844
vt 0.365211 0.917085
vt 0.364659 0.934511
vt 0.365229 0.941193
vt 0.363280 0.903245
vt 0.379937 0.929681
vt 0.375873 0.910334
vt 0.377852 0.921499
vt 0.385185 0.944763
vt 0.386695 0.917884
vt 0.386190 0.939109
vt 0.401826 0.925589
vt 0.400111 0.916672
vt 0.404609 0.941744
vt 0.404569 0.952318
vt 0.417954 0.925583
vt 0.416148 0.935344
vt 0.108418 0.666755
vt 0.102791 0.661429
vt 0.108418 0.657166
vt 0.098828 0.663761
vt 0.864076 0.258597
vt 0.857807 0.257012
vt 0.867822 0.253330
vt 0.853223 0.260472
vt 0.860163 0.262233
vt 0.870829 0.258936
vt 0.879336 0.267601
vt 0.872832 0.274040
vt 0.890713 0.283292
vt 0.884127 0.290924
vt 0.898264 0.298708
vt 0.891898 0.312932
vt 0.906311 0.317664
vt 0.900567 0.314265
vt 0.899930 0.334435
vt 0.892014 0.340173
vt 0.907032 0.335293
vt 0.897219 0.353190
vt 0.903635 0.357842
vt 0.886647 0.362044
vt 0.888706 0.373673
vt 0.877983 0.378598
vt 0.896285 0.376586
vt 0.878900 0.392174
vt 0.888078 0.390057
vt 0.862520 0.397235
vt 0.869385 0.406190
vt 0.877936 0.404868
vt 0.853223 0.409493
vt 0.865998 0.415278
vt 0.856522 0.417954
vt 0.949207 0.841032
vt 0.952333 0.851691
vt 0.943371 0.844379
vt 0.961308 0.851545
vt 0.959346 0.856498
vt 0.970350 0.868673
vt 0.973628 0.864309
vt 0.938085 0.823648
vt 0.953679 0.829632
vt 0.945107 0.815919
vt 0.935328 0.806955
vt 0.949725 0.798606
vt 0.944573 0.790133
vt 0.934736 0.789969
vt 0.949878 0.769768
vt 0.949872 0.765327
vt 0.937572 0.769818
vt 0.942088 0.756564
vt 0.951002 0.745859
vt 0.973628 0.732600
vt 0.963752 0.725892
vt 0.833257 0.789102
vt 0.852679 0.785196
vt 0.827413 0.799392
vt 0.850979 0.777344
vt 0.808744 0.796070
vt 0.869206 0.765041
vt 0.803117 0.805854
vt 0.835281 0.782417
vt 0.849036 0.772697
vt 0.817710 0.789495
vt 0.789762 0.800420
vt 0.785002 0.807405
vt 0.865761 0.756793
vt 0.763382 0.798029
vt 0.758205 0.806346
vt 0.742381 0.795962
vt 0.744495 0.806874
vt 0.730386 0.801185
vt 0.718359 0.787541
vt 0.714333 0.796080
vt 0.704291 0.788448
vt 0.701322 0.773473
vt 0.696730 0.778673
vt 0.680319 0.756793
vt 0.675280 0.764201
vt 0.510954 0.841536
vt 0.514736 0.834015
vt 0.529354 0.843101
vt 0.532702 0.837268
vt 0.495152 0.832996
vt 0.548562 0.840406
vt 0.554444 0.830806
vt 0.506292 0.825409
vt 0.535427 0.828353
vt 0.484894 0.820406
vt 0.575152 0.828736
vt 0.487585 0.816871
vt 0.572599 0.823515
vt 0.562662 0.821167
vt 0.469503 0.802052
vt 0.465858 0.815415
vt 0.455937 0.794127
vt 0.576270 0.814421
vt 0.588736 0.807871
vt 0.447295 0.791190
vt 0.598011 0.812782
vt 0.600216 0.800826
vt 0.446723 0.777038
vt 0.613605 0.796070
vt 0.601812 0.791242
vt 0.613325 0.780075
vt 0.624667 0.777038
vt 0.945336 0.558468
vt 0.938110 0.582167
vt 0.935802 0.554759
vt 0.945445 0.536919
vt 0.949047 0.609661
vt 0.940890 0.605853
vt 0.949127 0.589771
vt 0.953486 0.541035
vt 0.948363 0.621694
vt 0.957986 0.610581
vt 0.958116 0.527391
vt 0.953763 0.519151
vt 0.956182 0.624502
vt 0.973628 0.509057
vt 0.963042 0.643111
vt 0.971845 0.638168
vt 0.973628 0.651838
vt 0.180874 0.661428
vt 0.182314 0.659297
vt 0.182989 0.659712
vt 0.186201 0.661428
vt 0.181584 0.659576
vt 0.196337 0.680722
vt 0.195791 0.675812
vt 0.195988 0.680262
vt 0.195791 0.681140
vt 0.196857 0.680768
vt 0.456794 0.487674
vt 0.464292 0.490234
vt 0.451737 0.491476
vt 0.450986 0.485359
vt 0.459507 0.479515
vt 0.470003 0.476257
vt 0.467592 0.479899
vt 0.452797 0.475304
vt 0.474620 0.462072
vt 0.467710 0.460431
vt 0.485603 0.460310
vt 0.491142 0.448610
vt 0.482303 0.442226
vt 0.493098 0.435619
vt 0.500344 0.432973
vt 0.489338 0.418369
vt 0.498162 0.421696
vt 0.496051 0.401081
vt 0.502664 0.402949
vt 0.489828 0.398446
vt 0.500381 0.388170
vt 0.491527 0.385028
vt 0.485424 0.386047
vt 0.494912 0.373866
vt 0.487081 0.372116
vt 0.479280 0.366920
vt 0.485338 0.357073
vt 0.473757 0.348304
vt 0.471587 0.358160
vt 0.459743 0.342004
vt 0.474798 0.339815
vt 0.462724 0.337171
vt 0.453455 0.336460
vt 0.457336 0.332134
vt 0.466282 0.332903
vt 0.450986 0.328982
vt 0.806759 0.591103
vt 0.795152 0.588580
vt 0.814566 0.584868
vt 0.841397 0.577508
vt 0.826371 0.583706
vt 0.830152 0.577730
vt 0.840695 0.564403
vt 0.852413 0.562198
vt 0.825510 0.574659
vt 0.853227 0.546626
vt 0.839274 0.556114
vt 0.862904 0.542256
vt 0.851131 0.535218
vt 0.858969 0.526926
vt 0.868810 0.516795
vt 0.858164 0.513676
vt 0.861047 0.500197
vt 0.855028 0.492355
vt 0.869206 0.495987
vt 0.860014 0.484927
vt 0.866018 0.481815
vt 0.858368 0.468227
vt 0.846688 0.465469
vt 0.850525 0.455205
vt 0.835888 0.455200
vt 0.839101 0.451509
vt 0.840845 0.443443
vt 0.821506 0.442850
vt 0.827771 0.439869
vt 0.827403 0.432919
vt 0.813959 0.429326
vt 0.802258 0.430933
vt 0.803521 0.423997
vt 0.815216 0.424399
vt 0.795152 0.425093
vt 0.810600 0.420307
vt 0.803577 0.417954
vt 0.861447 0.735947
vt 0.857990 0.747203
vt 0.852690 0.739273
vt 0.874407 0.732952
vt 0.865687 0.722495
vt 0.880741 0.716931
vt 0.886380 0.720681
vt 0.895283 0.706718
vt 0.880106 0.704143
vt 0.892320 0.693964
vt 0.903078 0.688948
vt 0.890977 0.681796
vt 0.904417 0.675951
vt 0.898989 0.659766
vt 0.891457 0.655034
vt 0.907032 0.663204
vt 0.903079 0.641468
vt 0.896258 0.641018
vt 0.886401 0.634569
vt 0.889917 0.626004
vt 0.877553 0.619835
vt 0.891909 0.617132
vt 0.878846 0.612855
vt 0.863551 0.603133
vt 0.880308 0.602099
vt 0.867207 0.599018
vt 0.868191 0.590671
vt 0.860220 0.589543
vt 0.852690 0.594002
vt 0.854325 0.586158
vt 0.860134 0.584710
vt 0.354732 0.116678
vt 0.358817 0.117531
vt 0.348724 0.126888
vt 0.356404 0.113530
vt 0.355154 0.106819
vt 0.350545 0.112145
vt 0.346213 0.118094
vt 0.342434 0.127119
vt 0.333647 0.139449
vt 0.333782 0.127697
vt 0.315138 0.143037
vt 0.311425 0.150365
vt 0.324730 0.129696
vt 0.313487 0.134634
vt 0.302533 0.145341
vt 0.291113 0.140113
vt 0.291217 0.155031
vt 0.285862 0.146560
vt 0.276292 0.155834
vt 0.269916 0.139589
vt 0.261441 0.148204
vt 0.260342 0.153713
vt 0.250496 0.136077
vt 0.246993 0.142490
vt 0.244965 0.148516
vt 0.230282 0.128380
vt 0.230016 0.140862
vt 0.214954 0.129138
vt 0.204726 0.114919
vt 0.219307 0.116373
vt 0.200053 0.109078
vt 0.208695 0.106819
vt 0.423258 0.211241
vt 0.422216 0.187261
vt 0.429916 0.186131
vt 0.435713 0.167654
vt 0.436673 0.188522
vt 0.438074 0.225580
vt 0.432025 0.160771
vt 0.430555 0.236117
vt 0.450674 0.260645
vt 0.440757 0.258301
vt 0.449832 0.248350
vt 0.450544 0.159967
vt 0.450872 0.148523
vt 0.444308 0.144653
vt 0.457138 0.273743
vt 0.464626 0.264288
vt 0.473693 0.275837
vt 0.461653 0.129821
vt 0.466692 0.141089
vt 0.479784 0.286526
vt 0.470203 0.130741
vt 0.478740 0.272657
vt 0.485495 0.118540
vt 0.479659 0.133916
vt 0.496575 0.279875
vt 0.494183 0.283726
vt 0.492932 0.127429
vt 0.505976 0.292222
vt 0.512786 0.119536
vt 0.512786 0.284354
vt 0.917856 0.749891
vt 0.916721 0.740810
vt 0.923997 0.746892
vt 0.918921 0.759134
vt 0.927278 0.751991
vt 0.907307 0.763373
vt 0.922697 0.770469
vt 0.907779 0.772892
vt 0.913000 0.776505
vt 0.897027 0.783717
vt 0.914407 0.788954
vt 0.903801 0.792862
vt 0.892538 0.799490
vt 0.905717 0.806090
vt 0.898997 0.806244
vt 0.886787 0.820274
vt 0.893818 0.817695
vt 0.900207 0.822185
vt 0.894530 0.832108
vt 0.901259 0.839107
vt 0.889077 0.840091
vt 0.899534 0.849590
vt 0.896020 0.857108
vt 0.888726 0.858726
vt 0.905362 0.865847
vt 0.902847 0.879079
vt 0.912521 0.880730
vt 0.894609 0.877600
vt 0.915957 0.893248
vt 0.909047 0.898039
vt 0.920376 0.889416
vt 0.924166 0.900400
vt 0.919712 0.904901
vt 0.927278 0.904189
vt 0.918753 0.009030
vt 0.912631 0.016914
vt 0.915123 0.007205
vt 0.903561 0.013225
vt 0.913694 0.000266
vt 0.898963 0.027001
vt 0.891061 0.026208
vt 0.884773 0.021389
vt 0.878724 0.038249
vt 0.874759 0.030952
vt 0.867987 0.025967
vt 0.855438 0.037946
vt 0.862895 0.044252
vt 0.858545 0.030105
vt 0.841135 0.045483
vt 0.839384 0.034880
vt 0.822545 0.041094
vt 0.824550 0.030439
vt 0.841616 0.029615
vt 0.820892 0.046617
vt 0.811461 0.028844
vt 0.803849 0.037641
vt 0.787691 0.023741
vt 0.796058 0.019749
vt 0.783193 0.014072
vt 0.785117 0.031772
vt 0.764753 0.017568
vt 0.769604 0.010186
vt 0.771541 0.002428
vt 0.760398 0.000266
vt 0.755084 0.004612
vt 0.753596 0.014735
vt 0.080184 0.863346
vt 0.082563 0.870289
vt 0.075386 0.864632
vt 0.093421 0.871307
vt 0.101367 0.884346
vt 0.114103 0.882195
vt 0.115163 0.891189
vt 0.123332 0.886117
vt 0.108979 0.872886
vt 0.123681 0.879470
vt 0.131270 0.897162
vt 0.140293 0.892774
vt 0.140156 0.886740
vt 0.150184 0.902504
vt 0.159306 0.896136
vt 0.157895 0.890022
vt 0.161339 0.904901
vt 0.177302 0.891245
vt 0.173693 0.895925
vt 0.181921 0.903926
vt 0.196880 0.894869
vt 0.197008 0.889430
vt 0.204864 0.900210
vt 0.216725 0.892383
vt 0.210892 0.887265
vt 0.225434 0.881886
vt 0.221355 0.896387
vt 0.231992 0.888686
vt 0.240510 0.871431
vt 0.242725 0.878049
vt 0.248660 0.870359
vt 0.091013 0.725562
vt 0.107885 0.733409
vt 0.096181 0.733884
vt 0.250210 0.864724
vt 0.086498 0.733368
vt 0.083427 0.731626
vt 0.252234 0.866814
vt 0.253330 0.863346
vt 0.088042 0.722696
vt 0.081779 0.733884
vt 0.252068 0.869660
vt 0.780142 0.695060
vt 0.786628 0.689295
vt 0.786076 0.707940
vt 0.774978 0.667027
vt 0.782548 0.667875
vt 0.780376 0.714858
vt 0.777230 0.728660
vt 0.772333 0.710212
vt 0.771752 0.680978
vt 0.771415 0.650588
vt 0.764960 0.661734
vt 0.764408 0.737296
vt 0.766547 0.750854
vt 0.754380 0.641495
vt 0.765890 0.639773
vt 0.751229 0.624725
vt 0.753299 0.748626
vt 0.746386 0.766847
vt 0.743003 0.759082
vt 0.736681 0.619001
vt 0.739927 0.632712
vt 0.727505 0.618906
vt 0.728555 0.774057
vt 0.713639 0.605148
vt 0.726439 0.602824
vt 0.727406 0.785029
vt 0.713639 0.781874
vt 0.551154 0.917955
vt 0.530437 0.920248
vt 0.556644 0.909487
vt 0.528769 0.931007
vt 0.578408 0.910723
vt 0.580049 0.902169
vt 0.570835 0.920687
vt 0.546669 0.928294
vt 0.597378 0.905073
vt 0.597812 0.896638
vt 0.590881 0.914562
vt 0.604988 0.912787
vt 0.609374 0.907271
vt 0.617054 0.901718
vt 0.612825 0.893181
vt 0.623764 0.910445
vt 0.632786 0.915918
vt 0.629098 0.896560
vt 0.635447 0.905055
vt 0.645013 0.901363
vt 0.654559 0.910441
vt 0.651607 0.897441
vt 0.660256 0.922090
vt 0.666376 0.905794
vt 0.684337 0.921163
vt 0.681182 0.931007
vt 0.125960 0.708768
vt 0.152104 0.712040
vt 0.133678 0.705884
vt 0.110799 0.705647
vt 0.092968 0.712040
vt 0.092968 0.705115
vt 0.119999 0.698189
vt 0.111621 0.703626
vt 0.133054 0.705115
vt 0.151572 0.704980
vt 0.468475 0.993372
vt 0.490523 0.989484
vt 0.493487 0.999734
vt 0.516401 0.996027
vt 0.473428 0.976985
vt 0.509034 0.981620
vt 0.455004 0.978632
vt 0.447817 0.986682
vt 0.527476 0.976074
vt 0.533782 0.986569
vt 0.440753 0.978491
vt 0.494211 0.970625
vt 0.429675 0.962163
vt 0.146777 0.718966
vt 0.134257 0.718375
vt 0.120155 0.712040
vt 0.456502 0.958782
vt 0.518870 0.968075
vt 0.119710 0.715657
vt 0.471667 0.953916
vt 0.547143 0.975707
vt 0.439849 0.954075
vt 0.548482 0.959909
vt 0.104400 0.712314
vt 0.097762 0.718966
vt 0.529069 0.961489
vt 0.530022 0.960764
vt 0.529976 0.962492
vt 0.537410 0.957932
vt 0.204070 0.679542
vt 0.204315 0.680607
vt 0.201652 0.680607
vt 0.533774 0.959399
vt 0.536173 0.956463
vt 0.538265 0.955023
vt 0.540550 0.953916
vt 0.874534 0.594515
vt 0.886229 0.587527
vt 0.885785 0.592418
vt 0.892673 0.596131
vt 0.890076 0.584710
vt 0.900952 0.597047
vt 0.880463 0.597533
vt 0.896089 0.611178
vt 0.903210 0.610049
vt 0.910526 0.615429
vt 0.907293 0.628897
vt 0.916308 0.626595
vt 0.919070 0.643519
vt 0.910971 0.647754
vt 0.918662 0.660611
vt 0.924614 0.653566
vt 0.910289 0.664870
vt 0.922304 0.672362
vt 0.912079 0.681845
vt 0.919675 0.687074
vt 0.903964 0.691605
vt 0.906791 0.673941
vt 0.909593 0.696107
vt 0.897369 0.707310
vt 0.915353 0.701887
vt 0.901205 0.712522
vt 0.906271 0.719605
vt 0.888878 0.721322
vt 0.884451 0.731511
vt 0.891285 0.735646
vt 0.874534 0.738925
vt 0.877771 0.742555
vt 0.886364 0.745605
vt 0.859616 0.581407
vt 0.867334 0.575031
vt 0.863042 0.587906
vt 0.877470 0.575772
vt 0.877401 0.564610
vt 0.889093 0.561701
vt 0.889123 0.547348
vt 0.882442 0.548100
vt 0.896570 0.549689
vt 0.903645 0.524259
vt 0.888903 0.532666
vt 0.897993 0.522241
vt 0.892989 0.519998
vt 0.896152 0.501345
vt 0.904731 0.503026
vt 0.900478 0.481825
vt 0.894746 0.479962
vt 0.907032 0.488700
vt 0.904546 0.471528
vt 0.889694 0.462197
vt 0.897807 0.457901
vt 0.882065 0.449287
vt 0.886019 0.443530
vt 0.889147 0.438330
vt 0.874343 0.434115
vt 0.877784 0.424953
vt 0.865818 0.422784
vt 0.865921 0.429540
vt 0.871973 0.420380
vt 0.876493 0.420339
vt 0.867376 0.417421
vt 0.859616 0.418702
vt 0.111835 0.967768
vt 0.115479 0.960988
vt 0.129728 0.966669
vt 0.100329 0.961057
vt 0.087329 0.940896
vt 0.095553 0.929941
vt 0.109061 0.938342
vt 0.105725 0.945185
vt 0.101185 0.956078
vt 0.086313 0.966380
vt 0.105976 0.975759
vt 0.076483 0.930166
vt 0.078928 0.956620
vt 0.084006 0.973766
vt 0.062644 0.966177
vt 0.062942 0.944700
vt 0.065100 0.975411
vt 0.042153 0.958689
vt 0.047599 0.948632
vt 0.037615 0.975759
vt 0.045910 0.937468
vt 0.042735 0.968606
vt 0.028861 0.940713
vt 0.033346 0.932661
vt 0.029296 0.950845
vt 0.020287 0.969420
vt 0.014452 0.950520
vt 0.012638 0.934052
vt 0.016541 0.962413
vt 0.000266 0.935422
vt 0.006534 0.965666
vt 0.002990 0.957049
vt 0.000917 0.947785
vt 0.730385 0.539401
vt 0.716840 0.555657
vt 0.708784 0.553794
vt 0.732169 0.550391
vt 0.754362 0.528769
vt 0.770112 0.533864
vt 0.697747 0.570993
vt 0.710154 0.574370
vt 0.697319 0.592757
vt 0.688666 0.589730
vt 0.700951 0.596343
vt 0.688930 0.611487
vt 0.697713 0.609355
vt 0.697328 0.622611
vt 0.698615 0.641613
vt 0.684337 0.631030
vt 0.694908 0.656371
vt 0.711160 0.668282
vt 0.707950 0.672662
vt 0.701481 0.675399
vt 0.721033 0.688320
vt 0.731471 0.690766
vt 0.723162 0.699638
vt 0.749982 0.715770
vt 0.742802 0.703031
vt 0.770112 0.714697
vt 0.904202 0.751724
vt 0.893925 0.748121
vt 0.902515 0.744006
vt 0.910229 0.747893
vt 0.902033 0.761300
vt 0.893196 0.763490
vt 0.883672 0.758646
vt 0.878726 0.774707
vt 0.869569 0.775730
vt 0.885802 0.775466
vt 0.873568 0.788912
vt 0.861206 0.792162
vt 0.864949 0.803162
vt 0.873033 0.800407
vt 0.882427 0.786529
vt 0.857200 0.812685
vt 0.867799 0.817298
vt 0.872755 0.819875
vt 0.856953 0.830103
vt 0.870093 0.834153
vt 0.864833 0.847154
vt 0.859717 0.851799
vt 0.874215 0.846734
vt 0.872583 0.866718
vt 0.879177 0.863456
vt 0.867017 0.869231
vt 0.883076 0.879093
vt 0.888122 0.875020
vt 0.875146 0.881379
vt 0.896157 0.888787
vt 0.888037 0.892397
vt 0.905482 0.896748
vt 0.901983 0.900814
vt 0.893488 0.904901
vt 0.910229 0.901821
vt 0.124754 0.961958
vt 0.104688 0.950222
vt 0.111066 0.943793
vt 0.130152 0.951652
vt 0.148531 0.968445
vt 0.144041 0.954285
vt 0.171563 0.962697
vt 0.171735 0.975391
vt 0.200736 0.964371
vt 0.196573 0.975759
vt 0.221208 0.968211
vt 0.223151 0.957172
vt 0.244767 0.956966
vt 0.235263 0.966652
vt 0.246404 0.943793
vt 0.664506 0.328894
vt 0.676878 0.339105
vt 0.646894 0.334012
vt 0.637245 0.320365
vt 0.618391 0.323029
vt 0.624018 0.320143
vt 0.611609 0.310033
vt 0.617511 0.308854
vt 0.598800 0.306872
vt 0.605370 0.298223
vt 0.594718 0.283711
vt 0.584915 0.286465
vt 0.586470 0.270702
vt 0.575366 0.273573
vt 0.578397 0.259355
vt 0.584734 0.257650
vt 0.570858 0.256240
vt 0.581979 0.241703
vt 0.674862 0.146244
vt 0.676878 0.153576
vt 0.656134 0.157354
vt 0.571019 0.239330
vt 0.646803 0.153662
vt 0.586910 0.221056
vt 0.578725 0.226734
vt 0.639703 0.164194
vt 0.574693 0.215242
vt 0.619503 0.170870
vt 0.584046 0.209673
vt 0.598657 0.196523
vt 0.622623 0.157772
vt 0.588173 0.193787
vt 0.601155 0.175399
vt 0.802792 0.938339
vt 0.789096 0.927831
vt 0.811704 0.934638
vt 0.814864 0.952318
vt 0.792854 0.939339
vt 0.767057 0.926547
vt 0.780150 0.921317
vt 0.768061 0.932306
vt 0.751459 0.917468
vt 0.761738 0.913958
vt 0.751646 0.928267
vt 0.732137 0.917886
vt 0.724322 0.930573
vt 0.712281 0.925164
vt 0.712031 0.919731
vt 0.700992 0.936464
vt 0.691009 0.928006
vt 0.687572 0.937642
vt 0.666505 0.944157
vt 0.668637 0.937263
vt 0.664092 0.952318
vt 0.918753 0.028428
vt 0.905410 0.033417
vt 0.915791 0.022110
vt 0.914437 0.044389
vt 0.897471 0.049111
vt 0.897137 0.058026
vt 0.885534 0.048007
vt 0.871185 0.058295
vt 0.875395 0.067950
vt 0.852312 0.071124
vt 0.842667 0.064627
vt 0.827989 0.068470
vt 0.841876 0.056349
vt 0.827577 0.055814
vt 0.813498 0.057676
vt 0.813815 0.050780
vt 0.803787 0.061533
vt 0.801393 0.046079
vt 0.793237 0.049010
vt 0.786922 0.037268
vt 0.779500 0.047182
vt 0.768495 0.022110
vt 0.776120 0.038075
vt 0.759457 0.026172
vt 0.869206 0.143570
vt 0.849841 0.146600
vt 0.863692 0.132940
vt 0.857842 0.169419
vt 0.855404 0.121205
vt 0.839652 0.127354
vt 0.833805 0.112640
vt 0.861527 0.200984
vt 0.847366 0.191771
vt 0.866405 0.184091
vt 0.869206 0.211397
vt 0.844992 0.214001
vt 0.844759 0.228216
vt 0.864332 0.220883
vt 0.839666 0.206243
vt 0.812283 0.154999
vt 0.828469 0.190298
vt 0.805027 0.117230
vt 0.811461 0.101492
vt 0.826340 0.211169
vt 0.817723 0.224356
vt 0.790733 0.111405
vt 0.823125 0.233085
vt 0.799461 0.210209
vt 0.794789 0.190732
vt 0.811523 0.215766
vt 0.778822 0.171495
vt 0.780639 0.127236
vt 0.798198 0.230394
vt 0.792404 0.220948
vt 0.773726 0.150120
vt 0.760823 0.131635
vt 0.770851 0.205361
vt 0.773736 0.221362
vt 0.753297 0.158751
vt 0.757746 0.184052
vt 0.141217 0.689255
vt 0.131623 0.697220
vt 0.151572 0.700852
vt 0.758040 0.190372
vt 0.128519 0.693317
vt 0.752497 0.207797
vt 0.127394 0.696315
vt 0.124774 0.696390
vt 0.119669 0.697334
vt 0.755775 0.187481
vt 0.108162 0.698312
vt 0.105075 0.697052
vt 0.096260 0.700852
vt 0.127292 0.696683
vt 0.752872 0.188964
vt 0.114465 0.695031
vt 0.109612 0.696635
vt 0.749867 0.172515
vt 0.192595 0.667327
vt 0.190996 0.664624
vt 0.190996 0.669419
vt 0.113487 0.685915
vt 0.754776 0.200798
vt 0.091369 0.696173
vt 0.123754 0.679009
vt 0.146804 0.684141
vt 0.102299 0.682309
vt 0.658382 0.422877
vt 0.643869 0.409540
vt 0.647919 0.406233
vt 0.649921 0.424735
vt 0.631060 0.411476
vt 0.663833 0.441133
vt 0.645821 0.440022
vt 0.639139 0.430305
vt 0.656629 0.447780
vt 0.653276 0.461245
vt 0.669892 0.447566
vt 0.666089 0.447256
vt 0.668051 0.438625
vt 0.666528 0.462723
vt 0.671442 0.448392
vt 0.672713 0.459195
vt 0.657104 0.479134
vt 0.671133 0.486111
vt 0.678036 0.480437
vt 0.664334 0.488148
vt 0.674555 0.498656
vt 0.657394 0.496924
vt 0.679542 0.497297
vt 0.652383 0.497993
vt 0.667336 0.506470
vt 0.662388 0.514850
vt 0.656236 0.515598
vt 0.674281 0.513667
vt 0.648977 0.514937
vt 0.663086 0.526143
vt 0.668076 0.534681
vt 0.651447 0.533623
vt 0.635147 0.550196
vt 0.653205 0.545136
vt 0.647931 0.549467
vt 0.631060 0.567661
vt 0.075863 0.734945
vt 0.062067 0.734417
vt 0.074874 0.735916
vt 0.079869 0.738146
vt 0.077501 0.735461
vt 0.080259 0.735868
vt 0.082758 0.735601
vt 0.197389 0.681140
vt 0.197922 0.678473
vt 0.197389 0.675812
vt 0.084199 0.735055
vt 0.084599 0.736720
vt 0.087014 0.735265
vt 0.167555 0.659437
vt 0.166489 0.654502
vt 0.166489 0.662493
vt 0.165132 0.659942
vt 0.164891 0.662493
vt 0.165956 0.657497
vt 0.164891 0.654502
vt 0.089576 0.734417
vt 0.092968 0.735240
vt 0.858829 0.944553
vt 0.837773 0.938601
vt 0.846978 0.936867
vt 0.861138 0.953280
vt 0.882733 0.952070
vt 0.885998 0.959763
vt 0.867068 0.962629
vt 0.884416 0.966812
vt 0.904331 0.954237
vt 0.906039 0.967768
vt 0.913550 0.959013
vt 0.923562 0.951973
vt 0.932260 0.963035
vt 0.939396 0.951908
vt 0.940994 0.959347
vt 0.942086 0.945220
vt 0.955321 0.941427
vt 0.963501 0.951060
vt 0.964205 0.945093
vt 0.966796 0.936867
vt 0.973628 0.940308
vt 0.937840 0.738383
vt 0.952750 0.740354
vt 0.938203 0.751465
vt 0.921417 0.740113
vt 0.922561 0.731319
vt 0.930178 0.732208
vt 0.925941 0.738345
vt 0.189398 0.664092
vt 0.189398 0.669419
vt 0.190463 0.664317
vt 0.161161 0.663559
vt 0.161694 0.653625
vt 0.161161 0.652904
vt 0.136121 0.661405
vt 0.132925 0.651838
vt 0.132925 0.662493
vt 0.962394 0.718857
vt 0.944162 0.718497
vt 0.953990 0.701802
vt 0.943321 0.697589
vt 0.965636 0.697452
vt 0.972985 0.704676
vt 0.955133 0.686079
vt 0.973628 0.684864
vt 0.966149 0.676429
vt 0.943728 0.664478
vt 0.957639 0.671974
vt 0.961235 0.657218
vt 0.946295 0.651915
vt 0.971899 0.664091
vt 0.928256 0.640088
vt 0.952039 0.641008
vt 0.933250 0.637546
vt 0.964092 0.646875
vt 0.940651 0.636406
vt 0.922072 0.627148
vt 0.925608 0.628900
vt 0.956039 0.639556
vt 0.921417 0.623510
vt 0.928274 0.629848
vt 0.951040 0.629113
vt 0.939603 0.620405
vt 0.070270 0.710234
vt 0.059936 0.710370
vt 0.069637 0.712040
vt 0.067402 0.708572
vt 0.070012 0.708311
vt 0.087107 0.712040
vt 0.097371 0.668553
vt 0.098500 0.667288
vt 0.105754 0.669952
vt 0.084443 0.669952
vt 0.268112 0.901566
vt 0.255994 0.903303
vt 0.271659 0.888566
vt 0.283896 0.891379
vt 0.291571 0.878129
vt 0.298713 0.884575
vt 0.307992 0.875202
vt 0.305013 0.869746
vt 0.314865 0.879883
vt 0.336426 0.869168
vt 0.324326 0.862045
vt 0.416761 0.885754
vt 0.431806 0.903303
vt 0.420098 0.903087
vt 0.347615 0.858018
vt 0.405441 0.891942
vt 0.388371 0.881467
vt 0.394673 0.878363
vt 0.402810 0.874411
vt 0.367452 0.869797
vt 0.366974 0.859237
vt 0.384157 0.865265
vt 0.435535 0.430385
vt 0.425225 0.454567
vt 0.419823 0.448010
vt 0.426389 0.429142
vt 0.411136 0.451335
vt 0.407978 0.472115
vt 0.250911 0.429142
vt 0.257273 0.442265
vt 0.241076 0.430060
vt 0.390592 0.471494
vt 0.392425 0.482046
vt 0.254448 0.453922
vt 0.374015 0.480919
vt 0.268104 0.455958
vt 0.282645 0.478615
vt 0.370150 0.494272
vt 0.284131 0.471742
vt 0.269724 0.476456
vt 0.358780 0.486184
vt 0.339953 0.487206
vt 0.345892 0.494265
vt 0.308408 0.484853
vt 0.293533 0.491228
vt 0.325290 0.493900
vt 0.340763 0.501066
vt 0.319049 0.500548
vt 0.905378 0.386541
vt 0.900421 0.407931
vt 0.885722 0.414225
vt 0.910237 0.395982
vt 0.915483 0.380630
vt 0.899931 0.378562
vt 0.896434 0.396408
vt 0.909145 0.369653
vt 0.920309 0.369650
vt 0.904944 0.358048
vt 0.911594 0.357683
vt 0.920714 0.352579
vt 0.926212 0.359466
vt 0.917625 0.341940
vt 0.911944 0.325501
vt 0.926175 0.335770
vt 0.922072 0.328793
vt 0.885722 0.256265
vt 0.896924 0.261497
vt 0.896650 0.271544
vt 0.911363 0.307219
vt 0.917302 0.312356
vt 0.925244 0.313238
vt 0.905774 0.295282
vt 0.910826 0.289264
vt 0.920601 0.295541
vt 0.907326 0.263977
vt 0.896501 0.251199
vt 0.914513 0.277531
vt 0.096315 0.895312
vt 0.100483 0.911231
vt 0.079116 0.897242
vt 0.108314 0.907051
vt 0.121207 0.904468
vt 0.122387 0.916059
vt 0.140510 0.925080
vt 0.143503 0.914713
vt 0.156317 0.920263
vt 0.171235 0.917946
vt 0.171119 0.927278
vt 0.242674 0.895312
vt 0.217521 0.908268
vt 0.224928 0.897962
vt 0.205897 0.907196
vt 0.190208 0.917280
vt 0.183900 0.911583
vt 0.225194 0.911745
vt 0.189788 0.924555
vt 0.205860 0.917286
vt 0.024436 0.919823
vt 0.014875 0.925147
vt 0.006669 0.904938
vt 0.011768 0.903109
vt 0.048076 0.904720
vt 0.051488 0.918903
vt 0.043336 0.919968
vt 0.054722 0.893230
vt 0.044005 0.899291
vt 0.015166 0.895324
vt 0.048220 0.886956
vt 0.006626 0.885837
vt 0.012349 0.883298
vt 0.000458 0.886486
vt 0.068993 0.890368
vt 0.063230 0.889214
vt 0.065879 0.875486
vt 0.059672 0.873936
vt 0.016185 0.873974
vt 0.021364 0.885492
vt 0.029950 0.887134
vt 0.025126 0.873491
vt 0.053117 0.874131
vt 0.041035 0.888297
vt 0.045286 0.872469
vt 0.035560 0.869396
vt 0.011390 0.867009
vt 0.049729 0.867743
vt 0.000266 0.865212
vt 0.029033 0.861165
vt 0.063438 0.857067
vt 0.068477 0.861193
vt 0.017721 0.857343
vt 0.005800 0.857979
vt 0.014188 0.847729
vt 0.055940 0.859990
vt 0.046423 0.858864
vt 0.034460 0.855227
vt 0.038724 0.850532
vt 0.009875 0.840701
vt 0.024424 0.850879
vt 0.031832 0.841716
vt 0.068993 0.844003
vt 0.052943 0.850142
vt 0.046506 0.845902
vt 0.001711 0.844729
vt 0.060057 0.847729
vt 0.023091 0.836677
vt 0.019771 0.832296
vt 0.063034 0.834216
vt 0.020955 0.820225
vt 0.019661 0.809678
vt 0.037163 0.794619
vt 0.058199 0.840241
vt 0.055981 0.839990
vt 0.039071 0.835041
vt 0.059938 0.832826
vt 0.056656 0.837949
vt 0.006051 0.822460
vt 0.029040 0.797213
vt 0.019211 0.794895
vt 0.028428 0.831169
vt 0.055443 0.837511
vt 0.011775 0.804999
vt 0.399351 0.863341
vt 0.384390 0.844354
vt 0.395577 0.844166
vt 0.405973 0.858124
vt 0.411858 0.875625
vt 0.419337 0.869660
vt 0.540418 0.863041
vt 0.548680 0.844166
vt 0.555408 0.851615
vt 0.529202 0.863477
vt 0.430619 0.886032
vt 0.436463 0.879425
vt 0.442138 0.875709
vt 0.451878 0.886912
vt 0.449084 0.892212
vt 0.472556 0.882265
vt 0.522432 0.880469
vt 0.514394 0.874587
vt 0.482879 0.888082
vt 0.495900 0.882023
vt 0.508083 0.888390
vt 0.469296 0.894246
vt 0.491585 0.892929
vt 0.177127 0.445241
vt 0.185784 0.427269
vt 0.197922 0.425413
vt 0.028136 0.434388
vt 0.030888 0.425413
vt 0.042621 0.444844
vt 0.185168 0.450324
vt 0.037975 0.453800
vt 0.026372 0.442191
vt 0.172935 0.457835
vt 0.051668 0.461510
vt 0.062327 0.462477
vt 0.157920 0.463731
vt 0.052224 0.470809
vt 0.165636 0.469791
vt 0.069156 0.474923
vt 0.146037 0.480178
vt 0.073017 0.483477
vt 0.085060 0.474691
vt 0.137532 0.472233
vt 0.124078 0.478923
vt 0.108465 0.481091
vt 0.092263 0.486125
vt 0.130116 0.487819
vt 0.109791 0.490943
vt 0.146777 0.660362
vt 0.152637 0.654887
vt 0.146777 0.653969
vt 0.225626 0.658615
vt 0.219127 0.667821
vt 0.205855 0.651231
vt 0.212587 0.644250
vt 0.064711 0.656862
vt 0.043420 0.667821
vt 0.063856 0.642853
vt 0.192419 0.638317
vt 0.087286 0.631989
vt 0.089093 0.640453
vt 0.199766 0.631049
vt 0.084451 0.625708
vt 0.176274 0.622131
vt 0.156604 0.627743
vt 0.114460 0.626665
vt 0.104885 0.618134
vt 0.130257 0.627351
vt 0.107145 0.633251
vt 0.135977 0.620473
vt 0.130324 0.614545
vt 0.152049 0.615191
vt 0.940033 0.077352
vt 0.930820 0.073175
vt 0.927278 0.061002
vt 0.936641 0.084780
vt 0.948538 0.096759
vt 0.942365 0.100928
vt 0.947532 0.113160
vt 0.927278 0.193096
vt 0.940795 0.181085
vt 0.928489 0.200895
vt 0.954713 0.114414
vt 0.943681 0.188452
vt 0.929503 0.207512
vt 0.938063 0.176909
vt 0.952137 0.128521
vt 0.947504 0.131256
vt 0.943127 0.163186
vt 0.950238 0.167588
vt 0.951549 0.145588
vt 0.946346 0.146829
vt 0.957411 0.135680
vt 0.958711 0.149029
vt 0.921867 0.935072
vt 0.908098 0.952318
vt 0.916038 0.934964
vt 0.920553 0.950453
vt 0.932587 0.927756
vt 0.927290 0.910615
vt 0.936082 0.906177
vt 0.931064 0.887692
vt 0.939451 0.884153
vt 0.926815 0.820745
vt 0.921533 0.830563
vt 0.908098 0.807119
vt 0.913490 0.799947
vt 0.935673 0.866363
vt 0.930490 0.872026
vt 0.943717 0.890457
vt 0.932454 0.844310
vt 0.928469 0.855451
vt 0.943793 0.873379
vt 0.936874 0.837659
vt 0.941785 0.857512
vt 0.664624 0.707246
vt 0.655054 0.679622
vt 0.663688 0.687616
vt 0.648870 0.683585
vt 0.655585 0.664742
vt 0.646593 0.659715
vt 0.640885 0.664289
vt 0.655401 0.545414
vt 0.664624 0.541023
vt 0.654844 0.560495
vt 0.647582 0.638121
vt 0.640362 0.580142
vt 0.635498 0.632382
vt 0.646189 0.581446
vt 0.641925 0.563202
vt 0.642610 0.624851
vt 0.643381 0.602377
vt 0.636947 0.612443
vt 0.631060 0.602651
vt 0.190463 0.008791
vt 0.206255 0.017527
vt 0.207825 0.027188
vt 0.196361 0.025794
vt 0.221844 0.026532
vt 0.215469 0.034284
vt 0.235148 0.035444
vt 0.238396 0.030490
vt 0.236692 0.042850
vt 0.253637 0.036958
vt 0.264874 0.033231
vt 0.258355 0.046617
vt 0.272640 0.033044
vt 0.273236 0.038369
vt 0.299695 0.029496
vt 0.325971 0.008791
vt 0.330048 0.015621
vt 0.316137 0.029578
vt 0.281212 0.044986
vt 0.298533 0.040049
vt 0.310088 0.037197
vt 0.683861 0.826730
vt 0.684357 0.816177
vt 0.691263 0.835895
vt 0.672020 0.812686
vt 0.677516 0.799233
vt 0.665849 0.794802
vt 0.671674 0.775103
vt 0.680672 0.737044
vt 0.677277 0.729536
vt 0.691263 0.725269
vt 0.662967 0.774400
vt 0.677629 0.748161
vt 0.671036 0.740986
vt 0.659925 0.763823
vt 0.670035 0.731671
vt 0.666024 0.726866
vt 0.660272 0.740211
vt 0.620910 0.810133
vt 0.632757 0.804105
vt 0.621679 0.818814
vt 0.582417 0.843101
vt 0.593539 0.830844
vt 0.605599 0.831507
vt 0.610089 0.821713
vt 0.643002 0.791311
vt 0.641856 0.784577
vt 0.652311 0.778292
vt 0.574610 0.837845
vt 0.655230 0.757390
vt 0.645181 0.767889
vt 0.657681 0.721097
vt 0.620333 0.803104
vt 0.653520 0.744474
vt 0.603902 0.817148
vt 0.633453 0.786903
vt 0.586389 0.826582
vt 0.569259 0.832801
vt 0.139851 0.730687
vt 0.131126 0.722696
vt 0.104156 0.730687
vt 0.109256 0.670292
vt 0.114278 0.671018
vt 0.100426 0.671018
vt 0.106352 0.669935
vt 0.109382 0.669856
vt 0.110083 0.669978
vt 0.110714 0.666223
vt 0.079721 0.690730
vt 0.081360 0.694268
vt 0.073832 0.694200
vt 0.084443 0.696058
vt 0.062600 0.696058
vt 0.065482 0.693251
vt 0.119692 0.668340
vt 0.118540 0.667015
vt 0.120671 0.666659
vt 0.120322 0.668887
vt 0.118540 0.655035
vt 0.164358 0.658300
vt 0.162634 0.654502
vt 0.162783 0.656132
vt 0.162227 0.656618
vt 0.162227 0.661961
vt 0.157685 0.655289
vt 0.158498 0.656368
vt 0.155834 0.662493
vt 0.155834 0.653956
vt 0.157995 0.653436
vt 0.188865 0.669419
vt 0.187092 0.667734
vt 0.187688 0.667170
vt 0.186734 0.666737
vt 0.188865 0.665157
vt 0.178210 0.655445
vt 0.177677 0.654502
vt 0.177677 0.661961
vt 0.055554 0.305996
vt 0.052677 0.297017
vt 0.066153 0.306830
vt 0.142440 0.305949
vt 0.137632 0.300834
vt 0.146687 0.300697
vt 0.127322 0.313703
vt 0.124912 0.300299
vt 0.154602 0.301686
vt 0.114226 0.329813
vt 0.104013 0.310403
vt 0.155779 0.318536
vt 0.165334 0.303224
vt 0.085311 0.319602
vt 0.137548 0.341455
vt 0.086919 0.346115
vt 0.114755 0.351066
vt 0.054962 0.316176
vt 0.048215 0.300063
vt 0.064504 0.329466
vt 0.087958 0.354415
vt 0.073965 0.343239
vt 0.129323 0.357644
vt 0.149451 0.344395
vt 0.169027 0.312133
vt 0.163556 0.327187
vt 0.106018 0.359883
vt 0.174481 0.297017
vt 0.086191 0.303807
vt 0.106205 0.299151
vt 0.113431 0.303465
vt 0.075831 0.688992
vt 0.076595 0.690197
vt 0.074082 0.688570
vt 0.076493 0.689502
vt 0.077875 0.688460
vt 0.082710 0.687770
vt 0.074139 0.688031
vt 0.074441 0.684337
vt 0.063133 0.690169
vt 0.079219 0.685496
vt 0.083910 0.685317
vt 0.079789 0.684754
vt 0.159030 0.663026
vt 0.160629 0.657755
vt 0.159030 0.653436
vt 0.078677 0.684337
vt 0.971585 0.229182
vt 0.966727 0.236079
vt 0.962665 0.226425
vt 0.967907 0.244842
vt 0.959375 0.243790
vt 0.969968 0.222828
vt 0.963435 0.253081
vt 0.965198 0.259887
vt 0.957892 0.261728
vt 0.961991 0.256699
vt 0.968456 0.255464
vt 0.972765 0.214713
vt 0.955934 0.209537
vt 0.972330 0.207993
vt 0.973628 0.309270
vt 0.966741 0.308560
vt 0.966079 0.301718
vt 0.169298 0.661428
vt 0.168087 0.655035
vt 0.168087 0.660542
vt 0.964767 0.271305
vt 0.957230 0.279247
vt 0.962842 0.287593
vt 0.955085 0.296543
vt 0.967203 0.280144
vt 0.967874 0.282073
vt 0.136803 0.654489
vt 0.139318 0.661961
vt 0.135589 0.655702
vt 0.139318 0.652371
vt 0.170218 0.659892
vt 0.971725 0.284286
vt 0.968876 0.283105
vt 0.929975 0.235499
vt 0.942841 0.205216
vt 0.928209 0.260746
vt 0.938315 0.282014
vt 0.964311 0.194813
vt 0.970875 0.199760
vt 0.973628 0.192353
vt 0.971869 0.187267
vt 0.916016 0.227889
vt 0.912360 0.250047
vt 0.928202 0.209863
vt 0.933270 0.289832
vt 0.918333 0.271297
vt 0.945170 0.198257
vt 0.952092 0.302988
vt 0.956939 0.191216
vt 0.084443 0.671950
vt 0.095099 0.670485
vt 0.088915 0.673171
vt 0.969500 0.261614
vt 0.084443 0.683804
vt 0.090870 0.680525
vt 0.970461 0.251177
vt 0.970884 0.268869
vt 0.131458 0.659776
vt 0.131335 0.657294
vt 0.132392 0.656789
vt 0.128743 0.661107
vt 0.127064 0.658176
vt 0.131739 0.652371
vt 0.132392 0.661961
vt 0.175550 0.657615
vt 0.176521 0.654502
vt 0.176165 0.655694
vt 0.177075 0.655528
vt 0.177144 0.659829
vt 0.174481 0.659829
vt 0.145107 0.661268
vt 0.143047 0.659188
vt 0.145818 0.659545
vt 0.146131 0.660383
vt 0.146244 0.661961
vt 0.146244 0.652371
vt 0.845765 0.839371
vt 0.835308 0.851178
vt 0.830140 0.839530
vt 0.681140 0.853282
vt 0.684626 0.839371
vt 0.691178 0.849975
vt 0.684858 0.870352
vt 0.704924 0.839490
vt 0.840639 0.869731
vt 0.825991 0.884917
vt 0.841785 0.896913
vt 0.700407 0.879871
vt 0.685073 0.892774
vt 0.811048 0.860121
vt 0.807414 0.843538
vt 0.827760 0.901696
vt 0.704606 0.898469
vt 0.716552 0.851484
vt 0.809100 0.902797
vt 0.794712 0.889099
vt 0.740997 0.842703
vt 0.787106 0.846762
vt 0.735615 0.884947
vt 0.777948 0.868308
vt 0.747731 0.857024
vt 0.778912 0.904210
vt 0.729193 0.900858
vt 0.771892 0.845395
vt 0.761538 0.852007
vt 0.760490 0.873758
vt 0.747663 0.903502
vt 0.766121 0.896608
vt 0.756033 0.894876
vt 0.758471 0.904901
vt 0.114811 0.661528
vt 0.117477 0.655035
vt 0.118007 0.662308
vt 0.114811 0.669419
vt 0.170218 0.990618
vt 0.190335 0.980956
vt 0.189827 0.988358
vt 0.213541 0.975344
vt 0.210460 0.983118
vt 0.273501 0.989717
vt 0.260621 0.979383
vt 0.281987 0.986253
vt 0.230735 0.980450
vt 0.236896 0.974694
vt 0.172000 0.996724
vt 0.251405 0.983887
vt 0.294885 0.993684
vt 0.285945 0.998668
vt 0.183773 0.998668
vt 0.269679 0.993528
vt 0.207687 0.989939
vt 0.233979 0.987223
vt 0.250685 0.988864
vt 0.721370 0.220169
vt 0.711098 0.201094
vt 0.724579 0.215755
vt 0.607865 0.213836
vt 0.598088 0.220590
vt 0.605291 0.204051
vt 0.600678 0.235864
vt 0.723485 0.252352
vt 0.726643 0.236066
vt 0.729544 0.247656
vt 0.674009 0.180508
vt 0.652930 0.174210
vt 0.669931 0.173731
vt 0.646687 0.180497
vt 0.619832 0.188775
vt 0.631444 0.187803
vt 0.616574 0.200081
vt 0.594723 0.238500
vt 0.714901 0.279292
vt 0.723984 0.263623
vt 0.726266 0.270752
vt 0.717832 0.201309
vt 0.596782 0.267652
vt 0.601874 0.259681
vt 0.610082 0.279310
vt 0.609531 0.287222
vt 0.622902 0.294597
vt 0.651501 0.310809
vt 0.642294 0.303369
vt 0.661523 0.307404
vt 0.695003 0.298554
vt 0.698651 0.302439
vt 0.679534 0.307472
vt 0.710317 0.287777
vt 0.623088 0.302156
vt 0.634647 0.177963
vt 0.699670 0.186635
vt 0.734949 0.262933
vt 0.672869 0.316729
vt 0.734949 0.225307
vt 0.682784 0.171015
vt 0.718079 0.191438
vt 0.586308 0.233591
vt 0.606790 0.294871
vt 0.690845 0.312684
vt 0.613930 0.185226
vt 0.723386 0.287055
vt 0.710816 0.300642
vt 0.652510 0.168087
vt 0.591330 0.215924
vt 0.587248 0.256763
vt 0.593631 0.277554
vt 0.642341 0.315630
vt 0.629529 0.174860
vt 0.600435 0.198723
vt 0.622723 0.308434
vt 0.729721 0.207480
vt 0.702488 0.178205
vt 0.701799 0.308308
vt 0.373033 0.882549
vt 0.359610 0.885157
vt 0.354803 0.878796
vt 0.386538 0.892642
vt 0.397987 0.894022
vt 0.417954 0.913612
vt 0.403614 0.907488
vt 0.411659 0.904059
vt 0.373275 0.893155
vt 0.280389 0.908045
vt 0.262387 0.913163
vt 0.275859 0.900378
vt 0.315746 0.881771
vt 0.300106 0.895355
vt 0.295954 0.889097
vt 0.320574 0.887669
vt 0.335794 0.879184
vt 0.331273 0.889475
vt 0.345378 0.887324
vt 0.270607 0.920884
vt 0.359640 0.893167
vt 0.390009 0.903143
vt 0.296233 0.905875
vt 0.411994 0.920884
vt 0.318048 0.896077
vt 0.376764 0.899660
vt 0.401467 0.913872
vt 0.344382 0.894145
vt 0.629395 0.668596
vt 0.624242 0.669445
vt 0.622278 0.650483
vt 0.504868 0.607959
vt 0.516148 0.605062
vt 0.506902 0.615490
vt 0.580154 0.721013
vt 0.597394 0.714623
vt 0.576315 0.729122
vt 0.491826 0.651596
vt 0.495079 0.668804
vt 0.488569 0.664330
vt 0.576528 0.598406
vt 0.594422 0.600013
vt 0.597877 0.611140
vt 0.569878 0.589915
vt 0.561454 0.596757
vt 0.489280 0.639516
vt 0.494481 0.639954
vt 0.497248 0.627574
vt 0.521306 0.595429
vt 0.532802 0.596379
vt 0.564386 0.725693
vt 0.557894 0.730897
vt 0.543819 0.723856
vt 0.625187 0.639791
vt 0.615861 0.635811
vt 0.613321 0.617390
vt 0.508321 0.708259
vt 0.502232 0.696257
vt 0.517679 0.707635
vt 0.610789 0.706404
vt 0.609052 0.718771
vt 0.623039 0.684102
vt 0.542679 0.729427
vt 0.525008 0.717879
vt 0.548033 0.590909
vt 0.594885 0.723488
vt 0.495547 0.616115
vt 0.619236 0.700856
vt 0.629569 0.684817
vt 0.531869 0.586185
vt 0.508996 0.715981
vt 0.586197 0.734389
vt 0.593154 0.593137
vt 0.548652 0.581513
vt 0.605958 0.726282
vt 0.619814 0.714384
vt 0.523639 0.726759
vt 0.609871 0.605660
vt 0.489467 0.690500
vt 0.493906 0.679975
vt 0.484440 0.631132
vt 0.504223 0.598125
vt 0.631493 0.697184
vt 0.520380 0.586809
vt 0.563176 0.736548
vt 0.636388 0.677204
vt 0.636388 0.655222
vt 0.541705 0.734712
vt 0.623323 0.622001
vt 0.481771 0.667675
vt 0.571316 0.584031
vt 0.481353 0.647035
vt 0.496528 0.703334
vt 0.631121 0.635731
vt 0.490043 0.615737
vt 0.776683 0.944326
vt 0.777856 0.949632
vt 0.757085 0.944395
vt 0.738310 0.948758
vt 0.711839 0.955518
vt 0.727118 0.947487
vt 0.719598 0.960907
vt 0.808782 0.959081
vt 0.802387 0.961865
vt 0.793386 0.954491
vt 0.757245 0.949642
vt 0.825519 0.970925
vt 0.702709 0.964952
vt 0.691499 0.965940
vt 0.689664 0.973420
vt 0.818004 0.975759
vt 0.785133 0.960327
vt 0.763015 0.956425
vt 0.701234 0.975759
vt 0.743176 0.957008
vt 0.798648 0.967707
vt 0.765289 0.961064
vt 0.731332 0.963623
vt 0.778812 0.963922
vt 0.745117 0.962263
vt 0.717397 0.968956
vt 0.750675 0.827626
vt 0.738857 0.828744
vt 0.729078 0.819505
vt 0.808443 0.822955
vt 0.804263 0.830588
vt 0.794216 0.826898
vt 0.777851 0.831082
vt 0.782671 0.837944
vt 0.761730 0.833015
vt 0.702845 0.798076
vt 0.718835 0.810644
vt 0.707572 0.809354
vt 0.822893 0.817573
vt 0.835528 0.805906
vt 0.830840 0.819278
vt 0.750741 0.837587
vt 0.688589 0.783964
vt 0.692670 0.797160
vt 0.849761 0.788592
vt 0.844398 0.805520
vt 0.709939 0.820533
vt 0.729710 0.833042
vt 0.762025 0.843097
vt 0.858405 0.783964
vt 0.835828 0.821496
vt 0.800115 0.839376
vt 0.745445 0.840888
vt 0.851800 0.804634
vt 0.821557 0.831216
vt 0.778494 0.843101
vt 0.693649 0.805184
vt 0.681140 0.787353
vt 0.862813 0.785950
vt 0.166408 0.699118
vt 0.169968 0.677944
vt 0.173760 0.684303
vt 0.004589 0.688113
vt 0.008207 0.677944
vt 0.013213 0.697121
vt 0.073573 0.750711
vt 0.087690 0.749914
vt 0.089495 0.755222
vt 0.118728 0.745031
vt 0.109308 0.753213
vt 0.105043 0.747251
vt 0.136847 0.740202
vt 0.137085 0.731299
vt 0.155426 0.726298
vt 0.146495 0.728570
vt 0.156290 0.718140
vt 0.168086 0.708938
vt 0.021298 0.713035
vt 0.010877 0.708970
vt 0.029798 0.726374
vt 0.122711 0.754499
vt 0.081902 0.761055
vt 0.100136 0.760835
vt 0.052236 0.742520
vt 0.029170 0.735938
vt 0.064595 0.757828
vt 0.175126 0.706304
vt 0.017744 0.724051
vt 0.180874 0.688404
vt 0.153252 0.737582
vt 0.164302 0.723676
vt 0.000266 0.690355
vt 0.048503 0.750226
vt 0.139113 0.747408
vt 0.155089 0.756558
vt 0.136008 0.771226
vt 0.148022 0.755052
vt 0.165029 0.742952
vt 0.172183 0.724619
vt 0.181406 0.708844
vt 0.174585 0.729824
vt 0.132934 0.766030
vt 0.120190 0.779342
vt 0.085313 0.785029
vt 0.109023 0.775081
vt 0.103484 0.784897
vt 0.175181 0.709561
vt 0.062282 0.783527
vt 0.046277 0.775486
vt 0.065730 0.778206
vt 0.038660 0.762149
vt 0.031117 0.768033
vt 0.000266 0.721813
vt 0.010909 0.731621
vt 0.007130 0.739084
vt 0.088837 0.777288
vt 0.158267 0.736012
vt 0.020936 0.753297
vt 0.005002 0.708844
vt 0.053335 0.769089
vt 0.070020 0.773234
vt 0.024051 0.744443
vt 0.129574 0.761072
vt 0.013427 0.726117
vt 0.108305 0.768736
vt 0.085816 0.772100
vt 0.133736 0.757659
vt 0.809051 0.685164
vt 0.808631 0.666871
vt 0.814970 0.682530
vt 0.801675 0.668607
vt 0.800285 0.651508
vt 0.810916 0.742642
vt 0.801571 0.757164
vt 0.805347 0.742744
vt 0.817210 0.720643
vt 0.808402 0.728303
vt 0.818061 0.698748
vt 0.813172 0.706487
vt 0.792723 0.650270
vt 0.783788 0.634349
vt 0.766245 0.783964
vt 0.778931 0.771515
vt 0.785679 0.773925
vt 0.760851 0.779867
vt 0.779925 0.639080
vt 0.765824 0.627590
vt 0.766033 0.620185
vt 0.795441 0.748863
vt 0.751288 0.622577
vt 0.745605 0.611348
vt 0.805990 0.696256
vt 0.806237 0.712665
vt 0.772081 0.768556
vt 0.787837 0.653542
vt 0.801848 0.683110
vt 0.775276 0.641213
vt 0.791335 0.664448
vt 0.745605 0.779930
vt 0.758925 0.630096
vt 0.730093 0.521888
vt 0.719108 0.535813
vt 0.704583 0.539340
vt 0.740952 0.508617
vt 0.750173 0.491167
vt 0.752187 0.498006
vt 0.731435 0.402848
vt 0.714849 0.387009
vt 0.730405 0.391029
vt 0.692718 0.545578
vt 0.707018 0.546725
vt 0.687533 0.552264
vt 0.742414 0.406439
vt 0.742311 0.415731
vt 0.764166 0.454798
vt 0.757476 0.469617
vt 0.756763 0.446579
vt 0.762036 0.438799
vt 0.750722 0.431353
vt 0.752547 0.420185
vt 0.712350 0.374469
vt 0.695079 0.377978
vt 0.750807 0.406860
vt 0.748531 0.518095
vt 0.764029 0.473509
vt 0.687533 0.370500
vt 0.703593 0.554501
vt 0.726263 0.540355
vt 0.687801 0.559137
vt 0.725143 0.380087
vt 0.762595 0.494939
vt 0.770112 0.473102
vt 0.739662 0.391413
vt 0.694888 0.366276
vt 0.769765 0.451980
vt 0.763861 0.428668
vt 0.556245 0.155505
vt 0.547028 0.164778
vt 0.552663 0.148830
vt 0.539235 0.181834
vt 0.527265 0.187195
vt 0.536223 0.175744
vt 0.512786 0.034667
vt 0.533177 0.048117
vt 0.534237 0.054937
vt 0.554388 0.088453
vt 0.545035 0.075603
vt 0.551986 0.073551
vt 0.557934 0.104377
vt 0.564272 0.105153
vt 0.559275 0.117972
vt 0.522015 0.034782
vt 0.524290 0.198174
vt 0.512786 0.199636
vt 0.565841 0.124199
vt 0.547221 0.061348
vt 0.559240 0.138918
vt 0.552733 0.169516
vt 0.565841 0.089899
vt 0.539997 0.042152
vt 0.570983 0.133476
vt 0.550205 0.054851
vt 0.558450 0.069306
vt 0.562838 0.160542
vt 0.571923 0.107756
vt 0.528253 0.030634
vt 0.554526 0.176246
vt 0.540452 0.192604
vt 0.571149 0.095373
vt 0.523619 0.205914
vt 0.569330 0.149469
vt 0.044888 0.701447
vt 0.040088 0.705222
vt 0.048217 0.689288
vt 0.159440 0.631665
vt 0.163989 0.638747
vt 0.152307 0.633751
vt 0.180434 0.641428
vt 0.038093 0.718467
vt 0.195903 0.650104
vt 0.186651 0.651610
vt 0.220470 0.674510
vt 0.226792 0.690408
vt 0.211902 0.674734
vt 0.209121 0.661150
vt 0.139767 0.631593
vt 0.131616 0.641315
vt 0.114133 0.636527
vt 0.107004 0.647037
vt 0.099018 0.642001
vt 0.090002 0.653689
vt 0.087650 0.646680
vt 0.073770 0.657339
vt 0.076539 0.661933
vt 0.059760 0.672670
vt 0.052993 0.696016
vt 0.217929 0.692685
vt 0.199626 0.662427
vt 0.147338 0.639010
vt 0.064299 0.677883
vt 0.233617 0.718794
vt 0.176650 0.652097
vt 0.046886 0.715701
vt 0.159375 0.645646
vt 0.040542 0.729045
vt 0.226194 0.736015
vt 0.198244 0.668479
vt 0.080139 0.667445
vt 0.141606 0.645018
vt 0.045139 0.736015
vt 0.119786 0.646062
vt 0.096594 0.656992
vt 0.058185 0.695963
vt 0.067495 0.681498
vt 0.053044 0.709806
vt 0.912216 0.218002
vt 0.919843 0.206221
vt 0.910819 0.228494
vt 0.890633 0.106987
vt 0.887320 0.090304
vt 0.909399 0.114632
vt 0.911917 0.134167
vt 0.920140 0.140088
vt 0.916494 0.162563
vt 0.924081 0.162625
vt 0.923494 0.183292
vt 0.918747 0.186016
vt 0.913683 0.195986
vt 0.901431 0.244455
vt 0.891541 0.246610
vt 0.887320 0.255994
vt 0.899548 0.231660
vt 0.906328 0.211354
vt 0.908670 0.143842
vt 0.910580 0.167459
vt 0.890439 0.238697
vt 0.897073 0.225779
vt 0.906619 0.193590
vt 0.902606 0.129686
vt 0.346847 0.831409
vt 0.378117 0.826433
vt 0.371624 0.833712
vt 0.281163 0.801204
vt 0.274307 0.777038
vt 0.288024 0.801318
vt 0.352227 0.841719
vt 0.310766 0.820114
vt 0.292963 0.815825
vt 0.406925 0.816401
vt 0.395940 0.832983
vt 0.385128 0.826670
vt 0.271459 0.786788
vt 0.428563 0.798010
vt 0.434621 0.777819
vt 0.439555 0.777038
vt 0.418272 0.819045
vt 0.321846 0.835731
vt 0.303432 0.829189
vt 0.373791 0.843101
vt 0.269313 0.792842
vt 0.446191 0.781389
vt 0.278979 0.808475
vt 0.437649 0.798618
vt 0.587216 0.750194
vt 0.582271 0.760205
vt 0.575051 0.757303
vt 0.500040 0.742892
vt 0.491451 0.728389
vt 0.506308 0.740421
vt 0.599939 0.747557
vt 0.630310 0.728360
vt 0.617932 0.733087
vt 0.630213 0.718173
vt 0.641564 0.701813
vt 0.642682 0.712997
vt 0.512397 0.757990
vt 0.510242 0.748581
vt 0.522235 0.756346
vt 0.564528 0.764977
vt 0.556197 0.761344
vt 0.475721 0.702381
vt 0.478280 0.697656
vt 0.482696 0.715759
vt 0.650389 0.698940
vt 0.618065 0.746134
vt 0.550160 0.768891
vt 0.538069 0.760757
vt 0.483732 0.728707
vt 0.476836 0.715984
vt 0.529947 0.765378
vt 0.476841 0.724598
vt 0.488751 0.741769
vt 0.645748 0.717157
vt 0.468567 0.704603
vt 0.589830 0.764896
vt 0.572596 0.769862
vt 0.558184 0.773308
vt 0.633308 0.734662
vt 0.545043 0.773104
vt 0.656100 0.697656
vt 0.523900 0.768661
vt 0.504880 0.758272
vt 0.607743 0.756187
vt 0.495312 0.752180
vt 0.331037 0.037386
vt 0.346031 0.008221
vt 0.342809 0.025560
vt 0.182472 0.050337
vt 0.193698 0.044708
vt 0.196862 0.061118
vt 0.290074 0.069315
vt 0.269550 0.077067
vt 0.277686 0.064294
vt 0.245787 0.078583
vt 0.259476 0.072768
vt 0.241270 0.071818
vt 0.220946 0.072926
vt 0.213060 0.064805
vt 0.201716 0.055785
vt 0.172334 0.028693
vt 0.168697 0.033966
vt 0.159024 0.014322
vt 0.304130 0.051818
vt 0.317614 0.053335
vt 0.318831 0.037896
vt 0.229782 0.064931
vt 0.155301 0.001865
vt 0.164850 0.005884
vt 0.216312 0.059606
vt 0.332373 0.021915
vt 0.256033 0.066452
vt 0.176123 0.024776
vt 0.341538 0.001865
vt 0.556016 0.859435
vt 0.539726 0.865963
vt 0.558484 0.853322
vt 0.667348 0.871040
vt 0.681420 0.886171
vt 0.667627 0.885612
vt 0.659449 0.873176
vt 0.651292 0.859076
vt 0.637856 0.858126
vt 0.635090 0.850584
vt 0.621944 0.848510
vt 0.585275 0.844166
vt 0.602927 0.845663
vt 0.580453 0.850371
vt 0.571101 0.848815
vt 0.534261 0.877072
vt 0.523859 0.882667
vt 0.525674 0.891417
vt 0.518647 0.894054
vt 0.687533 0.903899
vt 0.569556 0.861109
vt 0.522497 0.904901
vt 0.614417 0.855847
vt 0.593664 0.855229
vt 0.532649 0.889520
vt 0.631085 0.861228
vt 0.547018 0.874670
vt 0.680503 0.904901
vt 0.651188 0.873411
vt 0.704671 0.533986
vt 0.707457 0.526738
vt 0.722163 0.521040
vt 0.665303 0.630335
vt 0.668981 0.647377
vt 0.659413 0.642480
vt 0.680309 0.545375
vt 0.690371 0.545276
vt 0.678230 0.561503
vt 0.699223 0.700553
vt 0.691399 0.684579
vt 0.708374 0.699843
vt 0.658002 0.624027
vt 0.663533 0.609602
vt 0.658475 0.588693
vt 0.667575 0.585163
vt 0.688792 0.535460
vt 0.710511 0.713228
vt 0.722163 0.714172
vt 0.678289 0.668617
vt 0.666422 0.662579
vt 0.719366 0.515450
vt 0.665487 0.570070
vt 0.672854 0.558070
vt 0.653847 0.610034
vt 0.687283 0.690028
vt 0.672464 0.681024
vt 0.662435 0.560247
vt 0.649892 0.629670
vt 0.690837 0.527027
vt 0.654787 0.648888
vt 0.707000 0.515809
vt 0.653855 0.580164
vt 0.672403 0.544524
vt 0.699353 0.709354
vt 0.685145 0.697852
vt 0.648641 0.614052
vt 0.648992 0.600677
vt 0.661752 0.665835
vt 0.299862 0.780823
vt 0.304538 0.774949
vt 0.316072 0.793015
vt 0.281997 0.773407
vt 0.272530 0.762370
vt 0.253912 0.767619
vt 0.255862 0.755034
vt 0.232276 0.766841
vt 0.206200 0.771565
vt 0.214557 0.761118
vt 0.192545 0.776269
vt 0.197089 0.769338
vt 0.179434 0.770204
vt 0.168948 0.789355
vt 0.321372 0.789415
vt 0.330838 0.807938
vt 0.288566 0.764937
vt 0.233752 0.758466
vt 0.146193 0.802497
vt 0.150087 0.807938
vt 0.158749 0.783068
vt 0.189242 0.762180
vt 0.321986 0.779458
vt 0.226252 0.752531
vt 0.303839 0.766763
vt 0.280968 0.756744
vt 0.331113 0.792761
vt 0.203354 0.756269
vt 0.135589 0.804864
vt 0.386901 0.672539
vt 0.376839 0.676460
vt 0.392864 0.648382
vt 0.361678 0.564559
vt 0.355258 0.555656
vt 0.374409 0.568660
vt 0.340398 0.549014
vt 0.328902 0.550370
vt 0.365643 0.573817
vt 0.343838 0.560719
vt 0.308404 0.556860
vt 0.310003 0.549014
vt 0.390831 0.589652
vt 0.383582 0.595725
vt 0.322168 0.557625
vt 0.290306 0.562107
vt 0.396111 0.616281
vt 0.288432 0.555997
vt 0.388001 0.623440
vt 0.272222 0.567587
vt 0.268348 0.578458
vt 0.257863 0.581470
vt 0.253210 0.597901
vt 0.245957 0.599538
vt 0.385205 0.652559
vt 0.244144 0.616358
vt 0.249229 0.624149
vt 0.378006 0.686084
vt 0.367514 0.693910
vt 0.249174 0.643180
vt 0.240011 0.630120
vt 0.243633 0.652201
vt 0.350669 0.691430
vt 0.338119 0.703354
vt 0.325180 0.698382
vt 0.257710 0.666297
vt 0.252159 0.673363
vt 0.269308 0.683419
vt 0.305411 0.705115
vt 0.300993 0.697615
vt 0.285972 0.701729
vt 0.291205 0.692038
vt 0.263076 0.689540
vt 0.355843 0.571286
vt 0.276778 0.683416
vt 0.378209 0.596186
vt 0.328625 0.560004
vt 0.331641 0.566803
vt 0.355174 0.597302
vt 0.351189 0.578987
vt 0.304794 0.563581
vt 0.318981 0.584570
vt 0.380319 0.614390
vt 0.290178 0.580057
vt 0.280968 0.571800
vt 0.351277 0.623216
vt 0.385620 0.636473
vt 0.314398 0.610521
vt 0.371235 0.644611
vt 0.265019 0.586394
vt 0.270219 0.591964
vt 0.288529 0.612962
vt 0.380576 0.652234
vt 0.318161 0.638977
vt 0.254117 0.604646
vt 0.266989 0.618117
vt 0.345315 0.662841
vt 0.370300 0.669750
vt 0.291420 0.645578
vt 0.319255 0.659969
vt 0.356001 0.683584
vt 0.259817 0.639173
vt 0.319613 0.687650
vt 0.293880 0.671786
vt 0.272018 0.669450
vt 0.335660 0.694086
vt 0.319068 0.697531
vt 0.335562 0.981936
vt 0.316831 0.988013
vt 0.308932 0.980955
vt 0.292060 0.983596
vt 0.359602 0.974168
vt 0.373858 0.966125
vt 0.387054 0.964038
vt 0.295440 0.974236
vt 0.283564 0.976090
vt 0.337958 0.975625
vt 0.260535 0.970814
vt 0.279042 0.970716
vt 0.251731 0.964038
vt 0.318082 0.976449
vt 0.357835 0.970875
vt 0.169417 0.984014
vt 0.189398 0.980021
vt 0.164354 0.989401
vt 0.063665 0.980021
vt 0.078642 0.980637
vt 0.083886 0.986359
vt 0.101701 0.986331
vt 0.096113 0.991412
vt 0.114003 0.993340
vt 0.140322 0.991693
vt 0.126605 0.988298
vt 0.148179 0.986834
vt 0.471341 0.506193
vt 0.451930 0.520394
vt 0.447755 0.510979
vt 0.486770 0.488686
vt 0.464664 0.499712
vt 0.501268 0.460957
vt 0.507857 0.463682
vt 0.516994 0.444552
vt 0.511273 0.440279
vt 0.521068 0.425004
vt 0.520565 0.386055
vt 0.522376 0.402660
vt 0.514672 0.393564
vt 0.514721 0.416179
vt 0.430208 0.526638
vt 0.511669 0.376653
vt 0.473905 0.487759
vt 0.503946 0.376800
vt 0.507655 0.401408
vt 0.499000 0.449290
vt 0.430743 0.516123
vt 0.482573 0.473767
vt 0.505412 0.429871
vt 0.461203 0.495177
vt 0.447318 0.296160
vt 0.433758 0.284230
vt 0.465485 0.298512
vt 0.514431 0.361326
vt 0.481764 0.309097
vt 0.479527 0.313749
vt 0.494856 0.322211
vt 0.463811 0.309713
vt 0.489382 0.335583
vt 0.502831 0.338890
vt 0.430208 0.294859
vt 0.500888 0.357569
vt 0.476293 0.321690
vt 0.449994 0.305860
vt 0.252843 0.696164
vt 0.246779 0.682457
vt 0.262946 0.693447
vt 0.275231 0.699118
vt 0.270246 0.707344
vt 0.290483 0.713859
vt 0.303371 0.711712
vt 0.236474 0.680957
vt 0.318047 0.726007
vt 0.336476 0.720270
vt 0.339604 0.726295
vt 0.327700 0.719482
vt 0.301770 0.725240
vt 0.257595 0.706735
vt 0.222962 0.677295
vt 0.225599 0.664624
vt 0.270858 0.715100
vt 0.324226 0.732376
vt 0.242185 0.697606
vt 0.290508 0.724527
vt 0.306711 0.731469
vt 0.365313 0.714723
vt 0.354608 0.725145
vt 0.386929 0.718703
vt 0.391822 0.708010
vt 0.373788 0.723611
vt 0.415025 0.697384
vt 0.408322 0.708425
vt 0.409068 0.718841
vt 0.429176 0.703303
vt 0.436381 0.681165
vt 0.438304 0.666868
vt 0.451518 0.664624
vt 0.366307 0.731881
vt 0.443412 0.688597
vt 0.346143 0.733144
vt 0.383045 0.727421
vt 0.334456 0.736015
vt 0.524849 0.108447
vt 0.521497 0.089922
vt 0.532301 0.104257
vt 0.485117 0.034679
vt 0.471403 0.021500
vt 0.488706 0.028339
vt 0.513411 0.073927
vt 0.502282 0.054103
vt 0.513066 0.062461
vt 0.502879 0.044457
vt 0.526189 0.084411
vt 0.450225 0.009424
vt 0.460545 0.008285
vt 0.476500 0.017119
vt 0.444060 0.000266
vt 0.528283 0.070919
vt 0.517083 0.051448
vt 0.473035 0.008997
vt 0.535205 0.087465
vt 0.488705 0.019940
vt 0.502315 0.032104
vt 0.459839 0.000651
vt 0.539851 0.102177
vt 0.532236 0.117998
vt 0.528022 0.130467
vt 0.457746 0.219845
vt 0.465678 0.223911
vt 0.444060 0.231635
vt 0.482530 0.209769
vt 0.518710 0.162079
vt 0.522099 0.148004
vt 0.529467 0.151413
vt 0.518380 0.186026
vt 0.500598 0.193595
vt 0.515510 0.175150
vt 0.453136 0.236281
vt 0.535405 0.133924
vt 0.499509 0.206293
vt 0.528521 0.167152
vt 0.482905 0.220143
vt 0.541023 0.119149
vt 0.471949 0.229341
vt 0.539783 0.142696
vt 0.508206 0.203052
vt 0.606020 0.347406
vt 0.588097 0.353888
vt 0.595572 0.344720
vt 0.579942 0.358762
vt 0.576944 0.361481
vt 0.574881 0.357578
vt 0.585519 0.352451
vt 0.578962 0.355187
vt 0.602687 0.342451
vt 0.587607 0.342559
vt 0.576842 0.335149
vt 0.581486 0.351427
vt 0.564053 0.350296
vt 0.582632 0.326156
vt 0.594493 0.335253
vt 0.568659 0.347995
vt 0.576825 0.348330
vt 0.569909 0.344286
vt 0.566550 0.317560
vt 0.584350 0.315626
vt 0.573849 0.309771
vt 0.556740 0.345931
vt 0.560518 0.302400
vt 0.558729 0.342925
vt 0.561160 0.340195
vt 0.567475 0.294029
vt 0.574849 0.290661
vt 0.549452 0.340209
vt 0.552153 0.335958
vt 0.554431 0.334277
vt 0.550608 0.271885
vt 0.564200 0.267789
vt 0.545513 0.333939
vt 0.549136 0.329531
vt 0.570123 0.259419
vt 0.541902 0.333059
vt 0.543770 0.326837
vt 0.554264 0.252193
vt 0.539090 0.327961
vt 0.561105 0.237251
vt 0.544202 0.321224
vt 0.545955 0.245838
vt 0.538369 0.318342
vt 0.550140 0.227935
vt 0.570009 0.233076
vt 0.533501 0.319044
vt 0.538950 0.311738
vt 0.533505 0.309986
vt 0.529223 0.308244
vt 0.533530 0.303839
vt 0.536275 0.303007
vt 0.533963 0.295964
vt 0.528105 0.300017
vt 0.529543 0.290850
vt 0.526705 0.293719
vt 0.534023 0.287601
vt 0.533750 0.282897
vt 0.525347 0.286433
vt 0.526482 0.282211
vt 0.531189 0.280432
vt 0.527212 0.279238
vt 0.524507 0.281210
vt 0.569743 0.215153
vt 0.556128 0.206286
vt 0.569566 0.194284
vt 0.581164 0.188300
vt 0.557783 0.186435
vt 0.584015 0.172082
vt 0.571034 0.160514
vt 0.590594 0.152442
vt 0.603920 0.148753
vt 0.582527 0.139377
vt 0.606020 0.136570
vt 0.595687 0.133872
vt 0.587986 0.127996
vt 0.579610 0.133574
vt 0.597430 0.127009
vt 0.580002 0.123868
vt 0.580474 0.130955
vt 0.168993 0.207302
vt 0.191365 0.218259
vt 0.187873 0.230691
vt 0.211970 0.248754
vt 0.215593 0.240891
vt 0.169777 0.189190
vt 0.157708 0.189280
vt 0.211362 0.228114
vt 0.234678 0.256304
vt 0.151039 0.166978
vt 0.230105 0.241099
vt 0.158193 0.161892
vt 0.246075 0.245873
vt 0.151144 0.128950
vt 0.252867 0.256298
vt 0.171512 0.185065
vt 0.161910 0.149204
vt 0.262605 0.263452
vt 0.269783 0.254762
vt 0.272692 0.247900
vt 0.161493 0.123761
vt 0.285838 0.261831
vt 0.289202 0.254230
vt 0.291088 0.244433
vt 0.306226 0.257317
vt 0.313897 0.246762
vt 0.321888 0.235631
vt 0.330141 0.247306
vt 0.327934 0.240280
vt 0.335192 0.228723
vt 0.340479 0.233444
vt 0.352682 0.230068
vt 0.347998 0.220945
vt 0.371122 0.112982
vt 0.360467 0.103067
vt 0.366119 0.094566
vt 0.373041 0.133130
vt 0.378459 0.115595
vt 0.377284 0.127530
vt 0.355832 0.209570
vt 0.364641 0.215287
vt 0.364876 0.195534
vt 0.369453 0.198088
vt 0.383447 0.132216
vt 0.380666 0.151902
vt 0.375217 0.155192
vt 0.372160 0.174141
vt 0.373018 0.202664
vt 0.380287 0.175256
vt 0.385193 0.147215
vt 0.385598 0.160648
vt 0.381015 0.187541
vt 0.381539 0.193332
vt 0.388599 0.152600
vt 0.392213 0.153953
vt 0.395039 0.161166
vt 0.392017 0.178849
vt 0.390410 0.241944
vt 0.402189 0.255222
vt 0.399475 0.263452
vt 0.387326 0.192901
vt 0.384606 0.207237
vt 0.402978 0.148875
vt 0.397016 0.142028
vt 0.404441 0.133401
vt 0.391366 0.224626
vt 0.385251 0.221717
vt 0.396185 0.239309
vt 0.413603 0.118392
vt 0.416076 0.123386
vt 0.392428 0.207993
vt 0.393835 0.190513
vt 0.398429 0.164574
vt 0.399017 0.234542
vt 0.414549 0.133351
vt 0.395405 0.217226
vt 0.425413 0.121661
vt 0.395574 0.195118
vt 0.405852 0.249756
vt 0.407348 0.148179
vt 0.396820 0.174518
vt 0.307541 0.106125
vt 0.336629 0.078543
vt 0.354781 0.093275
vt 0.381176 0.072098
vt 0.394306 0.094676
vt 0.409506 0.070421
vt 0.285177 0.078028
vt 0.236926 0.110549
vt 0.411578 0.037893
vt 0.447256 0.031324
vt 0.361714 0.050233
vt 0.229607 0.084337
vt 0.405260 0.026615
vt 0.436402 0.005061
vt 0.173535 0.098146
vt 0.190496 0.087200
vt 0.158232 0.075404
vt 0.161084 0.061841
vt 0.125567 0.051837
vt 0.128600 0.073666
vt 0.110320 0.032882
vt 0.110549 0.052054
vt 0.104833 0.039391
vt 0.096357 0.039129
vt 0.091230 0.024944
vt 0.051767 0.101920
vt 0.056262 0.106664
vt 0.050279 0.106173
vt 0.070074 0.081926
vt 0.070104 0.098478
vt 0.065572 0.081056
vt 0.049143 0.093037
vt 0.073113 0.070722
vt 0.074802 0.060510
vt 0.085825 0.077832
vt 0.038723 0.104445
vt 0.038182 0.110549
vt 0.032443 0.101414
vt 0.084993 0.065679
vt 0.055280 0.094120
vt 0.040759 0.091564
vt 0.042906 0.100205
vt 0.059536 0.092292
vt 0.054559 0.080038
vt 0.060027 0.084344
vt 0.048926 0.084744
vt 0.055564 0.090409
vt 0.052900 0.083120
vt 0.033529 0.093784
vt 0.102789 0.051203
vt 0.079488 0.061577
vt 0.045061 0.091370
vt 0.083469 0.052539
vt 0.096259 0.069188
vt 0.096685 0.055519
vt 0.089099 0.041117
vt 0.087194 0.046889
vt 0.063413 0.068752
vt 0.070432 0.076736
vt 0.077102 0.054468
vt 0.039834 0.084987
vt 0.056120 0.076747
vt 0.060497 0.078763
vt 0.063171 0.057910
vt 0.080854 0.042582
vt 0.064416 0.065319
vt 0.041890 0.083373
vt 0.047005 0.070195
vt 0.082318 0.022237
vt 0.058026 0.069386
vt 0.054045 0.069685
vt 0.054966 0.063471
vt 0.070923 0.043199
vt 0.075289 0.032270
vt 0.079137 0.027213
vt 0.050964 0.069612
vt 0.067747 0.045162
vt 0.066562 0.051757
vt 0.025931 0.089402
vt 0.071487 0.037173
vt 0.035944 0.073843
vt 0.042261 0.074113
vt 0.057266 0.059375
vt 0.034057 0.077471
vt 0.027476 0.082815
vt 0.062845 0.022835
vt 0.032280 0.081224
vt 0.055437 0.047274
vt 0.060444 0.047142
vt 0.038819 0.059673
vt 0.045199 0.058024
vt 0.061982 0.036954
vt 0.052128 0.052331
vt 0.058265 0.041645
vt 0.065204 0.014911
vt 0.019179 0.073555
vt 0.034543 0.063277
vt 0.067718 0.003120
vt 0.062736 0.007524
vt 0.062017 0.030600
vt 0.029045 0.069061
vt 0.023231 0.072686
vt 0.021751 0.086896
vt 0.057886 0.037135
vt 0.044120 0.048700
vt 0.015585 0.075178
vt 0.025743 0.069067
vt 0.028875 0.061924
vt 0.046994 0.039886
vt 0.052370 0.028387
vt 0.043949 0.015429
vt 0.052861 0.013690
vt 0.064183 0.029008
vt 0.018660 0.063971
vt 0.046587 0.046168
vt 0.025216 0.060347
vt 0.041337 0.009563
vt 0.053072 0.006662
vt 0.033540 0.051073
vt 0.036145 0.050166
vt 0.026745 0.058059
vt 0.049607 0.033885
vt 0.054804 0.022588
vt 0.024547 0.063052
vt 0.030437 0.005060
vt 0.010037 0.068495
vt 0.009627 0.074823
vt 0.005139 0.070519
vt 0.045718 0.033048
vt 0.049438 0.024047
vt 0.039127 0.042705
vt 0.048831 0.000266
vt 0.028781 0.054217
vt 0.013396 0.064669
vt 0.041322 0.001665
vt 0.023115 0.057489
vt 0.008535 0.065654
vt 0.030239 0.049419
vt 0.049639 0.019797
vt 0.045260 0.022158
vt 0.000266 0.067830
vt 0.667086 0.419653
vt 0.664092 0.396694
vt 0.672415 0.407890
vt 0.680476 0.432030
vt 0.674264 0.444531
vt 0.677780 0.400868
vt 0.680891 0.419857
vt 0.686223 0.408242
vt 0.693135 0.430862
vt 0.691910 0.450080
vt 0.686760 0.459364
vt 0.684587 0.469299
vt 0.696091 0.469648
vt 0.707250 0.465403
vt 0.697659 0.489308
vt 0.709417 0.492915
vt 0.704942 0.477662
vt 0.719709 0.495508
vt 0.714145 0.507841
vt 0.728523 0.516516
vt 0.734949 0.508135
vt 0.670610 0.389411
vt 0.670219 0.373551
vt 0.677301 0.385921
vt 0.685091 0.359440
vt 0.674621 0.353846
vt 0.685987 0.335454
vt 0.701894 0.333192
vt 0.697153 0.315481
vt 0.704307 0.318263
vt 0.717034 0.318064
vt 0.713235 0.300859
vt 0.734949 0.298082
vt 0.098278 0.547582
vt 0.082401 0.539116
vt 0.097619 0.539242
vt 0.074395 0.541544
vt 0.089150 0.532446
vt 0.105709 0.534007
vt 0.067591 0.526809
vt 0.055473 0.532719
vt 0.054293 0.524183
vt 0.049670 0.510047
vt 0.035998 0.514542
vt 0.042751 0.511655
vt 0.031549 0.499426
vt 0.034514 0.491225
vt 0.022379 0.496128
vt 0.021914 0.484099
vt 0.023867 0.469967
vt 0.012829 0.476943
vt 0.015368 0.468500
vt 0.006346 0.450723
vt 0.013703 0.448805
vt 0.017621 0.438999
vt 0.009577 0.431227
vt 0.016869 0.423097
vt 0.005061 0.420148
vt 0.011242 0.416170
vt 0.019786 0.403173
vt 0.016128 0.394550
vt 0.007912 0.399853
vt 0.025189 0.380285
vt 0.012200 0.383991
vt 0.020164 0.372136
vt 0.119099 0.540108
vt 0.121507 0.548482
vt 0.137226 0.544699
vt 0.144314 0.534490
vt 0.127526 0.532105
vt 0.153249 0.538167
vt 0.155804 0.522934
vt 0.175409 0.519884
vt 0.178416 0.505610
vt 0.177171 0.496449
vt 0.161022 0.516299
vt 0.191797 0.500274
vt 0.195396 0.479681
vt 0.203631 0.477493
vt 0.196728 0.459524
vt 0.209103 0.458018
vt 0.212491 0.429890
vt 0.203596 0.420732
vt 0.208583 0.407580
vt 0.200736 0.394953
vt 0.206030 0.389847
vt 0.196177 0.373582
vt 0.213372 0.395521
vt 0.205663 0.372136
vt 0.371055 0.530924
vt 0.355950 0.543345
vt 0.348131 0.539938
vt 0.386362 0.522289
vt 0.376442 0.519834
vt 0.362888 0.523911
vt 0.382808 0.510777
vt 0.360007 0.527083
vt 0.345195 0.533643
vt 0.408371 0.496737
vt 0.399308 0.515427
vt 0.394925 0.496490
vt 0.412993 0.479701
vt 0.427017 0.471268
vt 0.428343 0.477103
vt 0.423737 0.462466
vt 0.438546 0.458716
vt 0.431630 0.457607
vt 0.436783 0.441575
vt 0.444536 0.441276
vt 0.450986 0.439798
vt 0.336791 0.548482
vt 0.323560 0.538513
vt 0.307526 0.548136
vt 0.302003 0.539594
vt 0.301253 0.533074
vt 0.280819 0.539563
vt 0.283139 0.527755
vt 0.263251 0.523961
vt 0.261280 0.510524
vt 0.246378 0.499696
vt 0.244986 0.512645
vt 0.228858 0.490547
vt 0.235816 0.483468
vt 0.227085 0.466982
vt 0.217690 0.469527
vt 0.215694 0.439798
vt 0.211241 0.451279
vt 0.520679 0.304475
vt 0.498766 0.303496
vt 0.522376 0.295966
vt 0.494381 0.294659
vt 0.474597 0.296472
vt 0.468678 0.285166
vt 0.452261 0.291146
vt 0.456922 0.286465
vt 0.441610 0.283457
vt 0.443675 0.273878
vt 0.424952 0.269779
vt 0.421153 0.255796
vt 0.433004 0.260718
vt 0.406609 0.242909
vt 0.416059 0.239247
vt 0.412668 0.260773
vt 0.404082 0.219015
vt 0.397889 0.221665
vt 0.409227 0.205298
vt 0.414586 0.230797
vt 0.397176 0.205128
vt 0.397464 0.184196
vt 0.409494 0.179469
vt 0.409259 0.162413
vt 0.417466 0.162212
vt 0.401629 0.165241
vt 0.522376 0.099202
vt 0.508427 0.099367
vt 0.497264 0.094566
vt 0.495487 0.104193
vt 0.489765 0.101079
vt 0.477134 0.107980
vt 0.477501 0.097759
vt 0.464995 0.115026
vt 0.464240 0.108695
vt 0.453807 0.107813
vt 0.449372 0.116795
vt 0.448113 0.124978
vt 0.417789 0.152002
vt 0.425378 0.149634
vt 0.436989 0.125381
vt 0.435637 0.135830
vt 0.425869 0.137911
vt 0.439265 0.117050
vt 0.410596 0.146523
vt 0.424789 0.128144
vt 0.744772 0.195251
vt 0.761694 0.230948
vt 0.751744 0.217197
vt 0.770112 0.267564
vt 0.769910 0.286246
vt 0.765146 0.278426
vt 0.764896 0.249079
vt 0.757610 0.234391
vt 0.760396 0.262750
vt 0.742576 0.208913
vt 0.735264 0.193997
vt 0.722251 0.177491
vt 0.729547 0.170351
vt 0.710990 0.162425
vt 0.715992 0.155099
vt 0.704233 0.148375
vt 0.752599 0.239616
vt 0.744224 0.224183
vt 0.756313 0.273991
vt 0.723300 0.191104
vt 0.732973 0.207657
vt 0.696590 0.155715
vt 0.744324 0.236526
vt 0.752240 0.254355
vt 0.712851 0.176576
vt 0.705334 0.166186
vt 0.743115 0.340553
vt 0.745578 0.324583
vt 0.754599 0.325320
vt 0.758061 0.307082
vt 0.766463 0.303612
vt 0.764209 0.290614
vt 0.733364 0.341326
vt 0.731967 0.351248
vt 0.722804 0.351130
vt 0.719001 0.361107
vt 0.703393 0.368940
vt 0.711846 0.360791
vt 0.696590 0.362023
vt 0.752418 0.305122
vt 0.709015 0.354745
vt 0.757022 0.289440
vt 0.722809 0.344957
vt 0.731410 0.335464
vt 0.744261 0.316543
vt 0.738256 0.322701
vt 0.043736 0.154887
vt 0.055216 0.140113
vt 0.062079 0.144841
vt 0.146789 0.103090
vt 0.163177 0.105531
vt 0.150679 0.112084
vt 0.170453 0.116920
vt 0.106543 0.114243
vt 0.105430 0.108540
vt 0.127044 0.104401
vt 0.086361 0.117690
vt 0.070611 0.130091
vt 0.085150 0.124878
vt 0.033812 0.166712
vt 0.037247 0.175532
vt 0.022643 0.190874
vt 0.131126 0.109946
vt 0.029328 0.197735
vt 0.093210 0.127362
vt 0.052121 0.159678
vt 0.124454 0.116006
vt 0.108424 0.122145
vt 0.039687 0.184348
vt 0.140708 0.117256
vt 0.077562 0.138288
vt 0.161154 0.121404
vt 0.124374 0.121054
vt 0.064790 0.152409
vt 0.031124 0.211774
vt 0.047294 0.173429
vt 0.181002 0.111856
vt 0.206786 0.133732
vt 0.196701 0.122867
vt 0.213374 0.132760
vt 0.253745 0.184947
vt 0.248360 0.169691
vt 0.259343 0.184704
vt 0.263090 0.201101
vt 0.268780 0.204203
vt 0.225205 0.152694
vt 0.226722 0.145198
vt 0.236640 0.154832
vt 0.240135 0.169694
vt 0.213925 0.147035
vt 0.254939 0.199015
vt 0.183955 0.125356
vt 0.199151 0.133619
vt 0.245053 0.185326
vt 0.201563 0.143610
vt 0.190864 0.134745
vt 0.260111 0.211774
vt 0.236108 0.175472
vt 0.177119 0.127475
vt 0.221337 0.159812
s 1
usemtl material_0
f 1/1/1 2/2/2 3/3/3
f 4/4/4 5/5/5 6/6/6
f 7/7/7 3/3/3 2/2/2
f 1/1/1 8/8/8 2/2/2
f 8/8/8 1/1/1 9/9/9
f 7/7/7 2/2/2 10/10/10
f 7/7/7 10/10/10 11/11/11
f 2/2/2 8/8/8 12/12/12
f 13/13/13 8/8/8 9/9/9
f 8/8/8 13/13/13 14/14/14
f 15/15/15 2/2/2 12/12/12
f 10/10/10 2/2/2 15/15/15
f 12/12/12 16/16/16 15/15/15
f 11/11/11 10/10/10 17/17/17
f 8/8/8 14/14/14 12/12/12
f 13/13/13 5/5/5 14/14/14
f 12/12/12 14/14/14 16/16/16
f 17/17/17 10/10/10 18/18/18
f 19/19/19 15/15/15 16/16/16
f 17/17/17 20/20/20 11/11/11
f 10/10/10 15/15/15 18/18/18
f 21/21/21 16/16/16 14/14/14
f 14/14/14 5/5/5 4/4/4
f 19/19/19 16/16/16 21/21/21
f 20/20/20 17/17/17 22/22/22
f 17/17/17 18/18/18 22/22/22
f 15/15/15 19/19/19 18/18/18
f 14/14/14 4/4/4 21/21/21
f 4/4/4 6/6/6 23/23/23
f 18/18/18 19/19/19 22/22/22
f 21/21/21 4/4/4 24/24/24
f 20/20/20 22/22/22 25/25/25
f 22/22/22 19/19/19 25/25/25
f 19/19/19 21/21/21 26/26/26
f 21/21/21 24/24/24 26/26/26
f 20/20/20 25/25/25 27/27/27
f 28/28/28 4/4/4 23/23/23
f 24/24/24 4/4/4 28/28/28
f 26/26/26 24/24/24 29/29/29
f 19/19/19 26/26/26 30/30/30
f 25/25/25 19/19/19 30/30/30
f 27/27/27 25/25/25 30/30/30
f 26/26/26 31/31/31 30/30/30
f 32/32/32 24/24/24 28/28/28
f 26/26/26 29/29/29 31/31/31
f 30/30/30 33/33/33 27/27/27
f 29/29/29 24/24/24 32/32/32
f 30/30/30 31/31/31 34/34/34
f 33/33/33 30/30/30 34/34/34
f 32/32/32 31/31/31 29/29/29
f 5/5/5 13/13/13 35/35/35
f 5/5/5 35/35/35 6/6/6
f 35/35/35 13/13/13 36/36/36
f 37/37/37 23/23/23 6/6/6
f 38/38/38 28/28/28 23/23/23
f 38/38/38 23/23/23 39/39/39
f 28/28/28 38/38/38 32/32/32
f 40/40/34 41/41/40 42/42/41
f 43/43/42 44/44/43 1/1/1
f 1/1/1 44/44/43 45/45/44
f 46/46/45 43/43/42 3/3/3
f 43/43/42 1/1/1 3/3/3
f 46/46/45 3/3/3 7/7/7
f 45/45/44 47/47/46 9/9/9
f 1/1/1 45/45/44 9/9/9
f 9/9/9 47/47/46 13/13/13
f 48/48/47 7/7/7 11/11/11
f 13/13/13 47/47/46 36/36/36
f 48/48/47 11/11/11 49/49/48
f 49/49/48 11/11/11 20/20/20
f 35/35/35 36/36/36 50/50/49
f 6/6/6 35/35/35 50/50/49
f 6/6/6 50/50/49 37/37/37
f 51/51/50 52/52/51 53/53/52
f 23/23/23 37/37/37 39/39/39
f 53/53/52 41/41/40 51/51/50
f 53/53/52 42/42/41 41/41/40
f 38/38/38 39/39/39 54/54/53
f 32/32/32 38/38/38 54/54/53
f 41/41/40 40/40/34 55/55/54
f 32/32/32 54/54/53 56/56/55
f 56/56/55 31/31/31 32/32/32
f 41/41/40 55/55/54 57/57/56
f 40/40/34 58/58/57 59/59/58
f 55/55/54 40/40/34 60/60/59
f 40/40/34 59/59/58 60/60/59
f 48/48/47 46/46/45 7/7/7
f 61/61/60 62/62/48 52/52/51
f 57/57/56 51/51/50 41/41/40
f 31/31/31 56/56/55 63/63/61
f 51/51/50 61/61/60 52/52/51
f 64/64/41 65/65/27 66/66/62
f 64/64/41 66/66/62 67/67/34
f 68/68/63 69/69/64 70/70/65
f 69/69/64 71/71/66 70/70/65
f 71/71/66 72/72/67 73/73/68
f 74/74/45 68/68/63 75/75/69
f 76/76/70 77/77/71 74/74/45
f 68/68/63 70/70/65 75/75/69
f 71/71/66 78/78/72 70/70/65
f 79/79/73 74/74/45 75/75/69
f 77/77/71 76/76/70 80/80/74
f 73/73/68 78/78/72 71/71/66
f 76/76/70 74/74/45 79/79/73
f 75/75/69 70/70/65 78/78/72
f 73/73/68 72/72/67 81/81/75
f 82/82/76 83/83/77 84/84/78
f 85/85/79 84/84/78 83/83/77
f 86/86/80 87/87/74 88/88/81
f 89/89/82 90/90/83 91/91/84
f 92/92/85 93/93/86 94/94/87
f 93/93/86 92/92/85 90/90/83
f 95/95/88 96/96/89 97/97/90
f 87/87/74 86/86/80 98/98/91
f 82/82/76 87/87/74 98/98/91
f 89/89/82 91/91/84 99/99/92
f 99/99/92 95/95/88 89/89/82
f 100/100/93 88/88/81 101/101/73
f 98/98/91 83/83/77 82/82/76
f 100/100/93 86/86/80 88/88/81
f 92/92/85 91/91/84 90/90/83
f 102/102/94 94/94/87 93/93/86
f 86/86/80 103/103/95 98/98/91
f 100/100/93 104/104/96 86/86/80
f 83/83/77 98/98/91 105/105/97
f 105/105/97 106/106/98 83/83/77
f 83/83/77 106/106/98 93/93/86
f 92/92/85 99/99/92 91/91/84
f 99/99/92 96/96/89 95/95/88
f 97/97/90 96/96/89 107/107/99
f 103/103/95 86/86/80 104/104/96
f 93/93/86 106/106/98 102/102/94
f 108/108/100 109/109/69 110/110/101
f 111/111/72 112/112/68 113/113/102
f 113/113/102 112/112/68 114/114/103
f 115/115/104 116/116/105 117/117/106
f 118/118/107 119/119/108 115/115/104
f 116/116/105 120/120/109 117/117/106
f 121/121/110 109/109/69 111/111/72
f 116/116/105 115/115/104 119/119/108
f 118/118/107 122/122/111 123/123/112
f 109/109/69 121/121/110 110/110/101
f 122/122/111 124/124/113 123/123/112
f 125/125/114 110/110/101 121/121/110
f 126/126/115 119/119/108 118/118/107
f 121/121/110 111/111/72 127/127/116
f 127/127/116 111/111/72 113/113/102
f 113/113/102 114/114/103 128/128/117
f 129/129/118 128/128/117 114/114/103
f 129/129/118 114/114/103 120/120/109
f 116/116/105 129/129/118 120/120/109
f 116/116/105 119/119/108 130/130/119
f 124/124/113 131/131/120 123/123/112
f 126/126/115 118/118/107 123/123/112
f 126/126/115 130/130/119 119/119/108
f 132/132/121 133/133/105 134/134/122
f 135/135/123 134/134/122 133/133/105
f 136/136/124 137/137/125 138/138/126
f 139/139/127 140/140/114 136/136/124
f 137/137/125 141/141/128 142/142/129
f 143/143/130 132/132/121 144/144/131
f 145/145/120 146/146/132 147/147/133
f 145/145/120 147/147/133 148/148/134
f 149/149/135 150/150/136 148/148/134
f 142/142/129 141/141/128 151/151/137
f 151/151/137 141/141/128 143/143/130
f 132/132/121 134/134/122 144/144/131
f 149/149/135 148/148/134 147/147/133
f 149/149/135 135/135/123 150/150/136
f 138/138/126 139/139/127 136/136/124
f 142/142/129 138/138/126 137/137/125
f 144/144/131 151/151/137 143/143/130
f 134/134/122 135/135/123 152/152/138
f 153/153/139 142/142/129 151/151/137
f 147/147/133 146/146/132 154/154/140
f 152/152/138 144/144/131 134/134/122
f 152/152/138 135/135/123 155/155/141
f 142/142/129 153/153/139 156/156/142
f 157/157/143 153/153/139 151/151/137
f 151/151/137 144/144/131 158/158/144
f 147/147/133 159/159/145 149/149/135
f 135/135/123 149/149/135 155/155/141
f 138/138/126 142/142/129 156/156/142
f 139/139/127 138/138/126 156/156/142
f 158/158/144 157/157/143 151/151/137
f 152/152/138 158/158/144 144/144/131
f 155/155/141 160/160/146 152/152/138
f 161/161/147 162/162/101 163/163/148
f 164/164/149 165/165/150 166/166/95
f 167/167/151 168/168/152 166/166/95
f 169/169/97 168/168/152 167/167/151
f 170/170/153 171/171/154 169/169/97
f 161/161/147 163/163/148 172/172/127
f 173/173/155 171/171/154 170/170/153
f 174/174/156 175/175/157 173/173/155
f 176/176/158 177/177/159 178/178/160
f 175/175/157 174/174/156 179/179/161
f 179/179/161 180/180/162 178/178/160
f 161/161/147 164/164/149 162/162/101
f 170/170/153 169/169/97 167/167/151
f 165/165/150 167/167/151 166/166/95
f 161/161/147 165/165/150 164/164/149
f 180/180/162 176/176/158 178/178/160
f 181/181/163 173/173/155 170/170/153
f 182/182/164 179/179/161 174/174/156
f 179/179/161 182/182/164 180/180/162
f 182/182/164 174/174/156 173/173/155
f 177/177/159 176/176/158 183/183/140
f 173/173/155 181/181/163 182/182/164
f 161/161/147 184/184/165 165/165/150
f 185/185/166 186/186/167 187/187/168
f 186/186/167 188/188/169 187/187/168
f 189/189/153 185/185/166 190/190/170
f 190/190/170 191/191/171 189/189/153
f 192/192/172 189/189/153 191/191/171
f 193/193/173 192/192/172 194/194/174
f 191/191/171 194/194/174 192/192/172
f 185/185/166 187/187/168 190/190/170
f 186/186/167 195/195/175 188/188/169
f 187/187/168 196/196/176 190/190/170
f 197/197/177 194/194/174 191/191/171
f 194/194/174 198/198/178 193/193/173
f 199/199/179 188/188/169 195/195/175
f 188/188/169 200/200/180 187/187/168
f 190/190/170 196/196/176 191/191/171
f 191/191/171 196/196/176 197/197/177
f 201/201/181 194/194/174 197/197/177
f 201/201/181 198/198/178 194/194/174
f 199/199/179 200/200/180 188/188/169
f 202/202/182 198/198/178 201/201/181
f 196/196/176 187/187/168 200/200/180
f 203/203/183 204/204/133 205/205/184
f 206/206/185 207/207/186 208/208/162
f 207/207/186 209/209/187 205/205/184
f 210/210/135 203/203/183 211/211/188
f 205/205/184 209/209/187 203/203/183
f 212/212/189 213/213/190 210/210/135
f 211/211/188 212/212/189 210/210/135
f 209/209/187 207/207/186 214/214/191
f 215/215/192 213/213/190 212/212/189
f 206/206/185 208/208/162 216/216/193
f 206/206/185 214/214/191 207/207/186
f 209/209/187 214/214/191 217/217/194
f 218/218/195 203/203/183 209/209/187
f 219/219/196 214/214/191 206/206/185
f 206/206/185 216/216/193 219/219/196
f 217/217/194 218/218/195 209/209/187
f 218/218/195 211/211/188 203/203/183
f 212/212/189 220/220/197 215/215/192
f 220/220/197 212/212/189 221/221/198
f 212/212/189 211/211/188 221/221/198
f 222/222/199 223/223/200 224/224/201
f 225/225/202 226/226/144 227/227/138
f 228/228/203 229/229/204 230/230/165
f 231/231/205 230/230/165 229/229/204
f 232/232/206 226/226/144 225/225/202
f 233/233/207 234/234/208 230/230/165
f 223/223/200 231/231/205 229/229/204
f 225/225/202 235/235/209 236/236/192
f 237/237/210 226/226/144 232/232/206
f 223/223/200 222/222/199 231/231/205
f 238/238/211 224/224/201 237/237/210
f 231/231/205 239/239/212 230/230/165
f 222/222/199 224/224/201 238/238/211
f 240/240/213 225/225/202 236/236/192
f 241/241/214 230/230/165 239/239/212
f 225/225/202 240/240/213 232/232/206
f 233/233/207 230/230/165 241/241/214
f 242/242/215 222/222/199 238/238/211
f 243/243/216 233/233/207 241/241/214
f 244/244/217 231/231/205 222/222/199
f 238/238/211 237/237/210 240/240/213
f 232/232/206 240/240/213 237/237/210
f 236/236/192 245/245/218 240/240/213
f 231/231/205 244/244/217 239/239/212
f 246/246/197 245/245/218 236/236/192
f 242/242/215 244/244/217 222/222/199
f 247/247/219 248/248/220 249/249/221
f 250/250/222 251/251/223 252/252/224
f 253/253/225 254/254/226 255/255/227
f 247/247/219 254/254/226 256/256/228
f 247/247/219 256/256/228 248/248/220
f 257/257/229 258/258/196 250/250/222
f 253/253/225 255/255/227 258/258/196
f 248/248/220 259/259/230 249/249/221
f 256/256/228 254/254/226 253/253/225
f 260/260/231 253/253/225 258/258/196
f 249/249/221 259/259/230 261/261/232
f 252/252/224 251/251/223 262/262/233
f 250/250/222 263/263/234 257/257/229
f 250/250/222 252/252/224 263/263/234
f 258/258/196 257/257/229 260/260/231
f 253/253/225 264/264/235 256/256/228
f 264/264/235 248/248/220 256/256/228
f 259/259/230 265/265/236 261/261/232
f 252/252/224 262/262/233 263/263/234
f 260/260/231 257/257/229 266/266/237
f 264/264/235 259/259/230 248/248/220
f 260/260/231 264/264/235 253/253/225
f 257/257/229 263/263/234 266/266/237
f 260/260/231 266/266/237 267/267/238
f 268/268/239 269/269/240 270/270/215
f 268/268/239 271/271/241 269/269/240
f 270/270/215 272/272/211 273/273/242
f 272/272/211 274/274/243 273/273/242
f 274/274/243 275/275/244 276/276/245
f 277/277/246 275/275/244 278/278/247
f 279/279/248 274/274/243 276/276/245
f 278/278/247 280/280/249 277/277/246
f 268/268/239 270/270/215 281/281/250
f 273/273/242 274/274/243 279/279/248
f 273/273/242 281/281/250 270/270/215
f 275/275/244 277/277/246 276/276/245
f 282/282/236 277/277/246 280/280/249
f 283/283/251 281/281/250 273/273/242
f 284/284/252 273/273/242 279/279/248
f 285/285/253 276/276/245 277/277/246
f 286/286/254 284/284/252 279/279/248
f 286/286/254 279/279/248 276/276/245
f 285/285/253 277/277/246 282/282/236
f 287/287/255 271/271/241 268/268/239
f 283/283/251 273/273/242 284/284/252
f 286/286/254 288/288/256 284/284/252
f 288/288/256 286/286/254 276/276/245
f 288/288/256 276/276/245 285/285/253
f 289/289/257 268/268/239 281/281/250
f 281/281/250 283/283/251 289/289/257
f 284/284/252 289/289/257 283/283/251
f 288/288/256 289/289/257 284/284/252
f 268/268/239 290/290/258 287/287/255
f 291/291/259 292/292/260 293/293/216
f 294/294/261 295/295/262 296/296/263
f 297/297/177 296/296/263 298/298/264
f 299/299/265 300/300/266 293/293/216
f 296/296/263 292/292/260 294/294/261
f 299/299/265 301/301/267 300/300/266
f 298/298/264 302/302/223 297/297/177
f 294/294/261 292/292/260 291/291/259
f 291/291/259 293/293/216 300/300/266
f 295/295/262 298/298/264 296/296/263
f 300/300/266 301/301/267 303/303/255
f 302/302/223 298/298/264 304/304/268
f 305/305/269 298/298/264 295/295/262
f 295/295/262 294/294/261 305/305/269
f 306/306/270 307/307/271 308/308/272
f 309/309/273 310/310/236 311/311/274
f 310/310/236 307/307/271 312/312/275
f 310/310/236 312/312/275 311/311/274
f 307/307/271 313/313/276 312/312/275
f 308/308/272 314/314/231 315/315/277
f 313/313/276 307/307/271 306/306/270
f 316/316/278 317/317/279 309/309/273
f 311/311/274 316/316/278 309/309/273
f 312/312/275 313/313/276 318/318/280
f 319/319/281 320/320/282 321/321/283
f 316/316/278 311/311/274 322/322/284
f 318/318/280 311/311/274 312/312/275
f 323/323/285 315/315/277 324/324/286
f 315/315/277 325/325/287 308/308/272
f 325/325/287 306/306/270 308/308/272
f 321/321/283 317/317/279 326/326/288
f 325/325/287 315/315/277 323/323/285
f 327/327/289 311/311/274 318/318/280
f 321/321/283 326/326/288 319/319/281
f 326/326/288 317/317/279 328/328/290
f 316/316/278 328/328/290 317/317/279
f 322/322/284 329/329/291 316/316/278
f 322/322/284 311/311/274 327/327/289
f 318/318/280 313/313/276 327/327/289
f 330/330/292 306/306/270 325/325/287
f 329/329/291 328/328/290 316/316/278
f 327/327/289 331/331/293 322/322/284
f 331/331/293 329/329/291 322/322/284
f 332/332/294 333/333/295 334/334/296
f 335/335/297 336/336/234 337/337/268
f 335/335/297 338/338/298 336/336/234
f 333/333/295 339/339/299 334/334/296
f 340/340/300 341/341/301 339/339/299
f 342/342/302 340/340/300 343/343/255
f 337/337/268 344/344/303 335/335/297
f 340/340/300 345/345/304 341/341/301
f 342/342/302 345/345/304 340/340/300
f 343/343/255 346/346/281 347/347/305
f 332/332/294 348/348/306 349/349/307
f 342/342/302 343/343/255 347/347/305
f 349/349/307 350/350/308 337/337/268
f 351/351/309 339/339/299 341/341/301
f 332/332/294 334/334/296 352/352/310
f 344/344/303 337/337/268 350/350/308
f 351/351/309 353/353/311 334/334/296
f 334/334/296 339/339/299 351/351/309
f 347/347/305 354/354/312 342/342/302
f 354/354/312 347/347/305 346/346/281
f 355/355/285 338/338/298 335/335/297
f 352/352/310 334/334/296 353/353/311
f 332/332/294 352/352/310 356/356/313
f 332/332/294 356/356/313 348/348/306
f 350/350/308 349/349/307 348/348/306
f 357/357/314 358/358/304 359/359/315
f 357/357/314 360/360/301 358/358/304
f 361/361/316 362/362/317 363/363/318
f 364/364/319 357/357/314 359/359/315
f 364/364/319 359/359/315 365/365/320
f 366/366/321 365/365/320 363/363/318
f 367/367/322 361/361/316 368/368/290
f 369/369/323 370/370/291 371/371/324
f 362/362/317 366/366/321 363/363/318
f 367/367/322 362/362/317 361/361/316
f 367/367/322 368/368/290 372/372/325
f 370/370/291 372/372/325 368/368/290
f 370/370/291 369/369/323 372/372/325
f 371/371/324 373/373/289 374/374/326
f 374/374/326 369/369/323 371/371/324
f 375/375/327 376/376/309 377/377/328
f 378/378/329 360/360/301 357/357/314
f 379/379/330 357/357/314 364/364/319
f 365/365/320 366/366/321 364/364/319
f 378/378/329 376/376/309 360/360/301
f 362/362/317 367/367/322 380/380/331
f 379/379/330 378/378/329 357/357/314
f 377/377/328 376/376/309 381/381/332
f 381/381/332 376/376/309 378/378/329
f 380/380/331 367/367/322 372/372/325
f 362/362/317 380/380/331 382/382/333
f 383/383/334 384/384/335 385/385/336
f 386/386/292 385/385/336 384/384/335
f 387/387/337 388/388/338 389/389/339
f 388/388/338 390/390/340 391/391/341
f 392/392/342 393/393/343 391/391/341
f 394/394/344 395/395/345 396/396/276
f 397/397/346 398/398/347 387/387/337
f 397/397/346 387/387/337 389/389/339
f 390/390/340 392/392/342 391/391/341
f 399/399/348 400/400/349 401/401/297
f 402/402/350 383/383/334 401/401/297
f 403/403/351 404/404/352 396/396/276
f 402/402/350 384/384/335 383/383/334
f 395/395/345 394/394/344 386/386/292
f 405/405/353 400/400/349 399/399/348
f 387/387/337 390/390/340 388/388/338
f 399/399/348 393/393/343 405/405/353
f 401/401/297 400/400/349 402/402/350
f 406/406/354 384/384/335 402/402/350
f 386/386/292 384/384/335 407/407/355
f 386/386/292 407/407/355 395/395/345
f 390/390/340 387/387/337 408/408/356
f 393/393/343 392/392/342 405/405/353
f 384/384/335 406/406/354 407/407/355
f 402/402/350 400/400/349 405/405/353
f 387/387/337 398/398/347 408/408/356
f 403/403/351 396/396/276 409/409/357
f 395/395/345 409/409/357 396/396/276
f 410/410/358 406/406/354 402/402/350
f 411/411/359 403/403/351 409/409/357
f 412/412/353 413/413/358 414/414/350
f 415/415/342 416/416/360 412/412/353
f 417/417/361 418/418/354 419/419/362
f 420/420/345 417/417/361 421/421/363
f 413/413/358 412/412/353 416/416/360
f 422/422/364 423/423/340 424/424/356
f 421/421/363 417/417/361 419/419/362
f 415/415/342 423/423/340 422/422/364
f 413/413/358 416/416/360 425/425/365
f 418/418/354 413/413/358 426/426/366
f 416/416/360 415/415/342 427/427/367
f 426/426/366 419/419/362 418/418/354
f 427/427/367 415/415/342 422/422/364
f 425/425/365 416/416/360 427/427/367
f 428/428/368 421/421/363 419/419/362
f 424/424/356 429/429/347 430/430/369
f 431/431/370 422/422/364 424/424/356
f 432/432/371 413/413/358 425/425/365
f 426/426/366 413/413/358 432/432/371
f 431/431/370 424/424/356 430/430/369
f 428/428/368 419/419/362 426/426/366
f 433/433/372 434/434/373 435/435/374
f 436/436/375 434/434/373 433/433/372
f 436/436/375 437/437/376 434/434/373
f 433/433/372 438/438/377 436/436/375
f 438/438/377 433/433/372 439/439/378
f 438/438/377 439/439/378 440/440/379
f 437/437/376 436/436/375 441/441/380
f 438/438/377 441/441/380 436/436/375
f 442/442/381 437/437/376 441/441/380
f 440/440/379 443/443/382 438/438/377
f 438/438/377 443/443/382 441/441/380
f 444/444/383 443/443/382 440/440/379
f 442/442/381 441/441/380 445/445/384
f 446/446/385 445/445/384 441/441/380
f 441/441/380 443/443/382 446/446/385
f 443/443/382 444/444/383 447/447/386
f 443/443/382 447/447/386 446/446/385
f 448/448/387 445/445/384 446/446/385
f 447/447/386 448/448/387 446/446/385
f 444/444/383 449/449/388 447/447/386
f 450/450/389 448/448/387 447/447/386
f 448/448/387 451/451/390 445/445/384
f 450/450/389 447/447/386 449/449/388
f 452/452/391 451/451/390 448/448/387
f 452/452/391 448/448/387 450/450/389
f 452/452/391 453/453/392 451/451/390
f 450/450/389 449/449/388 454/454/393
f 450/450/389 455/455/394 452/452/391
f 456/456/395 454/454/393 449/449/388
f 455/455/394 450/450/389 454/454/393
f 453/453/392 452/452/391 457/457/396
f 455/455/394 457/457/396 452/452/391
f 454/454/393 458/458/397 455/455/394
f 455/455/394 458/458/397 457/457/396
f 459/459/398 457/457/396 458/458/397
f 460/460/399 454/454/393 456/456/395
f 454/454/393 461/461/400 458/458/397
f 454/454/393 460/460/399 461/461/400
f 458/458/397 462/462/401 459/459/398
f 463/463/402 458/458/397 461/461/400
f 461/461/400 460/460/399 464/464/403
f 465/465/404 462/462/401 458/458/397
f 463/463/402 461/461/400 464/464/403
f 465/465/404 458/458/397 463/463/402
f 462/462/401 465/465/404 466/466/405
f 465/465/404 467/467/406 466/466/405
f 464/464/403 460/460/399 468/468/407
f 465/465/404 463/463/402 467/467/406
f 463/463/402 464/464/403 469/469/408
f 467/467/406 463/463/402 469/469/408
f 468/468/407 469/469/408 464/464/403
f 467/467/406 470/470/409 466/466/405
f 468/468/407 471/471/410 469/469/408
f 467/467/406 469/469/408 472/472/411
f 469/469/408 471/471/410 472/472/411
f 473/473/412 467/467/406 472/472/411
f 467/467/406 473/473/412 470/470/409
f 471/471/410 474/474/413 472/472/411
f 473/473/412 472/472/411 475/475/414
f 476/476/415 472/472/411 474/474/413
f 474/474/413 471/471/410 477/477/416
f 475/475/414 472/472/411 476/476/415
f 476/476/415 474/474/413 478/478/417
f 474/474/413 477/477/416 479/479/418
f 474/474/413 479/479/418 478/478/417
f 480/480/419 476/476/415 478/478/417
f 475/475/414 476/476/415 481/481/420
f 476/476/415 480/480/419 481/481/420
f 482/482/421 483/483/422 484/484/423
f 483/483/422 485/485/424 484/484/423
f 485/485/424 483/483/422 486/486/425
f 484/484/423 487/487/378 482/482/421
f 484/484/423 488/488/426 487/487/378
f 486/486/425 489/489/427 485/485/424
f 490/490/428 484/484/423 485/485/424
f 488/488/426 484/484/423 490/490/428
f 489/489/427 491/491/429 485/485/424
f 491/491/429 490/490/428 485/485/424
f 492/492/430 490/490/428 491/491/429
f 489/489/427 493/493/431 491/491/429
f 492/492/430 494/494/432 490/490/428
f 494/494/432 488/488/426 490/490/428
f 493/493/431 492/492/430 491/491/429
f 492/492/430 493/493/431 495/495/433
f 494/494/432 496/496/434 488/488/426
f 495/495/433 497/497/435 492/492/430
f 498/498/436 494/494/432 492/492/430
f 499/499/437 496/496/434 494/494/432
f 498/498/436 492/492/430 497/497/435
f 494/494/432 498/498/436 499/499/437
f 495/495/433 500/500/438 497/497/435
f 498/498/436 497/497/435 500/500/438
f 498/498/436 501/501/439 499/499/437
f 502/502/440 496/496/434 499/499/437
f 498/498/436 503/503/441 501/501/439
f 500/500/438 495/495/433 504/504/442
f 498/498/436 500/500/438 505/505/443
f 505/505/443 503/503/441 498/498/436
f 506/506/444 500/500/438 504/504/442
f 507/507/445 501/501/439 503/503/441
f 505/505/443 500/500/438 506/506/444
f 506/506/444 504/504/442 508/508/446
f 509/509/447 503/503/441 505/505/443
f 503/503/441 509/509/447 507/507/445
f 505/505/443 506/506/444 510/510/448
f 507/507/445 509/509/447 511/511/449
f 510/510/448 509/509/447 505/505/443
f 506/506/444 508/508/446 512/512/450
f 506/506/444 512/512/450 510/510/448
f 512/512/450 508/508/446 513/513/451
f 514/514/452 511/511/449 509/509/447
f 509/509/447 510/510/448 514/514/452
f 512/512/450 513/513/451 515/515/453
f 510/510/448 512/512/450 516/516/454
f 516/516/454 512/512/450 515/515/453
f 510/510/448 516/516/454 517/517/455
f 514/514/452 510/510/448 517/517/455
f 517/517/455 518/518/456 514/514/452
f 514/514/452 518/518/456 519/519/457
f 515/515/453 520/520/458 516/516/454
f 517/517/455 516/516/454 521/521/459
f 520/520/458 521/521/459 516/516/454
f 519/519/457 518/518/456 522/522/460
f 518/518/456 517/517/455 522/522/460
f 522/522/460 517/517/455 523/523/461
f 521/521/459 523/523/461 517/517/455
f 523/523/461 521/521/459 520/520/458
f 523/523/461 520/520/458 524/524/462
f 525/525/463 519/519/457 522/522/460
f 523/523/461 524/524/462 526/526/464
f 525/525/463 522/522/460 527/527/465
f 522/522/460 523/523/461 528/528/466
f 528/528/466 523/523/461 526/526/464
f 522/522/460 528/528/466 529/529/467
f 522/522/460 529/529/467 527/527/465
f 527/527/465 530/530/468 525/525/463
f 531/531/469 528/528/466 526/526/464
f 530/530/468 527/527/465 529/529/467
f 528/528/466 531/531/469 532/532/470
f 528/528/466 532/532/470 533/533/471
f 529/529/467 528/528/466 533/533/471
f 533/533/471 532/532/470 534/534/472
f 529/529/467 535/535/473 530/530/468
f 533/533/471 536/536/474 529/529/467
f 535/535/473 529/529/467 536/536/474
f 536/536/474 533/533/471 534/534/472
f 537/537/373 538/538/475 539/539/476
f 537/537/373 539/539/476 540/540/422
f 538/538/475 537/537/373 541/541/376
f 538/538/475 541/541/376 542/542/477
f 543/543/427 539/539/476 544/544/478
f 539/539/476 538/538/475 544/544/478
f 542/542/477 541/541/376 545/545/479
f 545/545/479 541/541/376 546/546/381
f 544/544/478 538/538/475 542/542/477
f 547/547/480 543/543/427 544/544/478
f 543/543/427 547/547/480 548/548/481
f 549/549/482 543/543/427 548/548/481
f 550/550/483 546/546/381 551/551/484
f 546/546/381 550/550/483 545/545/479
f 552/552/485 549/549/482 548/548/481
f 549/549/482 552/552/485 553/553/486
f 551/551/484 554/554/487 550/550/483
f 544/544/478 542/542/477 555/555/488
f 542/542/477 545/545/479 556/556/489
f 545/545/479 550/550/483 556/556/489
f 555/555/488 542/542/477 557/557/490
f 542/542/477 558/558/491 557/557/490
f 550/550/483 554/554/487 559/559/492
f 560/560/493 557/557/490 558/558/491
f 554/554/487 561/561/494 559/559/492
f 562/562/495 555/555/488 557/557/490
f 555/555/488 562/562/495 563/563/496
f 542/542/477 556/556/489 558/558/491
f 560/560/493 562/562/495 557/557/490
f 555/555/488 547/547/480 544/544/478
f 548/548/481 547/547/480 564/564/497
f 553/553/486 552/552/485 565/565/498
f 555/555/488 564/564/497 547/547/480
f 550/550/483 559/559/492 566/566/499
f 565/565/498 567/567/500 553/553/486
f 552/552/485 548/548/481 565/565/498
f 555/555/488 563/563/496 564/564/497
f 568/568/501 564/564/497 563/563/496
f 548/548/481 564/564/497 569/569/502
f 556/556/489 550/550/483 566/566/499
f 570/570/503 562/562/495 571/571/504
f 570/570/503 563/563/496 562/562/495
f 560/560/493 558/558/491 572/572/505
f 556/556/489 573/573/506 558/558/491
f 573/573/506 572/572/505 558/558/491
f 570/570/503 574/574/507 563/563/496
f 563/563/496 574/574/507 568/568/501
f 568/568/501 569/569/502 564/564/497
f 556/556/489 566/566/499 573/573/506
f 560/560/493 572/572/505 575/575/508
f 576/576/509 568/568/501 574/574/507
f 569/569/502 568/568/501 577/577/510
f 566/566/499 559/559/492 578/578/511
f 569/569/502 577/577/510 548/548/481
f 559/559/492 561/561/494 579/579/512
f 567/567/500 565/565/498 580/580/446
f 577/577/510 565/565/498 548/548/481
f 578/578/511 559/559/492 579/579/512
f 565/565/498 581/581/513 580/580/446
f 579/579/512 561/561/494 582/582/396
f 583/583/514 573/573/506 566/566/499
f 577/577/510 568/568/501 576/576/509
f 583/583/514 566/566/499 578/578/511
f 579/579/512 582/582/396 584/584/515
f 578/578/511 585/585/516 583/583/514
f 586/586/517 581/581/513 565/565/498
f 586/586/517 565/565/498 577/577/510
f 587/587/518 577/577/510 576/576/509
f 580/580/446 581/581/513 588/588/519
f 589/589/520 579/579/512 584/584/515
f 578/578/511 579/579/512 589/589/520
f 586/586/517 577/577/510 587/587/518
f 580/580/446 588/588/519 590/590/521
f 586/586/517 591/591/522 581/581/513
f 592/592/523 585/585/516 578/578/511
f 588/588/519 581/581/513 591/591/522
f 593/593/524 586/586/517 587/587/518
f 594/594/525 585/585/516 592/592/523
f 590/590/521 588/588/519 595/595/526
f 596/596/527 585/585/516 594/594/525
f 584/584/515 597/597/528 589/589/520
f 591/591/522 586/586/517 593/593/524
f 598/598/529 594/594/525 578/578/511
f 578/578/511 589/589/520 598/598/529
f 596/596/527 594/594/525 598/598/529
f 588/588/519 591/591/522 599/599/530
f 599/599/530 591/591/522 600/600/531
f 595/595/526 588/588/519 601/601/532
f 589/589/520 597/597/528 598/598/529
f 602/602/533 595/595/526 601/601/532
f 588/588/519 599/599/530 601/601/532
f 603/603/534 598/598/529 597/597/528
f 604/604/535 596/596/527 598/598/529
f 603/603/534 597/597/528 605/605/405
f 602/602/533 601/601/532 606/606/536
f 599/599/530 600/600/531 601/601/532
f 607/607/537 598/598/529 603/603/534
f 603/603/534 605/605/405 608/608/409
f 603/603/534 608/608/409 607/607/537
f 604/604/535 598/598/529 607/607/537
f 609/609/538 601/601/532 600/600/531
f 607/607/537 610/610/539 604/604/535
f 611/611/464 606/606/536 601/601/532
f 601/601/532 609/609/538 611/611/464
f 609/609/538 600/600/531 612/612/540
f 600/600/531 613/613/541 612/612/540
f 607/607/537 608/608/409 614/614/542
f 610/610/539 607/607/537 615/615/543
f 607/607/537 614/614/542 615/615/543
f 616/616/544 610/610/539 615/615/543
f 614/614/542 608/608/409 617/617/545
f 609/609/538 618/618/546 611/611/464
f 609/609/538 612/612/540 618/618/546
f 619/619/547 614/614/542 617/617/545
f 612/612/540 613/613/541 620/620/548
f 621/621/549 616/616/544 615/615/543
f 615/615/543 614/614/542 619/619/547
f 612/612/540 620/620/548 622/622/550
f 618/618/546 612/612/540 622/622/550
f 620/620/548 613/613/541 623/623/551
f 618/618/546 622/622/550 624/624/552
f 625/625/553 626/626/554 621/621/549
f 623/623/551 627/627/555 620/620/548
f 615/615/543 625/625/553 621/621/549
f 615/615/543 619/619/547 628/628/556
f 626/626/554 629/629/557 630/630/558
f 631/631/559 624/624/552 622/622/550
f 630/630/558 629/629/557 632/632/560
f 622/622/550 620/620/548 633/633/561
f 620/620/548 627/627/555 633/633/561
f 623/623/551 632/632/560 634/634/562
f 632/632/560 629/629/557 634/634/562
f 625/625/553 615/615/543 635/635/563
f 627/627/555 623/623/551 634/634/562
f 615/615/543 628/628/556 635/635/563
f 631/631/559 622/622/550 633/633/561
f 633/633/561 627/627/555 636/636/564
f 626/626/554 637/637/565 629/629/557
f 636/636/564 627/627/555 634/634/562
f 626/626/554 625/625/553 637/637/565
f 634/634/562 629/629/557 637/637/565
f 636/636/564 634/634/562 638/638/566
f 635/635/563 639/639/567 625/625/553
f 637/637/565 625/625/553 639/639/567
f 634/634/562 637/637/565 638/638/566
f 639/639/567 640/640/568 637/637/565
f 641/641/569 637/637/565 640/640/568
f 637/637/565 641/641/569 638/638/566
f 642/642/570 643/643/571 644/644/572
f 645/645/573 644/644/572 646/646/574
f 645/645/573 646/646/574 647/647/575
f 648/648/367 649/649/576 650/650/577
f 651/651/578 652/652/371 653/653/579
f 654/654/580 652/652/371 655/655/581
f 645/645/573 642/642/570 644/644/572
f 656/656/582 657/657/583 649/649/576
f 645/645/573 647/647/575 658/658/584
f 659/659/585 660/660/586 647/647/575
f 650/650/577 653/653/579 648/648/367
f 661/661/587 662/662/588 663/663/589
f 661/661/587 663/663/589 664/664/590
f 660/660/586 659/659/585 662/662/588
f 661/661/587 664/664/590 665/665/591
f 642/642/570 645/645/573 666/666/592
f 656/656/582 667/667/593 657/657/583
f 657/657/583 650/650/577 649/649/576
f 651/651/578 655/655/581 652/652/371
f 647/647/575 660/660/586 658/658/584
f 650/650/577 651/651/578 653/653/579
f 651/651/578 650/650/577 668/668/594
f 662/662/588 669/669/595 660/660/586
f 667/667/593 656/656/582 670/670/596
f 662/662/588 661/661/587 669/669/595
f 671/671/597 656/656/582 643/643/571
f 666/666/592 645/645/573 672/672/598
f 673/673/599 658/658/584 660/660/586
f 671/671/597 643/643/571 642/642/570
f 670/670/596 656/656/582 671/671/597
f 672/672/598 645/645/573 658/658/584
f 672/672/598 658/658/584 673/673/599
f 660/660/586 669/669/595 673/673/599
f 651/651/578 674/674/600 655/655/581
f 665/665/591 669/669/595 661/661/587
f 671/671/597 642/642/570 666/666/592
f 651/651/578 668/668/594 674/674/600
f 657/657/583 667/667/593 675/675/601
f 675/675/601 668/668/594 657/657/583
f 668/668/594 650/650/577 657/657/583
f 676/676/363 677/677/602 678/678/603
f 679/679/604 680/680/605 681/681/606
f 676/676/363 682/682/607 683/683/608
f 684/684/590 685/685/609 686/686/610
f 684/684/590 687/687/611 685/685/609
f 687/687/611 688/688/612 685/685/609
f 680/680/605 688/688/612 681/681/606
f 680/680/605 679/679/604 689/689/613
f 690/690/614 683/683/608 682/682/607
f 691/691/615 689/689/613 679/679/604
f 691/691/615 679/679/604 692/692/616
f 693/693/617 685/685/609 688/688/612
f 683/683/608 690/690/614 692/692/616
f 682/682/607 676/676/363 678/678/603
f 677/677/602 694/694/580 695/695/618
f 688/688/612 680/680/605 693/693/617
f 690/690/614 691/691/615 692/692/616
f 696/696/619 680/680/605 689/689/613
f 682/682/607 697/697/620 690/690/614
f 680/680/605 698/698/621 693/693/617
f 691/691/615 696/696/619 689/689/613
f 699/699/622 686/686/610 685/685/609
f 685/685/609 693/693/617 699/699/622
f 700/700/623 696/696/619 691/691/615
f 698/698/621 699/699/622 693/693/617
f 695/695/618 701/701/624 677/677/602
f 696/696/619 698/698/621 680/680/605
f 700/700/623 691/691/615 690/690/614
f 678/678/603 677/677/602 701/701/624
f 690/690/614 697/697/620 700/700/623
f 702/702/625 703/703/626 704/704/627
f 705/705/607 706/706/628 707/707/629
f 705/705/607 707/707/629 708/708/620
f 709/709/630 703/703/626 710/710/623
f 709/709/630 704/704/627 703/703/626
f 706/706/628 711/711/631 712/712/632
f 713/713/633 707/707/629 706/706/628
f 710/710/623 714/714/634 715/715/635
f 710/710/623 708/708/620 714/714/634
f 715/715/635 709/709/630 710/710/623
f 707/707/629 714/714/634 708/708/620
f 716/716/636 712/712/632 711/711/631
f 713/713/633 706/706/628 712/712/632
f 717/717/637 715/715/635 714/714/634
f 718/718/638 713/713/633 712/712/632
f 715/715/635 719/719/639 709/709/630
f 707/707/629 713/713/633 720/720/640
f 721/721/641 714/714/634 707/707/629
f 718/718/638 712/712/632 716/716/636
f 704/704/627 709/709/630 719/719/639
f 719/719/639 722/722/642 704/704/627
f 721/721/641 707/707/629 720/720/640
f 717/717/637 719/719/639 715/715/635
f 721/721/641 717/717/637 714/714/634
f 723/723/643 724/724/644 725/725/378
f 725/725/378 724/724/644 726/726/645
f 727/727/646 724/724/644 723/723/643
f 724/724/644 728/728/647 726/726/645
f 726/726/645 728/728/647 729/729/383
f 727/727/646 723/723/643 730/730/648
f 724/724/644 727/727/646 731/731/649
f 732/732/388 729/729/383 733/733/650
f 728/728/647 733/733/650 729/729/383
f 724/724/644 731/731/649 734/734/651
f 724/724/644 734/734/651 728/728/647
f 735/735/652 736/736/653 737/737/439
f 734/734/651 731/731/649 738/738/654
f 739/739/655 734/734/651 738/738/654
f 740/740/656 731/731/649 741/741/657
f 727/727/646 742/742/658 731/731/649
f 731/731/649 740/740/656 738/738/654
f 743/743/659 728/728/647 734/734/651
f 730/730/648 735/735/652 727/727/646
f 744/744/660 740/740/656 741/741/657
f 733/733/650 745/745/395 732/732/388
f 739/739/655 738/738/654 746/746/661
f 740/740/656 747/747/662 738/738/654
f 746/746/661 748/748/663 739/739/655
f 749/749/664 742/742/658 727/727/646
f 747/747/662 750/750/665 738/738/654
f 737/737/439 751/751/666 735/735/652
f 728/728/647 752/752/667 733/733/650
f 728/728/647 743/743/659 752/752/667
f 738/738/654 750/750/665 746/746/661
f 735/735/652 753/753/668 727/727/646
f 744/744/660 754/754/669 740/740/656
f 753/753/668 749/749/664 727/727/646
f 740/740/656 754/754/669 747/747/662
f 746/746/661 752/752/667 748/748/663
f 735/735/652 751/751/666 753/753/668
f 744/744/660 755/755/670 754/754/669
f 744/744/660 749/749/664 755/755/670
f 751/751/666 756/756/671 753/753/668
f 749/749/664 753/753/668 757/757/672
f 746/746/661 758/758/673 752/752/667
f 751/751/666 759/759/449 756/756/671
f 749/749/664 757/757/672 755/755/670
f 750/750/665 760/760/674 746/746/661
f 758/758/673 733/733/650 752/752/667
f 754/754/669 761/761/675 747/747/662
f 747/747/662 762/762/676 750/750/665
f 756/756/671 763/763/677 753/753/668
f 733/733/650 764/764/678 745/745/395
f 747/747/662 761/761/675 762/762/676
f 746/746/661 760/760/674 758/758/673
f 754/754/669 755/755/670 761/761/675
f 756/756/671 759/759/449 765/765/452
f 753/753/668 763/763/677 757/757/672
f 750/750/665 766/766/679 760/760/674
f 758/758/673 764/764/678 733/733/650
f 767/767/680 755/755/670 757/757/672
f 757/757/672 763/763/677 767/767/680
f 768/768/681 763/763/677 756/756/671
f 750/750/665 762/762/676 766/766/679
f 767/767/680 769/769/682 755/755/670
f 762/762/676 770/770/683 766/766/679
f 764/764/678 771/771/684 745/745/395
f 767/767/680 763/763/677 772/772/685
f 755/755/670 773/773/686 761/761/675
f 761/761/675 770/770/683 762/762/676
f 769/769/682 773/773/686 755/755/670
f 764/764/678 758/758/673 774/774/687
f 763/763/677 768/768/681 772/772/685
f 773/773/686 770/770/683 761/761/675
f 758/758/673 760/760/674 774/774/687
f 775/775/457 756/756/671 765/765/452
f 767/767/680 772/772/685 776/776/688
f 756/756/671 777/777/689 768/768/681
f 766/766/679 778/778/690 760/760/674
f 764/764/678 779/779/407 771/771/684
f 760/760/674 780/780/691 774/774/687
f 774/774/687 781/781/692 764/764/678
f 756/756/671 775/775/457 777/777/689
f 767/767/680 782/782/693 769/769/682
f 776/776/688 782/782/693 767/767/680
f 760/760/674 778/778/690 780/780/691
f 768/768/681 776/776/688 772/772/685
f 783/783/694 773/773/686 769/769/682
f 766/766/679 770/770/683 778/778/690
f 764/764/678 781/781/692 779/779/407
f 782/782/693 776/776/688 768/768/681
f 770/770/683 773/773/686 784/784/695
f 770/770/683 784/784/695 778/778/690
f 775/775/457 785/785/463 777/777/689
f 781/781/692 786/786/410 779/779/407
f 787/787/696 784/784/695 773/773/686
f 773/773/686 783/783/694 787/787/696
f 769/769/682 782/782/693 783/783/694
f 778/778/690 788/788/697 780/780/691
f 768/768/681 789/789/698 782/782/693
f 768/768/681 777/777/689 789/789/698
f 780/780/691 788/788/697 774/774/687
f 781/781/692 774/774/687 788/788/697
f 782/782/693 790/790/699 783/783/694
f 791/791/700 790/790/699 782/782/693
f 789/789/698 791/791/700 782/782/693
f 792/792/701 789/789/698 777/777/689
f 787/787/696 793/793/702 784/784/695
f 791/791/700 789/789/698 794/794/703
f 781/781/692 788/788/697 795/795/704
f 781/781/692 796/796/416 786/786/410
f 777/777/689 785/785/463 797/797/468
f 790/790/699 791/791/700 798/798/705
f 794/794/703 798/798/705 791/791/700
f 788/788/697 799/799/706 795/795/704
f 799/799/706 778/778/690 784/784/695
f 790/790/699 800/800/707 783/783/694
f 789/789/698 801/801/708 794/794/703
f 778/778/690 799/799/706 788/788/697
f 783/783/694 800/800/707 787/787/696
f 777/777/689 797/797/468 792/792/701
f 789/789/698 792/792/701 801/801/708
f 790/790/699 798/798/705 800/800/707
f 795/795/704 802/802/709 781/781/692
f 793/793/702 799/799/706 784/784/695
f 800/800/707 793/793/702 787/787/696
f 803/803/710 796/796/416 781/781/692
f 798/798/705 794/794/703 804/804/711
f 794/794/703 801/801/708 804/804/711
f 781/781/692 802/802/709 803/803/710
f 792/792/701 805/805/712 801/801/708
f 797/797/468 805/805/712 792/792/701
f 799/799/706 802/802/709 795/795/704
f 798/798/705 804/804/711 800/800/707
f 796/796/416 803/803/710 806/806/418
f 807/807/713 800/800/707 804/804/711
f 793/793/702 800/800/707 807/807/713
f 793/793/702 807/807/713 799/799/706
f 803/803/710 808/808/714 806/806/418
f 802/802/709 808/808/714 803/803/710
f 804/804/711 809/809/715 807/807/713
f 799/799/706 807/807/713 802/802/709
f 804/804/711 801/801/708 809/809/715
f 805/805/712 810/810/716 801/801/708
f 810/810/716 809/809/715 801/801/708
f 807/807/713 811/811/717 802/802/709
f 802/802/709 811/811/717 808/808/714
f 809/809/715 812/812/718 807/807/713
f 813/813/719 809/809/715 810/810/716
f 809/809/715 814/814/720 812/812/718
f 812/812/718 811/811/717 807/807/713
f 814/814/720 809/809/715 813/813/719
f 812/812/718 814/814/720 811/811/717
f 815/815/721 816/816/722 817/817/723
f 818/818/640 819/819/724 820/820/641
f 821/821/637 820/820/641 822/822/725
f 823/823/726 824/824/727 825/825/636
f 826/826/728 827/827/729 828/828/730
f 829/829/731 830/830/732 827/827/729
f 831/831/733 830/830/732 832/832/734
f 831/831/733 833/833/735 834/834/736
f 834/834/736 833/833/735 835/835/737
f 824/824/727 816/816/722 825/825/636
f 816/816/722 824/824/727 817/817/723
f 819/819/724 818/818/640 815/815/721
f 833/833/735 831/831/733 832/832/734
f 815/815/721 817/817/723 819/819/724
f 829/829/731 827/827/729 826/826/728
f 832/832/734 830/830/732 829/829/731
f 820/820/641 819/819/724 822/822/725
f 823/823/726 835/835/737 833/833/735
f 823/823/726 836/836/738 824/824/727
f 822/822/725 837/837/739 821/821/637
f 823/823/726 833/833/735 838/838/740
f 839/839/741 817/817/723 824/824/727
f 837/837/739 840/840/742 821/821/637
f 829/829/731 826/826/728 841/841/743
f 838/838/740 836/836/738 823/823/726
f 822/822/725 819/819/724 842/842/744
f 833/833/735 843/843/745 838/838/740
f 832/832/734 829/829/731 844/844/746
f 832/832/734 843/843/745 833/833/735
f 836/836/738 845/845/747 824/824/727
f 845/845/747 839/839/741 824/824/727
f 846/846/748 819/819/724 817/817/723
f 842/842/744 819/819/724 846/846/748
f 844/844/746 829/829/731 841/841/743
f 817/817/723 839/839/741 846/846/748
f 841/841/743 826/826/728 847/847/749
f 832/832/734 844/844/746 843/843/745
f 842/842/744 837/837/739 822/822/725
f 848/848/750 849/849/751 850/850/752
f 851/851/753 852/852/754 853/853/755
f 854/854/637 855/855/756 856/856/757
f 848/848/750 850/850/752 852/852/754
f 857/857/758 858/858/759 859/859/760
f 860/860/761 857/857/758 859/859/760
f 856/856/757 861/861/762 862/862/763
f 849/849/751 863/863/764 850/850/752
f 863/863/764 849/849/751 864/864/765
f 864/864/765 865/865/766 866/866/767
f 866/866/767 865/865/766 858/858/759
f 867/867/768 868/868/769 869/869/770
f 862/862/763 868/868/769 867/867/768
f 855/855/756 861/861/762 856/856/757
f 850/850/752 853/853/755 852/852/754
f 869/869/770 860/860/761 859/859/760
f 864/864/765 866/866/767 870/870/771
f 858/858/759 857/857/758 866/866/767
f 861/861/762 868/868/769 862/862/763
f 864/864/765 870/870/771 863/863/764
f 855/855/756 854/854/637 871/871/772
f 872/872/773 850/850/752 863/863/764
f 868/868/769 860/860/761 869/869/770
f 855/855/756 873/873/774 861/861/762
f 851/851/753 853/853/755 874/874/749
f 857/857/758 875/875/775 866/866/767
f 850/850/752 876/876/776 853/853/755
f 877/877/777 857/857/758 860/860/761
f 855/855/756 871/871/772 873/873/774
f 850/850/752 878/878/778 876/876/776
f 878/878/778 850/850/752 872/872/773
f 879/879/779 863/863/764 870/870/771
f 870/870/771 866/866/767 875/875/775
f 868/868/769 861/861/762 880/880/780
f 880/880/780 861/861/762 873/873/774
f 874/874/749 853/853/755 876/876/776
f 872/872/773 863/863/764 879/879/779
f 860/860/761 868/868/769 881/881/781
f 880/880/780 882/882/782 868/868/769
f 875/875/775 857/857/758 877/877/777
f 881/881/781 877/877/777 860/860/761
f 881/881/781 868/868/769 882/882/782
f 883/883/783 884/884/784 885/885/785
f 886/886/786 887/887/787 888/888/788
f 888/888/788 889/889/789 886/886/786
f 890/890/742 884/884/784 891/891/790
f 891/891/790 884/884/784 883/883/783
f 892/892/791 893/893/792 894/894/771
f 894/894/771 895/895/793 892/892/791
f 896/896/794 897/897/795 898/898/796
f 897/897/795 899/899/797 900/900/798
f 888/888/788 890/890/742 889/889/789
f 900/900/798 898/898/796 897/897/795
f 892/892/791 895/895/793 901/901/799
f 893/893/792 892/892/791 902/902/800
f 887/887/787 900/900/798 899/899/797
f 901/901/799 895/895/793 896/896/794
f 902/902/800 903/903/801 893/893/792
f 901/901/799 896/896/794 904/904/802
f 905/905/803 903/903/801 902/902/800
f 906/906/804 890/890/742 891/891/790
f 907/907/805 891/891/790 883/883/783
f 898/898/796 904/904/802 896/896/794
f 908/908/806 887/887/787 886/886/786
f 906/906/804 889/889/789 890/890/742
f 909/909/807 902/902/800 892/892/791
f 898/898/796 910/910/808 904/904/802
f 911/911/809 887/887/787 908/908/806
f 908/908/806 886/886/786 889/889/789
f 892/892/791 901/901/799 909/909/807
f 906/906/804 891/891/790 907/907/805
f 911/911/809 900/900/798 887/887/787
f 912/912/810 898/898/796 900/900/798
f 912/912/810 910/910/808 898/898/796
f 913/913/811 914/914/812 915/915/813
f 916/916/814 917/917/740 918/918/815
f 919/919/816 920/920/741 921/921/817
f 922/922/818 923/923/819 924/924/783
f 925/925/820 915/915/813 914/914/812
f 926/926/821 927/927/746 928/928/743
f 927/927/746 929/929/822 930/930/823
f 920/920/741 931/931/824 923/923/819
f 932/932/825 914/914/812 913/913/811
f 925/925/820 928/928/743 915/915/813
f 933/933/826 917/917/740 930/930/823
f 924/924/783 923/923/819 931/931/824
f 929/929/822 927/927/746 926/926/821
f 921/921/817 934/934/827 919/919/816
f 935/935/828 936/936/829 932/932/825
f 916/916/814 934/934/827 921/921/817
f 933/933/826 918/918/815 917/917/740
f 930/930/823 929/929/822 933/933/826
f 934/934/827 916/916/814 918/918/815
f 929/929/822 926/926/821 937/937/830
f 914/914/812 932/932/825 938/938/831
f 928/928/743 925/925/820 939/939/832
f 928/928/743 940/940/833 926/926/821
f 941/941/834 924/924/783 931/931/824
f 933/933/826 929/929/822 942/942/835
f 943/943/836 931/931/824 920/920/741
f 933/933/826 942/942/835 918/918/815
f 919/919/816 943/943/836 920/920/741
f 932/932/825 936/936/829 938/938/831
f 944/944/837 919/919/816 934/934/827
f 925/925/820 914/914/812 938/938/831
f 940/940/833 937/937/830 926/926/821
f 934/934/827 918/918/815 945/945/838
f 940/940/833 928/928/743 939/939/832
f 942/942/835 929/929/822 937/937/830
f 943/943/836 941/941/834 931/931/824
f 925/925/820 938/938/831 939/939/832
f 941/941/834 946/946/805 924/924/783
f 944/944/837 934/934/827 945/945/838
f 945/945/838 918/918/815 942/942/835
f 947/947/830 948/948/839 949/949/840
f 950/950/841 951/951/842 952/952/843
f 951/951/842 953/953/803 954/954/844
f 955/955/845 952/952/843 956/956/846
f 953/953/803 951/951/842 950/950/841
f 957/957/847 958/958/848 959/959/849
f 960/960/850 958/958/848 961/961/851
f 958/958/848 960/960/850 959/959/849
f 960/960/850 961/961/851 962/962/852
f 963/963/853 964/964/854 965/965/799
f 961/961/851 966/966/855 962/962/852
f 967/967/856 968/968/857 969/969/851
f 970/970/858 963/963/853 971/971/859
f 954/954/844 953/953/803 972/972/860
f 954/954/844 972/972/860 973/973/861
f 956/956/846 948/948/839 974/974/862
f 964/964/854 973/973/861 965/965/799
f 947/947/830 974/974/862 948/948/839
f 955/955/845 950/950/841 952/952/843
f 974/974/862 955/955/845 956/956/846
f 964/964/854 954/954/844 973/973/861
f 956/956/846 975/975/863 948/948/839
f 976/976/864 977/977/865 978/978/852
f 976/976/864 979/979/866 977/977/865
f 977/977/865 980/980/867 978/978/852
f 981/981/868 980/980/867 977/977/865
f 971/971/859 963/963/853 965/965/799
f 982/982/865 983/983/869 984/984/868
f 963/963/853 985/985/870 986/986/871
f 987/987/872 988/988/873 981/981/868
f 981/981/868 988/988/873 980/980/867
f 989/989/874 977/977/865 979/979/866
f 990/990/875 977/977/865 989/989/874
f 985/985/870 963/963/853 970/970/858
f 991/991/876 992/992/877 993/993/875
f 988/988/873 987/987/872 990/990/875
f 989/989/874 988/988/873 990/990/875
f 952/952/843 951/951/842 975/975/863
f 975/975/863 956/956/846 952/952/843
f 951/951/842 954/954/844 994/994/878
f 951/951/842 994/994/878 975/975/863
f 954/954/844 964/964/854 994/994/878
f 975/975/863 994/994/878 966/966/855
f 964/964/854 962/962/852 994/994/878
f 995/995/879 948/948/839 975/975/863
f 996/996/880 948/948/839 995/995/879
f 997/997/881 968/968/857 967/967/856
f 949/949/840 948/948/839 996/996/880
f 998/998/882 947/947/830 949/949/840
f 960/960/850 962/962/852 999/999/883
f 989/989/874 980/980/867 988/988/873
f 999/999/883 962/962/852 1000/1000/884
f 994/994/878 962/962/852 966/966/855
f 957/957/847 975/975/863 958/958/848
f 1001/1001/885 964/964/854 1002/1002/886
f 964/964/854 963/963/853 1002/1002/886
f 1003/1003/887 1004/1004/888 1005/1005/889
f 1000/1000/884 1001/1001/885 1002/1002/886
f 1002/1002/886 963/963/853 986/986/871
f 1006/1006/890 947/947/830 998/998/882
f 1007/1007/891 966/966/855 961/961/851
f 1008/1008/858 1009/1009/892 1010/1010/893
f 966/966/855 1011/1011/894 975/975/863
f 958/958/848 975/975/863 1011/1011/894
f 1012/1012/895 1013/1013/896 1014/1014/897
f 968/968/857 1015/1015/891 969/969/851
f 1007/1007/891 1016/1016/898 966/966/855
f 968/968/857 1017/1017/899 1015/1015/891
f 996/996/880 995/995/879 1018/1018/900
f 1011/1011/894 966/966/855 1019/1019/901
f 1007/1007/891 1019/1019/901 1016/1016/898
f 1019/1019/901 1007/1007/891 1020/1020/902
f 1011/1011/894 1019/1019/901 1020/1020/902
f 968/968/857 997/997/881 1021/1021/903
f 995/995/879 975/975/863 957/957/847
f 995/995/879 957/957/847 1018/1018/900
f 1022/1022/904 1005/1005/889 1004/1004/888
f 1023/1023/905 1024/1024/906 1025/1025/907
f 1026/1026/908 1027/1027/909 1028/1028/910
f 1029/1029/911 1028/1028/910 1024/1024/906
f 1030/1030/912 1031/1031/913 1032/1032/914
f 1033/1033/915 1034/1034/916 1035/1035/917
f 1036/1036/918 1035/1035/917 1037/1037/919
f 1029/1029/911 1026/1026/908 1028/1028/910
f 1030/1030/912 1038/1038/920 1031/1031/913
f 1030/1030/912 1039/1039/789 1040/1040/921
f 1036/1036/918 1041/1041/922 1042/1042/923
f 1034/1034/916 1037/1037/919 1035/1035/917
f 1043/1043/924 1034/1034/916 1033/1033/915
f 1036/1036/918 1037/1037/919 1041/1041/922
f 1044/1044/925 1045/1045/926 1043/1043/924
f 1046/1046/927 1043/1043/924 1033/1033/915
f 1033/1033/915 1035/1035/917 1047/1047/928
f 1048/1048/929 1024/1024/906 1049/1049/836
f 1025/1025/907 1040/1040/921 1050/1050/804
f 1046/1046/927 1044/1044/925 1043/1043/924
f 1030/1030/912 1032/1032/914 1051/1051/806
f 1032/1032/914 1031/1031/913 1052/1052/930
f 1035/1035/917 1036/1036/918 1053/1053/931
f 1024/1024/906 1048/1048/929 1029/1029/911
f 1030/1030/912 1051/1051/806 1039/1039/789
f 1040/1040/921 1039/1039/789 1050/1050/804
f 1025/1025/907 1054/1054/805 1023/1023/905
f 1054/1054/805 1025/1025/907 1050/1050/804
f 1055/1055/932 1056/1056/933 1057/1057/934
f 1055/1055/932 1057/1057/934 1058/1058/935
f 1059/1059/936 1058/1058/935 1057/1057/934
f 1060/1060/937 1061/1061/938 1062/1062/935
f 1063/1063/939 1061/1061/938 1060/1060/937
f 1064/1064/913 1065/1065/940 1066/1066/941
f 1064/1064/913 1060/1060/937 1065/1065/940
f 1064/1064/913 1063/1063/939 1060/1060/937
f 1064/1064/913 1067/1067/942 1063/1063/939
f 1068/1068/838 1026/1026/908 1029/1029/911
f 1064/1064/913 1066/1066/941 1069/1069/798
f 1038/1038/920 1070/1070/943 1031/1031/913
f 1038/1038/920 1030/1030/912 1053/1053/931
f 1053/1053/931 1071/1071/944 1072/1072/945
f 1071/1071/944 1025/1025/907 1024/1024/906
f 1071/1071/944 1040/1040/921 1025/1025/907
f 1049/1049/836 1024/1024/906 1023/1023/905
f 1067/1067/942 1073/1073/946 1063/1063/939
f 1074/1074/947 1075/1075/948 1076/1076/949
f 1036/1036/918 1042/1042/923 1077/1077/950
f 1070/1070/943 1075/1075/948 1031/1031/913
f 1028/1028/910 1027/1027/909 1078/1078/951
f 1028/1028/910 1078/1078/951 1079/1079/952
f 1079/1079/952 1024/1024/906 1028/1028/910
f 1080/1080/953 1024/1024/906 1079/1079/952
f 1047/1047/928 1035/1035/917 1053/1053/931
f 1072/1072/945 1071/1071/944 1080/1080/953
f 1071/1071/944 1024/1024/906 1080/1080/953
f 1040/1040/921 1053/1053/931 1030/1030/912
f 1053/1053/931 1040/1040/921 1071/1071/944
f 1070/1070/943 1076/1076/949 1075/1075/948
f 1036/1036/918 1077/1077/950 1070/1070/943
f 1070/1070/943 1038/1038/920 1036/1036/918
f 1053/1053/931 1036/1036/918 1038/1038/920
f 1081/1081/954 1082/1082/955 1083/1083/943
f 1044/1044/925 1080/1080/953 1079/1079/952
f 1072/1072/945 1046/1046/927 1033/1033/915
f 1044/1044/925 1079/1079/952 1045/1045/926
f 1072/1072/945 1047/1047/928 1053/1053/931
f 1084/1084/953 1085/1085/956 1086/1086/957
f 1072/1072/945 1033/1033/915 1047/1047/928
f 1085/1085/956 1087/1087/958 1086/1086/957
f 1066/1066/941 1088/1088/959 1069/1069/798
f 1089/1089/960 1090/1090/961 1085/1085/956
f 1084/1084/953 1089/1089/960 1085/1085/956
f 1085/1085/956 1091/1091/962 1087/1087/958
f 1092/1092/925 1093/1093/963 1094/1094/964
f 1095/1095/965 1096/1096/966 1097/1097/967
f 1098/1098/964 1099/1099/968 1100/1100/926
f 1101/1101/969 1102/1102/916 1099/1099/968
f 1101/1101/969 1099/1099/968 1098/1098/964
f 1103/1103/808 1104/1104/970 1105/1105/971
f 1106/1106/972 1104/1104/970 1107/1107/973
f 1108/1108/974 1109/1109/975 1110/1110/976
f 1103/1103/808 1107/1107/973 1104/1104/970
f 1111/1111/977 1106/1106/972 1107/1107/973
f 1112/1112/978 1096/1096/966 1095/1095/965
f 1093/1093/963 1113/1113/962 1094/1094/964
f 1103/1103/808 1105/1105/971 1114/1114/802
f 1108/1108/974 1115/1115/955 1116/1116/979
f 1108/1108/974 1117/1117/980 1109/1109/975
f 1117/1117/980 1118/1118/981 1109/1109/975
f 1119/1119/982 1098/1098/964 1100/1100/926
f 1120/1120/983 1121/1121/984 1122/1122/985
f 1123/1123/986 1095/1095/965 1097/1097/967
f 1124/1124/987 1116/1116/979 1112/1112/978
f 1119/1119/982 1125/1125/988 1098/1098/964
f 1119/1119/982 1100/1100/926 1126/1126/989
f 1127/1127/990 1102/1102/916 1101/1101/969
f 1124/1124/987 1112/1112/978 1095/1095/965
f 1128/1128/991 1129/1129/992 1102/1102/916
f 1127/1127/990 1101/1101/969 1125/1125/988
f 1130/1130/993 1095/1095/965 1123/1123/986
f 1131/1131/994 1118/1118/981 1117/1117/980
f 1097/1097/967 1102/1102/916 1132/1132/995
f 1108/1108/974 1133/1133/996 1117/1117/980
f 1121/1121/984 1126/1126/989 1100/1100/926
f 1125/1125/988 1119/1119/982 1134/1134/997
f 1120/1120/983 1122/1122/985 1135/1135/998
f 1130/1130/993 1124/1124/987 1095/1095/965
f 1136/1136/999 1116/1116/979 1124/1124/987
f 1126/1126/989 1121/1121/984 1120/1120/983
f 1129/1129/992 1132/1132/995 1102/1102/916
f 1132/1132/995 1123/1123/986 1097/1097/967
f 1135/1135/998 1122/1122/985 1137/1137/1000
f 1127/1127/990 1128/1128/991 1102/1102/916
f 1108/1108/974 1116/1116/979 1136/1136/999
f 1131/1131/994 1107/1107/973 1118/1118/981
f 1138/1138/1001 1128/1128/991 1127/1127/990
f 1124/1124/987 1130/1130/993 1139/1139/1002
f 1140/1140/1003 1106/1106/972 1111/1111/977
f 1141/1141/1004 1142/1142/1005 1129/1129/992
f 1128/1128/991 1141/1141/1004 1129/1129/992
f 1137/1137/1000 1122/1122/985 1143/1143/1006
f 1144/1144/1007 1125/1125/988 1134/1134/997
f 1130/1130/993 1123/1123/986 1145/1145/1008
f 1144/1144/1007 1127/1127/990 1125/1125/988
f 1132/1132/995 1129/1129/992 1142/1142/1005
f 1131/1131/994 1111/1111/977 1107/1107/973
f 1139/1139/1002 1130/1130/993 1146/1146/1009
f 1136/1136/999 1124/1124/987 1139/1139/1002
f 1145/1145/1008 1123/1123/986 1132/1132/995
f 1147/1147/1010 1117/1117/980 1133/1133/996
f 1137/1137/1000 1143/1143/1006 1148/1148/1011
f 1149/1149/1012 1119/1119/982 1126/1126/989
f 1134/1134/997 1119/1119/982 1149/1149/1012
f 1120/1120/983 1149/1149/1012 1126/1126/989
f 1149/1149/1012 1120/1120/983 1135/1135/998
f 1133/1133/996 1108/1108/974 1136/1136/999
f 1145/1145/1008 1146/1146/1009 1130/1130/993
f 1144/1144/1007 1138/1138/1001 1127/1127/990
f 1150/1150/1013 1151/1151/1014 1136/1136/999
f 1111/1111/977 1131/1131/994 1152/1152/1015
f 1145/1145/1008 1132/1132/995 1142/1142/1005
f 1153/1153/1016 1137/1137/1000 1148/1148/1011
f 1117/1117/980 1154/1154/1017 1131/1131/994
f 1151/1151/1014 1133/1133/996 1136/1136/999
f 1128/1128/991 1138/1138/1001 1155/1155/1018
f 1156/1156/1019 1144/1144/1007 1134/1134/997
f 1139/1139/1002 1150/1150/1013 1136/1136/999
f 1157/1157/1020 1142/1142/1005 1141/1141/1004
f 1144/1144/1007 1155/1155/1018 1138/1138/1001
f 1152/1152/1015 1131/1131/994 1154/1154/1017
f 1137/1137/1000 1158/1158/1021 1135/1135/998
f 1141/1141/1004 1128/1128/991 1155/1155/1018
f 1159/1159/1022 1135/1135/998 1158/1158/1021
f 1111/1111/977 1152/1152/1015 1140/1140/1003
f 1158/1158/1021 1137/1137/1000 1153/1153/1016
f 1160/1160/1023 1146/1146/1009 1145/1145/1008
f 1154/1154/1017 1140/1140/1003 1152/1152/1015
f 1157/1157/1020 1145/1145/1008 1142/1142/1005
f 1161/1161/1024 1117/1117/980 1147/1147/1010
f 1154/1154/1017 1117/1117/980 1161/1161/1024
f 1157/1157/1020 1162/1162/1025 1145/1145/1008
f 1163/1163/1026 1146/1146/1009 1160/1160/1023
f 1160/1160/1023 1145/1145/1008 1162/1162/1025
f 1164/1164/1027 1158/1158/1021 1153/1153/1016
f 1165/1165/1028 1134/1134/997 1149/1149/1012
f 1165/1165/1028 1149/1149/1012 1135/1135/998
f 1166/1166/1029 1150/1150/1013 1139/1139/1002
f 1167/1167/1030 1140/1140/1003 1154/1154/1017
f 1168/1168/1031 1150/1150/1013 1166/1166/1029
f 1135/1135/998 1159/1159/1022 1165/1165/1028
f 1151/1151/1014 1150/1150/1013 1168/1168/1031
f 1169/1169/1032 1139/1139/1002 1146/1146/1009
f 1133/1133/996 1151/1151/1014 1147/1147/1010
f 1163/1163/1026 1169/1169/1032 1146/1146/1009
f 1162/1162/1025 1157/1157/1020 1141/1141/1004
f 1141/1141/1004 1155/1155/1018 1170/1170/1033
f 1134/1134/997 1171/1171/1034 1156/1156/1019
f 1172/1172/1035 1161/1161/1024 1147/1147/1010
f 1173/1173/1036 1147/1147/1010 1151/1151/1014
f 1144/1144/1007 1156/1156/1019 1155/1155/1018
f 1165/1165/1028 1171/1171/1034 1134/1134/997
f 1174/1174/1037 1167/1167/1030 1154/1154/1017
f 1169/1169/1032 1166/1166/1029 1139/1139/1002
f 1175/1175/1038 1162/1162/1025 1141/1141/1004
f 1176/1176/1039 1159/1159/1022 1158/1158/1021
f 1170/1170/1033 1175/1175/1038 1141/1141/1004
f 1172/1172/1035 1147/1147/1010 1173/1173/1036
f 1173/1173/1036 1151/1151/1014 1168/1168/1031
f 1177/1177/1040 1163/1163/1026 1160/1160/1023
f 1178/1178/1041 1165/1165/1028 1159/1159/1022
f 1178/1178/1041 1171/1171/1034 1165/1165/1028
f 1179/1179/1042 1169/1169/1032 1163/1163/1026
f 1178/1178/1041 1159/1159/1022 1180/1180/1043
f 1179/1179/1042 1166/1166/1029 1169/1169/1032
f 1179/1179/1042 1163/1163/1026 1177/1177/1040
f 1181/1181/1044 1177/1177/1040 1160/1160/1023
f 1161/1161/1024 1172/1172/1035 1182/1182/1045
f 1183/1183/1046 1184/1184/1047 1167/1167/1030
f 1176/1176/1039 1185/1185/1048 1159/1159/1022
f 1186/1186/1049 1170/1170/1033 1155/1155/1018
f 1181/1181/1044 1160/1160/1023 1162/1162/1025
f 1174/1174/1037 1154/1154/1017 1161/1161/1024
f 1186/1186/1049 1155/1155/1018 1156/1156/1019
f 1182/1182/1045 1174/1174/1037 1161/1161/1024
f 1178/1178/1041 1156/1156/1019 1171/1171/1034
f 1185/1185/1048 1180/1180/1043 1159/1159/1022
f 1167/1167/1030 1174/1174/1037 1183/1183/1046
f 1187/1187/1050 1166/1166/1029 1179/1179/1042
f 1162/1162/1025 1175/1175/1038 1188/1188/1051
f 1189/1189/1052 1186/1186/1049 1156/1156/1019
f 1189/1189/1052 1156/1156/1019 1178/1178/1041
f 1190/1190/1053 1173/1173/1036 1168/1168/1031
f 1191/1191/1054 1172/1172/1035 1173/1173/1036
f 1191/1191/1054 1182/1182/1045 1172/1172/1035
f 1190/1190/1053 1191/1191/1054 1173/1173/1036
f 1181/1181/1044 1162/1162/1025 1188/1188/1051
f 1192/1192/1055 1175/1175/1038 1170/1170/1033
f 1168/1168/1031 1193/1193/1056 1190/1190/1053
f 1187/1187/1050 1194/1194/1057 1166/1166/1029
f 1194/1194/1057 1168/1168/1031 1166/1166/1029
f 1168/1168/1031 1194/1194/1057 1193/1193/1056
f 1170/1170/1033 1186/1186/1049 1192/1192/1055
f 1195/1195/1058 1194/1194/1057 1187/1187/1050
f 1179/1179/1042 1177/1177/1040 1187/1187/1050
f 1174/1174/1037 1196/1196/1059 1183/1183/1046
f 1175/1175/1038 1192/1192/1055 1197/1197/1060
f 1181/1181/1044 1198/1198/1061 1177/1177/1040
f 1187/1187/1050 1177/1177/1040 1198/1198/1061
f 1188/1188/1051 1175/1175/1038 1197/1197/1060
f 1188/1188/1051 1199/1199/1062 1181/1181/1044
f 1191/1191/1054 1190/1190/1053 1200/1200/1063
f 1201/1201/1064 1180/1180/1043 1185/1185/1048
f 1186/1186/1049 1202/1202/1065 1192/1192/1055
f 1193/1193/1056 1194/1194/1057 1195/1195/1058
f 1201/1201/1064 1203/1203/1066 1180/1180/1043
f 1204/1204/1067 1183/1183/1046 1196/1196/1059
f 1183/1183/1046 1204/1204/1067 1205/1205/1068
f 1206/1206/1069 1181/1181/1044 1199/1199/1062
f 1188/1188/1051 1207/1207/1070 1199/1199/1062
f 1208/1208/1071 1197/1197/1060 1192/1192/1055
f 1192/1192/1055 1202/1202/1065 1208/1208/1071
f 1174/1174/1037 1182/1182/1045 1196/1196/1059
f 1200/1200/1063 1190/1190/1053 1193/1193/1056
f 1209/1209/1072 1187/1187/1050 1198/1198/1061
f 1209/1209/1072 1195/1195/1058 1187/1187/1050
f 1188/1188/1051 1197/1197/1060 1207/1207/1070
f 1203/1203/1066 1178/1178/1041 1180/1180/1043
f 1210/1210/1073 1189/1189/1052 1178/1178/1041
f 1191/1191/1054 1200/1200/1063 1182/1182/1045
f 1210/1210/1073 1178/1178/1041 1203/1203/1066
f 1206/1206/1069 1199/1199/1062 1211/1211/1074
f 1207/1207/1070 1211/1211/1074 1199/1199/1062
f 1212/1212/875 1213/1213/869 1214/1214/1075
f 1215/1215/1076 1216/1216/1077 1217/1217/1078
f 1218/1218/1079 1215/1215/1076 1217/1217/1078
f 1219/1219/1080 1218/1218/1079 1217/1217/1078
f 1220/1220/1081 1221/1221/1082 1222/1222/1077
f 1223/1223/1083 1218/1218/1079 1219/1219/1080
f 1215/1215/1076 1218/1218/1079 1224/1224/1084
f 1221/1221/1082 1225/1225/1085 1222/1222/1077
f 1224/1224/1084 1226/1226/1086 1215/1215/1076
f 1227/1227/1082 1215/1215/1076 1226/1226/1086
f 1228/1228/1087 1223/1223/1083 1219/1219/1080
f 1229/1229/1088 1218/1218/1079 1223/1223/1083
f 1225/1225/1085 1221/1221/1082 1230/1230/1089
f 1226/1226/1086 1231/1231/1090 1227/1227/1082
f 1232/1232/1091 1230/1230/1089 1221/1221/1082
f 1232/1232/1091 1233/1233/1092 1230/1230/1089
f 1233/1233/1092 1234/1234/1093 1230/1230/1089
f 1235/1235/1094 1234/1234/1093 1233/1233/1092
f 1236/1236/1095 1234/1234/1093 1235/1235/1094
f 1235/1235/1094 1237/1237/1096 1236/1236/1095
f 1237/1237/1096 1235/1235/1094 1238/1238/1097
f 1239/1239/1098 1240/1240/1099 1241/1241/1100
f 1239/1239/1098 1242/1242/1101 1243/1243/1102
f 1241/1241/1100 1242/1242/1101 1239/1239/1098
f 1244/1244/885 1245/1245/869 1246/1246/864
f 1245/1245/869 1247/1247/866 1246/1246/864
f 1248/1248/868 1245/1245/869 1244/1244/885
f 1249/1249/858 1247/1247/866 1245/1245/869
f 1250/1250/1103 1251/1251/876 1244/1244/885
f 1251/1251/876 1248/1248/868 1244/1244/885
f 1245/1245/869 1251/1251/876 1249/1249/858
f 1252/1252/874 1251/1251/876 1250/1250/1103
f 1251/1251/876 1252/1252/874 1249/1249/858
f 1253/1253/936 1254/1254/1104 1255/1255/935
f 1256/1256/1100 1257/1257/1105 1258/1258/1106
f 1259/1259/932 1260/1260/1107 1261/1261/976
f 1262/1262/936 1260/1260/1107 1259/1259/932
f 1262/1262/936 1259/1259/932 1263/1263/1108
f 1264/1264/1109 1262/1262/936 1265/1265/1110
f 1266/1266/1111 1262/1262/936 1263/1263/1108
f 1266/1266/1111 1265/1265/1110 1262/1262/936
f 1267/1267/1112 1265/1265/1110 1266/1266/1111
f 1268/1268/943 1267/1267/1112 1266/1266/1111
f 1269/1269/1113 1270/1270/1114 1271/1271/1108
f 1272/1272/1115 1270/1270/1114 1269/1269/1113
f 1269/1269/1113 1273/1273/1116 1272/1272/1115
f 1274/1274/1117 1275/1275/1118 1276/1276/1119
f 1277/1277/1120 1278/1278/1121 1279/1279/1122
f 1280/1280/858 1281/1281/802 1282/1282/1123
f 1278/1278/1121 1277/1277/1120 1283/1283/1124
f 1281/1281/802 1278/1278/1121 1283/1283/1124
f 1284/1284/1125 1276/1276/1119 1280/1280/858
f 1274/1274/1117 1276/1276/1119 1284/1284/1125
f 1280/1280/858 1282/1282/1123 1285/1285/1126
f 1286/1286/1127 1277/1277/1120 1279/1279/1122
f 1280/1280/858 1287/1287/1128 1284/1284/1125
f 1280/1280/858 1285/1285/1126 1287/1287/1128
f 1282/1282/1123 1281/1281/802 1283/1283/1124
f 1288/1288/1129 1284/1284/1125 1287/1287/1128
f 1274/1274/1117 1284/1284/1125 1288/1288/1129
f 1279/1279/1122 1289/1289/1130 1286/1286/1127
f 1274/1274/1117 1288/1288/1129 1290/1290/1131
f 1282/1282/1123 1283/1283/1124 1291/1291/1132
f 1288/1288/1129 1287/1287/1128 1292/1292/1133
f 1277/1277/1120 1286/1286/1127 1293/1293/1134
f 1291/1291/1132 1285/1285/1126 1282/1282/1123
f 1291/1291/1132 1283/1283/1124 1277/1277/1120
f 1293/1293/1134 1294/1294/1135 1277/1277/1120
f 1285/1285/1126 1295/1295/1136 1287/1287/1128
f 1292/1292/1133 1287/1287/1128 1295/1295/1136
f 1296/1296/1137 1288/1288/1129 1292/1292/1133
f 1296/1296/1137 1290/1290/1131 1288/1288/1129
f 1295/1295/1136 1297/1297/1138 1292/1292/1133
f 1291/1291/1132 1295/1295/1136 1285/1285/1126
f 1286/1286/1127 1289/1289/1130 1298/1298/1139
f 1291/1291/1132 1277/1277/1120 1294/1294/1135
f 1294/1294/1135 1295/1295/1136 1291/1291/1132
f 1299/1299/1140 1295/1295/1136 1294/1294/1135
f 1296/1296/1137 1292/1292/1133 1297/1297/1138
f 1290/1290/1131 1296/1296/1137 1300/1300/1141
f 1299/1299/1140 1294/1294/1135 1301/1301/1142
f 1293/1293/1134 1302/1302/1143 1294/1294/1135
f 1296/1296/1137 1297/1297/1138 1303/1303/1144
f 1295/1295/1136 1299/1299/1140 1297/1297/1138
f 1293/1293/1134 1304/1304/1145 1302/1302/1143
f 1299/1299/1140 1301/1301/1142 1305/1305/1146
f 1301/1301/1142 1294/1294/1135 1302/1302/1143
f 1297/1297/1138 1299/1299/1140 1306/1306/1147
f 1299/1299/1140 1305/1305/1146 1306/1306/1147
f 1307/1307/1148 1297/1297/1138 1306/1306/1147
f 1297/1297/1138 1307/1307/1148 1303/1303/1144
f 1301/1301/1142 1302/1302/1143 1308/1308/1149
f 1306/1306/1147 1305/1305/1146 1309/1309/1150
f 1307/1307/1148 1306/1306/1147 1309/1309/1150
f 1310/1310/1151 1303/1303/1144 1307/1307/1148
f 1305/1305/1146 1301/1301/1142 1308/1308/1149
f 1311/1311/1152 1302/1302/1143 1304/1304/1145
f 1304/1304/1145 1312/1312/1153 1311/1311/1152
f 1308/1308/1149 1302/1302/1143 1311/1311/1152
f 1313/1313/1154 1305/1305/1146 1308/1308/1149
f 1313/1313/1154 1309/1309/1150 1305/1305/1146
f 1309/1309/1150 1314/1314/1155 1307/1307/1148
f 1307/1307/1148 1314/1314/1155 1310/1310/1151
f 1310/1310/1151 1314/1314/1155 1315/1315/1156
f 1311/1311/1152 1312/1312/1153 1316/1316/1157
f 1313/1313/1154 1308/1308/1149 1311/1311/1152
f 1317/1317/1158 1314/1314/1155 1309/1309/1150
f 1318/1318/1159 1311/1311/1152 1316/1316/1157
f 1317/1317/1158 1309/1309/1150 1319/1319/1160
f 1319/1319/1160 1309/1309/1150 1313/1313/1154
f 1311/1311/1152 1318/1318/1159 1313/1313/1154
f 1320/1320/1161 1315/1315/1156 1314/1314/1155
f 1318/1318/1159 1321/1321/1162 1313/1313/1154
f 1320/1320/1161 1314/1314/1155 1322/1322/1163
f 1314/1314/1155 1317/1317/1158 1322/1322/1163
f 1319/1319/1160 1313/1313/1154 1321/1321/1162
f 1323/1323/1164 1319/1319/1160 1321/1321/1162
f 1318/1318/1159 1324/1324/1165 1321/1321/1162
f 1322/1322/1163 1317/1317/1158 1325/1325/1166
f 1321/1321/1162 1324/1324/1165 1323/1323/1164
f 1322/1322/1163 1326/1326/1167 1320/1320/1161
f 1322/1322/1163 1325/1325/1166 1326/1326/1167
f 1327/1327/1168 1323/1323/1164 1324/1324/1165
f 1327/1327/1168 1328/1328/1169 1323/1323/1164
f 1329/1329/1170 1330/1330/1171 1331/1331/1115
f 1329/1329/1170 1332/1332/1106 1330/1330/1171
f 1333/1333/1172 1334/1334/840 1335/1335/1173
f 1336/1336/1174 1334/1334/840 1337/1337/1175
f 1333/1333/1172 1335/1335/1173 1338/1338/1176
f 1333/1333/1172 1338/1338/1176 1339/1339/1177
f 1333/1333/1172 1337/1337/1175 1334/1334/840
f 1340/1340/1178 1333/1333/1172 1339/1339/1177
f 1337/1337/1175 1333/1333/1172 1340/1340/1178
f 1340/1340/1178 1339/1339/1177 1341/1341/1179
f 1342/1342/1180 1340/1340/1178 1341/1341/1179
f 1342/1342/1180 1341/1341/1179 1343/1343/1181
f 1342/1342/1180 1343/1343/1181 1344/1344/1182
f 1343/1343/1181 1345/1345/1183 1346/1346/1184
f 1344/1344/1182 1343/1343/1181 1346/1346/1184
f 1346/1346/1184 1347/1347/1185 1344/1344/1182
f 1347/1347/1185 1348/1348/1186 1344/1344/1182
f 1346/1346/1184 1345/1345/1183 1347/1347/1185
f 1345/1345/1183 1349/1349/1187 1347/1347/1185
f 1350/1350/1188 1348/1348/1186 1347/1347/1185
f 1351/1351/1189 1347/1347/1185 1349/1349/1187
f 1350/1350/1188 1347/1347/1185 1351/1351/1189
f 1348/1348/1186 1350/1350/1188 1352/1352/1190
f 1350/1350/1188 1353/1353/1191 1352/1352/1190
f 1353/1353/1191 1350/1350/1188 1351/1351/1189
f 1354/1354/1192 1352/1352/1190 1353/1353/1191
f 1355/1355/1193 1353/1353/1191 1351/1351/1189
f 1354/1354/1192 1353/1353/1191 1356/1356/1194
f 1353/1353/1191 1355/1355/1193 1357/1357/1195
f 1354/1354/1192 1356/1356/1194 1358/1358/1196
f 1356/1356/1194 1353/1353/1191 1357/1357/1195
f 1356/1356/1194 1359/1359/1197 1358/1358/1196
f 1359/1359/1197 1357/1357/1195 1360/1360/1198
f 1356/1356/1194 1357/1357/1195 1359/1359/1197
f 1361/1361/1199 1358/1358/1196 1359/1359/1197
f 1362/1362/1200 1361/1361/1199 1359/1359/1197
f 1360/1360/1198 1362/1362/1200 1359/1359/1197
f 1363/1363/1201 1361/1361/1199 1362/1362/1200
f 1364/1364/1202 1365/1365/835 1366/1366/1203
f 1367/1367/1204 1368/1368/1205 1364/1364/1202
f 1369/1369/1206 1368/1368/1205 1370/1370/1207
f 1364/1364/1202 1366/1366/1203 1371/1371/1208
f 1370/1370/1207 1368/1368/1205 1367/1367/1204
f 1367/1367/1204 1364/1364/1202 1372/1372/1209
f 1371/1371/1208 1373/1373/1210 1364/1364/1202
f 1372/1372/1209 1364/1364/1202 1373/1373/1210
f 1371/1371/1208 1374/1374/1211 1373/1373/1210
f 1372/1372/1209 1373/1373/1210 1375/1375/1212
f 1376/1376/1213 1373/1373/1210 1374/1374/1211
f 1375/1375/1212 1373/1373/1210 1376/1376/1213
f 1377/1377/1214 1376/1376/1213 1374/1374/1211
f 1375/1375/1212 1376/1376/1213 1378/1378/1215
f 1376/1376/1213 1377/1377/1214 1379/1379/1216
f 1380/1380/1217 1379/1379/1216 1377/1377/1214
f 1379/1379/1216 1380/1380/1217 1381/1381/1218
f 1381/1381/1218 1382/1382/1219 1379/1379/1216
f 1383/1383/1220 1379/1379/1216 1382/1382/1219
f 1383/1383/1220 1382/1382/1219 1384/1384/1221
f 1385/1385/1222 1386/1386/1223 1387/1387/1224
f 1385/1385/1222 1388/1388/1225 1386/1386/1223
f 1389/1389/1226 1385/1385/1222 1387/1387/1224
f 1390/1390/1227 1386/1386/1223 1388/1388/1225
f 1387/1387/1224 1391/1391/1228 1389/1389/1226
f 1388/1388/1225 1385/1385/1222 1392/1392/1229
f 1388/1388/1225 1392/1392/1229 1393/1393/1230
f 1392/1392/1229 1385/1385/1222 1394/1394/1231
f 1391/1391/1228 1395/1395/1232 1389/1389/1226
f 1396/1396/1233 1395/1395/1232 1391/1391/1228
f 1393/1393/1230 1390/1390/1227 1388/1388/1225
f 1390/1390/1227 1393/1393/1230 1397/1397/1234
f 1395/1395/1232 1396/1396/1233 1398/1398/1235
f 1396/1396/1233 1399/1399/1236 1398/1398/1235
f 1399/1399/1236 1400/1400/1237 1398/1398/1235
f 1401/1401/1238 1402/1402/1239 1399/1399/1236
f 1402/1402/1239 1400/1400/1237 1399/1399/1236
f 1402/1402/1239 1403/1403/1240 1400/1400/1237
f 1404/1404/1241 1403/1403/1240 1402/1402/1239
f 1403/1403/1240 1404/1404/1241 1405/1405/1242
f 1406/1406/1243 1403/1403/1240 1407/1407/1244
f 1407/1407/1244 1403/1403/1240 1405/1405/1242
f 1406/1406/1243 1407/1407/1244 1408/1408/1245
f 1409/1409/1246 1408/1408/1245 1407/1407/1244
f 1410/1410/1247 1411/1411/1248 1412/1412/1249
f 1412/1412/1249 1411/1411/1248 1413/1413/1250
f 1411/1411/1248 1410/1410/1247 1414/1414/1251
f 1415/1415/1252 1412/1412/1249 1413/1413/1250
f 1415/1415/1252 1413/1413/1250 1416/1416/1253
f 1417/1417/1254 1411/1411/1248 1414/1414/1251
f 1411/1411/1248 1417/1417/1254 1418/1418/1255
f 1413/1413/1250 1411/1411/1248 1418/1418/1255
f 1416/1416/1253 1413/1413/1250 1418/1418/1255
f 1417/1417/1254 1414/1414/1251 1419/1419/1256
f 1420/1420/1257 1415/1415/1252 1416/1416/1253
f 1421/1421/1258 1417/1417/1254 1419/1419/1256
f 1416/1416/1253 1422/1422/1259 1420/1420/1257
f 1423/1423/1260 1416/1416/1253 1418/1418/1255
f 1423/1423/1260 1422/1422/1259 1416/1416/1253
f 1419/1419/1256 1424/1424/1261 1421/1421/1258
f 1424/1424/1261 1419/1419/1256 1425/1425/1262
f 1424/1424/1261 1425/1425/1262 1426/1426/1263
f 1422/1422/1259 1423/1423/1260 1427/1427/1264
f 1422/1422/1259 1428/1428/1265 1420/1420/1257
f 1422/1422/1259 1427/1427/1264 1428/1428/1265
f 1425/1425/1262 1429/1429/1266 1426/1426/1263
f 1430/1430/1267 1420/1420/1257 1428/1428/1265
f 1430/1430/1267 1428/1428/1265 1431/1431/1268
f 1426/1426/1263 1429/1429/1266 1432/1432/1269
f 1431/1431/1268 1433/1433/1270 1430/1430/1267
f 1431/1431/1268 1428/1428/1265 1434/1434/1271
f 1434/1434/1271 1435/1435/1272 1431/1431/1268
f 1435/1435/1272 1433/1433/1270 1431/1431/1268
f 1436/1436/1273 1433/1433/1270 1435/1435/1272
f 1437/1437/1274 1438/1438/1224 1439/1439/1275
f 1437/1437/1274 1439/1439/1275 1440/1440/1276
f 1441/1441/1277 1442/1442/1278 1438/1438/1224
f 1443/1443/1279 1438/1438/1224 1437/1437/1274
f 1438/1438/1224 1443/1443/1279 1441/1441/1277
f 1440/1440/1276 1444/1444/1280 1437/1437/1274
f 1442/1442/1278 1441/1441/1277 1445/1445/1281
f 1443/1443/1279 1446/1446/1282 1441/1441/1277
f 1447/1447/1283 1440/1440/1276 1448/1448/1284
f 1440/1440/1276 1447/1447/1283 1444/1444/1280
f 1441/1441/1277 1449/1449/1285 1445/1445/1281
f 1450/1450/1286 1447/1447/1283 1448/1448/1284
f 1441/1441/1277 1446/1446/1282 1449/1449/1285
f 1445/1445/1281 1449/1449/1285 1451/1451/1236
f 1449/1449/1285 1446/1446/1282 1452/1452/1287
f 1451/1451/1236 1449/1449/1285 1452/1452/1287
f 1451/1451/1236 1452/1452/1287 1453/1453/1288
f 1454/1454/1289 1455/1455/898 1456/1456/1290
f 1456/1456/1290 1457/1457/1291 1454/1454/1289
f 1454/1454/1289 1458/1458/902 1455/1455/898
f 1459/1459/1292 1460/1460/1293 1461/1461/1294
f 1462/1462/1295 1459/1459/1292 1461/1461/1294
f 1463/1463/1296 1459/1459/1292 1462/1462/1295
f 1464/1464/1297 1465/1465/1298 1466/1466/1299
f 1466/1466/1299 1467/1467/1300 1464/1464/1297
f 1467/1467/1300 1468/1468/1301 1464/1464/1297
f 1464/1464/1297 1468/1468/1301 1469/1469/1302
f 1465/1465/1298 1464/1464/1297 1470/1470/1303
f 1467/1467/1300 1471/1471/1304 1468/1468/1301
f 1472/1472/1305 1469/1469/1302 1468/1468/1301
f 1471/1471/1304 1472/1472/1305 1468/1468/1301
f 1472/1472/1305 1471/1471/1304 1473/1473/1306
f 1472/1472/1305 1474/1474/1307 1469/1469/1302
f 1472/1472/1305 1475/1475/1308 1474/1474/1307
f 1472/1472/1305 1473/1473/1306 1476/1476/1309
f 1475/1475/1308 1472/1472/1305 1476/1476/1309
f 1476/1476/1309 1477/1477/1310 1475/1475/1308
f 1478/1478/1311 1475/1475/1308 1477/1477/1310
f 1477/1477/1310 1476/1476/1309 1479/1479/1312
f 1479/1479/1312 1480/1480/1313 1477/1477/1310
f 1477/1477/1310 1480/1480/1313 1478/1478/1311
f 1480/1480/1313 1479/1479/1312 1481/1481/1314
f 1482/1482/1315 1480/1480/1313 1481/1481/1314
f 1481/1481/1314 1479/1479/1312 1483/1483/1316
f 1484/1484/1317 1482/1482/1315 1481/1481/1314
f 1483/1483/1316 1485/1485/1318 1481/1481/1314
f 1486/1486/1319 1485/1485/1318 1483/1483/1316
f 1484/1484/1317 1481/1481/1314 1485/1485/1318
f 1484/1484/1317 1485/1485/1318 1487/1487/1320
f 1488/1488/1321 1485/1485/1318 1486/1486/1319
f 1488/1488/1321 1486/1486/1319 1489/1489/1322
f 1488/1488/1321 1487/1487/1320 1485/1485/1318
f 1490/1490/1323 1488/1488/1321 1489/1489/1322
f 1487/1487/1320 1488/1488/1321 1490/1490/1323
f 1491/1491/1324 1489/1489/1322 1492/1492/1325
f 1490/1490/1323 1489/1489/1322 1491/1491/1324
f 1493/1493/1326 1491/1491/1324 1492/1492/1325
f 1490/1490/1323 1491/1491/1324 1494/1494/1327
f 1491/1491/1324 1493/1493/1326 1495/1495/1328
f 1496/1496/1329 1495/1495/1328 1493/1493/1326
f 1496/1496/1329 1497/1497/1330 1495/1495/1328
f 1494/1494/1327 1491/1491/1324 1498/1498/1331
f 1498/1498/1331 1491/1491/1324 1495/1495/1328
f 1498/1498/1331 1495/1495/1328 1497/1497/1330
f 1499/1499/1332 1497/1497/1330 1496/1496/1329
f 1500/1500/835 1501/1501/1202 1502/1502/1333
f 1503/1503/1334 1504/1504/838 1505/1505/1335
f 1500/1500/835 1502/1502/1333 1504/1504/838
f 1506/1506/1336 1507/1507/1337 1503/1503/1334
f 1504/1504/838 1502/1502/1333 1505/1505/1335
f 1503/1503/1334 1505/1505/1335 1506/1506/1336
f 1506/1506/1336 1505/1505/1335 1508/1508/1338
f 1509/1509/1339 1507/1507/1337 1506/1506/1336
f 1510/1510/1340 1506/1506/1336 1508/1508/1338
f 1509/1509/1339 1511/1511/1341 1507/1507/1337
f 1510/1510/1340 1509/1509/1339 1506/1506/1336
f 1512/1512/1342 1509/1509/1339 1510/1510/1340
f 1509/1509/1339 1513/1513/1343 1511/1511/1341
f 1512/1512/1342 1513/1513/1343 1509/1509/1339
f 1514/1514/1344 1511/1511/1341 1513/1513/1343
f 1515/1515/1345 1513/1513/1343 1512/1512/1342
f 1513/1513/1343 1515/1515/1345 1514/1514/1344
f 1515/1515/1345 1516/1516/1346 1514/1514/1344
f 1515/1515/1345 1517/1517/1347 1516/1516/1346
f 1516/1516/1346 1518/1518/1348 1514/1514/1344
f 1516/1516/1346 1519/1519/1349 1518/1518/1348
f 1519/1519/1349 1520/1520/1350 1518/1518/1348
f 1517/1517/1347 1519/1519/1349 1516/1516/1346
f 1521/1521/1351 1520/1520/1350 1519/1519/1349
f 1522/1522/1352 1519/1519/1349 1517/1517/1347
f 1522/1522/1352 1521/1521/1351 1519/1519/1349
f 1522/1522/1352 1523/1523/1353 1521/1521/1351
f 1524/1524/1354 1525/1525/1355 1522/1522/1352
f 1525/1525/1355 1523/1523/1353 1522/1522/1352
f 1525/1525/1355 1526/1526/1356 1523/1523/1353
f 1524/1524/1354 1527/1527/1357 1525/1525/1355
f 1527/1527/1357 1528/1528/1358 1525/1525/1355
f 1526/1526/1356 1525/1525/1355 1528/1528/1358
f 1529/1529/1359 1526/1526/1356 1528/1528/1358
f 1527/1527/1357 1530/1530/1360 1528/1528/1358
f 1531/1531/1361 1530/1530/1360 1527/1527/1357
f 1529/1529/1359 1528/1528/1358 1530/1530/1360
f 1530/1530/1360 1531/1531/1361 1532/1532/1362
f 1530/1530/1360 1533/1533/1363 1529/1529/1359
f 1534/1534/1364 1532/1532/1362 1531/1531/1361
f 1533/1533/1363 1532/1532/1362 1535/1535/1365
f 1530/1530/1360 1532/1532/1362 1533/1533/1363
f 1536/1536/1366 1535/1535/1365 1532/1532/1362
f 1534/1534/1364 1536/1536/1366 1532/1532/1362
f 1537/1537/1367 1538/1538/1368 1539/1539/1369
f 1537/1537/1367 1540/1540/1208 1538/1538/1368
f 1537/1537/1367 1539/1539/1369 1541/1541/1178
f 1540/1540/1208 1537/1537/1367 1542/1542/1370
f 1542/1542/1370 1543/1543/1371 1540/1540/1208
f 1542/1542/1370 1537/1537/1367 1541/1541/1178
f 1543/1543/1371 1542/1542/1370 1544/1544/1214
f 1545/1545/1372 1542/1542/1370 1541/1541/1178
f 1542/1542/1370 1546/1546/1373 1544/1544/1214
f 1545/1545/1372 1546/1546/1373 1542/1542/1370
f 1544/1544/1214 1546/1546/1373 1547/1547/1374
f 1548/1548/1375 1546/1546/1373 1545/1545/1372
f 1547/1547/1374 1546/1546/1373 1549/1549/1218
f 1549/1549/1218 1546/1546/1373 1548/1548/1375
f 1549/1549/1218 1548/1548/1375 1550/1550/1376
f 1550/1550/1376 1548/1548/1375 1551/1551/1186
f 1552/1552/1219 1549/1549/1218 1550/1550/1376
f 1553/1553/1377 1552/1552/1219 1550/1550/1376
f 1554/1554/1378 1553/1553/1377 1550/1550/1376
f 1551/1551/1186 1554/1554/1378 1550/1550/1376
f 1554/1554/1378 1551/1551/1186 1555/1555/1190
f 1556/1556/1379 1553/1553/1377 1554/1554/1378
f 1555/1555/1190 1556/1556/1379 1554/1554/1378
f 1556/1556/1379 1555/1555/1190 1557/1557/1192
f 1553/1553/1377 1556/1556/1379 1558/1558/1380
f 1557/1557/1192 1559/1559/1381 1556/1556/1379
f 1559/1559/1381 1557/1557/1192 1560/1560/1196
f 1559/1559/1381 1558/1558/1380 1556/1556/1379
f 1558/1558/1380 1559/1559/1381 1561/1561/1382
f 1560/1560/1196 1562/1562/1383 1559/1559/1381
f 1559/1559/1381 1562/1562/1383 1561/1561/1382
f 1563/1563/1384 1561/1561/1382 1562/1562/1383
f 1564/1564/1385 1562/1562/1383 1560/1560/1196
f 1565/1565/1386 1564/1564/1385 1560/1560/1196
f 1562/1562/1383 1564/1564/1385 1563/1563/1384
f 1566/1566/1201 1564/1564/1385 1565/1565/1386
f 1564/1564/1385 1566/1566/1201 1567/1567/1387
f 1568/1568/1388 1569/1569/1389 1570/1570/1390
f 1568/1568/1388 1571/1571/1391 1569/1569/1389
f 1568/1568/1388 1572/1572/985 1571/1571/1391
f 1568/1568/1388 1573/1573/1392 1572/1572/985
f 1574/1574/1011 1573/1573/1392 1568/1568/1388
f 1570/1570/1390 1574/1574/1011 1568/1568/1388
f 1575/1575/1393 1574/1574/1011 1570/1570/1390
f 1576/1576/1394 1575/1575/1393 1570/1570/1390
f 1574/1574/1011 1575/1575/1393 1577/1577/1395
f 1575/1575/1393 1576/1576/1394 1577/1577/1395
f 1578/1578/1396 1577/1577/1395 1576/1576/1394
f 1578/1578/1396 1576/1576/1394 1579/1579/1397
f 1580/1580/1398 1577/1577/1395 1578/1578/1396
f 1581/1581/1399 1580/1580/1398 1578/1578/1396
f 1578/1578/1396 1579/1579/1397 1582/1582/1400
f 1582/1582/1400 1581/1581/1399 1578/1578/1396
f 1581/1581/1399 1582/1582/1400 1583/1583/1401
f 1584/1584/1402 1582/1582/1400 1579/1579/1397
f 1585/1585/1403 1583/1583/1401 1582/1582/1400
f 1582/1582/1400 1584/1584/1402 1585/1585/1403
f 1584/1584/1402 1586/1586/1404 1585/1585/1403
f 1583/1583/1401 1585/1585/1403 1587/1587/1405
f 1585/1585/1403 1588/1588/1406 1587/1587/1405
f 1585/1585/1403 1586/1586/1404 1588/1588/1406
f 1589/1589/1407 1588/1588/1406 1586/1586/1404
f 1587/1587/1405 1588/1588/1406 1590/1590/1408
f 1590/1590/1408 1588/1588/1406 1591/1591/1409
f 1589/1589/1407 1591/1591/1409 1588/1588/1406
f 1592/1592/1353 1591/1591/1409 1589/1589/1407
f 1590/1590/1408 1591/1591/1409 1593/1593/1410
f 1592/1592/1353 1594/1594/1356 1591/1591/1409
f 1594/1594/1356 1593/1593/1410 1591/1591/1409
f 1594/1594/1356 1595/1595/1411 1593/1593/1410
f 1595/1595/1411 1596/1596/1363 1593/1593/1410
f 1597/1597/1412 1598/1598/1413 1599/1599/1414
f 1597/1597/1412 1593/1593/1410 1596/1596/1363
f 1597/1597/1412 1596/1596/1363 1598/1598/1413
f 1600/1600/1078 1601/1601/1415 1602/1602/1416
f 1601/1601/1415 1603/1603/1417 1602/1602/1416
f 1600/1600/1078 1604/1604/1418 1605/1605/1419
f 1601/1601/1415 1606/1606/1420 1603/1603/1417
f 1607/1607/1421 1600/1600/1078 1605/1605/1419
f 1602/1602/1416 1604/1604/1418 1600/1600/1078
f 1607/1607/1421 1608/1608/1422 1609/1609/1423
f 1602/1602/1416 1603/1603/1417 1604/1604/1418
f 1610/1610/1424 1607/1607/1421 1605/1605/1419
f 1604/1604/1418 1603/1603/1417 1611/1611/1425
f 1610/1610/1424 1608/1608/1422 1607/1607/1421
f 1603/1603/1417 1606/1606/1420 1612/1612/1426
f 1603/1603/1417 1612/1612/1426 1611/1611/1425
f 1612/1612/1426 1606/1606/1420 1613/1613/1427
f 1614/1614/1428 1609/1609/1423 1608/1608/1422
f 1610/1610/1424 1615/1615/1429 1608/1608/1422
f 1616/1616/1430 1614/1614/1428 1608/1608/1422
f 1615/1615/1429 1616/1616/1430 1608/1608/1422
f 1612/1612/1426 1613/1613/1427 1617/1617/1431
f 1612/1612/1426 1618/1618/1432 1611/1611/1425
f 1619/1619/1433 1614/1614/1428 1616/1616/1430
f 1612/1612/1426 1617/1617/1431 1620/1620/1434
f 1618/1618/1432 1612/1612/1426 1620/1620/1434
f 1616/1616/1430 1615/1615/1429 1621/1621/1435
f 1617/1617/1431 1622/1622/1095 1620/1620/1434
f 1618/1618/1432 1620/1620/1434 1623/1623/1436
f 1624/1624/1437 1616/1616/1430 1621/1621/1435
f 1625/1625/1438 1619/1619/1433 1616/1616/1430
f 1624/1624/1437 1625/1625/1438 1616/1616/1430
f 1626/1626/1439 1623/1623/1436 1620/1620/1434
f 1620/1620/1434 1622/1622/1095 1626/1626/1439
f 1625/1625/1438 1627/1627/1440 1619/1619/1433
f 1627/1627/1440 1625/1625/1438 1624/1624/1437
f 1622/1622/1095 1628/1628/1441 1626/1626/1439
f 1627/1627/1440 1624/1624/1437 1629/1629/1442
f 1630/1630/1443 1631/1631/880 1632/1632/1444
f 1632/1632/1444 1633/1633/1445 1630/1630/1443
f 1634/1634/1446 1633/1633/1445 1632/1632/1444
f 1633/1633/1445 1635/1635/1447 1630/1630/1443
f 1633/1633/1445 1634/1634/1446 1636/1636/1448
f 1637/1637/1449 1635/1635/1447 1633/1633/1445
f 1638/1638/1450 1637/1637/1449 1633/1633/1445
f 1636/1636/1448 1638/1638/1450 1633/1633/1445
f 1637/1637/1449 1639/1639/1451 1635/1635/1447
f 1638/1638/1450 1636/1636/1448 1640/1640/1452
f 1641/1641/1453 1639/1639/1451 1637/1637/1449
f 1641/1641/1453 1637/1637/1449 1638/1638/1450
f 1641/1641/1453 1638/1638/1450 1640/1640/1452
f 1642/1642/1454 1639/1639/1451 1641/1641/1453
f 1643/1643/1455 1641/1641/1453 1640/1640/1452
f 1644/1644/1456 1642/1642/1454 1641/1641/1453
f 1644/1644/1456 1641/1641/1453 1643/1643/1455
f 1644/1644/1456 1645/1645/1457 1642/1642/1454
f 1646/1646/1458 1645/1645/1457 1644/1644/1456
f 1647/1647/1459 1644/1644/1456 1643/1643/1455
f 1647/1647/1459 1646/1646/1458 1644/1644/1456
f 1646/1646/1458 1647/1647/1459 1648/1648/1460
f 1646/1646/1458 1648/1648/1460 1645/1645/1457
f 1647/1647/1459 1649/1649/1461 1648/1648/1460
f 1645/1645/1457 1648/1648/1460 1650/1650/1462
f 1648/1648/1460 1651/1651/1463 1650/1650/1462
f 1650/1650/1462 1651/1651/1463 1652/1652/1464
f 1653/1653/1465 1650/1650/1462 1652/1652/1464
f 1652/1652/1464 1651/1651/1463 1654/1654/1466
f 1655/1655/1467 1653/1653/1465 1652/1652/1464
f 1652/1652/1464 1654/1654/1466 1655/1655/1467
f 1656/1656/1468 1655/1655/1467 1654/1654/1466
f 1655/1655/1467 1657/1657/1469 1653/1653/1465
f 1658/1658/1470 1655/1655/1467 1656/1656/1468
f 1659/1659/1471 1657/1657/1469 1655/1655/1467
f 1660/1660/1472 1658/1658/1470 1656/1656/1468
f 1658/1658/1470 1660/1660/1472 1661/1661/1473
f 1659/1659/1471 1655/1655/1467 1658/1658/1470
f 1662/1662/1474 1658/1658/1470 1661/1661/1473
f 1662/1662/1474 1659/1659/1471 1658/1658/1470
f 1662/1662/1474 1661/1661/1473 1663/1663/1475
f 1664/1664/880 1665/1665/1476 1666/1666/1477
f 1666/1666/1477 1665/1665/1476 1667/1667/1478
f 1668/1668/1479 1664/1664/880 1666/1666/1477
f 1668/1668/1479 1666/1666/1477 1667/1667/1478
f 1667/1667/1478 1665/1665/1476 1669/1669/1480
f 1667/1667/1478 1669/1669/1480 1670/1670/1481
f 1671/1671/1482 1667/1667/1478 1670/1670/1481
f 1670/1670/1481 1669/1669/1480 1672/1672/1483
f 1670/1670/1481 1672/1672/1483 1673/1673/1484
f 1671/1671/1482 1670/1670/1481 1673/1673/1484
f 1674/1674/1485 1671/1671/1482 1673/1673/1484
f 1672/1672/1483 1675/1675/1486 1673/1673/1484
f 1675/1675/1486 1672/1672/1483 1676/1676/1487
f 1677/1677/1488 1673/1673/1484 1675/1675/1486
f 1676/1676/1487 1678/1678/1489 1675/1675/1486
f 1677/1677/1488 1675/1675/1486 1679/1679/1490
f 1679/1679/1490 1675/1675/1486 1678/1678/1489
f 1678/1678/1489 1680/1680/1491 1679/1679/1490
f 1679/1679/1490 1681/1681/1492 1682/1682/1493
f 1681/1681/1492 1679/1679/1490 1680/1680/1491
f 1680/1680/1491 1678/1678/1489 1683/1683/1494
f 1680/1680/1491 1684/1684/1495 1681/1681/1492
f 1683/1683/1494 1685/1685/1465 1680/1680/1491
f 1680/1680/1491 1685/1685/1465 1684/1684/1495
f 1684/1684/1495 1685/1685/1465 1686/1686/1496
f 1687/1687/1497 1684/1684/1495 1686/1686/1496
f 1686/1686/1496 1688/1688/1498 1687/1687/1497
f 1686/1686/1496 1685/1685/1465 1689/1689/1499
f 1690/1690/1471 1686/1686/1496 1689/1689/1499
f 1688/1688/1498 1686/1686/1496 1691/1691/1500
f 1691/1691/1500 1686/1686/1496 1690/1690/1471
f 1692/1692/1501 1688/1688/1498 1691/1691/1500
f 1692/1692/1501 1691/1691/1500 1693/1693/1502
f 1694/1694/1503 1693/1693/1502 1691/1691/1500
f 1694/1694/1503 1691/1691/1500 1690/1690/1471
f 1690/1690/1471 1695/1695/1504 1694/1694/1503
f 1696/1696/1505 1697/1697/1506 1698/1698/1507
f 1696/1696/1505 1699/1699/1508 1697/1697/1506
f 1700/1700/1509 1697/1697/1506 1699/1699/1508
f 1700/1700/1509 1701/1701/1141 1702/1702/1510
f 1701/1701/1141 1700/1700/1509 1699/1699/1508
f 1702/1702/1510 1701/1701/1141 1703/1703/1511
f 1701/1701/1141 1704/1704/1137 1705/1705/1512
f 1703/1703/1511 1701/1701/1141 1705/1705/1512
f 1702/1702/1510 1703/1703/1511 1706/1706/1513
f 1706/1706/1513 1703/1703/1511 1707/1707/1514
f 1708/1708/1515 1703/1703/1511 1705/1705/1512
f 1703/1703/1511 1708/1708/1515 1707/1707/1514
f 1709/1709/1516 1706/1706/1513 1707/1707/1514
f 1710/1710/1517 1709/1709/1516 1707/1707/1514
f 1708/1708/1515 1710/1710/1517 1707/1707/1514
f 1711/1711/1518 1710/1710/1517 1708/1708/1515
f 1709/1709/1516 1710/1710/1517 1712/1712/1519
f 1713/1713/1520 1710/1710/1517 1711/1711/1518
f 1710/1710/1517 1713/1713/1520 1714/1714/1521
f 1712/1712/1519 1710/1710/1517 1714/1714/1521
f 1715/1715/1522 1712/1712/1519 1714/1714/1521
f 1714/1714/1521 1713/1713/1520 1716/1716/1523
f 1715/1715/1522 1714/1714/1521 1716/1716/1523
f 1716/1716/1523 1713/1713/1520 1717/1717/1167
f 1715/1715/1522 1716/1716/1523 1718/1718/1524
f 1719/1719/1525 1716/1716/1523 1720/1720/1526
f 1718/1718/1524 1716/1716/1523 1719/1719/1525
f 1721/1721/1527 1719/1719/1525 1720/1720/1526
f 1718/1718/1524 1719/1719/1525 1722/1722/1528
f 1719/1719/1525 1723/1723/1529 1722/1722/1528
f 1723/1723/1529 1719/1719/1525 1721/1721/1527
f 1723/1723/1529 1721/1721/1527 1724/1724/1530
f 1725/1725/1531 1723/1723/1529 1724/1724/1530
f 1726/1726/1532 1725/1725/1531 1724/1724/1530
f 1727/1727/1533 1728/1728/1534 1729/1729/1531
f 1726/1726/1532 1724/1724/1530 1730/1730/1535
f 1727/1727/1533 1729/1729/1531 1731/1731/1532
f 1727/1727/1533 1731/1731/1532 1732/1732/1536
f 1730/1730/1535 1733/1733/1537 1726/1726/1532
f 1734/1734/1538 1733/1733/1537 1730/1730/1535
f 1727/1727/1533 1732/1732/1536 1735/1735/1539
f 1732/1732/1536 1731/1731/1532 1736/1736/1540
f 1734/1734/1538 1737/1737/1541 1733/1733/1537
f 1738/1738/1542 1739/1739/1543 1740/1740/1544
f 1738/1738/1542 1741/1741/1545 1739/1739/1543
f 1741/1741/1545 1742/1742/1546 1739/1739/1543
f 1740/1740/1544 1743/1743/1547 1738/1738/1542
f 1743/1743/1547 1740/1740/1544 1744/1744/1548
f 1738/1738/1542 1743/1743/1547 1745/1745/1255
f 1741/1741/1545 1738/1738/1542 1746/1746/1549
f 1738/1738/1542 1745/1745/1255 1746/1746/1549
f 1742/1742/1546 1741/1741/1545 1747/1747/1550
f 1748/1748/1551 1741/1741/1545 1746/1746/1549
f 1744/1744/1548 1745/1745/1255 1743/1743/1547
f 1749/1749/1552 1745/1745/1255 1744/1744/1548
f 1747/1747/1550 1741/1741/1545 1748/1748/1551
f 1749/1749/1552 1744/1744/1548 1750/1750/1553
f 1751/1751/1554 1752/1752/1555 1747/1747/1550
f 1751/1751/1554 1747/1747/1550 1748/1748/1551
f 1752/1752/1555 1751/1751/1554 1753/1753/1556
f 1754/1754/1264 1749/1749/1552 1750/1750/1553
f 1750/1750/1553 1755/1755/1557 1754/1754/1264
f 1754/1754/1264 1755/1755/1557 1756/1756/1265
f 1751/1751/1554 1757/1757/1558 1753/1753/1556
f 1757/1757/1558 1751/1751/1554 1758/1758/1559
f 1759/1759/1560 1757/1757/1558 1758/1758/1559
f 1760/1760/1561 1756/1756/1265 1755/1755/1557
f 1761/1761/1562 1762/1762/1563 1757/1757/1558
f 1755/1755/1557 1763/1763/1564 1760/1760/1561
f 1759/1759/1560 1761/1761/1562 1757/1757/1558
f 1760/1760/1561 1763/1763/1564 1764/1764/1565
f 1765/1765/1566 1766/1766/1567 1767/1767/1568
f 1768/1768/1569 1766/1766/1567 1765/1765/1566
f 1769/1769/1570 1765/1765/1566 1767/1767/1568
f 1769/1769/1570 1767/1767/1568 1770/1770/1571
f 1765/1765/1566 1771/1771/1572 1772/1772/1573
f 1765/1765/1566 1769/1769/1570 1771/1771/1572
f 1765/1765/1566 1772/1772/1573 1768/1768/1569
f 1773/1773/1574 1769/1769/1570 1770/1770/1571
f 1770/1770/1571 1774/1774/1575 1773/1773/1574
f 1769/1769/1570 1775/1775/1576 1771/1771/1572
f 1773/1773/1574 1775/1775/1576 1769/1769/1570
f 1775/1775/1576 1773/1773/1574 1776/1776/1577
f 1773/1773/1574 1777/1777/1578 1776/1776/1577
f 1778/1778/1579 1773/1773/1574 1774/1774/1575
f 1779/1779/1580 1778/1778/1579 1774/1774/1575
f 1778/1778/1579 1777/1777/1578 1773/1773/1574
f 1780/1780/1581 1776/1776/1577 1777/1777/1578
f 1781/1781/1582 1776/1776/1577 1780/1780/1581
f 1780/1780/1581 1777/1777/1578 1778/1778/1579
f 1778/1778/1579 1779/1779/1580 1782/1782/1583
f 1782/1782/1583 1783/1783/1584 1778/1778/1579
f 1780/1780/1581 1778/1778/1579 1783/1783/1584
f 1784/1784/1585 1783/1783/1584 1782/1782/1583
f 1780/1780/1581 1783/1783/1584 1781/1781/1582
f 1785/1785/1586 1781/1781/1582 1783/1783/1584
f 1785/1785/1586 1783/1783/1584 1784/1784/1585
f 1784/1784/1585 1782/1782/1583 1786/1786/1587
f 1781/1781/1582 1785/1785/1586 1787/1787/1588
f 1788/1788/1589 1784/1784/1585 1786/1786/1587
f 1784/1784/1585 1788/1788/1589 1785/1785/1586
f 1787/1787/1588 1785/1785/1586 1789/1789/1590
f 1785/1785/1586 1788/1788/1589 1789/1789/1590
f 1789/1789/1590 1790/1790/1591 1787/1787/1588
f 1791/1791/659 1792/1792/651 1793/1793/655
f 1791/1791/659 1793/1793/655 1794/1794/1592
f 1795/1795/667 1791/1791/659 1794/1794/1592
f 1796/1796/649 1797/1797/658 1798/1798/657
f 1798/1798/657 1797/1797/658 1799/1799/1593
f 1799/1799/1593 1797/1797/658 1800/1800/664
f 1801/1801/1594 1802/1802/1595 1803/1803/1596
f 1802/1802/1595 1804/1804/1597 1803/1803/1596
f 1802/1802/1595 1801/1801/1594 1805/1805/1598
f 1804/1804/1597 1802/1802/1595 1806/1806/1599
f 1807/1807/1600 1805/1805/1598 1801/1801/1594
f 1807/1807/1600 1801/1801/1594 1808/1808/1601
f 1804/1804/1597 1806/1806/1599 1809/1809/1602
f 1804/1804/1597 1809/1809/1602 1810/1810/1575
f 1807/1807/1600 1808/1808/1601 1811/1811/1603
f 1802/1802/1595 1812/1812/1604 1806/1806/1599
f 1802/1802/1595 1805/1805/1598 1812/1812/1604
f 1811/1811/1603 1813/1813/1605 1807/1807/1600
f 1814/1814/1604 1815/1815/1606 1816/1816/1607
f 1807/1807/1600 1817/1817/1608 1805/1805/1598
f 1818/1818/1609 1809/1809/1602 1806/1806/1599
f 1812/1812/1604 1818/1818/1609 1806/1806/1599
f 1816/1816/1607 1815/1815/1606 1819/1819/1610
f 1805/1805/1598 1820/1820/1611 1812/1812/1604
f 1809/1809/1602 1821/1821/1612 1810/1810/1575
f 1805/1805/1598 1817/1817/1608 1820/1820/1611
f 1807/1807/1600 1813/1813/1605 1822/1822/1613
f 1822/1822/1613 1817/1817/1608 1807/1807/1600
f 1821/1821/1612 1809/1809/1602 1823/1823/1614
f 1816/1816/1607 1819/1819/1610 1824/1824/1615
f 1825/1825/1616 1824/1824/1615 1819/1819/1610
f 1818/1818/1609 1826/1826/1617 1809/1809/1602
f 1818/1818/1609 1827/1827/1618 1826/1826/1617
f 1828/1828/1619 1809/1809/1602 1826/1826/1617
f 1823/1823/1614 1809/1809/1602 1829/1829/1620
f 1829/1829/1620 1809/1809/1602 1828/1828/1619
f 1830/1830/1621 1831/1831/1617 1832/1832/1622
f 1833/1833/1623 1829/1829/1620 1828/1828/1619
f 1827/1827/1618 1833/1833/1623 1826/1826/1617
f 1834/1834/1624 1833/1833/1623 1827/1827/1618
f 1829/1829/1620 1833/1833/1623 1834/1834/1624
f 1834/1834/1624 1835/1835/1625 1829/1829/1620
f 1836/1836/1626 1823/1823/1614 1829/1829/1620
f 1837/1837/1444 1838/1838/847 1839/1839/1627
f 1840/1840/1303 1839/1839/1627 1838/1838/847
f 1841/1841/1628 1842/1842/1629 1840/1840/1303
f 1843/1843/1446 1837/1837/1444 1839/1839/1627
f 1839/1839/1627 1840/1840/1303 1843/1843/1446
f 1843/1843/1446 1840/1840/1303 1844/1844/1630
f 1842/1842/1629 1845/1845/1631 1840/1840/1303
f 1840/1840/1303 1845/1845/1631 1844/1844/1630
f 1842/1842/1629 1846/1846/1632 1845/1845/1631
f 1845/1845/1631 1846/1846/1632 1847/1847/1633
f 1845/1845/1631 1847/1847/1633 1844/1844/1630
f 1846/1846/1632 1848/1848/1634 1847/1847/1633
f 1847/1847/1633 1848/1848/1634 1849/1849/1311
f 1850/1850/1455 1847/1847/1633 1849/1849/1311
f 1851/1851/1635 1849/1849/1311 1852/1852/1636
f 1851/1851/1635 1850/1850/1455 1849/1849/1311
f 1853/1853/1459 1850/1850/1455 1851/1851/1635
f 1852/1852/1636 1854/1854/1637 1851/1851/1635
f 1851/1851/1635 1855/1855/1461 1853/1853/1459
f 1851/1851/1635 1854/1854/1637 1855/1855/1461
f 1856/1856/1638 1855/1855/1461 1854/1854/1637
f 1857/1857/1639 1858/1858/1460 1855/1855/1461
f 1859/1859/1640 1855/1855/1461 1856/1856/1638
f 1859/1859/1640 1857/1857/1639 1855/1855/1461
f 1860/1860/1641 1857/1857/1639 1859/1859/1640
f 1859/1859/1640 1856/1856/1638 1861/1861/1320
f 1861/1861/1320 1862/1862/1642 1859/1859/1640
f 1859/1859/1640 1862/1862/1642 1860/1860/1641
f 1863/1863/1643 1862/1862/1642 1861/1861/1320
f 1860/1860/1641 1862/1862/1642 1864/1864/1468
f 1865/1865/1472 1864/1864/1468 1862/1862/1642
f 1862/1862/1642 1866/1866/1644 1865/1865/1472
f 1866/1866/1644 1862/1862/1642 1863/1863/1643
f 1867/1867/1473 1865/1865/1472 1868/1868/1645
f 1868/1868/1645 1865/1865/1472 1866/1866/1644
f 1868/1868/1645 1866/1866/1644 1869/1869/1646
f 1870/1870/1647 1871/1871/1648 1872/1872/1649
f 1871/1871/1648 1873/1873/1650 1872/1872/1649
f 1871/1871/1648 1874/1874/1651 1873/1873/1650
f 1874/1874/1651 1875/1875/1652 1873/1873/1650
f 1876/1876/1653 1875/1875/1652 1874/1874/1651
f 1876/1876/1653 1874/1874/1651 1877/1877/1654
f 1878/1878/1655 1875/1875/1652 1876/1876/1653
f 1879/1879/1656 1878/1878/1655 1876/1876/1653
f 1876/1876/1653 1877/1877/1654 1880/1880/1657
f 1879/1879/1656 1876/1876/1653 1881/1881/1658
f 1881/1881/1658 1876/1876/1653 1880/1880/1657
f 1881/1881/1658 1880/1880/1657 1882/1882/1659
f 1881/1881/1658 1882/1882/1659 1883/1883/1660
f 1884/1884/1661 1879/1879/1656 1881/1881/1658
f 1884/1884/1661 1881/1881/1658 1883/1883/1660
f 1884/1884/1661 1883/1883/1660 1885/1885/1662
f 1886/1886/1663 1885/1885/1662 1883/1883/1660
f 1884/1884/1661 1885/1885/1662 1887/1887/1664
f 1885/1885/1662 1888/1888/1665 1887/1887/1664
f 1885/1885/1662 1886/1886/1663 1889/1889/1666
f 1885/1885/1662 1890/1890/1667 1888/1888/1665
f 1885/1885/1662 1889/1889/1666 1890/1890/1667
f 1890/1890/1667 1889/1889/1666 1891/1891/1668
f 1892/1892/1669 1890/1890/1667 1891/1891/1668
f 1892/1892/1669 1893/1893/1670 1890/1890/1667
f 1892/1892/1669 1891/1891/1668 1894/1894/1671
f 1894/1894/1671 1893/1893/1670 1892/1892/1669
f 1895/1895/1672 1893/1893/1670 1894/1894/1671
f 1896/1896/1673 1894/1894/1671 1897/1897/1674
f 1896/1896/1673 1895/1895/1672 1894/1894/1671
f 1896/1896/1673 1898/1898/1675 1895/1895/1672
f 1899/1899/1676 1895/1895/1672 1898/1898/1675
f 1898/1898/1675 1896/1896/1673 1900/1900/1677
f 1900/1900/1677 1896/1896/1673 1901/1901/1678
f 1902/1902/1679 1903/1903/1680 1904/1904/1681
f 1903/1903/1680 1902/1902/1679 1905/1905/1284
f 1906/1906/1682 1907/1907/1683 1908/1908/1684
f 1909/1909/1130 1910/1910/1685 1906/1906/1682
f 1902/1902/1679 1911/1911/1686 1905/1905/1284
f 1912/1912/1687 1911/1911/1686 1902/1902/1679
f 1913/1913/1688 1907/1907/1683 1906/1906/1682
f 1914/1914/1286 1905/1905/1284 1911/1911/1686
f 1911/1911/1686 1912/1912/1687 1915/1915/1689
f 1914/1914/1286 1906/1906/1682 1910/1910/1685
f 1914/1914/1286 1911/1911/1686 1916/1916/1690
f 1913/1913/1688 1906/1906/1682 1917/1917/1153
f 1917/1917/1153 1906/1906/1682 1914/1914/1286
f 1915/1915/1689 1918/1918/1691 1911/1911/1686
f 1918/1918/1691 1916/1916/1690 1911/1911/1686
f 1917/1917/1153 1914/1914/1286 1919/1919/1692
f 1917/1917/1153 1919/1919/1692 1920/1920/1693
f 1916/1916/1690 1919/1919/1692 1914/1914/1286
f 1921/1921/1694 1916/1916/1690 1918/1918/1691
f 1917/1917/1153 1920/1920/1693 1922/1922/1695
f 1921/1921/1694 1923/1923/1696 1916/1916/1690
f 1919/1919/1692 1916/1916/1690 1923/1923/1696
f 1922/1922/1695 1924/1924/1697 1925/1925/1159
f 1922/1922/1695 1920/1920/1693 1924/1924/1697
f 1920/1920/1693 1919/1919/1692 1926/1926/1698
f 1926/1926/1698 1924/1924/1697 1920/1920/1693
f 1923/1923/1696 1921/1921/1694 1927/1927/1699
f 1924/1924/1697 1926/1926/1698 1928/1928/1700
f 1925/1925/1159 1924/1924/1697 1929/1929/1165
f 1926/1926/1698 1919/1919/1692 1930/1930/1701
f 1924/1924/1697 1928/1928/1700 1929/1929/1165
f 1930/1930/1701 1928/1928/1700 1926/1926/1698
f 1929/1929/1165 1928/1928/1700 1931/1931/1702
f 1932/1932/1703 1928/1928/1700 1930/1930/1701
f 1933/1933/1704 1928/1928/1700 1932/1932/1703
f 1928/1928/1700 1934/1934/1705 1931/1931/1702
f 1933/1933/1704 1934/1934/1705 1928/1928/1700
f 1935/1935/1706 1936/1936/1707 1937/1937/1708
f 1938/1938/1709 1935/1935/1706 1939/1939/1710
f 1938/1938/1709 1936/1936/1707 1935/1935/1706
f 1939/1939/1710 1940/1940/1419 1938/1938/1709
f 1936/1936/1707 1941/1941/1711 1937/1937/1708
f 1938/1938/1709 1942/1942/1425 1936/1936/1707
f 1936/1936/1707 1942/1942/1425 1941/1941/1711
f 1941/1941/1711 1943/1943/1712 1944/1944/1713
f 1941/1941/1711 1942/1942/1425 1943/1943/1712
f 1943/1943/1712 1942/1942/1425 1945/1945/1714
f 1944/1944/1713 1943/1943/1712 1946/1946/1715
f 1943/1943/1712 1945/1945/1714 1947/1947/1716
f 1946/1946/1715 1943/1943/1712 1947/1947/1716
f 1948/1948/1717 1946/1946/1715 1947/1947/1716
f 1946/1946/1715 1948/1948/1717 1949/1949/1441
f 1946/1946/1715 1949/1949/1441 1950/1950/1718
f 1951/1951/1719 1950/1950/1718 1949/1949/1441
f 1951/1951/1719 1949/1949/1441 1952/1952/1720
f 1951/1951/1719 1952/1952/1720 1953/1953/1721
f 1954/1954/1722 1951/1951/1719 1953/1953/1721
f 1953/1953/1721 1952/1952/1720 1955/1955/1723
f 1955/1955/1723 1952/1952/1720 1956/1956/1724
f 1954/1954/1722 1953/1953/1721 1955/1955/1723
f 1954/1954/1722 1955/1955/1723 1957/1957/1725
f 1958/1958/1726 1959/1959/1727 1960/1960/1728
f 1955/1955/1723 1959/1959/1727 1957/1957/1725
f 1957/1957/1725 1959/1959/1727 1958/1958/1726
f 1961/1961/1729 1962/1962/1730 1963/1963/1731
f 1964/1964/1479 1961/1961/1729 1963/1963/1731
f 1961/1961/1729 1964/1964/1479 1965/1965/1732
f 1966/1966/1733 1962/1962/1730 1961/1961/1729
f 1967/1967/1734 1962/1962/1730 1966/1966/1733
f 1961/1961/1729 1965/1965/1732 1966/1966/1733
f 1968/1968/1735 1969/1969/1736 1967/1967/1734
f 1965/1965/1732 1970/1970/1737 1966/1966/1733
f 1968/1968/1735 1967/1967/1734 1966/1966/1733
f 1968/1968/1735 1966/1966/1733 1970/1970/1737
f 1968/1968/1735 1971/1971/1738 1969/1969/1736
f 1971/1971/1738 1968/1968/1735 1970/1970/1737
f 1969/1969/1736 1971/1971/1738 1972/1972/1739
f 1972/1972/1739 1971/1971/1738 1973/1973/1740
f 1974/1974/1488 1971/1971/1738 1975/1975/1741
f 1973/1973/1740 1971/1971/1738 1974/1974/1488
f 1976/1976/1742 1972/1972/1739 1973/1973/1740
f 1977/1977/1743 1973/1973/1740 1974/1974/1488
f 1977/1977/1743 1974/1974/1488 1978/1978/1744
f 1973/1973/1740 1977/1977/1743 1976/1976/1742
f 1977/1977/1743 1979/1979/1745 1976/1976/1742
f 1980/1980/1746 1979/1979/1745 1977/1977/1743
f 1981/1981/1747 1979/1979/1745 1980/1980/1746
f 1981/1981/1747 1982/1982/1748 1979/1979/1745
f 1981/1981/1747 1980/1980/1746 1983/1983/1749
f 1984/1984/1750 1981/1981/1747 1983/1983/1749
f 1984/1984/1750 1983/1983/1749 1985/1985/1751
f 1984/1984/1750 1982/1982/1748 1981/1981/1747
f 1982/1982/1748 1984/1984/1750 1986/1986/1752
f 1985/1985/1751 1987/1987/1753 1984/1984/1750
f 1987/1987/1753 1985/1985/1751 1988/1988/1498
f 1986/1986/1752 1984/1984/1750 1989/1989/1754
f 1984/1984/1750 1987/1987/1753 1989/1989/1754
f 1990/1990/1755 1987/1987/1753 1988/1988/1498
f 1991/1991/1756 1989/1989/1754 1987/1987/1753
f 1991/1991/1756 1987/1987/1753 1990/1990/1755
f 1992/1992/1757 1993/1993/1758 1990/1990/1755
f 1991/1991/1756 1990/1990/1755 1993/1993/1758
f 1994/1994/1759 1991/1991/1756 1993/1993/1758
f 1993/1993/1758 1992/1992/1757 1995/1995/1760
f 1996/1996/1761 1997/1997/1762 1998/1998/1763
f 1999/1999/1576 1996/1996/1761 1998/1998/1763
f 2000/2000/1764 1996/1996/1761 1999/1999/1576
f 2001/2001/1577 2000/2000/1764 1999/1999/1576
f 2001/2001/1577 2002/2002/1765 2000/2000/1764
f 2000/2000/1764 2002/2002/1765 2003/2003/1557
f 2003/2003/1557 2004/2004/1588 2005/2005/1766
f 2004/2004/1588 2003/2003/1557 2002/2002/1765
f 2006/2006/1767 2005/2005/1766 2004/2004/1588
f 2004/2004/1588 2007/2007/1768 2006/2006/1767
f 2008/2008/1769 2006/2006/1767 2007/2007/1768
f 2006/2006/1767 2008/2008/1769 2009/2009/1770
f 2008/2008/1769 2007/2007/1768 2010/2010/1771
f 2011/2011/1419 2012/2012/1772 2013/2013/1773
f 2013/2013/1773 2014/2014/1774 2011/2011/1419
f 2013/2013/1773 2015/2015/1775 2016/2016/1776
f 2014/2014/1774 2013/2013/1773 2016/2016/1776
f 2016/2016/1776 2015/2015/1775 2017/2017/1777
f 2014/2014/1774 2016/2016/1776 2018/2018/1778
f 2016/2016/1776 2017/2017/1777 2018/2018/1778
f 2019/2019/1779 2017/2017/1777 2015/2015/1775
f 2020/2020/1435 2018/2018/1778 2017/2017/1777
f 2017/2017/1777 2019/2019/1779 2020/2020/1435
f 2020/2020/1435 2019/2019/1779 2021/2021/1780
f 2022/2022/1781 2021/2021/1780 2019/2019/1779
f 2023/2023/1442 2021/2021/1780 2022/2022/1781
f 2022/2022/1781 2024/2024/1782 2023/2023/1442
f 2023/2023/1442 2024/2024/1782 2025/2025/1783
f 2025/2025/1783 2026/2026/1784 2023/2023/1442
f 2027/2027/1785 2025/2025/1783 2024/2024/1782
f 2026/2026/1784 2025/2025/1783 2028/2028/1786
f 2029/2029/1787 2030/2030/1788 2031/2031/1789
f 2032/2032/1790 2028/2028/1786 2025/2025/1783
f 2025/2025/1783 2027/2027/1785 2032/2032/1790
f 2029/2029/1787 2031/2031/1789 2033/2033/1791
f 2034/2034/1792 2028/2028/1786 2035/2035/1793
f 2032/2032/1790 2035/2035/1793 2028/2028/1786
f 2033/2033/1791 2031/2031/1789 2036/2036/1794
f 2037/2037/1795 2035/2035/1793 2032/2032/1790
f 2038/2038/1796 2033/2033/1791 2036/2036/1794
f 2035/2035/1793 2039/2039/1797 2034/2034/1792
f 2034/2034/1792 2039/2039/1797 2040/2040/1798
f 2035/2035/1793 2037/2037/1795 2039/2039/1797
f 2038/2038/1796 2041/2041/1799 2033/2033/1791
f 2040/2040/1798 2039/2039/1797 2042/2042/1800
f 2040/2040/1798 2043/2043/1801 2038/2038/1796
f 2043/2043/1801 2040/2040/1798 2042/2042/1800
f 2037/2037/1795 2042/2042/1800 2039/2039/1797
f 2043/2043/1801 2041/2041/1799 2038/2038/1796
f 2044/2044/1802 2045/2045/1803 2046/2046/1567
f 2047/2047/1573 2048/2048/1804 2044/2044/1802
f 2045/2045/1803 2044/2044/1802 2048/2048/1804
f 2045/2045/1803 2049/2049/1805 2050/2050/1603
f 2051/2051/1806 2045/2045/1803 2048/2048/1804
f 2049/2049/1805 2045/2045/1803 2051/2051/1806
f 2052/2052/1807 2050/2050/1603 2049/2049/1805
f 2052/2052/1807 2053/2053/1808 2050/2050/1603
f 2054/2054/1809 2049/2049/1805 2051/2051/1806
f 2052/2052/1807 2049/2049/1805 2054/2054/1809
f 2052/2052/1807 2054/2054/1809 2055/2055/1810
f 2055/2055/1810 2054/2054/1809 2056/2056/1811
f 2055/2055/1810 2057/2057/1812 2058/2058/1813
f 2055/2055/1810 2056/2056/1811 2057/2057/1812
f 2059/2059/1814 2057/2057/1812 2056/2056/1811
f 2060/2060/1815 2058/2058/1813 2057/2057/1812
f 2061/2061/1816 2060/2060/1815 2057/2057/1812
f 2060/2060/1815 2061/2061/1816 2062/2062/1817
f 2062/2062/1817 2063/2063/1818 2060/2060/1815
f 2064/2064/1819 2062/2062/1817 2061/2061/1816
f 2065/2065/1820 2066/2066/1821 2067/2067/1822
f 2065/2065/1820 2068/2068/1423 2069/2069/1823
f 2069/2069/1823 2066/2066/1821 2065/2065/1820
f 2068/2068/1423 2070/2070/1824 2069/2069/1823
f 2069/2069/1823 2071/2071/1825 2066/2066/1821
f 2072/2072/1826 2069/2069/1823 2070/2070/1824
f 2073/2073/1827 2072/2072/1826 2070/2070/1824
f 2069/2069/1823 2072/2072/1826 2071/2071/1825
f 2074/2074/1828 2072/2072/1826 2073/2073/1827
f 2074/2074/1828 2075/2075/1829 2072/2072/1826
f 2075/2075/1829 2074/2074/1828 2076/2076/1830
f 2075/2075/1829 2077/2077/1831 2072/2072/1826
f 2078/2078/1832 2077/2077/1831 2075/2075/1829
f 2075/2075/1829 2076/2076/1830 2078/2078/1832
f 2078/2078/1832 2076/2076/1830 2079/2079/1833
f 2079/2079/1833 2080/2080/1834 2078/2078/1832
f 2076/2076/1830 2081/2081/1835 2079/2079/1833
f 2079/2079/1833 2082/2082/1836 2080/2080/1834
f 2079/2079/1833 2083/2083/1837 2082/2082/1836
f 2084/2084/1838 2082/2082/1836 2083/2083/1837
f 2079/2079/1833 2081/2081/1835 2083/2083/1837
f 2085/2085/1839 2083/2083/1837 2081/2081/1835
f 2086/2086/1840 2084/2084/1838 2087/2087/1841
f 2087/2087/1841 2084/2084/1838 2083/2083/1837
f 2085/2085/1839 2087/2087/1841 2083/2083/1837
f 2085/2085/1839 2088/2088/1842 2087/2087/1841
f 2086/2086/1840 2087/2087/1841 2088/2088/1842
f 2089/2089/1843 2090/2090/1844 2091/2091/1845
f 2089/2089/1843 2092/2092/1846 2090/2090/1844
f 2093/2093/1847 2091/2091/1845 2094/2094/1848
f 2091/2091/1845 2090/2090/1844 2094/2094/1848
f 2093/2093/1847 2094/2094/1848 2095/2095/1849
f 2096/2096/1850 2097/2097/1851 2098/2098/1852
f 2092/2092/1846 2098/2098/1852 2097/2097/1851
f 2096/2096/1850 2099/2099/1808 2100/2100/1853
f 2101/2101/1854 2100/2100/1853 2099/2099/1808
f 2102/2102/1855 2101/2101/1854 2099/2099/1808
f 2103/2103/1856 2097/2097/1851 2096/2096/1850
f 2094/2094/1848 2090/2090/1844 2104/2104/1857
f 2092/2092/1846 2097/2097/1851 2105/2105/1858
f 2105/2105/1858 2097/2097/1851 2103/2103/1856
f 2103/2103/1856 2096/2096/1850 2100/2100/1853
f 2090/2090/1844 2092/2092/1846 2104/2104/1857
f 2095/2095/1849 2094/2094/1848 2106/2106/1859
f 2107/2107/1860 2095/2095/1849 2106/2106/1859
f 2104/2104/1857 2092/2092/1846 2105/2105/1858
f 2108/2108/1861 2105/2105/1858 2103/2103/1856
f 2100/2100/1853 2108/2108/1861 2103/2103/1856
f 2109/2109/1862 2100/2100/1853 2101/2101/1854
f 2110/2110/1863 2107/2107/1860 2106/2106/1859
f 2111/2111/1864 2109/2109/1862 2101/2101/1854
f 2109/2109/1862 2108/2108/1861 2100/2100/1853
f 2108/2108/1861 2112/2112/1865 2105/2105/1858
f 2094/2094/1848 2104/2104/1857 2106/2106/1859
f 2104/2104/1857 2105/2105/1858 2113/2113/1866
f 2114/2114/1867 2112/2112/1865 2108/2108/1861
f 2109/2109/1862 2114/2114/1867 2108/2108/1861
f 2104/2104/1857 2113/2113/1866 2115/2115/1868
f 2106/2106/1859 2104/2104/1857 2116/2116/1869
f 2109/2109/1862 2111/2111/1864 2117/2117/1870
f 2106/2106/1859 2116/2116/1869 2110/2110/1863
f 2113/2113/1866 2105/2105/1858 2112/2112/1865
f 2109/2109/1862 2117/2117/1870 2118/2118/1871
f 2118/2118/1871 2114/2114/1867 2109/2109/1862
f 2118/2118/1871 2112/2112/1865 2114/2114/1867
f 2104/2104/1857 2115/2115/1868 2119/2119/1872
f 2116/2116/1869 2120/2120/1873 2110/2110/1863
f 2116/2116/1869 2104/2104/1857 2119/2119/1872
f 2121/2121/1874 2112/2112/1865 2118/2118/1871
f 2122/2122/1818 2118/2118/1871 2117/2117/1870
f 2113/2113/1866 2112/2112/1865 2121/2121/1874
f 2116/2116/1869 2119/2119/1872 2120/2120/1873
f 2119/2119/1872 2115/2115/1868 2123/2123/1875
f 2119/2119/1872 2123/2123/1875 2120/2120/1873
f 2115/2115/1868 2113/2113/1866 2124/2124/1876
f 2113/2113/1866 2121/2121/1874 2124/2124/1876
f 2125/2125/1877 2126/2126/1878 2127/2127/1874
f 2122/2122/1818 2121/2121/1874 2118/2118/1871
f 2128/2128/1878 2124/2124/1876 2121/2121/1874
f 2126/2126/1878 2125/2125/1877 2129/2129/1879
f 2122/2122/1818 2130/2130/1880 2121/2121/1874
f 2131/2131/1881 2132/2132/1882 2126/2126/1878
f 2132/2132/1882 2133/2133/1883 2126/2126/1878
f 2128/2128/1878 2134/2134/1884 2124/2124/1876
f 2135/2135/1885 2136/2136/1886 2137/2137/1887
f 2123/2123/1875 2115/2115/1868 2124/2124/1876
f 2129/2129/1879 2131/2131/1881 2126/2126/1878
f 2129/2129/1879 2132/2132/1882 2138/2138/1888
f 2134/2134/1884 2139/2139/1889 2124/2124/1876
f 2140/2140/1890 2135/2135/1885 2133/2133/1883
f 2141/2141/1891 2136/2136/1886 2135/2135/1885
f 2140/2140/1890 2141/2141/1891 2135/2135/1885
f 2133/2133/1883 2132/2132/1882 2140/2140/1890
f 2142/2142/1892 2123/2123/1875 2124/2124/1876
f 2129/2129/1879 2140/2140/1890 2132/2132/1882
f 2143/2143/1893 2144/2144/1894 2145/2145/1891
f 2136/2136/1895 2140/2140/1890 2146/2146/1896
f 2130/2130/1880 2147/2147/1877 2121/2121/1874
f 2148/2148/1897 2136/2136/1895 2146/2146/1896
f 2129/2129/1879 2146/2146/1896 2140/2140/1890
f 2125/2125/1877 2146/2146/1896 2129/2129/1879
f 2149/2149/1898 2125/2125/1877 2150/2150/1899
f 2148/2148/1897 2146/2146/1896 2151/2151/1900
f 2146/2146/1896 2125/2125/1877 2149/2149/1898
f 2149/2149/1898 2151/2151/1900 2146/2146/1896
f 2152/2152/514 2153/2153/505 2154/2154/1901
f 2152/2152/514 2155/2155/1902 2153/2153/505
f 2155/2155/1902 2156/2156/508 2153/2153/505
f 2157/2157/1903 2155/2155/1902 2152/2152/514
f 2155/2155/1902 2158/2158/1904 2159/2159/1905
f 2157/2157/1903 2160/2160/1906 2155/2155/1902
f 2160/2160/1906 2158/2158/1904 2155/2155/1902
f 2158/2158/1904 2160/2160/1906 2161/2161/1907
f 2162/2162/1908 2163/2163/1909 2164/2164/511
f 2157/2157/1903 2163/2163/1909 2160/2160/1906
f 2163/2163/1909 2162/2162/1908 2165/2165/1910
f 2165/2165/1910 2160/2160/1906 2163/2163/1909
f 2166/2166/1911 2167/2167/1912 2165/2165/1910
f 2165/2165/1910 2161/2161/1907 2160/2160/1906
f 2161/2161/1907 2165/2165/1910 2168/2168/1913
f 2169/2169/1914 2165/2165/1910 2167/2167/1912
f 2170/2170/1915 2169/2169/1914 2167/2167/1912
f 2168/2168/1913 2165/2165/1910 2171/2171/1916
f 2165/2165/1910 2169/2169/1914 2171/2171/1916
f 2172/2172/1917 2169/2169/1914 2170/2170/1915
f 2173/2173/1918 2168/2168/1913 2171/2171/1916
f 2174/2174/539 2172/2172/1917 2170/2170/1915
f 2173/2173/1918 2175/2175/1919 2168/2168/1913
f 2169/2169/1914 2172/2172/1917 2176/2176/1920
f 2177/2177/1921 2169/2169/1914 2176/2176/1920
f 2177/2177/1921 2173/2173/1918 2171/2171/1916
f 2169/2169/1914 2177/2177/1921 2171/2171/1916
f 2173/2173/1918 2178/2178/1922 2175/2175/1919
f 2179/2179/544 2176/2176/1920 2172/2172/1917
f 2179/2179/544 2172/2172/1917 2174/2174/539
f 2173/2173/1918 2177/2177/1921 2178/2178/1922
f 2175/2175/1919 2178/2178/1922 2180/2180/1923
f 2181/2181/1924 2176/2176/1920 2179/2179/544
f 2182/2182/549 2181/2181/1924 2179/2179/544
f 2178/2178/1922 2183/2183/1925 2180/2180/1923
f 2178/2178/1922 2177/2177/1921 2183/2183/1925
f 2183/2183/1925 2184/2184/1926 2180/2180/1923
f 2182/2182/549 2185/2185/1927 2181/2181/1924
f 2186/2186/1928 2184/2184/1926 2183/2183/1925
f 2186/2186/1928 2187/2187/1726 2184/2184/1926
f 2188/2188/1618 2189/2189/1929 2190/2190/1930
f 2190/2190/1930 2189/2189/1929 2191/2191/1931
f 2188/2188/1618 2190/2190/1930 2192/2192/1622
f 2193/2193/1623 2190/2190/1930 2191/2191/1931
f 2193/2193/1623 2191/2191/1931 2194/2194/1932
f 2195/2195/1933 2196/2196/1622 2197/2197/1934
f 2194/2194/1932 2192/2192/1622 2193/2193/1623
f 2188/2188/1618 2192/2192/1622 2194/2194/1932
f 2198/2198/1624 2188/2188/1618 2194/2194/1932
f 2199/2199/1620 2194/2194/1932 2191/2191/1931
f 2199/2199/1620 2200/2200/1935 2194/2194/1932
f 2201/2201/1936 2202/2202/1620 2203/2203/1937
f 2204/2204/1938 2205/2205/1624 2206/2206/1939
f 2207/2207/1940 2204/2204/1938 2206/2206/1939
f 2208/2208/1941 2200/2200/1935 2209/2209/1937
f 2208/2208/1941 2194/2194/1932 2200/2200/1935
f 2208/2208/1941 2198/2198/1624 2194/2194/1932
f 2210/2210/1942 2211/2211/1943 2212/2212/1398
f 2210/2210/1942 2213/2213/1944 2211/2211/1943
f 2214/2214/1401 2213/2213/1944 2210/2210/1942
f 2213/2213/1944 2214/2214/1401 2215/2215/1945
f 2215/2215/1945 2216/2216/1946 2213/2213/1944
f 2217/2217/1947 2216/2216/1946 2215/2215/1945
f 2218/2218/1948 2215/2215/1945 2214/2214/1401
f 2219/2219/1949 2217/2217/1947 2215/2215/1945
f 2218/2218/1948 2220/2220/1950 2215/2215/1945
f 2215/2215/1945 2220/2220/1950 2219/2219/1949
f 2220/2220/1950 2218/2218/1948 2221/2221/1408
f 2220/2220/1950 2222/2222/1951 2219/2219/1949
f 2220/2220/1950 2221/2221/1408 2223/2223/1952
f 2220/2220/1950 2223/2223/1952 2222/2222/1951
f 2224/2224/1953 2222/2222/1951 2223/2223/1952
f 2221/2221/1408 2225/2225/1410 2223/2223/1952
f 2226/2226/1954 2223/2223/1952 2225/2225/1410
f 2224/2224/1953 2223/2223/1952 2227/2227/1955
f 2226/2226/1954 2228/2228/1956 2223/2223/1952
f 2229/2229/1414 2228/2228/1956 2226/2226/1954
f 2223/2223/1952 2228/2228/1956 2227/2227/1955
f 2228/2228/1956 2229/2229/1414 2230/2230/1957
f 2228/2228/1956 2230/2230/1957 2227/2227/1955
f 2231/2231/1614 2232/2232/1958 2233/2233/1580
f 2234/2234/1959 2235/2235/1960 2236/2236/1937
f 2237/2237/1620 2234/2234/1959 2236/2236/1937
f 2238/2238/1961 2239/2239/1962 2240/2240/1963
f 2241/2241/1964 2242/2242/1961 2243/2243/1965
f 2244/2244/1937 2245/2245/1614 2246/2246/1966
f 2231/2231/1614 2247/2247/1587 2232/2232/1958
f 2236/2236/1937 2235/2235/1960 2248/2248/1967
f 2236/2236/1937 2248/2248/1967 2231/2231/1614
f 2231/2231/1614 2248/2248/1967 2247/2247/1587
f 2247/2247/1587 2248/2248/1967 2249/2249/1968
f 2249/2249/1968 2248/2248/1967 2250/2250/1969
f 2249/2249/1968 2251/2251/1970 2247/2247/1587
f 2251/2251/1970 2252/2252/1971 2247/2247/1587
f 2249/2249/1968 2250/2250/1969 2253/2253/1972
f 2251/2251/1970 2249/2249/1968 2253/2253/1972
f 2252/2252/1971 2251/2251/1970 2254/2254/1973
f 2253/2253/1972 2255/2255/1974 2251/2251/1970
f 2256/2256/1975 2253/2253/1972 2250/2250/1969
f 2253/2253/1972 2257/2257/1976 2255/2255/1974
f 2251/2251/1970 2255/2255/1974 2254/2254/1973
f 2257/2257/1976 2253/2253/1972 2256/2256/1975
f 2258/2258/1977 2255/2255/1974 2257/2257/1976
f 2259/2259/1978 2257/2257/1976 2256/2256/1975
f 2260/2260/1979 2254/2254/1973 2255/2255/1974
f 2257/2257/1976 2259/2259/1978 2258/2258/1977
f 2259/2259/1978 2256/2256/1975 2261/2261/1980
f 2258/2258/1977 2259/2259/1978 2262/2262/1981
f 2263/2263/1982 2259/2259/1978 2261/2261/1980
f 2264/2264/1983 2255/2255/1974 2258/2258/1977
f 2260/2260/1979 2255/2255/1974 2264/2264/1983
f 2263/2263/1982 2265/2265/1984 2259/2259/1978
f 2266/2266/1985 2263/2263/1982 2261/2261/1980
f 2266/2266/1985 2267/2267/1986 2263/2263/1982
f 2264/2264/1983 2258/2258/1977 2268/2268/1987
f 2269/2269/1988 2270/2270/1886 2267/2267/1986
f 2269/2269/1988 2267/2267/1986 2266/2266/1985
f 2263/2263/1982 2270/2270/1886 2265/2265/1984
f 2258/2258/1977 2262/2262/1981 2268/2268/1987
f 2259/2259/1978 2265/2265/1984 2262/2262/1981
f 2264/2264/1983 2268/2268/1987 2271/2271/1989
f 2268/2268/1987 2262/2262/1981 2271/2271/1989
f 2262/2262/1981 2272/2272/1900 2271/2271/1989
f 2262/2262/1981 2265/2265/1984 2272/2272/1900
f 2273/2273/1911 2274/2274/1990 2275/2275/1909
f 2276/2276/1991 2274/2274/1990 2273/2273/1911
f 2277/2277/1992 2276/2276/1991 2273/2273/1911
f 2278/2278/1993 2277/2277/1992 2273/2273/1911
f 2279/2279/1994 2280/2280/1909 2281/2281/1995
f 2282/2282/527 2279/2279/1994 2281/2281/1995
f 2283/2283/1560 2284/2284/1266 2285/2285/1996
f 2285/2285/1996 2286/2286/1997 2283/2283/1560
f 2286/2286/1997 2285/2285/1996 2287/2287/1998
f 2287/2287/1998 2288/2288/1999 2286/2286/1997
f 2288/2288/1999 2287/2287/1998 2289/2289/2000
f 2290/2290/2001 2289/2289/2000 2287/2287/1998
f 2289/2289/2000 2291/2291/2002 2288/2288/1999
f 2289/2289/2000 2292/2292/2003 2291/2291/2002
f 2293/2293/2004 2289/2289/2000 2290/2290/2001
f 2289/2289/2000 2293/2293/2004 2292/2292/2003
f 2294/2294/2005 2295/2295/2006 2296/2296/2007
f 2297/2297/2008 2292/2292/2003 2293/2293/2004
f 2298/2298/2009 2294/2294/2005 2296/2296/2007
f 2299/2299/2010 2300/2300/2011 2298/2298/2009
f 2298/2298/2009 2300/2300/2011 2294/2294/2005
f 2300/2300/2011 2301/2301/2012 2294/2294/2005
f 2299/2299/2010 2302/2302/2013 2300/2300/2011
f 2302/2302/2013 2292/2292/2003 2297/2297/2008
f 2302/2302/2013 2297/2297/2008 2303/2303/2014
f 2304/2304/2015 2301/2301/2012 2300/2300/2011
f 2304/2304/2015 2300/2300/2011 2302/2302/2013
f 2303/2303/2014 2304/2304/2015 2302/2302/2013
f 2305/2305/2016 2306/2306/2017 2307/2307/2018
f 2305/2305/2016 2307/2307/2018 2308/2308/2019
f 2309/2309/1094 2308/2308/2019 2307/2307/2018
f 2310/2310/2020 2307/2307/2018 2306/2306/2017
f 2309/2309/1094 2307/2307/2018 2310/2310/2020
f 2311/2311/1442 2312/2312/2021 2313/2313/2022
f 2310/2310/2020 2314/2314/2023 2309/2309/1094
f 2310/2310/2020 2315/2315/2024 2314/2314/2023
f 2316/2316/2025 2313/2313/2022 2312/2312/2021
f 2315/2315/2024 2317/2317/1789 2314/2314/2023
f 2316/2316/2025 2312/2312/2021 2318/2318/2026
f 2318/2318/2026 2319/2319/2027 2316/2316/2025
f 2320/2320/2028 2317/2317/1789 2315/2315/2024
f 2318/2318/2026 2321/2321/2029 2319/2319/2027
f 2316/2316/2025 2319/2319/2027 2322/2322/2030
f 2317/2317/1789 2320/2320/2028 2323/2323/1794
f 2324/2324/1796 2323/2323/1794 2325/2325/2031
f 2320/2320/2028 2325/2325/2031 2323/2323/1794
f 2326/2326/1798 2319/2319/2027 2321/2321/2029
f 2322/2322/2030 2319/2319/2027 2327/2327/2032
f 2326/2326/1798 2324/2324/1796 2328/2328/2033
f 2325/2325/2031 2328/2328/2033 2324/2324/1796
f 2329/2329/2034 2325/2325/2031 2320/2320/2028
f 2319/2319/2027 2326/2326/1798 2327/2327/2032
f 2325/2325/2031 2329/2329/2034 2328/2328/2033
f 2328/2328/2033 2327/2327/2032 2326/2326/1798
f 2327/2327/2032 2328/2328/2033 2330/2330/2035
f 2328/2328/2033 2329/2329/2034 2330/2330/2035
f 2331/2331/2036 2332/2332/1238 2333/2333/2037
f 2331/2331/2036 2334/2334/2038 2332/2332/1238
f 2335/2335/2039 2334/2334/2038 2331/2331/2036
f 2336/2336/2040 2331/2331/2036 2337/2337/2041
f 2331/2331/2036 2338/2338/2042 2335/2335/2039
f 2331/2331/2036 2336/2336/2040 2338/2338/2042
f 2335/2335/2039 2338/2338/2042 2339/2339/2043
f 2340/2340/2044 2338/2338/2042 2336/2336/2040
f 2340/2340/2044 2341/2341/2045 2338/2338/2042
f 2339/2339/2043 2338/2338/2042 2341/2341/2045
f 2341/2341/2045 2342/2342/2046 2339/2339/2043
f 2342/2342/2046 2343/2343/2047 2339/2339/2043
f 2341/2341/2045 2340/2340/2044 2344/2344/2048
f 2344/2344/2048 2342/2342/2046 2341/2341/2045
f 2344/2344/2048 2340/2340/2044 2345/2345/2049
f 2342/2342/2046 2346/2346/2050 2343/2343/2047
f 2342/2342/2046 2344/2344/2048 2346/2346/2050
f 2344/2344/2048 2345/2345/2049 2347/2347/2051
f 2346/2346/2050 2344/2344/2048 2347/2347/2051
f 2348/2348/2052 2349/2349/2053 2350/2350/2054
f 2345/2345/2049 2351/2351/2055 2352/2352/2056
f 2352/2352/2056 2347/2347/2051 2345/2345/2049
f 2346/2346/2050 2347/2347/2051 2353/2353/2057
f 2352/2352/2056 2353/2353/2057 2347/2347/2051
f 2345/2345/2049 2354/2354/2058 2351/2351/2055
f 2354/2354/2058 2355/2355/2059 2351/2351/2055
f 2351/2351/2055 2355/2355/2059 2352/2352/2056
f 2350/2350/2054 2355/2355/2059 2354/2354/2058
f 2350/2350/2054 2349/2349/2053 2355/2355/2059
f 2352/2352/2056 2355/2355/2059 2356/2356/2060
f 2356/2356/2060 2353/2353/2057 2352/2352/2056
f 2357/2357/2061 2349/2349/2053 2358/2358/2062
f 2349/2349/2053 2357/2357/2061 2359/2359/2063
f 2349/2349/2053 2359/2359/2063 2355/2355/2059
f 2356/2356/2060 2355/2355/2059 2359/2359/2063
f 2360/2360/2064 2361/2361/531 2362/2362/2065
f 2361/2361/531 2360/2360/2064 2363/2363/2066
f 2363/2363/2066 2360/2360/2064 2364/2364/2067
f 2361/2361/531 2363/2363/2066 2365/2365/2068
f 2366/2366/2069 2361/2361/531 2365/2365/2068
f 2363/2363/2066 2364/2364/2067 2365/2365/2068
f 2367/2367/2070 2365/2365/2068 2364/2364/2067
f 2365/2365/2068 2367/2367/2070 2366/2366/2069
f 2368/2368/2071 2367/2367/2070 2369/2369/2072
f 2368/2368/2071 2366/2366/2069 2367/2367/2070
f 2370/2370/551 2366/2366/2069 2368/2368/2071
f 2369/2369/2072 2370/2370/551 2368/2368/2071
f 2371/2371/2073 2372/2372/2074 2373/2373/2075
f 2372/2372/2074 2374/2374/2076 2373/2373/2075
f 2370/2370/551 2369/2369/2072 2375/2375/2077
f 2375/2375/2077 2369/2369/2072 2376/2376/2078
f 2377/2377/554 2372/2372/2074 2371/2371/2073
f 2374/2374/2076 2372/2372/2074 2375/2375/2077
f 2375/2375/2077 2376/2376/2078 2374/2374/2076
f 2375/2375/2077 2378/2378/560 2370/2370/551
f 2375/2375/2077 2372/2372/2074 2379/2379/2079
f 2378/2378/560 2375/2375/2077 2379/2379/2079
f 2377/2377/554 2379/2379/2079 2372/2372/2074
f 2380/2380/2080 2381/2381/2081 2382/2382/2082
f 2380/2380/2080 2382/2382/2082 2383/2383/2083
f 2384/2384/2084 2385/2385/1158 2386/2386/2085
f 2387/2387/2086 2385/2385/1158 2384/2384/2084
f 2384/2384/2084 2386/2386/2085 2388/2388/1164
f 2380/2380/2080 2383/2383/2083 2389/2389/1701
f 2390/2390/1169 2387/2387/2086 2384/2384/2084
f 2390/2390/1169 2384/2384/2084 2388/2388/1164
f 2383/2383/2083 2391/2391/2087 2389/2389/1701
f 2382/2382/2082 2391/2391/2087 2383/2383/2083
f 2392/2392/1703 2389/2389/1701 2391/2391/2087
f 2391/2391/2087 2382/2382/2082 2393/2393/2088
f 2394/2394/1523 2395/2395/2089 2396/2396/2090
f 2397/2397/2091 2395/2395/2089 2387/2387/2086
f 2398/2398/2092 2399/2399/1704 2392/2392/1703
f 2395/2395/2089 2397/2397/2091 2396/2396/2090
f 2400/2400/2093 2399/2399/1704 2401/2401/2094
f 2387/2387/2086 2390/2390/1169 2402/2402/2095
f 2390/2390/1169 2403/2403/1168 2404/2404/2096
f 2400/2400/2093 2401/2401/2094 2405/2405/2097
f 2398/2398/2092 2392/2392/1703 2406/2406/2098
f 2402/2402/2095 2397/2397/2091 2387/2387/2086
f 2392/2392/1703 2391/2391/2087 2406/2406/2098
f 2400/2400/2093 2405/2405/2097 2403/2403/1168
f 2402/2402/2095 2390/2390/1169 2407/2407/2099
f 2390/2390/1169 2404/2404/2096 2407/2407/2099
f 2408/2408/2100 2391/2391/2087 2393/2393/2088
f 2404/2404/2096 2403/2403/1168 2405/2405/2097
f 2401/2401/2094 2399/2399/1704 2398/2398/2092
f 2401/2401/2094 2409/2409/2101 2405/2405/2097
f 2410/2410/2102 2396/2396/2090 2397/2397/2091
f 2391/2391/2087 2408/2408/2100 2406/2406/2098
f 2411/2411/1527 2396/2396/2090 2410/2410/2102
f 2412/2412/2103 2398/2398/2092 2406/2406/2098
f 2408/2408/2100 2413/2413/2104 2406/2406/2098
f 2398/2398/2092 2412/2412/2103 2401/2401/2094
f 2406/2406/2098 2413/2413/2104 2414/2414/2105
f 2414/2414/2105 2412/2412/2103 2406/2406/2098
f 2415/2415/2106 2402/2402/2095 2407/2407/2099
f 2402/2402/2095 2415/2415/2106 2397/2397/2091
f 2405/2405/2097 2416/2416/2107 2404/2404/2096
f 2417/2417/2108 2405/2405/2097 2409/2409/2101
f 2397/2397/2091 2415/2415/2106 2410/2410/2102
f 2418/2418/2109 2405/2405/2097 2417/2417/2108
f 2414/2414/2105 2413/2413/2104 2419/2419/2110
f 2407/2407/2099 2404/2404/2096 2416/2416/2107
f 2401/2401/2094 2412/2412/2103 2420/2420/2111
f 2418/2418/2109 2416/2416/2107 2405/2405/2097
f 2401/2401/2094 2420/2420/2111 2409/2409/2101
f 2409/2409/2101 2421/2421/2112 2417/2417/2108
f 2422/2422/1530 2411/2411/1527 2410/2410/2102
f 2423/2423/2113 2407/2407/2099 2416/2416/2107
f 2418/2418/2109 2424/2424/2114 2416/2416/2107
f 2425/2425/2115 2413/2413/2104 2408/2408/2100
f 2410/2410/2102 2415/2415/2106 2426/2426/2116
f 2422/2422/1530 2410/2410/2102 2426/2426/2116
f 2419/2419/2110 2413/2413/2104 2425/2425/2115
f 2414/2414/2105 2427/2427/2117 2412/2412/2103
f 2415/2415/2106 2407/2407/2099 2423/2423/2113
f 2428/2428/2118 2414/2414/2105 2419/2419/2110
f 2426/2426/2116 2415/2415/2106 2423/2423/2113
f 2418/2418/2109 2417/2417/2108 2421/2421/2112
f 2422/2422/1530 2426/2426/2116 2429/2429/2119
f 2424/2424/2114 2423/2423/2113 2416/2416/2107
f 2419/2419/2110 2430/2430/2120 2428/2428/2118
f 2431/2431/2121 2432/2432/2122 2430/2430/2120
f 2433/2433/2123 2426/2426/2116 2423/2423/2113
f 2412/2412/2103 2427/2427/2117 2420/2420/2111
f 2409/2409/2101 2420/2420/2111 2421/2421/2112
f 2433/2433/2123 2423/2423/2113 2434/2434/2124
f 2420/2420/2111 2427/2427/2117 2421/2421/2112
f 2435/2435/2125 2424/2424/2114 2418/2418/2109
f 2434/2434/2124 2423/2423/2113 2424/2424/2114
f 2436/2436/2126 2433/2433/2123 2437/2437/2127
f 2433/2433/2123 2429/2429/2119 2426/2426/2116
f 2419/2419/2110 2438/2438/2128 2430/2430/2120
f 2435/2435/2125 2418/2418/2109 2421/2421/2112
f 2429/2429/2119 2433/2433/2123 2436/2436/2126
f 2431/2431/2121 2430/2430/2120 2438/2438/2128
f 2439/2439/2129 2431/2431/2121 2440/2440/2130
f 2438/2438/2128 2419/2419/2110 2425/2425/2115
f 2435/2435/2125 2421/2421/2112 2441/2441/2131
f 2441/2441/2131 2421/2421/2112 2427/2427/2117
f 2424/2424/2114 2435/2435/2125 2442/2442/2132
f 2443/2443/2133 2440/2440/2130 2431/2431/2121
f 2431/2431/2121 2438/2438/2128 2443/2443/2133
f 2444/2444/2134 2445/2445/1563 2446/2446/1562
f 2444/2444/2134 2446/2446/1562 2447/2447/2135
f 2448/2448/2136 2444/2444/2134 2447/2447/2135
f 2448/2448/2136 2447/2447/2135 2449/2449/2002
f 2450/2450/2137 2451/2451/2138 2452/2452/1590
f 2453/2453/2007 2451/2451/2138 2450/2450/2137
f 2448/2448/2136 2449/2449/2002 2454/2454/2139
f 2449/2449/2002 2455/2455/2140 2454/2454/2139
f 2449/2449/2002 2456/2456/2141 2455/2455/2140
f 2455/2455/2140 2456/2456/2141 2457/2457/2142
f 2454/2454/2139 2455/2455/2140 2457/2457/2142
f 2454/2454/2139 2457/2457/2142 2458/2458/2143
f 2459/2459/2144 2457/2457/2142 2456/2456/2141
f 2453/2453/2007 2450/2450/2137 2460/2460/2145
f 2461/2461/2146 2453/2453/2007 2460/2460/2145
f 2462/2462/2147 2459/2459/2144 2463/2463/2148
f 2464/2464/2149 2463/2463/2148 2461/2461/2146
f 2458/2458/2143 2457/2457/2142 2465/2465/2150
f 2464/2464/2149 2461/2461/2146 2460/2460/2145
f 2459/2459/2144 2465/2465/2150 2457/2457/2142
f 2459/2459/2144 2462/2462/2147 2465/2465/2150
f 2463/2463/2148 2464/2464/2149 2466/2466/2151
f 2466/2466/2151 2462/2462/2147 2463/2463/2148
f 2462/2462/2147 2466/2466/2151 2465/2465/2150
f 2467/2467/2152 2468/2468/1565 2469/2469/2153
f 2470/2470/2154 2471/2471/1240 2472/2472/1243
f 2473/2473/2155 2467/2467/2152 2469/2469/2153
f 2474/2474/2001 2475/2475/1998 2470/2470/2154
f 2474/2474/2001 2470/2470/2154 2472/2472/1243
f 2473/2473/2155 2476/2476/1770 2467/2467/2152
f 2477/2477/2156 2474/2474/2001 2472/2472/1243
f 2472/2472/1243 2478/2478/1245 2477/2477/2156
f 2476/2476/1770 2479/2479/2157 2467/2467/2152
f 2480/2480/2004 2474/2474/2001 2477/2477/2156
f 2479/2479/2157 2476/2476/1770 2481/2481/2006
f 2478/2478/1245 2482/2482/2158 2477/2477/2156
f 2482/2482/2158 2480/2480/2004 2477/2477/2156
f 2481/2481/2006 2483/2483/2159 2479/2479/2157
f 2480/2480/2004 2482/2482/2158 2484/2484/2160
f 2485/2485/2161 2482/2482/2158 2478/2478/1245
f 2479/2479/2157 2483/2483/2159 2486/2486/2162
f 2486/2486/2162 2483/2483/2159 2487/2487/2163
f 2485/2485/2161 2488/2488/2164 2489/2489/2014
f 2485/2485/2161 2489/2489/2014 2482/2482/2158
f 2489/2489/2014 2484/2484/2160 2482/2482/2158
f 2487/2487/2163 2483/2483/2159 2490/2490/2165
f 2491/2491/2015 2488/2488/2164 2487/2487/2163
f 2490/2490/2165 2491/2491/2015 2487/2487/2163
f 2488/2488/2164 2491/2491/2015 2489/2489/2014
f 2492/2492/2166 2493/2493/2167 2494/2494/2168
f 2495/2495/2169 2496/2496/2170 2497/2497/2171
f 2498/2498/1785 2495/2495/2169 2497/2497/2171
f 2499/2499/1441 2500/2500/2172 2501/2501/1096
f 2502/2502/1923 2498/2498/1785 2497/2497/2171
f 2503/2503/2173 2504/2504/2174 2499/2499/1441
f 2503/2503/2173 2499/2499/1441 2501/2501/1096
f 2505/2505/2175 2498/2498/1785 2502/2502/1923
f 2501/2501/1096 2506/2506/1791 2503/2503/2173
f 2502/2502/1923 2507/2507/2176 2505/2505/2175
f 2502/2502/1923 2508/2508/1926 2507/2507/2176
f 2503/2503/2173 2509/2509/2177 2504/2504/2174
f 2503/2503/2173 2506/2506/1791 2510/2510/1799
f 2511/2511/1727 2512/2512/2178 2509/2509/2177
f 2511/2511/1727 2509/2509/2177 2513/2513/2179
f 2513/2513/2179 2508/2508/1926 2511/2511/1727
f 2509/2509/2177 2503/2503/2173 2510/2510/1799
f 2509/2509/2177 2510/2510/1799 2514/2514/2180
f 2509/2509/2177 2514/2514/2180 2513/2513/2179
f 2508/2508/1926 2515/2515/2181 2507/2507/2176
f 2513/2513/2179 2515/2515/2181 2508/2508/1926
f 2513/2513/2179 2514/2514/2180 2515/2515/2181
f 2516/2516/2182 2517/2517/2183 2518/2518/1589
f 2517/2517/2183 2516/2516/2182 2519/2519/2184
f 2516/2516/2182 2520/2520/2185 2519/2519/2184
f 2521/2521/2186 2519/2519/2184 2520/2520/2185
f 2520/2520/2185 2522/2522/2187 2521/2521/2186
f 2523/2523/1819 2524/2524/2188 2525/2525/2189
f 2522/2522/2187 2520/2520/2185 2526/2526/2190
f 2524/2524/2188 2527/2527/2191 2525/2525/2189
f 2527/2527/2191 2528/2528/2192 2525/2525/2189
f 2523/2523/1819 2529/2529/2193 2524/2524/2188
f 2526/2526/2190 2530/2530/2194 2522/2522/2187
f 2522/2522/2187 2530/2530/2194 2531/2531/2195
f 2524/2524/2188 2529/2529/2193 2532/2532/2196
f 2532/2532/2196 2533/2533/2197 2524/2524/2188
f 2531/2531/2195 2530/2530/2194 2534/2534/2198
f 2531/2531/2195 2534/2534/2198 2535/2535/2199
f 2533/2533/2197 2532/2532/2196 2535/2535/2199
f 2526/2526/2190 2536/2536/2200 2530/2530/2194
f 2535/2535/2199 2534/2534/2198 2533/2533/2197
f 2527/2527/2191 2524/2524/2188 2533/2533/2197
f 2536/2536/2200 2534/2534/2198 2530/2530/2194
f 2536/2536/2200 2537/2537/2201 2534/2534/2198
f 2534/2534/2198 2537/2537/2201 2533/2533/2197
f 2538/2538/2202 2539/2539/2203 2540/2540/2204
f 2541/2541/2205 2539/2539/2203 2538/2538/2202
f 2542/2542/2206 2541/2541/2205 2538/2538/2202
f 2543/2543/2207 2538/2538/2202 2540/2540/2204
f 2538/2538/2202 2543/2543/2207 2542/2542/2206
f 2542/2542/2206 2543/2543/2207 2544/2544/2208
f 2544/2544/2208 2543/2543/2207 2545/2545/2209
f 2546/2546/2210 2544/2544/2208 2545/2545/2209
f 2547/2547/2057 2548/2548/2211 2549/2549/2212
f 2550/2550/1246 2547/2547/2057 2549/2549/2212
f 2551/2551/2213 2545/2545/2209 2552/2552/2163
f 2553/2553/2214 2544/2544/2208 2546/2546/2210
f 2546/2546/2210 2545/2545/2209 2551/2551/2213
f 2554/2554/2215 2555/2555/2164 2548/2548/2211
f 2551/2551/2213 2552/2552/2163 2555/2555/2164
f 2555/2555/2164 2554/2554/2215 2551/2551/2213
f 2546/2546/2210 2556/2556/2216 2553/2553/2214
f 2547/2547/2057 2554/2554/2215 2548/2548/2211
f 2556/2556/2216 2546/2546/2210 2551/2551/2213
f 2557/2557/2060 2554/2554/2215 2547/2547/2057
f 2558/2558/2217 2556/2556/2216 2551/2551/2213
f 2558/2558/2217 2551/2551/2213 2554/2554/2215
f 2558/2558/2217 2554/2554/2215 2557/2557/2060
f 2559/2559/1718 2560/2560/2218 2561/2561/2067
f 2560/2560/2218 2559/2559/1718 2562/2562/2219
f 2563/2563/2070 2561/2561/2067 2560/2560/2218
f 2563/2563/2070 2560/2560/2218 2564/2564/2220
f 2560/2560/2218 2562/2562/2219 2565/2565/2221
f 2566/2566/2222 2567/2567/1920 2568/2568/2223
f 2560/2560/2218 2565/2565/2221 2564/2564/2220
f 2569/2569/2072 2563/2563/2070 2564/2564/2220
f 2568/2568/2223 2570/2570/2224 2566/2566/2222
f 2564/2564/2220 2571/2571/2225 2569/2569/2072
f 2570/2570/2224 2568/2568/2223 2572/2572/1927
f 2566/2566/2222 2570/2570/2224 2573/2573/1925
f 2571/2571/2225 2564/2564/2220 2565/2565/2221
f 2569/2569/2072 2571/2571/2225 2574/2574/2226
f 2570/2570/2224 2572/2572/1927 2575/2575/2227
f 2575/2575/2227 2574/2574/2226 2576/2576/2228
f 2574/2574/2226 2571/2571/2225 2576/2576/2228
f 2570/2570/2224 2575/2575/2227 2576/2576/2228
f 2577/2577/1726 2570/2570/2224 2576/2576/2228
f 2576/2576/2228 2571/2571/2225 2577/2577/1726
f 2578/2578/2229 2579/2579/2230 2580/2580/2231
f 2580/2580/2231 2581/2581/1699 2578/2578/2229
f 2580/2580/2231 2579/2579/2230 2582/2582/2232
f 2583/2583/2233 2581/2581/1699 2580/2580/2231
f 2583/2583/2233 2580/2580/2231 2582/2582/2232
f 2584/2584/2234 2583/2583/2233 2582/2582/2232
f 2585/2585/2235 2584/2584/2234 2582/2582/2232
f 2586/2586/2236 2583/2583/2233 2584/2584/2234
f 2587/2587/2237 2584/2584/2234 2585/2585/2235
f 2585/2585/2235 2588/2588/2053 2587/2587/2237
f 2587/2587/2237 2586/2586/2236 2584/2584/2234
f 2589/2589/2115 2586/2586/2236 2587/2587/2237
f 2587/2587/2237 2590/2590/2054 2591/2591/2238
f 2590/2590/2054 2592/2592/2058 2591/2591/2238
f 2593/2593/2239 2594/2594/2240 2592/2592/2058
f 2595/2595/2241 2592/2592/2058 2594/2594/2240
f 2591/2591/2238 2592/2592/2058 2596/2596/2242
f 2589/2589/2115 2587/2587/2237 2591/2591/2238
f 2589/2589/2115 2591/2591/2238 2596/2596/2242
f 2597/2597/2243 2592/2592/2058 2595/2595/2241
f 2598/2598/2130 2597/2597/2243 2595/2595/2241
f 2597/2597/2243 2596/2596/2242 2592/2592/2058
f 2599/2599/2244 2600/2600/2245 2601/2601/2246
f 2602/2602/2247 2600/2600/2245 2599/2599/2244
f 2602/2602/2247 2603/2603/2248 2600/2600/2245
f 2603/2603/2248 2602/2602/2247 2604/2604/2249
f 2604/2604/2249 2605/2605/2122 2603/2603/2248
f 2606/2606/2250 2607/2607/2117 2608/2608/2105
f 2604/2604/2249 2609/2609/2251 2605/2605/2122
f 2610/2610/2252 2611/2611/2253 2606/2606/2250
f 2605/2605/2122 2612/2612/2254 2610/2610/2252
f 2606/2606/2250 2611/2611/2253 2607/2607/2117
f 2610/2610/2252 2612/2612/2254 2611/2611/2253
f 2609/2609/2251 2612/2612/2254 2605/2605/2122
f 2613/2613/2131 2607/2607/2117 2611/2611/2253
f 2614/2614/2255 2613/2613/2131 2611/2611/2253
f 2611/2611/2253 2615/2615/2256 2614/2614/2255
f 2611/2611/2253 2612/2612/2254 2615/2615/2256
f 2616/2616/2257 2617/2617/2258 2618/2618/2259
f 2619/2619/2260 2620/2620/2261 2621/2621/2262
f 2622/2622/2263 2618/2618/2259 2621/2621/2262
f 2623/2623/2264 2624/2624/2265 2625/2625/2266
f 2617/2617/2258 2624/2624/2265 2623/2623/2264
f 2622/2622/2263 2616/2616/2257 2618/2618/2259
f 2626/2626/2267 2620/2620/2261 2619/2619/2260
f 2627/2627/2268 2615/2615/2256 2612/2612/2254
f 2622/2622/2263 2621/2621/2262 2620/2620/2261
f 2625/2625/2266 2624/2624/2265 2612/2612/2254
f 2628/2628/2269 2612/2612/2254 2624/2624/2265
f 2627/2627/2268 2612/2612/2254 2628/2628/2269
f 2615/2615/2256 2629/2629/2270 2614/2614/2255
f 2616/2616/2257 2630/2630/2271 2617/2617/2258
f 2627/2627/2268 2631/2631/2272 2615/2615/2256
f 2632/2632/2273 2622/2622/2263 2620/2620/2261
f 2617/2617/2258 2633/2633/2274 2624/2624/2265
f 2634/2634/2275 2620/2620/2261 2626/2626/2267
f 2633/2633/2274 2628/2628/2269 2624/2624/2265
f 2622/2622/2263 2632/2632/2273 2616/2616/2257
f 2631/2631/2272 2629/2629/2270 2615/2615/2256
f 2628/2628/2269 2631/2631/2272 2627/2627/2268
f 2617/2617/2258 2630/2630/2271 2633/2633/2274
f 2632/2632/2273 2630/2630/2271 2616/2616/2257
f 2634/2634/2275 2626/2626/2267 2635/2635/2276
f 2620/2620/2261 2634/2634/2275 2632/2632/2273
f 2636/2636/2044 2637/2637/2277 2638/2638/2278
f 2639/2639/2279 2640/2640/1878 2641/2641/2280
f 2639/2639/2279 2642/2642/1882 2643/2643/2281
f 2644/2644/2282 2639/2639/2279 2643/2643/2281
f 2644/2644/2282 2640/2640/1878 2639/2639/2279
f 2644/2644/2282 2643/2643/2281 2645/2645/1879
f 2646/2646/2283 2647/2647/1888 2648/2648/1883
f 2649/2649/2284 2647/2647/1888 2646/2646/2283
f 2648/2648/1883 2650/2650/1885 2651/2651/2285
f 2648/2648/1883 2651/2651/2285 2646/2646/2283
f 2652/2652/2286 2653/2653/2287 2654/2654/1986
f 2652/2652/2286 2654/2654/1986 2655/2655/2288
f 2654/2654/1986 2653/2653/2287 2656/2656/2289
f 2657/2657/1892 2658/2658/1885 2659/2659/2286
f 2660/2660/1891 2657/2657/1892 2659/2659/2286
f 2661/2661/2290 2657/2657/1892 2660/2660/1891
f 2662/2662/2291 2663/2663/2292 2664/2664/2293
f 2665/2665/2294 2666/2666/2124 2662/2662/2291
f 2667/2667/2123 2668/2668/2291 2669/2669/2295
f 2663/2663/2292 2662/2662/2291 2666/2666/2124
f 2670/2670/2296 2669/2669/2295 2668/2668/2291
f 2671/2671/2297 2667/2667/2123 2669/2669/2295
f 2672/2672/2127 2673/2673/2298 2674/2674/2293
f 2675/2675/2299 2676/2676/2300 2677/2677/2301
f 2678/2678/2302 2679/2679/2303 2680/2680/2304
f 2681/2681/2305 2682/2682/2306 2679/2679/2303
f 2678/2678/2302 2680/2680/2304 2683/2683/2307
f 2684/2684/2308 2685/2685/2309 2681/2681/2305
f 2686/2686/2310 2678/2678/2302 2683/2683/2307
f 2678/2678/2302 2681/2681/2305 2679/2679/2303
f 2686/2686/2310 2683/2683/2307 2687/2687/2311
f 2678/2678/2302 2686/2686/2310 2681/2681/2305
f 2684/2684/2308 2688/2688/2312 2685/2685/2309
f 2681/2681/2305 2686/2686/2310 2689/2689/2313
f 2684/2684/2308 2681/2681/2305 2689/2689/2313
f 2688/2688/2312 2684/2684/2308 2690/2690/2314
f 2690/2690/2314 2684/2684/2308 2691/2691/2315
f 2689/2689/2313 2691/2691/2315 2684/2684/2308
f 2692/2692/2316 2693/2693/2254 2675/2675/2299
f 2694/2694/2264 2677/2677/2301 2688/2688/2312
f 2695/2695/2317 2696/2696/2318 2690/2690/2314
f 2697/2697/2319 2689/2689/2313 2698/2698/2320
f 2686/2686/2310 2699/2699/2321 2700/2700/2322
f 2690/2690/2314 2694/2694/2264 2688/2688/2312
f 2694/2694/2264 2690/2690/2314 2696/2696/2318
f 2695/2695/2317 2690/2690/2314 2701/2701/2323
f 2691/2691/2315 2689/2689/2313 2697/2697/2319
f 2701/2701/2323 2691/2691/2315 2697/2697/2319
f 2699/2699/2321 2687/2687/2311 2702/2702/1364
f 2685/2685/2309 2703/2703/2324 2704/2704/2325
f 2688/2688/2312 2703/2703/2324 2685/2685/2309
f 2698/2698/2320 2686/2686/2310 2700/2700/2322
f 2685/2685/2309 2704/2704/2325 2705/2705/2326
f 2682/2682/2306 2681/2681/2305 2705/2705/2326
f 2688/2688/2312 2677/2677/2301 2703/2703/2324
f 2685/2685/2309 2705/2705/2326 2681/2681/2305
f 2686/2686/2310 2687/2687/2311 2699/2699/2321
f 2689/2689/2313 2686/2686/2310 2698/2698/2320
f 2694/2694/2264 2675/2675/2299 2677/2677/2301
f 2694/2694/2264 2692/2692/2316 2675/2675/2299
f 2701/2701/2323 2690/2690/2314 2691/2691/2315
f 2706/2706/2295 2707/2707/2292 2708/2708/2124
f 2709/2709/2127 2707/2707/2292 2706/2706/2295
f 2707/2707/2292 2709/2709/2127 2710/2710/2327
f 2707/2707/2292 2710/2710/2327 2711/2711/2293
f 2710/2710/2327 2709/2709/2127 2712/2712/2328
f 2710/2710/2327 2706/2706/2295 2708/2708/2124
f 2713/2713/2329 2708/2708/2124 2714/2714/2330
f 2710/2710/2327 2708/2708/2124 2715/2715/2331
f 2713/2713/2329 2715/2715/2331 2708/2708/2124
f 2716/2716/2332 2710/2710/2327 2715/2715/2331
f 2717/2717/2333 2716/2716/2332 2715/2715/2331
f 2716/2716/2332 2711/2711/2293 2710/2710/2327
f 2718/2718/2332 2719/2719/2334 2720/2720/2329
f 2716/2716/2332 2717/2717/2333 2721/2721/2334
f 2722/2722/1645 2723/2723/1646 2724/2724/2335
f 2723/2723/1646 2725/2725/1330 2726/2726/2336
f 2727/2727/1474 2722/2722/1645 2724/2724/2335
f 2723/2723/1646 2726/2726/2336 2724/2724/2335
f 2725/2725/1330 2728/2728/2166 2726/2726/2336
f 2729/2729/1675 2730/2730/2337 2731/2731/1676
f 2728/2728/2166 2732/2732/2338 2731/2731/1676
f 2733/2733/1503 2734/2734/2339 2735/2735/2340
f 2736/2736/2341 2737/2737/2342 2738/2738/2343
f 2730/2730/2337 2726/2726/2336 2731/2731/1676
f 2728/2728/2166 2731/2731/1676 2726/2726/2336
f 2739/2739/2344 2740/2740/2345 2741/2741/2346
f 2730/2730/2337 2742/2742/2347 2743/2743/2348
f 2744/2744/2132 2738/2738/2343 2745/2745/2349
f 2724/2724/2335 2734/2734/2339 2733/2733/1503
f 2742/2742/2347 2746/2746/1541 2743/2743/2348
f 2747/2747/2350 2744/2744/2132 2743/2743/2348
f 2746/2746/1541 2747/2747/2350 2743/2743/2348
f 2733/2733/1503 2727/2727/1474 2724/2724/2335
f 2748/2748/2351 2749/2749/2329 2750/2750/1540
f 2748/2748/2351 2751/2751/2332 2749/2749/2329
f 2739/2739/2344 2752/2752/2352 2740/2740/2345
f 2753/2753/2332 2754/2754/2351 2747/2747/2350
f 2747/2747/2350 2746/2746/1541 2753/2753/2332
f 2734/2734/2339 2755/2755/2353 2756/2756/2354
f 2757/2757/2355 2730/2730/2337 2758/2758/2356
f 2730/2730/2337 2743/2743/2348 2758/2758/2356
f 2730/2730/2337 2757/2757/2355 2755/2755/2353
f 2730/2730/2337 2755/2755/2353 2726/2726/2336
f 2755/2755/2353 2734/2734/2339 2724/2724/2335
f 2745/2745/2349 2743/2743/2348 2744/2744/2132
f 2724/2724/2335 2726/2726/2336 2755/2755/2353
f 2734/2734/2339 2759/2759/2357 2760/2760/1200
f 2734/2734/2339 2760/2760/1200 2735/2735/2340
f 2758/2758/2356 2743/2743/2348 2745/2745/2349
f 2761/2761/1201 2760/2760/1200 2759/2759/2357
f 2762/2762/2358 2761/2761/1201 2759/2759/2357
f 2763/2763/2359 2755/2755/2353 2764/2764/2360
f 2765/2765/2361 2755/2755/2353 2763/2763/2359
f 2757/2757/2355 2766/2766/2362 2767/2767/2363
f 2758/2758/2356 2766/2766/2362 2757/2757/2355
f 2756/2756/2354 2765/2765/2361 2768/2768/2364
f 2758/2758/2356 2769/2769/2365 2766/2766/2362
f 2756/2756/2354 2768/2768/2364 2770/2770/2366
f 2769/2769/2365 2758/2758/2356 2745/2745/2349
f 2770/2770/2366 2762/2762/2358 2759/2759/2357
f 2756/2756/2354 2755/2755/2353 2765/2765/2361
f 2759/2759/2357 2734/2734/2339 2756/2756/2354
f 2771/2771/2367 2772/2772/2368 2773/2773/2369
f 2738/2738/2343 2737/2737/2342 2769/2769/2365
f 2738/2738/2343 2769/2769/2365 2745/2745/2349
f 2742/2742/2347 2730/2730/2337 2774/2774/2367
f 2775/2775/1332 2771/2771/2367 2776/2776/2166
f 2771/2771/2367 2773/2773/2369 2776/2776/2166
f 2725/2725/1330 2777/2777/1332 2728/2728/2166
f 2757/2757/2355 2767/2767/2363 2764/2764/2360
f 2759/2759/2357 2756/2756/2354 2770/2770/2366
f 2774/2774/2367 2778/2778/1678 2742/2742/2347
f 2757/2757/2355 2764/2764/2360 2755/2755/2353
f 2779/2779/2370 2780/2780/2331 2781/2781/2334
f 2782/2782/2371 2783/2783/2126 2780/2780/2331
f 2782/2782/2371 2780/2780/2331 2779/2779/2370
f 2781/2781/2334 2780/2780/2331 2784/2784/2132
f 2785/2785/2372 2782/2782/2371 2779/2779/2370
f 2786/2786/2370 2787/2787/2334 2788/2788/2333
f 2788/2788/2333 2789/2789/2331 2790/2790/2126
f 2790/2790/2126 2786/2786/2370 2788/2788/2333
f 2786/2786/2370 2790/2790/2126 2791/2791/2332
f 2792/2792/2373 2793/2793/1541 2794/2794/1540
f 2792/2792/2373 2794/2794/1540 2795/2795/2374
f 2795/2795/2374 2796/2796/2351 2792/2792/2373
f 2794/2794/1540 2797/2797/2132 2795/2795/2374
f 2798/2798/2375 2799/2799/2376 2800/2800/2377
f 2801/2801/417 2802/2802/418 2803/2803/2378
f 2801/2801/417 2803/2803/2378 2804/2804/2379
f 2803/2803/2378 2802/2802/418 2805/2805/714
f 2799/2799/2376 2806/2806/2380 2807/2807/2381
f 2806/2806/2380 2808/2808/2382 2807/2807/2381
f 2804/2804/2379 2809/2809/2383 2810/2810/420
f 2803/2803/2378 2809/2809/2383 2804/2804/2379
f 2807/2807/2381 2811/2811/2384 2799/2799/2376
f 2799/2799/2376 2812/2812/2385 2800/2800/2377
f 2808/2808/2382 2813/2813/2386 2807/2807/2381
f 2809/2809/2383 2814/2814/2387 2810/2810/420
f 2803/2803/2378 2805/2805/714 2815/2815/2388
f 2812/2812/2385 2799/2799/2376 2811/2811/2384
f 2809/2809/2383 2803/2803/2378 2815/2815/2388
f 2816/2816/2389 2807/2807/2381 2813/2813/2386
f 2811/2811/2384 2807/2807/2381 2817/2817/2390
f 2815/2815/2388 2805/2805/714 2818/2818/2391
f 2811/2811/2384 2819/2819/2392 2812/2812/2385
f 2815/2815/2388 2820/2820/2393 2809/2809/2383
f 2817/2817/2390 2807/2807/2381 2816/2816/2389
f 2811/2811/2384 2821/2821/2394 2819/2819/2392
f 2820/2820/2393 2815/2815/2388 2822/2822/2395
f 2817/2817/2390 2821/2821/2394 2811/2811/2384
f 2822/2822/2395 2815/2815/2388 2818/2818/2391
f 2817/2817/2390 2816/2816/2389 2823/2823/2396
f 2824/2824/2397 2814/2814/2387 2809/2809/2383
f 2820/2820/2393 2824/2824/2397 2809/2809/2383
f 2825/2825/720 2819/2819/2392 2821/2821/2394
f 2825/2825/720 2826/2826/2398 2818/2818/2391
f 2821/2821/2394 2826/2826/2398 2825/2825/720
f 2822/2822/2395 2818/2818/2391 2826/2826/2398
f 2827/2827/2399 2820/2820/2393 2822/2822/2395
f 2820/2820/2393 2828/2828/568 2824/2824/2397
f 2817/2817/2390 2829/2829/2400 2821/2821/2394
f 2830/2830/2401 2831/2831/2402 2828/2828/568
f 2830/2830/2401 2828/2828/568 2820/2820/2393
f 2829/2829/2400 2817/2817/2390 2823/2823/2396
f 2826/2826/2398 2827/2827/2399 2822/2822/2395
f 2829/2829/2400 2823/2823/2396 2831/2831/2402
f 2821/2821/2394 2827/2827/2399 2826/2826/2398
f 2829/2829/2400 2831/2831/2402 2830/2830/2401
f 2830/2830/2401 2820/2820/2393 2827/2827/2399
f 2829/2829/2400 2827/2827/2399 2821/2821/2394
f 2830/2830/2401 2827/2827/2399 2829/2829/2400
f 2832/2832/2403 2833/2833/2368 2834/2834/1675
f 2832/2832/2403 2834/2834/1675 2835/2835/2404
f 2836/2836/2361 2837/2837/2405 2838/2838/2406
f 2837/2837/2405 2839/2839/2407 2840/2840/2408
f 2841/2841/2409 2842/2842/2410 2843/2843/2365
f 2844/2844/2411 2839/2839/2407 2845/2845/2412
f 2836/2836/2361 2838/2838/2406 2846/2846/2413
f 2847/2847/2414 2845/2845/2412 2842/2842/2410
f 2838/2838/2406 2837/2837/2405 2840/2840/2408
f 2844/2844/2411 2845/2845/2412 2847/2847/2414
f 2843/2843/2365 2848/2848/2415 2849/2849/2416
f 2840/2840/2408 2839/2839/2407 2844/2844/2411
f 2841/2841/2409 2843/2843/2365 2849/2849/2416
f 2842/2842/2410 2841/2841/2409 2847/2847/2414
f 2846/2846/2413 2838/2838/2406 2850/2850/2417
f 2841/2841/2409 2849/2849/2416 2851/2851/2418
f 2841/2841/2409 2851/2851/2418 2847/2847/2414
f 2840/2840/2408 2844/2844/2411 2852/2852/2419
f 2853/2853/2420 2844/2844/2411 2847/2847/2414
f 2847/2847/2414 2854/2854/2421 2853/2853/2420
f 2854/2854/2421 2847/2847/2414 2851/2851/2418
f 2852/2852/2419 2838/2838/2406 2840/2840/2408
f 2852/2852/2419 2844/2844/2411 2853/2853/2420
f 2838/2838/2406 2852/2852/2419 2850/2850/2417
f 2855/2855/2422 2856/2856/2423 2857/2857/2424
f 2858/2858/2416 2859/2859/2425 2860/2860/2426
f 2858/2858/2416 2861/2861/2427 2859/2859/2425
f 2862/2862/2428 2863/2863/2429 2864/2864/2430
f 2865/2865/2419 2866/2866/2431 2867/2867/2432
f 2865/2865/2419 2868/2868/2433 2866/2866/2431
f 2869/2869/2434 2870/2870/2435 2871/2871/2418
f 2861/2861/2427 2872/2872/2436 2859/2859/2425
f 2873/2873/2437 2874/2874/2438 2875/2875/2439
f 2876/2876/2440 2857/2857/2424 2856/2856/2423
f 2858/2858/2416 2860/2860/2426 2871/2871/2418
f 2877/2877/2441 2878/2878/2442 2879/2879/2443
f 2880/2880/2444 2879/2879/2443 2881/2881/2445
f 2882/2882/2446 2883/2883/2273 2884/2884/2447
f 2878/2878/2442 2872/2872/2436 2861/2861/2427
f 2877/2877/2441 2879/2879/2443 2880/2880/2444
f 2885/2885/2448 2886/2886/2449 2887/2887/2450
f 2886/2886/2449 2885/2885/2448 2888/2888/2451
f 2878/2878/2442 2877/2877/2441 2872/2872/2436
f 2869/2869/2434 2871/2871/2418 2860/2860/2426
f 2889/2889/2452 2881/2881/2445 2883/2883/2273
f 2870/2870/2435 2890/2890/2453 2868/2868/2433
f 2868/2868/2433 2890/2890/2453 2866/2866/2431
f 2876/2876/2440 2856/2856/2423 2891/2891/2454
f 2892/2892/2455 2874/2874/2438 2864/2864/2430
f 2869/2869/2434 2890/2890/2453 2870/2870/2435
f 2881/2881/2445 2889/2889/2452 2880/2880/2444
f 2882/2882/2446 2889/2889/2452 2883/2883/2273
f 2893/2893/2456 2882/2882/2446 2884/2884/2447
f 2893/2893/2456 2884/2884/2447 2887/2887/2450
f 2863/2863/2429 2857/2857/2424 2894/2894/2457
f 2895/2895/2458 2865/2865/2419 2867/2867/2432
f 2876/2876/2440 2891/2891/2454 2896/2896/2459
f 2894/2894/2457 2864/2864/2430 2863/2863/2429
f 2872/2872/2436 2897/2897/2460 2859/2859/2425
f 2874/2874/2438 2892/2892/2455 2875/2875/2439
f 2889/2889/2452 2898/2898/2461 2880/2880/2444
f 2899/2899/2462 2887/2887/2450 2886/2886/2449
f 2869/2869/2434 2860/2860/2426 2900/2900/2463
f 2875/2875/2439 2901/2901/2464 2888/2888/2451
f 2886/2886/2449 2888/2888/2451 2902/2902/2465
f 2890/2890/2453 2903/2903/2466 2866/2866/2431
f 2859/2859/2425 2904/2904/2467 2860/2860/2426
f 2904/2904/2467 2859/2859/2425 2897/2897/2460
f 2877/2877/2441 2905/2905/2468 2872/2872/2436
f 2877/2877/2441 2880/2880/2444 2906/2906/2469
f 2882/2882/2446 2907/2907/2470 2889/2889/2452
f 2867/2867/2432 2866/2866/2431 2903/2903/2466
f 2869/2869/2434 2908/2908/2471 2890/2890/2453
f 2904/2904/2467 2909/2909/2472 2860/2860/2426
f 2892/2892/2455 2864/2864/2430 2894/2894/2457
f 2905/2905/2468 2897/2897/2460 2872/2872/2436
f 2898/2898/2461 2906/2906/2469 2880/2880/2444
f 2889/2889/2452 2907/2907/2470 2910/2910/2473
f 2891/2891/2454 2865/2865/2419 2895/2895/2458
f 2890/2890/2453 2908/2908/2471 2903/2903/2466
f 2869/2869/2434 2900/2900/2463 2908/2908/2471
f 2909/2909/2472 2900/2900/2463 2860/2860/2426
f 2876/2876/2440 2911/2911/2474 2857/2857/2424
f 2875/2875/2439 2892/2892/2455 2901/2901/2464
f 2906/2906/2469 2905/2905/2468 2877/2877/2441
f 2893/2893/2456 2887/2887/2450 2899/2899/2462
f 2882/2882/2446 2893/2893/2456 2907/2907/2470
f 2891/2891/2454 2895/2895/2458 2912/2912/2475
f 2902/2902/2465 2888/2888/2451 2901/2901/2464
f 2886/2886/2449 2902/2902/2465 2913/2913/2476
f 2899/2899/2462 2886/2886/2449 2913/2913/2476
f 2910/2910/2473 2898/2898/2461 2889/2889/2452
f 2895/2895/2458 2867/2867/2432 2903/2903/2466
f 2896/2896/2459 2891/2891/2454 2912/2912/2475
f 2911/2911/2474 2876/2876/2440 2896/2896/2459
f 2894/2894/2457 2857/2857/2424 2911/2911/2474
f 2914/2914/2470 2915/2915/2477 2916/2916/2473
f 2917/2917/2478 2914/2914/2470 2918/2918/2479
f 2919/2919/2480 2920/2920/2481 2921/2921/2482
f 2918/2918/2479 2921/2921/2482 2920/2920/2481
f 2917/2917/2478 2922/2922/2483 2914/2914/2470
f 2923/2923/2484 2924/2924/2467 2925/2925/2485
f 2926/2926/2486 2927/2927/2487 2928/2928/2488
f 2929/2929/2489 2927/2927/2487 2926/2926/2486
f 2926/2926/2486 2930/2930/2490 2929/2929/2489
f 2931/2931/2491 2929/2929/2489 2930/2930/2490
f 2927/2927/2487 2925/2925/2485 2928/2928/2488
f 2927/2927/2487 2923/2923/2484 2925/2925/2485
f 2932/2932/2492 2930/2930/2490 2916/2916/2473
f 2932/2932/2492 2916/2916/2473 2915/2915/2477
f 2918/2918/2479 2920/2920/2481 2917/2917/2478
f 2932/2932/2492 2931/2931/2491 2930/2930/2490
f 2922/2922/2483 2915/2915/2477 2914/2914/2470
f 2924/2924/2467 2923/2923/2484 2933/2933/2493
f 2915/2915/2477 2934/2934/2494 2932/2932/2492
f 2917/2917/2478 2935/2935/2495 2922/2922/2483
f 2923/2923/2484 2927/2927/2487 2936/2936/2496
f 2919/2919/2480 2937/2937/2497 2920/2920/2481
f 2922/2922/2483 2934/2934/2494 2915/2915/2477
f 2917/2917/2478 2920/2920/2481 2935/2935/2495
f 2927/2927/2487 2929/2929/2489 2938/2938/2498
f 2922/2922/2483 2935/2935/2495 2939/2939/2499
f 2940/2940/2500 2935/2935/2495 2920/2920/2481
f 2931/2931/2491 2938/2938/2498 2929/2929/2489
f 2931/2931/2491 2932/2932/2492 2941/2941/2501
f 2932/2932/2492 2934/2934/2494 2941/2941/2501
f 2937/2937/2497 2940/2940/2500 2920/2920/2481
f 2927/2927/2487 2938/2938/2498 2936/2936/2496
f 2934/2934/2494 2922/2922/2483 2939/2939/2499
f 2936/2936/2496 2933/2933/2493 2923/2923/2484
f 2942/2942/2502 2943/2943/2503 2944/2944/2504
f 2945/2945/2505 2946/2946/2499 2947/2947/2506
f 2948/2948/2507 2949/2949/2508 2950/2950/2509
f 2951/2951/2510 2952/2952/2511 2953/2953/2512
f 2954/2954/2513 2955/2955/2514 2956/2956/2515
f 2957/2957/2516 2954/2954/2513 2958/2958/2491
f 2959/2959/2517 2960/2960/2518 2951/2951/2510
f 2961/2961/2500 2960/2960/2518 2959/2959/2517
f 2961/2961/2500 2945/2945/2505 2947/2947/2506
f 2962/2962/2519 2963/2963/2520 2946/2946/2499
f 2964/2964/2521 2948/2948/2507 2950/2950/2509
f 2964/2964/2521 2965/2965/2522 2966/2966/2523
f 2967/2967/2524 2944/2944/2504 2968/2968/2525
f 2969/2969/2526 2967/2967/2524 2968/2968/2525
f 2970/2970/2527 2971/2971/2528 2972/2972/2529
f 2969/2969/2526 2968/2968/2525 2956/2956/2515
f 2953/2953/2512 2959/2959/2517 2951/2951/2510
f 2973/2973/2530 2974/2974/2531 2949/2949/2508
f 2975/2975/2532 2943/2943/2503 2942/2942/2502
f 2966/2966/2523 2976/2976/2533 2977/2977/2534
f 2967/2967/2524 2942/2942/2502 2944/2944/2504
f 2978/2978/2501 2957/2957/2516 2958/2958/2491
f 2979/2979/2535 2949/2949/2508 2974/2974/2531
f 2972/2972/2529 2977/2977/2534 2970/2970/2527
f 2980/2980/2536 2961/2961/2500 2959/2959/2517
f 2973/2973/2530 2981/2981/2537 2974/2974/2531
f 2982/2982/2538 2981/2981/2537 2975/2975/2532
f 2966/2966/2523 2965/2965/2522 2976/2976/2533
f 2957/2957/2516 2955/2955/2514 2954/2954/2513
f 2980/2980/2536 2945/2945/2505 2961/2961/2500
f 2963/2963/2520 2983/2983/2539 2978/2978/2501
f 2963/2963/2520 2962/2962/2519 2983/2983/2539
f 2979/2979/2535 2950/2950/2509 2949/2949/2508
f 2982/2982/2538 2975/2975/2532 2942/2942/2502
f 2946/2946/2499 2945/2945/2505 2962/2962/2519
f 2965/2965/2522 2964/2964/2521 2950/2950/2509
f 2970/2970/2527 2977/2977/2534 2984/2984/2540
f 2985/2985/2541 2950/2950/2509 2979/2979/2535
f 2955/2955/2514 2969/2969/2526 2956/2956/2515
f 2986/2986/2542 2955/2955/2514 2957/2957/2516
f 2957/2957/2516 2978/2978/2501 2987/2987/2543
f 2979/2979/2535 2974/2974/2531 2988/2988/2544
f 2981/2981/2537 2989/2989/2545 2974/2974/2531
f 2977/2977/2534 2976/2976/2533 2990/2990/2546
f 2955/2955/2514 2991/2991/2547 2969/2969/2526
f 2992/2992/2548 2993/2993/2549 2971/2971/2528
f 2994/2994/2550 2980/2980/2536 2959/2959/2517
f 2995/2995/2551 2962/2962/2519 2945/2945/2505
f 2996/2996/2552 2981/2981/2537 2982/2982/2538
f 2983/2983/2539 2987/2987/2543 2978/2978/2501
f 2962/2962/2519 2995/2995/2551 2997/2997/2553
f 2988/2988/2544 2985/2985/2541 2979/2979/2535
f 2996/2996/2552 2989/2989/2545 2981/2981/2537
f 2950/2950/2509 2998/2998/2554 2965/2965/2522
f 2999/2999/2555 2982/2982/2538 2942/2942/2502
f 2976/2976/2533 2965/2965/2522 2998/2998/2554
f 3000/3000/2556 2942/2942/2502 2967/2967/2524
f 2976/2976/2533 3001/3001/2557 2990/2990/2546
f 2969/2969/2526 3002/3002/2558 2967/2967/2524
f 2991/2991/2547 2955/2955/2514 2986/2986/2542
f 2993/2993/2549 2992/2992/2548 3003/3003/2559
f 2993/2993/2549 3003/3003/2559 2953/2953/2512
f 3004/3004/2560 2986/2986/2542 2957/2957/2516
f 2959/2959/2517 2953/2953/2512 3005/3005/2561
f 2983/2983/2539 2962/2962/2519 2997/2997/2553
f 2945/2945/2505 2980/2980/2536 2995/2995/2551
f 2998/2998/2554 2950/2950/2509 2985/2985/2541
f 2982/2982/2538 2999/2999/2555 2996/2996/2552
f 3001/3001/2557 2976/2976/2533 2998/2998/2554
f 2942/2942/2502 3000/3000/2556 2999/2999/2555
f 3006/3006/2562 2971/2971/2528 2970/2970/2527
f 2991/2991/2547 3002/3002/2558 2969/2969/2526
f 2971/2971/2528 3006/3006/2562 2992/2992/2548
f 3005/3005/2561 2994/2994/2550 2959/2959/2517
f 2988/2988/2544 2974/2974/2531 2989/2989/2545
f 3002/3002/2558 3007/3007/2563 2967/2967/2524
f 2984/2984/2540 2977/2977/2534 2990/2990/2546
f 3005/3005/2561 2953/2953/2512 3003/3003/2559
f 2987/2987/2543 3004/3004/2560 2957/2957/2516
f 3008/3008/2564 2980/2980/2536 2994/2994/2550
f 3006/3006/2562 2970/2970/2527 2984/2984/2540
f 3000/3000/2556 2967/2967/2524 3007/3007/2563
f 3009/3009/2536 3010/3010/2565 3011/3011/2551
f 3012/3012/2566 3013/3013/2567 3014/3014/2568
f 3015/3015/2569 3013/3013/2567 3012/3012/2566
f 3016/3016/2570 3017/3017/2571 3018/3018/2572
f 3019/3019/2573 3011/3011/2551 3010/3010/2565
f 3012/3012/2566 3011/3011/2551 3019/3019/2573
f 3017/3017/2571 3016/3016/2570 3020/3020/2574
f 3021/3021/2575 3022/3022/2560 3013/3013/2567
f 3021/3021/2575 3023/3023/2576 3022/3022/2560
f 3020/3020/2574 3024/3024/2577 3017/3017/2571
f 3025/3025/2578 3018/3018/2572 3017/3017/2571
f 3010/3010/2565 3026/3026/2579 3019/3019/2573
f 3023/3023/2576 3021/3021/2575 3027/3027/2580
f 3028/3028/2581 3015/3015/2569 3012/3012/2566
f 3015/3015/2569 3021/3021/2575 3013/3013/2567
f 3025/3025/2578 3010/3010/2565 3018/3018/2572
f 3019/3019/2573 3028/3028/2581 3012/3012/2566
f 3029/3029/2582 3017/3017/2571 3024/3024/2577
f 3027/3027/2580 3021/3021/2575 3015/3015/2569
f 3017/3017/2571 3029/3029/2582 3025/3025/2578
f 3028/3028/2581 3019/3019/2573 3026/3026/2579
f 3026/3026/2579 3010/3010/2565 3025/3025/2578
f 3025/3025/2578 3030/3030/2583 3026/3026/2579
f 3015/3015/2569 3028/3028/2581 3031/3031/2584
f 3032/3032/2585 3025/3025/2578 3029/3029/2582
f 3031/3031/2584 3028/3028/2581 3033/3033/2586
f 3033/3033/2586 3028/3028/2581 3026/3026/2579
f 3033/3033/2586 3026/3026/2579 3030/3030/2583
f 3031/3031/2584 3034/3034/2587 3015/3015/2569
f 3035/3035/2588 3036/3036/2589 3037/3037/2590
f 3038/3038/2591 3039/3039/2592 3040/3040/2593
f 3041/3041/2594 3040/3040/2593 3042/3042/2595
f 3043/3043/2596 3041/3041/2594 3042/3042/2595
f 3044/3044/2597 3045/3045/2577 3046/3046/2598
f 3047/3047/2599 3039/3039/2592 3038/3038/2591
f 3047/3047/2599 3048/3048/2600 3049/3049/2601
f 3040/3040/2593 3039/3039/2592 3042/3042/2595
f 3050/3050/2602 3036/3036/2589 3043/3043/2596
f 3051/3051/2585 3044/3044/2597 3052/3052/2603
f 3048/3048/2600 3053/3053/2604 3054/3054/2605
f 3049/3049/2601 3048/3048/2600 3054/3054/2605
f 3055/3055/2606 3046/3046/2598 3037/3037/2590
f 3052/3052/2603 3044/3044/2597 3046/3046/2598
f 3056/3056/2607 3037/3037/2590 3036/3036/2589
f 3050/3050/2602 3043/3043/2596 3057/3057/2608
f 3055/3055/2606 3037/3037/2590 3056/3056/2607
f 3054/3054/2605 3053/3053/2604 3058/3058/2609
f 3059/3059/2610 3049/3049/2601 3054/3054/2605
f 3042/3042/2595 3039/3039/2592 3060/3060/2611
f 3061/3061/2612 3036/3036/2589 3050/3050/2602
f 3036/3036/2589 3061/3061/2612 3056/3056/2607
f 3062/3062/2613 3059/3059/2610 3054/3054/2605
f 3063/3063/2614 3049/3049/2601 3059/3059/2610
f 3047/3047/2599 3049/3049/2601 3063/3063/2614
f 3047/3047/2599 3063/3063/2614 3039/3039/2592
f 3064/3064/2615 3042/3042/2595 3060/3060/2611
f 3064/3064/2615 3043/3043/2596 3042/3042/2595
f 3043/3043/2596 3064/3064/2615 3057/3057/2608
f 3050/3050/2602 3057/3057/2608 3061/3061/2612
f 3046/3046/2598 3055/3055/2606 3065/3065/2616
f 3065/3065/2616 3052/3052/2603 3046/3046/2598
f 3066/3066/2617 3052/3052/2603 3065/3065/2616
f 3052/3052/2603 3066/3066/2617 3051/3051/2585
f 3060/3060/2611 3039/3039/2592 3063/3063/2614
f 3062/3062/2613 3054/3054/2605 3058/3058/2609
f 3062/3062/2613 3058/3058/2609 3067/3067/2618
f 3068/3068/2583 3069/3069/2619 3070/3070/2620
f 3071/3071/2609 3072/3072/2621 3073/3073/2622
f 3074/3074/2623 3075/3075/2624 3076/3076/2625
f 3077/3077/2626 3078/3078/2627 3079/3079/2628
f 3078/3078/2627 3075/3075/2624 3079/3079/2628
f 3080/3080/2629 3077/3077/2626 3081/3081/2569
f 3082/3082/2630 3083/3083/2631 3084/3084/2586
f 3085/3085/2632 3084/3084/2586 3068/3068/2583
f 3073/3073/2622 3086/3086/2633 3087/3087/2634
f 3068/3068/2583 3070/3070/2620 3085/3085/2632
f 3085/3085/2632 3082/3082/2630 3084/3084/2586
f 3086/3086/2633 3088/3088/2635 3087/3087/2634
f 3076/3076/2625 3075/3075/2624 3078/3078/2627
f 3077/3077/2626 3089/3089/2636 3078/3078/2627
f 3087/3087/2634 3071/3071/2609 3073/3073/2622
f 3080/3080/2629 3083/3083/2631 3082/3082/2630
f 3090/3090/2637 3074/3074/2623 3076/3076/2625
f 3089/3089/2636 3077/3077/2626 3080/3080/2629
f 3078/3078/2627 3091/3091/2638 3076/3076/2625
f 3092/3092/2639 3093/3093/2640 3088/3088/2635
f 3094/3094/2641 3092/3092/2639 3074/3074/2623
f 3085/3085/2632 3070/3070/2620 3095/3095/2642
f 3096/3096/2643 3087/3087/2634 3088/3088/2635
f 3095/3095/2642 3070/3070/2620 3097/3097/2617
f 3082/3082/2630 3098/3098/2644 3080/3080/2629
f 3082/3082/2630 3085/3085/2632 3099/3099/2645
f 3071/3071/2609 3087/3087/2634 3100/3100/2646
f 3088/3088/2635 3093/3093/2640 3096/3096/2643
f 3092/3092/2639 3101/3101/2647 3093/3093/2640
f 3092/3092/2639 3094/3094/2641 3101/3101/2647
f 3090/3090/2637 3094/3094/2641 3074/3074/2623
f 3102/3102/2648 3089/3089/2636 3080/3080/2629
f 3099/3099/2645 3098/3098/2644 3082/3082/2630
f 3090/3090/2637 3076/3076/2625 3091/3091/2638
f 3091/3091/2638 3078/3078/2627 3089/3089/2636
f 3098/3098/2644 3102/3102/2648 3080/3080/2629
f 3095/3095/2642 3099/3099/2645 3085/3085/2632
f 3103/3103/2640 3104/3104/2649 3105/3105/2650
f 3105/3105/2650 3106/3106/2651 3103/3103/2640
f 3107/3107/2652 3108/3108/2646 3109/3109/2653
f 3110/3110/2654 3104/3104/2649 3111/3111/2655
f 3112/3112/2656 3113/3113/2657 3114/3114/2658
f 3115/3115/2659 3108/3108/2646 3107/3107/2652
f 3109/3109/2653 3106/3106/2651 3107/3107/2652
f 3110/3110/2654 3105/3105/2650 3104/3104/2649
f 3113/3113/2657 3110/3110/2654 3111/3111/2655
f 3114/3114/2658 3113/3113/2657 3111/3111/2655
f 3116/3116/2660 3117/3117/2661 3118/3118/2662
f 3119/3119/2663 3117/3117/2661 3120/3120/2644
f 3121/3121/2664 3122/3122/2665 3123/3123/2642
f 3112/3112/2656 3124/3124/2666 3113/3113/2657
f 3112/3112/2656 3116/3116/2660 3118/3118/2662
f 3106/3106/2651 3125/3125/2667 3107/3107/2652
f 3123/3123/2642 3122/3122/2665 3126/3126/2668
f 3125/3125/2667 3106/3106/2651 3105/3105/2650
f 3118/3118/2662 3124/3124/2666 3112/3112/2656
f 3121/3121/2664 3127/3127/2669 3122/3122/2665
f 3126/3126/2668 3119/3119/2663 3120/3120/2644
f 3118/3118/2662 3117/3117/2661 3128/3128/2670
f 3107/3107/2652 3125/3125/2667 3115/3115/2659
f 3129/3129/2671 3124/3124/2666 3118/3118/2662
f 3129/3129/2671 3118/3118/2662 3128/3128/2670
f 3117/3117/2661 3119/3119/2663 3128/3128/2670
f 3126/3126/2668 3122/3122/2665 3130/3130/2672
f 3131/3131/2673 3105/3105/2650 3110/3110/2654
f 3110/3110/2654 3113/3113/2657 3131/3131/2673
f 3122/3122/2665 3127/3127/2669 3132/3132/2674
f 3131/3131/2673 3113/3113/2657 3133/3133/2675
f 3130/3130/2672 3119/3119/2663 3126/3126/2668
f 3130/3130/2672 3122/3122/2665 3132/3132/2674
f 3129/3129/2671 3134/3134/2676 3124/3124/2666
f 3105/3105/2650 3135/3135/2677 3125/3125/2667
f 3133/3133/2675 3113/3113/2657 3124/3124/2666
f 3133/3133/2675 3124/3124/2666 3134/3134/2676
f 3136/3136/2678 3137/3137/2679 3138/3138/2680
f 3136/3136/2678 3139/3139/2681 3137/3137/2679
f 3140/3140/2682 3137/3137/2679 3139/3139/2681
f 3141/3141/2683 3142/3142/2684 3143/3143/2685
f 3144/3144/2686 3141/3141/2683 3145/3145/2687
f 3146/3146/2615 3144/3144/2686 3147/3147/2688
f 3146/3146/2615 3147/3147/2688 3136/3136/2678
f 3146/3146/2615 3136/3136/2678 3138/3138/2680
f 3139/3139/2681 3148/3148/2689 3140/3140/2682
f 3148/3148/2689 3149/3149/2606 3140/3140/2682
f 3150/3150/2618 3151/3151/2690 3152/3152/2691
f 3152/3152/2691 3151/3151/2690 3142/3142/2684
f 3151/3151/2690 3150/3150/2618 3153/3153/2692
f 3143/3143/2685 3145/3145/2687 3141/3141/2683
f 3147/3147/2688 3144/3144/2686 3145/3145/2687
f 3149/3149/2606 3148/3148/2689 3154/3154/2693
f 3149/3149/2606 3155/3155/2694 3156/3156/2695
f 3157/3157/2696 3142/3142/2684 3151/3151/2690
f 3142/3142/2684 3157/3157/2696 3143/3143/2685
f 3154/3154/2693 3155/3155/2694 3149/3149/2606
f 3156/3156/2695 3155/3155/2694 3158/3158/2697
f 3158/3158/2697 3159/3159/2617 3156/3156/2695
f 3147/3147/2688 3160/3160/2698 3136/3136/2678
f 3161/3161/2699 3147/3147/2688 3145/3145/2687
f 3162/3162/2700 3157/3157/2696 3151/3151/2690
f 3163/3163/2701 3148/3148/2689 3139/3139/2681
f 3161/3161/2699 3160/3160/2698 3147/3147/2688
f 3164/3164/2702 3136/3136/2678 3160/3160/2698
f 3157/3157/2696 3145/3145/2687 3143/3143/2685
f 3148/3148/2689 3163/3163/2701 3154/3154/2693
f 3165/3165/2703 3155/3155/2694 3154/3154/2693
f 3139/3139/2681 3136/3136/2678 3164/3164/2702
f 3163/3163/2701 3165/3165/2703 3154/3154/2693
f 3162/3162/2700 3151/3151/2690 3153/3153/2692
f 3164/3164/2702 3166/3166/2704 3139/3139/2681
f 3163/3163/2701 3139/3139/2681 3166/3166/2704
f 3162/3162/2700 3153/3153/2692 3167/3167/2705
f 3168/3168/2706 3155/3155/2694 3165/3165/2703
f 3169/3169/2707 3170/3170/2708 3171/3171/2709
f 3172/3172/2650 3173/3173/2673 3174/3174/2710
f 3175/3175/2711 3176/3176/2712 3177/3177/2713
f 3178/3178/2714 3179/3179/2715 3180/3180/2716
f 3181/3181/2717 3182/3182/2670 3175/3175/2711
f 3183/3183/2718 3184/3184/2719 3185/3185/2676
f 3186/3186/2720 3185/3185/2676 3187/3187/2721
f 3187/3187/2721 3182/3182/2670 3188/3188/2722
f 3188/3188/2722 3182/3182/2670 3181/3181/2717
f 3177/3177/2713 3181/3181/2717 3175/3175/2711
f 3179/3179/2715 3178/3178/2714 3170/3170/2708
f 3173/3173/2673 3184/3184/2719 3174/3174/2710
f 3189/3189/2723 3176/3176/2712 3190/3190/2724
f 3188/3188/2722 3181/3181/2717 3191/3191/2725
f 3174/3174/2710 3192/3192/2726 3169/3169/2707
f 3184/3184/2719 3193/3193/2727 3174/3174/2710
f 3186/3186/2720 3187/3187/2721 3188/3188/2722
f 3189/3189/2723 3177/3177/2713 3176/3176/2712
f 3189/3189/2723 3190/3190/2724 3194/3194/2728
f 3183/3183/2718 3185/3185/2676 3186/3186/2720
f 3180/3180/2716 3179/3179/2715 3195/3195/2729
f 3193/3193/2727 3184/3184/2719 3183/3183/2718
f 3196/3196/2730 3170/3170/2708 3169/3169/2707
f 3192/3192/2726 3196/3196/2730 3169/3169/2707
f 3195/3195/2729 3197/3197/2731 3180/3180/2716
f 3181/3181/2717 3177/3177/2713 3191/3191/2725
f 3198/3198/2732 3177/3177/2713 3189/3189/2723
f 3174/3174/2710 3193/3193/2727 3199/3199/2733
f 3199/3199/2733 3193/3193/2727 3200/3200/2734
f 3177/3177/2713 3198/3198/2732 3201/3201/2735
f 3202/3202/2736 3189/3189/2723 3194/3194/2728
f 3179/3179/2715 3170/3170/2708 3196/3196/2730
f 3174/3174/2710 3199/3199/2733 3192/3192/2726
f 3203/3203/2737 3200/3200/2734 3193/3193/2727
f 3183/3183/2718 3203/3203/2737 3193/3193/2727
f 3186/3186/2720 3203/3203/2737 3183/3183/2718
f 3188/3188/2722 3204/3204/2738 3186/3186/2720
f 3201/3201/2735 3191/3191/2725 3177/3177/2713
f 3203/3203/2737 3186/3186/2720 3204/3204/2738
f 3191/3191/2725 3204/3204/2738 3188/3188/2722
f 3195/3195/2729 3179/3179/2715 3196/3196/2730
f 3205/3205/2739 3206/3206/2740 3207/3207/2701
f 3208/3208/2741 3209/3209/2742 3210/3210/2743
f 3211/3211/2714 3212/3212/2744 3213/3213/2745
f 3214/3214/2746 3215/3215/2687 3216/3216/2747
f 3217/3217/2698 3218/3218/2748 3219/3219/2749
f 3215/3215/2687 3213/3213/2745 3216/3216/2747
f 3220/3220/2750 3212/3212/2744 3211/3211/2714
f 3209/3209/2742 3208/3208/2741 3221/3221/2728
f 3209/3209/2742 3221/3221/2728 3222/3222/2724
f 3223/3223/2751 3219/3219/2749 3218/3218/2748
f 3224/3224/2752 3213/3213/2745 3212/3212/2744
f 3216/3216/2747 3213/3213/2745 3224/3224/2752
f 3218/3218/2748 3217/3217/2698 3214/3214/2746
f 3223/3223/2751 3225/3225/2753 3219/3219/2749
f 3205/3205/2739 3207/3207/2701 3225/3225/2753
f 3226/3226/2754 3206/3206/2740 3205/3205/2739
f 3226/3226/2754 3208/3208/2741 3206/3206/2740
f 3218/3218/2748 3214/3214/2746 3227/3227/2755
f 3220/3220/2750 3228/3228/2756 3212/3212/2744
f 3225/3225/2753 3223/3223/2751 3229/3229/2757
f 3227/3227/2755 3214/3214/2746 3216/3216/2747
f 3205/3205/2739 3225/3225/2753 3229/3229/2757
f 3212/3212/2744 3228/3228/2756 3230/3230/2758
f 3216/3216/2747 3224/3224/2752 3231/3231/2759
f 3226/3226/2754 3205/3205/2739 3232/3232/2760
f 3212/3212/2744 3230/3230/2758 3224/3224/2752
f 3218/3218/2748 3227/3227/2755 3233/3233/2761
f 3228/3228/2756 3220/3220/2750 3234/3234/2762
f 3223/3223/2751 3218/3218/2748 3233/3233/2761
f 3224/3224/2752 3230/3230/2758 3231/3231/2759
f 3235/3235/2763 3226/3226/2754 3232/3232/2760
f 3226/3226/2754 3235/3235/2763 3208/3208/2741
f 3208/3208/2741 3236/3236/2764 3221/3221/2728
f 3227/3227/2755 3216/3216/2747 3231/3231/2759
f 3229/3229/2757 3223/3223/2751 3233/3233/2761
f 3237/3237/2765 3233/3233/2761 3227/3227/2755
f 3232/3232/2760 3205/3205/2739 3229/3229/2757
f 3236/3236/2764 3208/3208/2741 3235/3235/2763
f 3238/3238/2736 3221/3221/2728 3236/3236/2764
f 3232/3232/2760 3229/3229/2757 3239/3239/2766
f 3240/3240/2767 3241/3241/2723 3242/3242/2768
f 3243/3243/2755 3244/3244/2769 3245/3245/2765
f 3243/3243/2755 3246/3246/2770 3244/3244/2769
f 3240/3240/2767 3247/3247/2732 3241/3241/2723
f 3246/3246/2770 3248/3248/2771 3249/3249/2772
f 3250/3250/2731 3251/3251/2729 3252/3252/2773
f 3252/3252/2773 3253/3253/2774 3250/3250/2731
f 3254/3254/2761 3255/3255/2775 3256/3256/2776
f 3257/3257/2777 3258/3258/2778 3256/3256/2776
f 3258/3258/2778 3257/3257/2777 3259/3259/2779
f 3259/3259/2779 3260/3260/2780 3258/3258/2778
f 3261/3261/2781 3260/3260/2780 3259/3259/2779
f 3261/3261/2781 3262/3262/2782 3263/3263/2764
f 3263/3263/2764 3264/3264/2783 3242/3242/2768
f 3264/3264/2783 3240/3240/2767 3242/3242/2768
f 3251/3251/2729 3265/3265/2784 3252/3252/2773
f 3252/3252/2773 3266/3266/2785 3253/3253/2774
f 3267/3267/2786 3254/3254/2761 3245/3245/2765
f 3262/3262/2782 3261/3261/2781 3259/3259/2779
f 3263/3263/2764 3262/3262/2782 3268/3268/2787
f 3248/3248/2771 3253/3253/2774 3266/3266/2785
f 3254/3254/2761 3267/3267/2786 3255/3255/2775
f 3263/3263/2764 3268/3268/2787 3264/3264/2783
f 3269/3269/2788 3265/3265/2784 3251/3251/2729
f 3270/3270/2789 3246/3246/2770 3249/3249/2772
f 3246/3246/2770 3270/3270/2789 3244/3244/2769
f 3267/3267/2786 3245/3245/2765 3244/3244/2769
f 3240/3240/2767 3271/3271/2790 3247/3247/2732
f 3267/3267/2786 3244/3244/2769 3272/3272/2791
f 3247/3247/2732 3271/3271/2790 3273/3273/2792
f 3248/3248/2771 3266/3266/2785 3249/3249/2772
f 3269/3269/2788 3274/3274/2793 3265/3265/2784
f 3240/3240/2767 3264/3264/2783 3271/3271/2790
f 3252/3252/2773 3275/3275/2794 3266/3266/2785
f 3272/3272/2791 3244/3244/2769 3270/3270/2789
f 3268/3268/2787 3262/3262/2782 3276/3276/2795
f 3277/3277/2796 3267/3267/2786 3272/3272/2791
f 3267/3267/2786 3277/3277/2796 3255/3255/2775
f 3262/3262/2782 3259/3259/2779 3276/3276/2795
f 3273/3273/2792 3271/3271/2790 3278/3278/2797
f 3255/3255/2775 3279/3279/2798 3256/3256/2776
f 3256/3256/2776 3279/3279/2798 3257/3257/2777
f 3280/3280/2799 3259/3259/2779 3257/3257/2777
f 3249/3249/2772 3266/3266/2785 3270/3270/2789
f 3264/3264/2783 3268/3268/2787 3281/3281/2800
f 3282/3282/2801 3268/3268/2787 3276/3276/2795
f 3255/3255/2775 3277/3277/2796 3279/3279/2798
f 3252/3252/2773 3265/3265/2784 3275/3275/2794
f 3282/3282/2801 3281/3281/2800 3268/3268/2787
f 3283/3283/2802 3264/3264/2783 3281/3281/2800
f 3270/3270/2789 3266/3266/2785 3275/3275/2794
f 3276/3276/2795 3259/3259/2779 3280/3280/2799
f 3264/3264/2783 3283/3283/2802 3271/3271/2790
f 3284/3284/2803 3285/3285/2804 3286/3286/2805
f 3287/3287/2793 3288/3288/2730 3289/3289/2806
f 3290/3290/2807 3289/3289/2806 3291/3291/2808
f 3292/3292/2809 3291/3291/2808 3293/3293/2810
f 3292/3292/2809 3293/3293/2810 3294/3294/2811
f 3295/3295/2812 3294/3294/2811 3296/3296/2813
f 3285/3285/2804 3296/3296/2813 3294/3294/2811
f 3296/3296/2813 3285/3285/2804 3284/3284/2803
f 3286/3286/2805 3297/3297/2814 3298/3298/2815
f 3297/3297/2814 3299/3299/2732 3298/3298/2815
f 3294/3294/2811 3295/3295/2812 3292/3292/2809
f 3284/3284/2803 3286/3286/2805 3300/3300/2816
f 3289/3289/2806 3290/3290/2807 3287/3287/2793
f 3292/3292/2809 3290/3290/2807 3291/3291/2808
f 3301/3301/2817 3296/3296/2813 3284/3284/2803
f 3286/3286/2805 3298/3298/2815 3300/3300/2816
f 3292/3292/2809 3295/3295/2812 3296/3296/2813
f 3284/3284/2803 3300/3300/2816 3301/3301/2817
f 3292/3292/2809 3302/3302/2818 3290/3290/2807
f 3303/3303/2819 3292/3292/2809 3296/3296/2813
f 3304/3304/2797 3300/3300/2816 3298/3298/2815
f 3301/3301/2817 3300/3300/2816 3305/3305/2820
f 3300/3300/2816 3304/3304/2797 3305/3305/2820
f 3303/3303/2819 3302/3302/2818 3292/3292/2809
f 3303/3303/2819 3296/3296/2813 3306/3306/2821
f 3290/3290/2807 3302/3302/2818 3307/3307/2822
f 3301/3301/2817 3306/3306/2821 3296/3296/2813
f 3308/3308/2823 3309/3309/2824 3310/3310/2822
f 3311/3311/2825 3312/3312/2789 3313/3313/2826
f 3314/3314/2827 3308/3308/2823 3310/3310/2822
f 3313/3313/2826 3315/3315/2828 3316/3316/2829
f 3316/3316/2829 3311/3311/2825 3313/3313/2826
f 3317/3317/2830 3318/3318/2831 3319/3319/2832
f 3320/3320/2833 3312/3312/2789 3311/3311/2825
f 3310/3310/2822 3319/3319/2832 3318/3318/2831
f 3321/3321/2821 3322/3322/2817 3323/3323/2834
f 3321/3321/2821 3324/3324/2835 3317/3317/2830
f 3315/3315/2828 3308/3308/2823 3325/3325/2836
f 3326/3326/2837 3315/3315/2828 3325/3325/2836
f 3315/3315/2828 3326/3326/2837 3316/3316/2829
f 3314/3314/2827 3325/3325/2836 3308/3308/2823
f 3310/3310/2822 3327/3327/2838 3314/3314/2827
f 3320/3320/2833 3311/3311/2825 3328/3328/2839
f 3329/3329/2840 3321/3321/2821 3323/3323/2834
f 3311/3311/2825 3316/3316/2829 3330/3330/2841
f 3328/3328/2839 3311/3311/2825 3330/3330/2841
f 3310/3310/2822 3318/3318/2831 3327/3327/2838
f 3324/3324/2835 3318/3318/2831 3317/3317/2830
f 3331/3331/2842 3324/3324/2835 3321/3321/2821
f 3329/3329/2840 3331/3331/2842 3321/3321/2821
f 3332/3332/2777 3333/3333/2843 3334/3334/2799
f 3335/3335/2844 3336/3336/2845 3337/3337/2790
f 3338/3338/2798 3333/3333/2843 3332/3332/2777
f 3339/3339/2846 3340/3340/2847 3341/3341/2848
f 3341/3341/2848 3342/3342/2849 3343/3343/2850
f 3344/3344/2851 3345/3345/2802 3346/3346/2852
f 3345/3345/2802 3335/3335/2844 3337/3337/2790
f 3334/3334/2799 3347/3347/2853 3348/3348/2854
f 3349/3349/2834 3350/3350/2817 3351/3351/2820
f 3344/3344/2851 3335/3335/2844 3345/3345/2802
f 3343/3343/2850 3342/3342/2849 3352/3352/2855
f 3338/3338/2798 3340/3340/2847 3353/3353/2856
f 3347/3347/2853 3334/3334/2799 3333/3333/2843
f 3348/3348/2854 3354/3354/2857 3355/3355/2858
f 3339/3339/2846 3341/3341/2848 3343/3343/2850
f 3356/3356/2859 3336/3336/2845 3335/3335/2844
f 3349/3349/2834 3351/3351/2820 3357/3357/2860
f 3346/3346/2852 3355/3355/2858 3358/3358/2861
f 3344/3344/2851 3346/3346/2852 3358/3358/2861
f 3356/3356/2859 3351/3351/2820 3336/3336/2845
f 3354/3354/2857 3358/3358/2861 3355/3355/2858
f 3347/3347/2853 3354/3354/2857 3348/3348/2854
f 3359/3359/2862 3351/3351/2820 3356/3356/2859
f 3356/3356/2859 3335/3335/2844 3360/3360/2863
f 3361/3361/2864 3343/3343/2850 3352/3352/2855
f 3353/3353/2856 3340/3340/2847 3339/3339/2846
f 3349/3349/2834 3357/3357/2860 3362/3362/2840
f 3359/3359/2862 3357/3357/2860 3351/3351/2820
f 3338/3338/2798 3363/3363/2865 3333/3333/2843
f 3333/3333/2843 3364/3364/2866 3347/3347/2853
f 3347/3347/2853 3365/3365/2867 3354/3354/2857
f 3343/3343/2850 3361/3361/2864 3339/3339/2846
f 3339/3339/2846 3366/3366/2868 3353/3353/2856
f 3367/3367/2869 3358/3358/2861 3354/3354/2857
f 3361/3361/2864 3352/3352/2855 3368/3368/2839
f 3364/3364/2866 3333/3333/2843 3363/3363/2865
f 3360/3360/2863 3359/3359/2862 3356/3356/2859
f 3358/3358/2861 3369/3369/2870 3344/3344/2851
f 3344/3344/2851 3369/3369/2870 3370/3370/2871
f 3335/3335/2844 3344/3344/2851 3370/3370/2871
f 3366/3366/2868 3339/3339/2846 3361/3361/2864
f 3353/3353/2856 3371/3371/2872 3338/3338/2798
f 3338/3338/2798 3371/3371/2872 3363/3363/2865
f 3365/3365/2867 3347/3347/2853 3364/3364/2866
f 3367/3367/2869 3354/3354/2857 3365/3365/2867
f 3359/3359/2862 3362/3362/2840 3357/3357/2860
f 3369/3369/2870 3358/3358/2861 3367/3367/2869
f 3360/3360/2863 3335/3335/2844 3370/3370/2871
f 3372/3372/2873 3360/3360/2863 3370/3370/2871
f 3373/3373/2874 3374/3374/2841 3375/3375/2875
f 3376/3376/2876 3377/3377/2877 3378/3378/2878
f 3379/3379/2879 3380/3380/2880 3381/3381/2881
f 3380/3380/2880 3382/3382/2882 3383/3383/2883
f 3384/3384/2884 3382/3382/2882 3385/3385/2885
f 3378/3378/2878 3386/3386/2886 3385/3385/2885
f 3386/3386/2886 3378/3378/2878 3387/3387/2887
f 3377/3377/2877 3387/3387/2887 3378/3378/2878
f 3376/3376/2876 3388/3388/2888 3377/3377/2877
f 3376/3376/2876 3389/3389/2889 3388/3388/2888
f 3389/3389/2889 3390/3390/2890 3388/3388/2888
f 3391/3391/2891 3392/3392/2892 3379/3379/2879
f 3393/3393/2893 3373/3373/2874 3392/3392/2892
f 3380/3380/2880 3383/3383/2883 3381/3381/2881
f 3382/3382/2882 3384/3384/2884 3383/3383/2883
f 3394/3394/2894 3385/3385/2885 3386/3386/2886
f 3390/3390/2890 3395/3395/2895 3396/3396/2896
f 3394/3394/2894 3384/3384/2884 3385/3385/2885
f 3390/3390/2890 3396/3396/2896 3388/3388/2888
f 3391/3391/2891 3393/3393/2893 3392/3392/2892
f 3394/3394/2894 3386/3386/2886 3397/3397/2897
f 3373/3373/2874 3398/3398/2898 3374/3374/2841
f 3399/3399/2899 3381/3381/2881 3383/3383/2883
f 3397/3397/2897 3386/3386/2886 3387/3387/2887
f 3373/3373/2874 3393/3393/2893 3398/3398/2898
f 3391/3391/2891 3379/3379/2879 3381/3381/2881
f 3383/3383/2883 3384/3384/2884 3399/3399/2899
f 3384/3384/2884 3394/3394/2894 3399/3399/2899
f 3377/3377/2877 3388/3388/2888 3400/3400/2900
f 3396/3396/2896 3400/3400/2900 3388/3388/2888
f 3374/3374/2841 3398/3398/2898 3401/3401/2901
f 3377/3377/2877 3397/3397/2897 3387/3387/2887
f 3402/3402/2902 3403/3403/2870 3404/3404/2869
f 3405/3405/2903 3406/3406/2839 3407/3407/2904
f 3408/3408/2905 3409/3409/2868 3405/3405/2903
f 3408/3408/2905 3410/3410/2906 3409/3409/2868
f 3410/3410/2906 3411/3411/2907 3409/3409/2868
f 3410/3410/2906 3412/3412/2908 3411/3411/2907
f 3413/3413/2866 3414/3414/2909 3415/3415/2910
f 3416/3416/2911 3413/3413/2866 3415/3415/2910
f 3404/3404/2869 3416/3416/2911 3402/3402/2902
f 3417/3417/2912 3403/3403/2870 3402/3402/2902
f 3418/3418/2913 3403/3403/2870 3417/3417/2912
f 3418/3418/2913 3419/3419/2914 3420/3420/2873
f 3419/3419/2914 3418/3418/2913 3417/3417/2912
f 3406/3406/2839 3421/3421/2841 3407/3407/2904
f 3422/3422/2915 3402/3402/2902 3416/3416/2911
f 3405/3405/2903 3407/3407/2904 3408/3408/2905
f 3420/3420/2873 3419/3419/2914 3423/3423/2916
f 3424/3424/2917 3414/3414/2909 3412/3412/2908
f 3415/3415/2910 3414/3414/2909 3425/3425/2918
f 3415/3415/2910 3422/3422/2915 3416/3416/2911
f 3426/3426/2919 3419/3419/2914 3417/3417/2912
f 3410/3410/2906 3427/3427/2920 3412/3412/2908
f 3422/3422/2915 3415/3415/2910 3425/3425/2918
f 3417/3417/2912 3402/3402/2902 3428/3428/2921
f 3426/3426/2919 3417/3417/2912 3428/3428/2921
f 3407/3407/2904 3421/3421/2841 3429/3429/2922
f 3430/3430/2923 3410/3410/2906 3408/3408/2905
f 3427/3427/2920 3424/3424/2917 3412/3412/2908
f 3428/3428/2921 3402/3402/2902 3422/3422/2915
f 3423/3423/2916 3419/3419/2914 3426/3426/2919
f 3425/3425/2918 3414/3414/2909 3424/3424/2917
f 3427/3427/2920 3410/3410/2906 3430/3430/2923
f 3408/3408/2905 3407/3407/2904 3430/3430/2923
f 3431/3431/2924 3432/3432/2925 3433/3433/2900
f 3434/3434/2926 3435/3435/2927 3436/3436/2928
f 3437/3437/2929 3438/3438/2930 3439/3439/2931
f 3440/3440/2932 3441/3441/2933 3442/3442/2922
f 3443/3443/2934 3444/3444/2935 3434/3434/2926
f 3445/3445/2936 3446/3446/2937 3444/3444/2935
f 3447/3447/2938 3431/3431/2924 3438/3438/2930
f 3448/3448/2939 3442/3442/2922 3449/3449/2940
f 3435/3435/2927 3450/3450/2941 3451/3451/2942
f 3443/3443/2934 3434/3434/2926 3436/3436/2928
f 3452/3452/2943 3433/3433/2900 3432/3432/2925
f 3431/3431/2924 3447/3447/2938 3432/3432/2925
f 3442/3442/2922 3448/3448/2939 3440/3440/2932
f 3446/3446/2937 3453/3453/2944 3439/3439/2931
f 3439/3439/2931 3454/3454/2945 3437/3437/2929
f 3444/3444/2935 3443/3443/2934 3455/3455/2946
f 3447/3447/2938 3438/3438/2930 3437/3437/2929
f 3441/3441/2933 3440/3440/2932 3456/3456/2947
f 3455/3455/2946 3445/3445/2936 3444/3444/2935
f 3446/3446/2937 3445/3445/2936 3453/3453/2944
f 3450/3450/2941 3441/3441/2933 3457/3457/2948
f 3453/3453/2944 3454/3454/2945 3439/3439/2931
f 3441/3441/2933 3456/3456/2947 3457/3457/2948
f 3435/3435/2927 3451/3451/2942 3436/3436/2928
f 3451/3451/2942 3450/3450/2941 3457/3457/2948
f 3454/3454/2945 3453/3453/2944 3458/3458/2949
f 3443/3443/2934 3436/3436/2928 3459/3459/2950
f 3432/3432/2925 3447/3447/2938 3460/3460/2951
f 3436/3436/2928 3451/3451/2942 3461/3461/2952
f 3452/3452/2943 3432/3432/2925 3462/3462/2953
f 3455/3455/2946 3443/3443/2934 3459/3459/2950
f 3453/3453/2944 3445/3445/2936 3463/3463/2954
f 3453/3453/2944 3463/3463/2954 3458/3458/2949
f 3437/3437/2929 3454/3454/2945 3464/3464/2955
f 3465/3465/2956 3440/3440/2932 3448/3448/2939
f 3440/3440/2932 3466/3466/2957 3456/3456/2947
f 3464/3464/2955 3447/3447/2938 3437/3437/2929
f 3440/3440/2932 3465/3465/2956 3466/3466/2957
f 3457/3457/2948 3456/3456/2947 3466/3466/2957
f 3467/3467/2958 3455/3455/2946 3459/3459/2950
f 3445/3445/2936 3455/3455/2946 3468/3468/2959
f 3458/3458/2949 3464/3464/2955 3454/3454/2945
f 3462/3462/2953 3432/3432/2925 3460/3460/2951
f 3464/3464/2955 3460/3460/2951 3447/3447/2938
f 3469/3469/2960 3451/3451/2942 3457/3457/2948
f 3461/3461/2952 3451/3451/2942 3469/3469/2960
f 3459/3459/2950 3436/3436/2928 3461/3461/2952
f 3468/3468/2959 3455/3455/2946 3467/3467/2958
f 3463/3463/2954 3445/3445/2936 3468/3468/2959
f 3470/3470/2961 3471/3471/2962 3472/3472/2898
f 3470/3470/2961 3473/3473/2891 3471/3471/2962
f 3474/3474/2963 3473/3473/2891 3475/3475/2964
f 3475/3475/2964 3476/3476/2965 3474/3474/2963
f 3476/3476/2965 3475/3475/2964 3477/3477/2966
f 3477/3477/2966 3478/3478/2894 3479/3479/2967
f 3480/3480/2968 3481/3481/2969 3478/3478/2894
f 3482/3482/2970 3481/3481/2969 3480/3480/2968
f 3482/3482/2970 3480/3480/2968 3483/3483/2971
f 3484/3484/2972 3472/3472/2898 3471/3471/2962
f 3485/3485/2922 3472/3472/2898 3484/3484/2972
f 3471/3471/2962 3473/3473/2891 3486/3486/2973
f 3476/3476/2965 3477/3477/2966 3487/3487/2974
f 3481/3481/2969 3479/3479/2967 3478/3478/2894
f 3488/3488/2975 3483/3483/2971 3489/3489/2900
f 3486/3486/2973 3473/3473/2891 3474/3474/2963
f 3483/3483/2971 3488/3488/2975 3490/3490/2976
f 3487/3487/2974 3477/3477/2966 3479/3479/2967
f 3491/3491/2977 3481/3481/2969 3482/3482/2970
f 3482/3482/2970 3483/3483/2971 3490/3490/2976
f 3492/3492/2978 3484/3484/2972 3471/3471/2962
f 3479/3479/2967 3481/3481/2969 3491/3491/2977
f 3479/3479/2967 3493/3493/2979 3487/3487/2974
f 3471/3471/2962 3486/3486/2973 3494/3494/2980
f 3474/3474/2963 3495/3495/2981 3486/3486/2973
f 3471/3471/2962 3494/3494/2980 3492/3492/2978
f 3492/3492/2978 3496/3496/2939 3484/3484/2972
f 3487/3487/2974 3493/3493/2979 3476/3476/2965
f 3497/3497/2982 3479/3479/2967 3491/3491/2977
f 3488/3488/2975 3498/3498/2983 3490/3490/2976
f 3495/3495/2981 3474/3474/2963 3476/3476/2965
f 3486/3486/2973 3495/3495/2981 3494/3494/2980
f 3497/3497/2982 3493/3493/2979 3479/3479/2967
f 3499/3499/2982 3500/3500/2984 3501/3501/2979
f 3502/3502/2985 3503/3503/2978 3504/3504/2986
f 3505/3505/2939 3503/3503/2978 3506/3506/2956
f 3504/3504/2986 3507/3507/2987 3502/3502/2985
f 3502/3502/2985 3508/3508/2988 3503/3503/2978
f 3506/3506/2956 3503/3503/2978 3508/3508/2988
f 3506/3506/2956 3509/3509/2989 3510/3510/2990
f 3511/3511/2981 3512/3512/2991 3504/3504/2986
f 3504/3504/2986 3512/3512/2991 3507/3507/2987
f 3513/3513/2992 3509/3509/2989 3506/3506/2956
f 3509/3509/2989 3514/3514/2993 3510/3510/2990
f 3511/3511/2981 3515/3515/2965 3512/3512/2991
f 3516/3516/2948 3510/3510/2990 3514/3514/2993
f 3515/3515/2965 3517/3517/2994 3512/3512/2991
f 3514/3514/2993 3518/3518/2995 3516/3516/2948
f 3515/3515/2965 3501/3501/2979 3517/3517/2994
f 3519/3519/2996 3518/3518/2995 3514/3514/2993
f 3519/3519/2996 3520/3520/2997 3518/3518/2995
f 3519/3519/2996 3521/3521/2998 3520/3520/2997
f 3521/3521/2998 3522/3522/2950 3520/3520/2997
f 3501/3501/2979 3500/3500/2984 3523/3523/2999
f 3524/3524/3000 3522/3522/2950 3521/3521/2998
f 3521/3521/2998 3525/3525/3001 3524/3524/3000
f 3499/3499/2982 3526/3526/2977 3500/3500/2984
f 3500/3500/2984 3526/3526/2977 3527/3527/3002
f 3525/3525/3001 3528/3528/3003 3524/3524/3000
f 3528/3528/3003 3529/3529/3004 3524/3524/3000
f 3528/3528/3003 3530/3530/3005 3529/3529/3004
f 3531/3531/3006 3532/3532/2976 3533/3533/3007
f 3534/3534/3008 3530/3530/3005 3528/3528/3003
f 3534/3534/3008 3535/3535/3009 3530/3530/3005
f 3536/3536/3010 3535/3535/3009 3534/3534/3008
f 3533/3533/3007 3532/3532/2976 3537/3537/2983
f 3538/3538/3011 3539/3539/3012 3540/3540/3013
f 3540/3540/3013 3539/3539/3012 3536/3536/3010
f 3538/3538/3011 3537/3537/2983 3539/3539/3012
f 3536/3536/3010 3541/3541/2955 3535/3535/3009
f 3536/3536/3010 3539/3539/3012 3541/3541/2955
f 3508/3508/2988 3502/3502/2985 3507/3507/2987
f 3513/3513/2992 3506/3506/2956 3508/3508/2988
f 3517/3517/2994 3501/3501/2979 3523/3523/2999
f 3538/3538/3011 3533/3533/3007 3537/3537/2983
f 3507/3507/2987 3542/3542/3014 3508/3508/2988
f 3536/3536/3010 3543/3543/3015 3540/3540/3013
f 3507/3507/2987 3512/3512/2991 3544/3544/3016
f 3508/3508/2988 3542/3542/3014 3545/3545/3017
f 3542/3542/3014 3507/3507/2987 3544/3544/3016
f 3512/3512/2991 3517/3517/2994 3544/3544/3016
f 3534/3534/3008 3543/3543/3015 3536/3536/3010
f 3546/3546/3018 3545/3545/3017 3542/3542/3014
f 3547/3547/3019 3542/3542/3014 3544/3544/3016
f 3542/3542/3014 3547/3547/3019 3548/3548/3020
f 3545/3545/3017 3546/3546/3018 3549/3549/3021
f 3548/3548/3020 3550/3550/3022 3546/3546/3018
f 3546/3546/3018 3550/3550/3022 3549/3549/3021
f 3551/3551/3023 3547/3547/3019 3544/3544/3016
f 3550/3550/3022 3552/3552/3024 3549/3549/3021
f 3547/3547/3019 3550/3550/3022 3548/3548/3020
f 3544/3544/3016 3517/3517/2994 3551/3551/3023
f 3549/3549/3021 3552/3552/3024 3553/3553/3025
f 3551/3551/3023 3554/3554/3026 3547/3547/3019
f 3551/3551/3023 3517/3517/2994 3555/3555/3027
f 3550/3550/3022 3547/3547/3019 3556/3556/3028
f 3547/3547/3019 3554/3554/3026 3556/3556/3028
f 3551/3551/3023 3557/3557/3029 3554/3554/3026
f 3550/3550/3022 3556/3556/3028 3552/3552/3024
f 3555/3555/3027 3557/3557/3029 3551/3551/3023
f 3552/3552/3024 3558/3558/3030 3553/3553/3025
f 3552/3552/3024 3559/3559/3031 3558/3558/3030
f 3556/3556/3028 3560/3560/3032 3552/3552/3024
f 3555/3555/3027 3561/3561/3033 3557/3557/3029
f 3552/3552/3024 3560/3560/3032 3559/3559/3031
f 3562/3562/3034 3556/3556/3028 3554/3554/3026
f 3563/3563/3035 3558/3558/3030 3564/3564/3036
f 3557/3557/3029 3565/3565/3037 3554/3554/3026
f 3559/3559/3031 3560/3560/3032 3564/3564/3036
f 3565/3565/3037 3562/3562/3034 3554/3554/3026
f 3556/3556/3028 3562/3562/3034 3560/3560/3032
f 3566/3566/3038 3565/3565/3037 3557/3557/3029
f 3560/3560/3032 3562/3562/3034 3567/3567/3039
f 3565/3565/3037 3568/3568/3040 3562/3562/3034
f 3564/3564/3036 3525/3525/3001 3563/3563/3035
f 3560/3560/3032 3567/3567/3039 3564/3564/3036
f 3565/3565/3037 3566/3566/3038 3569/3569/3041
f 3568/3568/3040 3567/3567/3039 3562/3562/3034
f 3567/3567/3039 3570/3570/3042 3564/3564/3036
f 3570/3570/3042 3525/3525/3001 3564/3564/3036
f 3571/3571/3043 3568/3568/3040 3565/3565/3037
f 3568/3568/3040 3572/3572/3044 3567/3567/3039
f 3571/3571/3043 3572/3572/3044 3568/3568/3040
f 3570/3570/3042 3528/3528/3003 3525/3525/3001
f 3567/3567/3039 3573/3573/3045 3570/3570/3042
f 3574/3574/3046 3565/3565/3037 3569/3569/3041
f 3574/3574/3046 3571/3571/3043 3565/3565/3037
f 3572/3572/3044 3573/3573/3045 3567/3567/3039
f 3570/3570/3042 3573/3573/3045 3528/3528/3003
f 3574/3574/3046 3575/3575/3047 3571/3571/3043
f 3534/3534/3008 3528/3528/3003 3573/3573/3045
f 3573/3573/3045 3543/3543/3015 3534/3534/3008
f 3540/3540/3013 3571/3571/3043 3575/3575/3047
f 3571/3571/3043 3540/3540/3013 3572/3572/3044
f 3548/3548/3020 3546/3546/3018 3542/3542/3014
f 3559/3559/3031 3564/3564/3036 3558/3558/3030
f 3561/3561/3033 3566/3566/3038 3557/3557/3029
f 3572/3572/3044 3543/3543/3015 3573/3573/3045
f 3540/3540/3013 3543/3543/3015 3572/3572/3044
f 3576/3576/3048 3577/3577/3049 3578/3578/3006
f 3577/3577/3049 3579/3579/3050 3578/3578/3006
f 3580/3580/3051 3581/3581/3027 3582/3582/3052
f 3583/3583/3053 3578/3578/3006 3584/3584/3007
f 3585/3585/3038 3576/3576/3048 3578/3578/3006
f 3584/3584/3007 3586/3586/3054 3587/3587/3047
f 3587/3587/3047 3586/3586/3054 3588/3588/3055
f 3580/3580/3051 3576/3576/3048 3585/3585/3038
f 3589/3589/3056 3585/3585/3038 3578/3578/3006
f 3583/3583/3053 3589/3589/3056 3578/3578/3006
f 3583/3583/3053 3584/3584/3007 3587/3587/3047
f 3590/3590/3033 3581/3581/3027 3580/3580/3051
f 3580/3580/3051 3585/3585/3038 3590/3590/3033
f 3591/3591/3057 3592/3592/3001 3593/3593/3058
f 3594/3594/3059 3595/3595/3017 3596/3596/2992
f 3596/3596/2992 3597/3597/3060 3598/3598/3061
f 3596/3596/2992 3595/3595/3017 3597/3597/3060
f 3598/3598/3061 3597/3597/3060 3599/3599/3062
f 3600/3600/2996 3599/3599/3062 3601/3601/3063
f 3600/3600/2996 3602/3602/3064 3593/3593/3058
f 3597/3597/3060 3601/3601/3063 3599/3599/3062
f 3602/3602/3064 3600/3600/2996 3601/3601/3063
f 3602/3602/3064 3591/3591/3057 3593/3593/3058
f 3603/3603/3065 3604/3604/3066 3605/3605/3067
f 3606/3606/46 3603/3603/3065 3607/3607/78
f 3608/3608/3068 3609/3609/3069 3606/3606/46
f 3608/3608/3068 3610/3610/49 3609/3609/3069
f 3610/3610/49 3608/3608/3068 3611/3611/3070
f 3611/3611/3070 3612/3612/3071 3610/3610/49
f 3613/3613/3072 3614/3614/3073 3615/3615/3074
f 3603/3603/3065 3605/3605/3067 3607/3607/78
f 3611/3611/3070 3616/3616/3075 3612/3612/3071
f 3612/3612/3071 3616/3616/3075 3614/3614/3073
f 3605/3605/3067 3604/3604/3066 3617/3617/3076
f 3616/3616/3075 3615/3615/3074 3614/3614/3073
f 3613/3613/3072 3615/3615/3074 3618/3618/3077
f 3606/3606/46 3607/3607/78 3619/3619/3078
f 3620/3620/3079 3618/3618/3077 3615/3615/3074
f 3621/3621/3080 3615/3615/3074 3616/3616/3075
f 3608/3608/3068 3622/3622/3081 3611/3611/3070
f 3623/3623/3082 3605/3605/3067 3617/3617/3076
f 3624/3624/86 3608/3608/3068 3606/3606/46
f 3625/3625/3083 3616/3616/3075 3611/3611/3070
f 3616/3616/3075 3625/3625/3083 3621/3621/3080
f 3625/3625/3083 3611/3611/3070 3622/3622/3081
f 3621/3621/3080 3620/3620/3079 3615/3615/3074
f 3624/3624/86 3606/3606/46 3619/3619/3078
f 3622/3622/3081 3608/3608/3068 3624/3624/86
f 3619/3619/3078 3626/3626/3084 3624/3624/86
f 3627/3627/3085 3628/3628/67 3629/3629/56
f 3630/3630/3086 3631/3613/3072 3632/3618/3087
f 3633/3631/3088 3634/3632/3089 3629/3629/56
f 3634/3632/3089 3633/3631/3088 3635/3633/59
f 3636/3634/3090 3627/3627/3085 3629/3629/56
f 3629/3629/56 3634/3632/3089 3636/3634/3090
f 3635/3633/59 3637/3635/3091 3634/3632/3089
f 3638/3636/58 3637/3635/3091 3635/3633/59
f 3639/3637/3092 3628/3628/67 3627/3627/3085
f 3630/3630/3086 3632/3618/3087 3640/3638/111
f 3641/3639/3093 3634/3632/3089 3637/3635/3091
f 3640/3638/111 3638/3636/58 3630/3630/3086
f 3638/3636/58 3640/3638/111 3637/3635/3091
f 3641/3639/3093 3636/3634/3090 3634/3632/3089
f 3627/3627/3085 3636/3634/3090 3642/3640/109
f 3640/3638/111 3632/3618/3087 3643/3620/90
f 3639/3637/3092 3627/3627/3085 3642/3640/109
f 3644/3641/3094 3645/3642/3095 3646/3643/330
f 3647/3644/319 3648/3645/3096 3646/3643/330
f 3649/3646/3097 3647/3644/319 3650/3647/321
f 3646/3643/330 3648/3645/3096 3644/3641/3094
f 3648/3645/3096 3647/3644/319 3649/3646/3097
f 3644/3641/3094 3651/3648/332 3645/3642/3095
f 3649/3646/3097 3650/3647/321 3652/3649/3098
f 3652/3649/3098 3653/3650/3099 3654/3651/3100
f 3652/3649/3098 3650/3647/321 3655/3652/3101
f 3649/3646/3097 3652/3649/3098 3656/3653/3102
f 3644/3641/3094 3648/3645/3096 3657/3654/3103
f 3651/3648/332 3658/3655/369 3659/3656/3104
f 3649/3646/3097 3660/3657/3105 3648/3645/3096
f 3654/3651/3100 3661/3658/589 3652/3649/3098
f 3658/3655/369 3651/3648/332 3662/3659/572
f 3651/3648/332 3644/3641/3094 3662/3659/572
f 3657/3654/3103 3662/3659/572 3644/3641/3094
f 3648/3645/3096 3660/3657/3105 3657/3654/3103
f 3649/3646/3097 3663/3660/3106 3660/3657/3105
f 3656/3653/3102 3663/3660/3106 3649/3646/3097
f 3661/3658/589 3656/3653/3102 3652/3649/3098
f 3661/3658/589 3664/3661/3107 3656/3653/3102
f 3664/3661/3107 3663/3660/3106 3656/3653/3102
f 3665/3651/3108 3666/3650/3099 3667/3662/3109
f 3668/3663/3110 3665/3651/3108 3667/3662/3109
f 3669/3664/3111 3667/3662/3109 3670/3665/323
f 3667/3662/3109 3669/3664/3111 3671/3666/3112
f 3672/3667/326 3673/3668/3113 3670/3665/323
f 3668/3663/3110 3667/3662/3109 3671/3666/3112
f 3669/3664/3111 3670/3665/323 3673/3668/3113
f 3674/3669/604 3673/3668/3113 3675/3670/616
f 3676/3671/3114 3677/3672/3115 3678/3673/3116
f 3675/3670/616 3673/3668/3113 3676/3671/3114
f 3671/3666/3112 3679/3674/3117 3668/3663/3110
f 3676/3671/3114 3680/3675/3118 3675/3670/616
f 3668/3663/3110 3681/3676/611 3665/3651/3108
f 3681/3676/611 3668/3663/3110 3679/3674/3117
f 3671/3666/3112 3669/3664/3111 3682/3677/3119
f 3676/3671/3114 3678/3673/3116 3680/3675/3118
f 3669/3664/3111 3673/3668/3113 3674/3669/604
f 3683/3658/3120 3665/3651/3108 3681/3676/611
f 3679/3674/3117 3671/3666/3112 3682/3677/3119
f 3674/3669/604 3682/3677/3119 3669/3664/3111
f 3683/3658/3120 3681/3676/611 3684/3678/3121
f 3685/3679/592 3686/3680/3122 3687/3681/3123
f 3688/3682/610 3689/3683/3124 3690/3684/3125
f 3691/3685/3126 3692/3686/3127 3693/3687/3128
f 3692/3686/3127 3688/3682/610 3694/3688/3129
f 3686/3680/3122 3691/3685/3126 3695/3689/3130
f 3692/3686/3127 3694/3688/3129 3693/3687/3128
f 3689/3683/3124 3696/3690/621 3697/3691/3131
f 3691/3685/3126 3693/3687/3128 3695/3689/3130
f 3698/3692/3132 3690/3684/3125 3689/3683/3124
f 3688/3682/610 3690/3684/3125 3694/3688/3129
f 3686/3680/3122 3695/3689/3130 3687/3681/3123
f 3689/3683/3124 3697/3691/3131 3698/3692/3132
f 3697/3691/3131 3696/3690/621 3699/3693/627
f 3700/3694/3133 3695/3689/3130 3693/3687/3128
f 3694/3688/3129 3701/3695/3134 3693/3687/3128
f 3701/3695/3134 3700/3694/3133 3693/3687/3128
f 3697/3691/3131 3702/3696/3135 3698/3692/3132
f 3703/3697/765 3687/3681/3123 3695/3689/3130
f 3698/3692/3132 3704/3698/3136 3690/3684/3125
f 3705/3699/760 3694/3688/3129 3690/3684/3125
f 3705/3699/760 3690/3684/3125 3704/3698/3136
f 3704/3698/3136 3698/3692/3132 3702/3696/3135
f 3706/3700/642 3697/3691/3131 3699/3693/627
f 3687/3681/3123 3703/3697/765 3707/3701/3137
f 3695/3689/3130 3700/3694/3133 3703/3697/765
f 3705/3699/760 3701/3695/3134 3694/3688/3129
f 3706/3700/642 3702/3696/3135 3697/3691/3131
f 3708/3679/3138 3709/3702/3139 3710/3703/3140
f 3711/3704/581 3712/3705/3141 3713/3706/631
f 3714/3707/600 3712/3705/3141 3711/3704/581
f 3708/3679/3138 3715/3681/3123 3709/3702/3139
f 3716/3708/3142 3717/3709/3143 3718/3710/3144
f 3718/3710/3144 3717/3709/3143 3710/3703/3140
f 3719/3711/732 3720/3712/3145 3721/3713/601
f 3722/3714/636 3713/3706/631 3712/3705/3141
f 3723/3715/3146 3718/3710/3144 3710/3703/3140
f 3720/3712/3145 3724/3716/3147 3714/3707/600
f 3725/3717/729 3721/3713/601 3716/3708/3142
f 3718/3710/3144 3725/3717/729 3716/3708/3142
f 3712/3705/3141 3714/3707/600 3726/3718/737
f 3723/3715/3146 3710/3703/3140 3709/3702/3139
f 3719/3711/732 3721/3713/601 3725/3717/729
f 3724/3716/3147 3720/3712/3145 3719/3711/732
f 3714/3707/600 3724/3716/3147 3726/3718/737
f 3715/3681/3123 3727/3719/750 3709/3702/3139
f 3728/3720/3148 3722/3714/636 3712/3705/3141
f 3709/3702/3139 3727/3719/750 3723/3715/3146
f 3718/3710/3144 3723/3715/3146 3729/3721/3149
f 3725/3717/729 3718/3710/3144 3729/3721/3149
f 3730/3722/733 3724/3716/3147 3719/3711/732
f 3727/3719/750 3729/3721/3149 3723/3715/3146
f 3715/3681/3123 3731/3701/751 3727/3719/750
f 3728/3720/3148 3712/3705/3141 3726/3718/737
f 3732/3723/3150 3733/3724/850 3734/3725/3151
f 3735/3726/883 3736/3727/1103 3737/3728/1506
f 3738/3729/3152 3733/3724/850 3739/3730/3153
f 3733/3724/850 3738/3729/3152 3734/3725/3151
f 3740/3731/3154 3732/3723/3150 3734/3725/3151
f 3734/3725/3151 3738/3729/3152 3741/3732/3155
f 3735/3726/883 3739/3730/3153 3733/3724/850
f 3739/3730/3153 3735/3726/883 3737/3728/1506
f 3741/3732/3155 3738/3729/3152 3742/3733/1650
f 3743/3734/1647 3738/3729/3152 3739/3730/3153
f 3739/3730/3153 3737/3728/1506 3744/3735/3156
f 3745/3736/3157 3741/3732/3155 3742/3733/1650
f 3746/3737/1304 3740/3731/3154 3734/3725/3151
f 3747/3738/3158 3739/3730/3153 3744/3735/3156
f 3746/3737/1304 3734/3725/3151 3741/3732/3155
f 3743/3734/1647 3739/3730/3153 3747/3738/3158
f 3746/3737/1304 3741/3732/3155 3745/3736/3157
f 3743/3734/1647 3747/3738/3158 3748/3739/1648
f 3748/3739/1648 3747/3738/3158 3749/3740/3159
f 3742/3733/1650 3750/3741/3160 3745/3736/3157
f 3751/3742/3161 3746/3737/1304 3745/3736/3157
f 3745/3736/3157 3750/3741/3160 3752/3743/3162
f 3747/3738/3158 3744/3735/3156 3753/3744/1510
f 3751/3742/3161 3745/3736/3157 3752/3743/3162
f 3750/3741/3160 3754/3745/3163 3752/3743/3162
f 3755/3746/3164 3747/3738/3158 3753/3744/1510
f 3749/3740/3159 3747/3738/3158 3756/3747/3165
f 3747/3738/3158 3755/3746/3164 3756/3747/3165
f 3752/3743/3162 3754/3745/3163 3757/3748/3166
f 3758/3749/1309 3751/3742/3161 3752/3743/3162
f 3758/3749/1309 3752/3743/3162 3757/3748/3166
f 3755/3746/3164 3753/3744/1510 3759/3750/3167
f 3756/3747/3165 3755/3746/3164 3760/3751/3168
f 3755/3746/3164 3759/3750/3167 3760/3751/3168
f 3761/3752/1657 3756/3747/3165 3760/3751/3168
f 3757/3748/3166 3754/3745/3163 3762/3753/1656
f 3757/3748/3166 3763/3754/3169 3758/3749/1309
f 3760/3751/3168 3759/3750/3167 3764/3755/3170
f 3762/3753/1656 3763/3754/3169 3757/3748/3166
f 3760/3751/3168 3765/3756/3171 3761/3752/1657
f 3766/3757/1312 3758/3749/1309 3763/3754/3169
f 3764/3755/3170 3759/3750/3167 3767/3758/1516
f 3764/3755/3170 3765/3756/3171 3760/3751/3168
f 3765/3756/3171 3764/3755/3170 3768/3759/3172
f 3762/3753/1656 3769/3760/3173 3763/3754/3169
f 3764/3755/3170 3767/3758/1516 3770/3761/3174
f 3768/3759/3172 3764/3755/3170 3770/3761/3174
f 3763/3754/3169 3771/3762/3175 3766/3757/1312
f 3772/3763/1660 3765/3756/3171 3768/3759/3172
f 3769/3760/3173 3762/3753/1656 3773/3764/1661
f 3763/3754/3169 3769/3760/3173 3771/3762/3175
f 3774/3765/3176 3768/3759/3172 3770/3761/3174
f 3768/3759/3172 3774/3765/3176 3772/3763/1660
f 3775/3766/3177 3769/3760/3173 3773/3764/1661
f 3776/3767/3178 3766/3757/1312 3771/3762/3175
f 3774/3765/3176 3770/3761/3174 3777/3768/3179
f 3769/3760/3173 3775/3766/3177 3771/3762/3175
f 3778/3769/1663 3772/3763/1660 3774/3765/3176
f 3777/3768/3179 3779/3770/3180 3774/3765/3176
f 3778/3769/1663 3774/3765/3176 3779/3770/3180
f 3780/3771/1524 3779/3770/3180 3777/3768/3179
f 3778/3769/1663 3779/3770/3180 3781/3772/3181
f 3782/3773/1666 3778/3769/1663 3781/3772/3181
f 3780/3771/1524 3781/3772/3181 3779/3770/3180
f 3783/3774/3182 3782/3773/1666 3781/3772/3181
f 3784/3775/1528 3781/3772/3181 3780/3771/1524
f 3785/3776/1534 3783/3774/3182 3781/3772/3181
f 3785/3776/1534 3781/3772/3181 3784/3775/1528
f 3785/3776/1534 3784/3775/1528 3786/3777/1529
f 3787/3778/3183 3783/3774/3182 3785/3776/1534
f 3788/3779/1674 3787/3778/3183 3785/3776/1534
f 3786/3777/1529 3789/3780/3184 3785/3776/1534
f 3790/3781/3185 3788/3779/1674 3785/3776/1534
f 3788/3779/1674 3790/3781/3185 3791/3782/3186
f 3792/3783/3187 3791/3782/3186 3790/3781/3185
f 3792/3783/3187 3790/3781/3185 3793/3784/3188
f 3794/3762/3175 3795/3785/1319 3796/3767/1316
f 3797/3766/3177 3795/3785/1319 3794/3762/3175
f 3797/3766/3177 3798/3786/3189 3795/3785/1319
f 3798/3786/3189 3799/3787/3190 3795/3785/1319
f 3795/3785/1319 3799/3787/3190 3800/3788/1322
f 3801/3789/1667 3799/3787/3190 3798/3786/3189
f 3802/3790/1325 3800/3788/1322 3799/3787/3190
f 3802/3790/1325 3799/3787/3190 3801/3789/1667
f 3802/3790/1325 3801/3789/1667 3803/3791/1670
f 3802/3790/1325 3803/3791/1670 3804/3792/3191
f 3804/3792/3191 3805/3793/3192 3802/3790/1325
f 3803/3791/1670 3806/3794/3193 3804/3792/3191
f 3805/3793/3192 3804/3792/3191 3807/3795/3194
f 3808/3796/3195 3804/3792/3191 3806/3794/3193
f 3807/3795/3194 3804/3792/3191 3808/3796/3195
f 3809/3797/2338 3806/3794/3193 3810/3798/3196
f 3808/3796/3195 3806/3794/3193 3809/3797/2338
f 3807/3795/3194 3808/3796/3195 3811/3799/1332
f 3811/3799/1332 3808/3796/3195 3809/3797/2338
f 3812/3800/2367 3809/3797/2338 3813/3801/2167
f 3811/3799/1332 3809/3797/2338 3812/3800/2367
f 3814/3802/3197 3815/3803/1084 3816/3804/3198
f 3817/3805/3199 3816/3804/3198 3818/3806/3200
f 3816/3804/3198 3815/3803/1084 3818/3806/3200
f 3819/3807/3201 3814/3802/3197 3820/3808/3202
f 3818/3806/3200 3815/3803/1084 3821/3809/1079
f 3815/3803/1084 3814/3802/3197 3819/3807/3201
f 3817/3805/3199 3818/3806/3200 3822/3810/3203
f 3819/3807/3201 3820/3808/3202 3823/3811/3204
f 3824/3812/3205 3818/3806/3200 3821/3809/1079
f 3818/3806/3200 3824/3812/3205 3822/3810/3203
f 3823/3811/3204 3825/3813/3206 3819/3807/3201
f 3826/3814/3207 3822/3810/3203 3824/3812/3205
f 3825/3813/3206 3823/3811/3204 3827/3815/3208
f 3822/3810/3203 3826/3814/3207 3828/3816/3209
f 3829/3817/1082 3825/3813/3206 3830/3818/3210
f 3831/3819/3211 3822/3810/3203 3828/3816/3209
f 3825/3813/3206 3827/3815/3208 3830/3818/3210
f 3832/3820/3212 3831/3819/3211 3828/3816/3209
f 3832/3820/3212 3828/3816/3209 3826/3814/3207
f 3833/3821/3213 3832/3820/3212 3826/3814/3207
f 3827/3815/3208 3834/3822/3214 3830/3818/3210
f 3832/3820/3212 3835/3823/3215 3831/3819/3211
f 3835/3823/3215 3832/3820/3212 3836/3824/3216
f 3833/3821/3213 3836/3824/3216 3832/3820/3212
f 3837/3825/1826 3836/3824/3216 3833/3821/3213
f 3835/3823/3215 3836/3824/3216 3838/3826/3217
f 3837/3825/1826 3839/3827/3218 3836/3824/3216
f 3839/3827/3218 3838/3826/3217 3836/3824/3216
f 3840/3828/3219 3839/3827/3218 3837/3825/1826
f 3838/3826/3217 3839/3827/3218 3841/3829/3220
f 3842/3830/3221 3839/3827/3218 3840/3828/3219
f 3841/3829/3220 3839/3827/3218 3842/3830/3221
f 3843/3831/3222 3844/3830/3221 3845/3828/3219
f 3846/3832/3223 3844/3830/3221 3843/3831/3222
f 3847/3829/3224 3844/3830/3221 3846/3832/3223
f 3846/3832/3223 3848/3833/3225 3847/3829/3224
f 3849/3834/1834 3846/3832/3223 3843/3831/3222
f 3850/3835/3226 3851/3836/1220 3852/3837/1221
f 3853/3838/3227 3851/3836/1220 3850/3835/3226
f 3850/3835/3226 3852/3837/1221 3854/3839/3228
f 3846/3832/3223 3849/3834/1834 3848/3833/3225
f 3854/3839/3228 3855/3840/3229 3850/3835/3226
f 3853/3838/3227 3850/3835/3226 3855/3840/3229
f 3856/3841/3230 3857/3842/3231 3849/3834/1834
f 3857/3842/3231 3848/3833/3225 3849/3834/1834
f 3858/3843/3232 3859/3844/3233 3856/3841/3230
f 3857/3842/3231 3856/3841/3230 3859/3844/3233
f 3855/3840/3229 3854/3839/3228 3860/3845/3234
f 3853/3838/3227 3861/3846/3235 3862/3847/3236
f 3858/3843/3232 3863/3848/3237 3859/3844/3233
f 3853/3838/3227 3855/3840/3229 3860/3845/3234
f 3857/3842/3231 3859/3844/3233 3864/3849/3238
f 3862/3847/3236 3865/3850/3239 3863/3848/3237
f 3862/3847/3236 3861/3846/3235 3865/3850/3239
f 3863/3848/3237 3865/3850/3239 3859/3844/3233
f 3860/3845/3234 3866/3851/3240 3853/3838/3227
f 3861/3846/3235 3853/3838/3227 3866/3851/3240
f 3867/3852/3241 3865/3850/3239 3861/3846/3235
f 3859/3844/3233 3868/3853/3242 3864/3849/3238
f 3869/3854/3243 3864/3849/3238 3868/3853/3242
f 3870/3855/3244 3867/3852/3241 3866/3851/3240
f 3866/3851/3240 3867/3852/3241 3861/3846/3235
f 3865/3850/3239 3868/3853/3242 3859/3844/3233
f 3871/3856/3245 3867/3852/3241 3870/3855/3244
f 3872/3857/3246 3867/3852/3241 3871/3856/3245
f 3865/3850/3239 3867/3852/3241 3872/3857/3246
f 3873/3858/3247 3868/3853/3242 3865/3850/3239
f 3874/3859/3248 3875/3860/3249 3876/3861/3250
f 3877/3862/3251 3869/3854/3243 3868/3853/3242
f 3869/3854/3243 3877/3862/3251 3878/3863/3252
f 3879/3864/2422 3880/3865/3253 3881/3866/2364
f 3882/3867/3254 3874/3859/3248 3883/3868/3255
f 3882/3867/3254 3883/3868/3255 3878/3863/3252
f 3874/3859/3248 3882/3867/3254 3884/3869/3256
f 3881/3866/2364 3885/3870/3257 3886/3871/3258
f 3865/3850/3239 3872/3857/3246 3873/3858/3247
f 3887/3872/3259 3878/3863/3252 3877/3862/3251
f 3874/3859/3248 3884/3869/3256 3875/3860/3249
f 3880/3865/3253 3879/3864/2422 3871/3856/3245
f 3868/3853/3242 3873/3858/3247 3877/3862/3251
f 3887/3872/3259 3882/3867/3254 3878/3863/3252
f 3872/3857/3246 3871/3856/3245 3879/3864/2422
f 3887/3872/3259 3877/3862/3251 3888/3873/3260
f 3872/3857/3246 3889/3874/3261 3873/3858/3247
f 3882/3867/3254 3890/3875/2448 3884/3869/3256
f 3881/3866/2364 3886/3871/3258 3891/3876/2423
f 3873/3858/3247 3888/3873/3260 3877/3862/3251
f 3882/3867/3254 3887/3872/3259 3892/3877/3262
f 3875/3860/3249 3884/3869/3256 3890/3875/2448
f 3879/3864/2422 3881/3866/2364 3891/3876/2423
f 3889/3874/3261 3872/3857/3246 3879/3864/2422
f 3882/3867/3254 3892/3877/3262 3890/3875/2448
f 3891/3876/2423 3886/3871/3258 3893/3878/3263
f 3892/3877/3262 3887/3872/3259 3894/3879/2439
f 3890/3875/2448 3895/3880/2276 3875/3860/3249
f 3879/3864/2422 3896/3881/2424 3889/3874/3261
f 3888/3873/3260 3873/3858/3247 3897/3882/3264
f 3898/3883/3265 3899/3884/3266 3900/3885/970
f 3900/3885/970 3901/3886/3267 3902/3887/971
f 3903/3888/3268 3902/3887/971 3901/3886/3267
f 3899/3884/3266 3898/3883/3265 3904/3889/3269
f 3905/3890/3270 3904/3889/3269 3898/3883/3265
f 3900/3885/970 3899/3884/3266 3901/3886/3267
f 3906/3891/3271 3903/3888/3268 3901/3886/3267
f 3906/3891/3271 3907/3892/3272 3903/3888/3268
f 3901/3886/3267 3899/3884/3266 3908/3893/1274
f 3905/3890/3270 3909/3894/3273 3904/3889/3269
f 3908/3893/1274 3899/3884/3266 3904/3889/3269
f 3910/3895/1280 3906/3891/3271 3901/3886/3267
f 3901/3886/3267 3908/3893/1274 3910/3895/1280
f 3907/3892/3272 3906/3891/3271 3911/3896/1283
f 3910/3895/1280 3911/3896/1283 3906/3891/3271
f 3905/3890/3270 3912/3897/1030 3913/3898/3274
f 3913/3898/3274 3909/3894/3273 3905/3890/3270
f 3912/3897/1030 3914/3899/1047 3913/3898/3274
f 3915/3900/1287 3909/3894/3273 3913/3898/3274
f 3914/3899/1047 3915/3900/1287 3913/3898/3274
f 3915/3900/1287 3914/3899/1047 3916/3901/2041
f 3916/3901/2041 3914/3899/1047 3917/3902/1046
f 3916/3901/2041 3918/3903/3275 3915/3900/1287
f 3919/3904/3276 3916/3901/2041 3917/3902/1046
f 3920/3905/2040 3916/3901/2041 3919/3904/3276
f 3920/3905/2040 3919/3904/3276 3921/3906/3277
f 3922/3907/3278 3920/3905/2040 3921/3906/3277
f 3923/3908/3279 3924/3909/1049 3925/3910/1052
f 3926/3911/3280 3927/3912/1044 3928/3913/1069
f 3924/3909/1049 3923/3908/3279 3929/3914/3281
f 3930/3915/3282 3931/3916/3283 3932/3917/3284
f 3933/3918/3285 3934/3919/3286 3935/3920/3287
f 3931/3916/3283 3936/3921/3288 3932/3917/3284
f 3929/3914/3281 3937/3922/1065 3924/3909/1049
f 3938/3923/3289 3925/3910/1052 3939/3924/3290
f 3940/3925/3291 3941/3926/3292 3942/3927/3293
f 3937/3922/1065 3943/3928/3294 3944/3929/3295
f 3940/3925/3291 3944/3929/3295 3945/3930/3296
f 3946/3931/3297 3939/3924/3290 3933/3918/3285
f 3947/3904/3298 3948/3932/3299 3949/3906/3300
f 3941/3926/3292 3940/3925/3291 3945/3930/3296
f 3931/3916/3283 3950/3933/3301 3936/3921/3288
f 3923/3908/3279 3925/3910/1052 3938/3923/3289
f 3951/3934/3302 3929/3914/3281 3923/3908/3279
f 3923/3908/3279 3938/3923/3289 3951/3934/3302
f 3929/3914/3281 3943/3928/3294 3937/3922/1065
f 3936/3921/3288 3952/3935/3303 3953/3936/1045
f 3953/3936/1045 3952/3935/3303 3954/3937/1059
f 3944/3929/3295 3943/3928/3294 3945/3930/3296
f 3948/3932/3299 3954/3937/1059 3955/3938/3304
f 3955/3938/3304 3949/3906/3300 3948/3932/3299
f 3946/3931/3297 3938/3923/3289 3939/3924/3290
f 3952/3935/3303 3956/3939/2246 3954/3937/1059
f 3926/3911/3280 3957/3940/3305 3958/3941/1072
f 3956/3939/2246 3955/3938/3304 3954/3937/1059
f 3959/3942/3306 3952/3935/3303 3936/3921/3288
f 3950/3933/3301 3959/3942/3306 3936/3921/3288
f 3951/3934/3302 3938/3923/3289 3960/3943/3307
f 3961/3944/3308 3962/3945/3309 3942/3927/3293
f 3961/3944/3308 3942/3927/3293 3941/3926/3292
f 3931/3916/3283 3959/3942/3306 3950/3933/3301
f 3926/3911/3280 3928/3913/1069 3957/3940/3305
f 3935/3920/3287 3946/3931/3297 3933/3918/3285
f 3930/3915/3282 3963/3946/3310 3931/3916/3283
f 3956/3939/2246 3952/3935/3303 3964/3947/2244
f 3965/3948/3311 3930/3915/3282 3958/3941/1072
f 3966/3949/3312 3929/3914/3281 3951/3934/3302
f 3967/3950/3313 3941/3926/3292 3945/3930/3296
f 3968/3907/3278 3949/3906/3300 3969/3951/3314
f 3962/3945/3309 3970/3952/3315 3928/3913/1069
f 3970/3952/3315 3957/3940/3305 3928/3913/1069
f 3929/3914/3281 3966/3949/3312 3943/3928/3294
f 3951/3934/3302 3960/3943/3307 3966/3949/3312
f 3958/3941/1072 3957/3940/3305 3965/3948/3311
f 3955/3938/3304 3969/3951/3314 3949/3906/3300
f 3962/3945/3309 3961/3944/3308 3971/3953/3316
f 3972/3954/3317 3957/3940/3305 3970/3952/3315
f 3959/3942/3306 3973/3955/3318 3952/3935/3303
f 3956/3939/2246 3974/3956/2245 3955/3938/3304
f 3955/3938/3304 3975/3957/3319 3969/3951/3314
f 3967/3950/3313 3976/3958/3320 3941/3926/3292
f 3974/3956/2245 3975/3957/3319 3955/3938/3304
f 3970/3952/3315 3962/3945/3309 3971/3953/3316
f 3977/3959/3321 3959/3942/3306 3931/3916/3283
f 3977/3959/3321 3973/3955/3318 3959/3942/3306
f 3963/3946/3310 3930/3915/3282 3965/3948/3311
f 3961/3944/3308 3941/3926/3292 3976/3958/3320
f 3971/3953/3316 3961/3944/3308 3976/3958/3320
f 3963/3946/3310 3978/3960/3322 3931/3916/3283
f 3946/3931/3297 3935/3920/3287 3979/3961/1951
f 3980/3962/2247 3964/3947/2244 3952/3935/3303
f 3952/3935/3303 3973/3955/3318 3980/3962/2247
f 3966/3949/3312 3960/3943/3307 3981/3963/3323
f 3982/3964/3324 3967/3950/3313 3945/3930/3296
f 3982/3964/3324 3943/3928/3294 3966/3949/3312
f 3957/3940/3305 3983/3965/3325 3965/3948/3311
f 3972/3954/3317 3983/3965/3325 3957/3940/3305
f 3943/3928/3294 3982/3964/3324 3945/3930/3296
f 3984/3966/3326 3960/3943/3307 3938/3923/3289
f 3979/3961/1951 3985/3967/3327 3946/3931/3297
f 3931/3916/3283 3978/3960/3322 3977/3959/3321
f 3974/3956/2245 3986/3968/3328 3975/3957/3319
f 3970/3952/3315 3971/3953/3316 3972/3954/3317
f 3987/3969/3329 3984/3966/3326 3938/3923/3289
f 3982/3964/3324 3966/3949/3312 3981/3963/3323
f 3985/3967/3327 3987/3969/3329 3946/3931/3297
f 3946/3931/3297 3987/3969/3329 3938/3923/3289
f 3983/3965/3325 3963/3946/3310 3965/3948/3311
f 3963/3946/3310 3988/3970/3330 3989/3971/3331
f 3963/3946/3310 3989/3971/3331 3978/3960/3322
f 3967/3950/3313 3982/3964/3324 3990/3972/3332
f 3981/3963/3323 3960/3943/3307 3984/3966/3326
f 3971/3953/3316 3991/3973/3333 3972/3954/3317
f 3976/3958/3320 3991/3973/3333 3971/3953/3316
f 3977/3959/3321 3992/3974/3334 3973/3955/3318
f 3993/3975/3335 3988/3970/3330 3963/3946/3310
f 3994/3976/3336 3978/3960/3322 3989/3971/3331
f 3975/3957/3319 3995/3977/3337 3969/3951/3314
f 3994/3976/3336 3977/3959/3321 3978/3960/3322
f 3986/3968/3328 3995/3977/3337 3975/3957/3319
f 3979/3961/1951 3996/3978/3338 3985/3967/3327
f 3993/3975/3335 3963/3946/3310 3983/3965/3325
f 3997/3979/3339 3982/3964/3324 3981/3963/3323
f 3998/3980/2278 3969/3951/3314 3999/3981/3340
f 4000/3982/3341 3973/3955/3318 3992/3974/3334
f 3991/3973/3333 3976/3958/3320 3967/3950/3313
f 3995/3977/3337 3999/3981/3340 3969/3951/3314
f 4001/3983/3342 3981/3963/3323 3984/3966/3326
f 3991/3973/3333 3967/3950/3313 3990/3972/3332
f 3996/3978/3338 4002/3984/3343 3985/3967/3327
f 4003/3985/1953 3996/3978/3338 3979/3961/1951
f 4004/3986/3344 3992/3974/3334 3977/3959/3321
f 3997/3979/3339 3990/3972/3332 3982/3964/3324
f 3983/3965/3325 3972/3954/3317 3993/3975/3335
f 4000/3982/3341 3980/3962/2247 3973/3955/3318
f 3991/3973/3333 4005/3987/3345 3972/3954/3317
f 3996/3978/3338 4003/3985/1953 4006/3988/3346
f 3985/3967/3327 4007/3989/3347 3987/3969/3329
f 4004/3986/3344 3977/3959/3321 3994/3976/3336
f 4005/3987/3345 3993/3975/3335 3972/3954/3317
f 3997/3979/3339 3981/3963/3323 4008/3990/3348
f 3985/3967/3327 4002/3984/3343 4007/3989/3347
f 3988/3970/3330 3994/3976/3336 3989/3971/3331
f 4001/3983/3342 4008/3990/3348 3981/3963/3323
f 3993/3975/3335 4009/3991/3349 3988/3970/3330
f 3992/3974/3334 4010/3992/3350 4000/3982/3341
f 4004/3986/3344 4010/3992/3350 3992/3974/3334
f 3986/3968/3328 4011/3993/3351 4012/3994/3352
f 4007/3989/3347 3984/3966/3326 3987/3969/3329
f 4007/3989/3347 4001/3983/3342 3984/3966/3326
f 4013/3995/2249 3980/3962/2247 4000/3982/3341
f 3996/3978/3338 4014/3996/2303 4002/3984/3343
f 3993/3975/3335 4005/3987/3345 4015/3997/3353
f 3986/3968/3328 4012/3994/3352 3995/3977/3337
f 4015/3997/3353 4009/3991/3349 3993/3975/3335
f 4016/3998/3354 4008/3990/3348 4001/3983/3342
f 4011/3993/3351 4017/3999/3355 4012/3994/3352
f 4018/4000/3356 3999/3981/3340 3995/3977/3337
f 3990/3972/3332 4019/4001/3357 4020/4002/3358
f 4021/4003/3359 3997/3979/3339 4008/3990/3348
f 3995/3977/3337 4012/3994/3352 4018/4000/3356
f 3991/3973/3333 3990/3972/3332 4020/4002/3358
f 4022/4004/3360 4004/3986/3344 3994/3976/3336
f 4000/3982/3341 4023/4005/2251 4013/3995/2249
f 4017/3999/3355 4018/4000/3356 4012/3994/3352
f 4024/4006/3361 4016/3998/3354 4001/3983/3342
f 4007/3989/3347 4024/4006/3361 4001/3983/3342
f 4025/4007/3362 4017/3999/3355 4011/3993/3351
f 4000/3982/3341 4010/3992/3350 4023/4005/2251
f 4016/3998/3354 4021/4003/3359 4008/3990/3348
f 4007/3989/3347 4002/3984/3343 4014/3996/2303
f 4022/4004/3360 3988/3970/3330 4009/3991/3349
f 4026/4008/1957 4027/4009/1414 4028/4010/1365
f 4004/3986/3344 4022/4004/3360 4010/3992/3350
f 4010/3992/3350 4029/4011/3363 4030/4012/3364
f 4022/4004/3360 3994/3976/3336 3988/3970/3330
f 4015/3997/3353 4031/4013/3365 4009/3991/3349
f 4018/4000/3356 4032/4014/3366 3999/3981/3340
f 4033/4015/3367 3997/3979/3339 4021/4003/3359
f 3996/3978/3338 4034/4016/3368 4014/3996/2303
f 4019/4001/3357 3990/3972/3332 3997/3979/3339
f 4005/3987/3345 4031/4013/3365 4015/3997/3353
f 3991/3973/3333 4031/4013/3365 4005/3987/3345
f 4018/4000/3356 4017/3999/3355 4035/4017/3369
f 4020/4002/3358 4031/4013/3365 3991/3973/3333
f 4018/4000/3356 4035/4017/3369 4032/4014/3366
f 4014/3996/2303 4024/4006/3361 4007/3989/3347
f 4033/4015/3367 4019/4001/3357 3997/3979/3339
f 4030/4012/3364 4023/4005/2251 4010/3992/3350
f 4006/3988/3346 4034/4016/3368 3996/3978/3338
f 4022/4004/3360 4029/4011/3363 4010/3992/3350
f 4036/4018/3370 4033/4015/3367 4021/4003/3359
f 4037/4019/3371 4034/4016/3368 4026/4008/1957
f 4036/4018/3370 4021/4003/3359 4016/3998/3354
f 4038/4020/2325 4020/4002/3358 4019/4001/3357
f 4026/4008/1957 4034/4016/3368 4006/3988/3346
f 4029/4011/3363 4022/4004/3360 4009/3991/3349
f 4036/4018/3370 4016/3998/3354 4024/4006/3361
f 4014/3996/2303 4036/4018/3370 4024/4006/3361
f 4030/4012/3364 4039/4021/3372 4023/4005/2251
f 4031/4013/3365 4029/4011/3363 4009/3991/3349
f 4037/4019/3371 4026/4008/1957 4028/4010/1365
f 4039/4021/3372 4030/4012/3364 4040/4022/2299
f 4041/4023/3373 4037/4019/3371 4028/4010/1365
f 4019/4001/3357 4033/4015/3367 4038/4020/2325
f 4038/4020/2325 4031/4013/3365 4020/4002/3358
f 4042/4024/3374 4043/4025/1706 4044/4026/3375
f 4044/4026/3375 4045/4027/3376 4042/4024/3374
f 4046/4028/3377 4042/4024/3374 4045/4027/3376
f 4044/4026/3375 4047/4029/503 4048/4030/504
f 4048/4030/504 4049/4031/3378 4050/4032/493
f 4044/4026/3375 4048/4030/504 4045/4027/3376
f 4048/4030/504 4050/4032/493 4045/4027/3376
f 4051/4033/3379 4045/4027/3376 4050/4032/493
f 4046/4028/3377 4045/4027/3376 4052/4034/3380
f 4053/4035/3381 4046/4028/3377 4052/4034/3380
f 4052/4034/3380 4045/4027/3376 4051/4033/3379
f 4054/4036/3382 4052/4034/3380 4051/4033/3379
f 4055/4037/3383 4054/4036/3382 4051/4033/3379
f 4052/4034/3380 4054/4036/3382 4053/4035/3381
f 4054/4036/3382 4056/4038/3384 4053/4035/3381
f 4057/4039/3385 4056/4038/3384 4054/4036/3382
f 4057/4039/3385 4054/4036/3382 4058/4040/1904
f 4059/4041/1907 4057/4039/3385 4058/4040/1904
f 4060/4042/1781 4056/4038/3384 4057/4039/3385
f 4057/4039/3385 4061/4043/2169 4060/4042/1781
f 4059/4041/1907 4061/4043/2169 4057/4039/3385
f 4062/4044/2170 4061/4043/2169 4059/4041/1907
f 4063/4025/3386 4064/4045/3387 4065/4026/3375
f 4064/4045/3387 4063/4025/3386 4066/4046/3388
f 4067/4029/3389 4065/4026/3375 4064/4045/3387
f 4066/4046/3388 4068/4047/3390 4064/4045/3387
f 4064/4045/3387 4068/4047/3390 4067/4029/3389
f 4066/4046/3388 4069/4048/3391 4068/4047/3390
f 4066/4046/3388 4070/4049/3392 4069/4048/3391
f 4070/4049/3392 4071/4050/1713 4069/4048/3391
f 4069/4048/3391 4071/4050/1713 4072/4051/3393
f 4073/4052/1715 4074/4053/3394 4071/4050/1713
f 4071/4050/1713 4074/4053/3394 4072/4051/3393
f 4074/4053/3394 4075/4054/3395 4072/4051/3393
f 4074/4053/3394 4073/4052/1715 4076/4055/3396
f 4077/4056/2067 4075/4054/3395 4074/4053/3394
f 4074/4053/3394 4076/4055/3396 4077/4056/2067
f 4078/4057/3397 4079/4058/3398 4080/4059/3399
f 4081/4060/3400 4079/4058/3398 4078/4057/3397
f 4080/4059/3399 4082/4061/3401 4083/4062/3402
f 4079/4058/3398 4082/4061/3401 4080/4059/3399
f 4079/4058/3398 4081/4060/3400 4084/4063/3403
f 4079/4058/3398 4084/4063/3403 4082/4061/3401
f 4084/4063/3403 4081/4060/3400 4085/4064/3404
f 4086/4065/3405 4084/4063/3403 4085/4064/3404
f 4087/4066/3406 4084/4063/3403 4086/4065/3405
f 4088/4067/3407 4086/4065/3405 4085/4064/3404
f 4088/4067/3407 4089/4068/3408 4086/4065/3405
f 4087/4066/3406 4086/4065/3405 4089/4068/3408
f 4090/4069/3409 4089/4068/3408 4088/4067/3407
f 4087/4066/3406 4089/4068/3408 4090/4069/3409
f 4091/4070/3410 4087/4066/3406 4090/4069/3409
f 4092/4071/3411 4090/4069/3409 4088/4067/3407
f 4091/4070/3410 4090/4069/3409 4093/4072/3412
f 4090/4069/3409 4092/4071/3411 4093/4072/3412
f 4094/4073/1347 4091/4070/3410 4093/4072/3412
f 4095/4074/3413 4093/4072/3412 4092/4071/3411
f 4094/4073/1347 4093/4072/3412 4096/4075/3414
f 4093/4072/3412 4095/4074/3413 4096/4075/3414
f 4097/4076/3415 4096/4075/3414 4095/4074/3413
f 4096/4075/3414 4097/4076/3415 4098/4077/3416
f 4098/4077/3416 4094/4073/1347 4096/4075/3414
f 4094/4073/1347 4098/4077/3416 4099/4078/3417
f 4100/4079/3418 4099/4078/3417 4098/4077/3416
f 4098/4077/3416 4097/4076/3415 4100/4079/3418
f 4100/4079/3418 4101/4080/3419 4099/4078/3417
f 4097/4076/3415 4102/4081/3420 4100/4079/3418
f 4101/4080/3419 4100/4079/3418 4103/4082/3421
f 4100/4079/3418 4102/4081/3420 4103/4082/3421
f 4103/4082/3421 4104/4083/3422 4101/4080/3419
f 4105/4084/3423 4104/4083/3422 4103/4082/3421
f 4102/4081/3420 4105/4084/3423 4103/4082/3421
f 4106/4085/3424 4105/4084/3423 4102/4081/3420
f 4105/4084/3423 4107/4086/1361 4104/4083/3422
f 4106/4085/3424 4108/4087/3425 4105/4084/3423
f 4105/4084/3423 4109/4088/3243 4107/4086/1361
f 4108/4087/3425 4109/4088/3243 4105/4084/3423
f 4110/4057/3397 4111/4089/3426 4112/4090/3427
f 4113/4059/3399 4111/4089/3426 4110/4057/3397
f 4112/4090/3427 4111/4089/3426 4114/4091/3428
f 4113/4059/3399 4115/4062/3429 4111/4089/3426
f 4111/4089/3426 4116/4092/3430 4114/4091/3428
f 4111/4089/3426 4115/4062/3429 4117/4093/3431
f 4111/4089/3426 4117/4093/3431 4116/4092/3430
f 4116/4092/3430 4118/4094/3204 4114/4091/3428
f 4119/4095/3432 4116/4092/3430 4117/4093/3431
f 4119/4095/3432 4118/4094/3204 4116/4092/3430
f 4120/4096/3433 4118/4094/3204 4119/4095/3432
f 4120/4096/3433 4119/4095/3432 4121/4097/1215
f 4122/4098/1216 4121/4097/1215 4123/4099/1213
f 4124/4100/3434 4120/4096/3433 4121/4097/1215
f 4121/4097/1215 4125/4101/3435 4124/4100/3434
f 4122/4098/1216 4125/4101/3435 4121/4097/1215
f 4124/4100/3434 4125/4101/3435 4126/4102/3436
f 4125/4101/3435 4122/4098/1216 4127/4103/3437
f 4128/4104/2024 4125/4101/3435 4127/4103/3437
f 4128/4104/2024 4126/4102/3436 4125/4101/3435
f 4129/4105/3438 4128/4104/2024 4127/4103/3437
f 4129/4105/3438 4127/4103/3437 4130/4106/3439
f 4129/4105/3438 4130/4106/3439 4131/4107/3440
f 4130/4106/3439 4132/4108/3441 4131/4107/3440
f 4131/4107/3440 4132/4108/3441 4133/4109/3442
f 4132/4108/3441 4134/4110/1840 4133/4109/3442
f 4129/4105/3438 4131/4107/3440 4135/4111/3443
f 4131/4107/3440 4133/4109/3442 4135/4111/3443
f 4136/4112/3444 4135/4111/3443 4133/4109/3442
f 4136/4112/3444 4133/4109/3442 4134/4110/1840
f 4137/4113/3445 4138/4114/1249 4139/4115/3446
f 4140/4116/3447 4137/4113/3445 4141/4117/3448
f 4142/4118/1222 4143/4119/1226 4141/4117/3448
f 4141/4117/3448 4143/4119/1226 4140/4116/3447
f 4144/4120/3449 4141/4117/3448 4137/4113/3445
f 4145/4121/3450 4137/4113/3445 4139/4115/3446
f 4144/4120/3449 4137/4113/3445 4145/4121/3450
f 4140/4116/3447 4143/4119/1226 4146/4122/1262
f 4147/4123/3451 4140/4116/3447 4146/4122/1262
f 4148/4124/3452 4146/4122/1262 4143/4119/1226
f 4146/4122/1262 4148/4124/3452 4149/4125/1235
f 4150/4126/3453 4151/4127/3454 4146/4122/1262
f 4150/4126/3453 4146/4122/1262 4149/4125/1235
f 4149/4125/1235 4152/4128/1237 4150/4126/3453
f 4150/4126/3453 4153/4129/3455 4151/4127/3454
f 4150/4126/3453 4152/4128/1237 4154/4130/3456
f 4153/4129/3455 4150/4126/3453 4154/4130/3456
f 4155/4131/1240 4154/4130/3456 4152/4128/1237
f 4156/4132/3457 4154/4130/3456 4155/4131/1240
f 4154/4130/3456 4156/4132/3457 4153/4129/3455
f 4156/4132/3457 4157/4133/3458 4153/4129/3455
f 4158/4115/3446 4159/4114/3459 4160/4134/3460
f 4158/4115/3446 4160/4134/3460 4161/4135/1234
f 4161/4135/1234 4160/4134/3460 4162/4136/3461
f 4163/4121/3462 4158/4115/3446 4161/4135/1234
f 4162/4136/3461 4164/4137/3463 4161/4135/1234
f 4164/4137/3463 4165/4138/1689 4161/4135/1234
f 4162/4136/3461 4166/4139/3464 4164/4137/3463
f 4167/4140/3465 4165/4138/1689 4164/4137/3463
f 4167/4140/3465 4164/4137/3463 4166/4139/3464
f 4167/4140/3465 4166/4139/3464 4168/4141/3466
f 4169/4142/2229 4167/4140/3465 4168/4141/3466
f 4169/4142/2229 4168/4141/3466 4170/4143/2230
f 4171/4144/3467 4170/4143/2230 4168/4141/3466
f 4170/4143/2230 4171/4144/3467 4172/4145/3468
f 4172/4145/3468 4173/4146/3469 4170/4143/2230
f 4174/4147/3470 4173/4146/3469 4172/4145/3468
f 4175/4148/2208 4174/4147/3470 4172/4145/3468
f 4174/4147/3470 4175/4148/2208 4176/4149/2053
f 4175/4148/2208 4177/4150/2062 4176/4149/2053
f 4178/4151/1762 4179/4152/3471 4180/4153/3472
f 4179/4152/3471 4181/4154/1573 4180/4153/3472
f 4179/4152/3471 4182/4155/3473 4181/4154/1573
f 4183/4156/3474 4181/4154/1573 4182/4155/3473
f 4184/4157/3475 4185/4158/3476 4182/4155/3473
f 4182/4155/3473 4185/4158/3476 4183/4156/3474
f 4185/4158/3476 4184/4157/3475 4186/4159/3477
f 4186/4159/3477 4187/4160/1806 4185/4158/3476
f 4187/4160/1806 4183/4156/3474 4185/4158/3476
f 4188/4161/1556 4187/4160/1806 4186/4159/3477
f 4187/4160/1806 4188/4161/1556 4189/4162/3478
f 4189/4162/3478 4190/4163/1809 4187/4160/1806
f 4191/4164/1563 4189/4162/3478 4188/4161/1556
f 4192/4165/3479 4190/4163/1809 4189/4162/3478
f 4188/4161/1556 4193/4166/3480 4191/4164/1563
f 4189/4162/3478 4191/4164/1563 4192/4165/3479
f 4194/4167/3481 4192/4165/3479 4191/4164/1563
f 4195/4168/2134 4194/4167/3481 4191/4164/1563
f 4196/4169/3482 4197/4170/3483 4194/4167/3481
f 4195/4168/2134 4198/4171/3484 4194/4167/3481
f 4194/4167/3481 4198/4171/3484 4196/4169/3482
f 4199/4172/3485 4196/4169/3482 4198/4171/3484
f 4199/4172/3485 4200/4173/1819 4196/4169/3482
f 4201/4174/3486 4202/4175/3487 4200/4173/1819
f 4199/4172/3485 4203/4176/2143 4200/4173/1819
f 4203/4176/2143 4201/4174/3486 4200/4173/1819
f 4204/4177/1589 4205/4178/3488 4206/4179/3489
f 4205/4178/3488 4207/4180/3490 4208/4181/3491
f 4208/4181/3491 4206/4179/3489 4205/4178/3488
f 4208/4181/3491 4207/4180/3490 4209/4182/2186
f 4206/4179/3489 4208/4181/3491 4210/4183/3492
f 4208/4181/3491 4209/4182/2186 4210/4183/3492
f 4209/4182/2186 4211/4184/2187 4212/4185/3493
f 4209/4182/2186 4212/4185/3493 4210/4183/3492
f 4213/4186/2145 4210/4183/3492 4212/4185/3493
f 4211/4184/2187 4214/4187/3494 4212/4185/3493
f 4214/4187/3494 4211/4184/2187 4215/4188/2195
f 4216/4175/3487 4217/4174/3495 4218/4189/3496
f 4213/4186/2145 4212/4185/3493 4214/4187/3494
f 4218/4189/3496 4219/4190/3497 4216/4175/3487
f 4220/4191/3498 4214/4187/3494 4215/4188/2195
f 4220/4191/3498 4215/4188/2195 4221/4192/3499
f 4219/4190/3497 4222/4193/3500 4221/4192/3499
f 4219/4190/3497 4218/4189/3496 4222/4193/3500
f 4223/4194/3501 4213/4186/2145 4214/4187/3494
f 4221/4192/3499 4222/4193/3500 4220/4191/3498
f 4224/4195/3502 4217/4174/3495 4225/4176/2143
f 4217/4174/3495 4224/4195/3502 4218/4189/3496
f 4220/4191/3498 4223/4194/3501 4214/4187/3494
f 4222/4193/3500 4218/4189/3496 4224/4195/3502
f 4222/4193/3500 4226/4196/3503 4220/4191/3498
f 4226/4196/3503 4223/4194/3501 4220/4191/3498
f 4222/4193/3500 4224/4195/3502 4226/4196/3503
f 4227/4197/3504 4228/4198/2457 4229/4199/3505
f 4230/4200/2459 4231/4201/3506 4232/4202/3507
f 4228/4198/2457 4233/4203/3508 4234/4204/3509
f 4233/4203/3508 4230/4200/2459 4235/4205/3510
f 4227/4197/3504 4229/4199/3505 4236/4206/3511
f 4227/4197/3504 4236/4206/3511 4237/4207/3512
f 4238/4208/3513 4239/4209/3514 4227/4197/3504
f 4240/4210/3515 4241/4211/3516 4239/4209/3514
f 4242/4212/2476 4241/4211/3516 4240/4210/3515
f 4232/4202/3507 4235/4205/3510 4230/4200/2459
f 4234/4204/3509 4229/4199/3505 4228/4198/2457
f 4238/4208/3513 4227/4197/3504 4237/4207/3512
f 4243/4213/3517 4234/4204/3509 4233/4203/3508
f 4238/4208/3513 4240/4210/3515 4239/4209/3514
f 4234/4204/3509 4243/4213/3517 4229/4199/3505
f 4229/4199/3505 4243/4213/3517 4244/4214/2529
f 4243/4213/3517 4233/4203/3508 4235/4205/3510
f 4236/4206/3511 4229/4199/3505 4244/4214/2529
f 4235/4205/3510 4232/4202/3507 4245/4215/3518
f 4237/4207/3512 4246/4216/3519 4238/4208/3513
f 4236/4206/3511 4247/4217/3520 4237/4207/3512
f 4240/4210/3515 4248/4218/3521 4242/4212/2476
f 4244/4214/2529 4243/4213/3517 4249/4219/3522
f 4243/4213/3517 4235/4205/3510 4250/4220/3523
f 4244/4214/2529 4247/4217/3520 4236/4206/3511
f 4238/4208/3513 4246/4216/3519 4251/4221/3524
f 4252/4222/3525 4248/4218/3521 4240/4210/3515
f 4250/4220/3523 4235/4205/3510 4245/4215/3518
f 4252/4222/3525 4240/4210/3515 4238/4208/3513
f 4249/4219/3522 4243/4213/3517 4250/4220/3523
f 4247/4217/3520 4246/4216/3519 4237/4207/3512
f 4253/4223/3526 4254/4224/3527 4255/4225/2466
f 4255/4225/2466 4256/4226/3528 4257/4227/3529
f 4257/4227/3529 4258/4228/3530 4259/4201/3506
f 4260/4229/3531 4253/4223/3526 4261/4230/3532
f 4262/4231/3533 4261/4230/3532 4263/4232/3534
f 4264/4233/3535 4265/4234/3536 4263/4232/3534
f 4257/4227/3529 4256/4226/3528 4258/4228/3530
f 4262/4231/3533 4263/4232/3534 4265/4234/3536
f 4266/4202/3537 4259/4201/3506 4258/4228/3530
f 4254/4224/3527 4256/4226/3528 4255/4225/2466
f 4253/4223/3526 4260/4229/3531 4254/4224/3527
f 4262/4231/3533 4260/4229/3531 4261/4230/3532
f 4265/4234/3536 4264/4233/3535 4267/4235/3538
f 4254/4224/3527 4268/4236/3539 4256/4226/3528
f 4265/4234/3536 4269/4237/3540 4262/4231/3533
f 4269/4237/3540 4265/4234/3536 4267/4235/3538
f 4258/4228/3530 4256/4226/3528 4270/4238/3541
f 4266/4202/3537 4258/4228/3530 4270/4238/3541
f 4270/4238/3541 4256/4226/3528 4268/4236/3539
f 4260/4229/3531 4262/4231/3533 4271/4239/3542
f 4272/4240/2532 4254/4224/3527 4260/4229/3531
f 4266/4202/3537 4270/4238/3541 4273/4215/3543
f 4269/4237/3540 4271/4239/3542 4262/4231/3533
f 4272/4240/2532 4260/4229/3531 4271/4239/3542
f 4254/4224/3527 4274/4241/3544 4268/4236/3539
f 4275/4242/3545 4274/4241/3544 4254/4224/3527
f 4275/4242/3545 4254/4224/3527 4272/4240/2532
f 4276/4243/2562 4277/4244/3546 4278/4245/3547
f 4279/4246/2544 4280/4247/3548 4281/4248/3549
f 4280/4247/3548 4282/4249/3550 4281/4248/3549
f 4283/4250/3551 4284/4251/3552 4285/4252/3553
f 4283/4250/3551 4286/4253/3554 4284/4251/3552
f 4287/4254/2546 4286/4253/3554 4288/4255/3555
f 4277/4244/3546 4287/4254/2546 4278/4245/3547
f 4289/4256/3556 4290/4257/3557 4291/4258/3558
f 4279/4246/2544 4281/4248/3549 4285/4252/3553
f 4283/4250/3551 4285/4252/3553 4292/4259/3559
f 4290/4257/3557 4293/4260/3560 4291/4258/3558
f 4281/4248/3549 4292/4259/3559 4285/4252/3553
f 4286/4253/3554 4283/4250/3551 4288/4255/3555
f 4289/4256/3556 4276/4243/2562 4290/4257/3557
f 4288/4255/3555 4283/4250/3551 4294/4261/3561
f 4276/4243/2562 4278/4245/3547 4295/4262/3562
f 4292/4259/3559 4296/4263/3563 4283/4250/3551
f 4297/4264/3564 4294/4261/3561 4283/4250/3551
f 4290/4257/3557 4276/4243/2562 4295/4262/3562
f 4296/4263/3563 4297/4264/3564 4283/4250/3551
f 4290/4257/3557 4298/4265/2590 4293/4260/3560
f 4281/4248/3549 4299/4266/3565 4292/4259/3559
f 4300/4267/3566 4278/4245/3547 4287/4254/2546
f 4287/4254/2546 4288/4255/3555 4300/4267/3566
f 4298/4265/2590 4290/4257/3557 4295/4262/3562
f 4296/4263/3563 4292/4259/3559 4299/4266/3565
f 4300/4267/3566 4288/4255/3555 4294/4261/3561
f 4281/4248/3549 4282/4249/3550 4301/4268/2604
f 4296/4263/3563 4299/4266/3565 4302/4269/2599
f 4303/4270/2596 4295/4262/3562 4278/4245/3547
f 4296/4263/3563 4302/4269/2599 4297/4264/3564
f 4300/4267/3566 4303/4270/2596 4278/4245/3547
f 4293/4260/3560 4298/4265/2590 4304/4271/2598
f 4295/4262/3562 4303/4270/2596 4305/4272/2589
f 4301/4268/2604 4299/4266/3565 4281/4248/3549
f 4306/4247/3548 4307/4273/2552 4308/4249/3550
f 4309/4274/3567 4310/4275/3568 4311/4276/3569
f 4312/4277/3570 4313/4278/3571 4314/4279/3572
f 4315/4280/2576 4314/4279/3572 4316/4281/3573
f 4317/4282/3574 4311/4276/3569 4318/4283/3575
f 4317/4282/3574 4318/4283/3575 4319/4284/3576
f 4320/4285/3577 4317/4282/3574 4319/4284/3576
f 4320/4285/3577 4319/4284/3576 4313/4278/3571
f 4313/4278/3571 4312/4277/3570 4320/4285/3577
f 4315/4280/2576 4312/4277/3570 4314/4279/3572
f 4309/4274/3567 4311/4276/3569 4317/4282/3574
f 4310/4275/3568 4308/4249/3550 4307/4273/2552
f 4309/4274/3567 4317/4282/3574 4321/4286/3578
f 4315/4280/2576 4322/4287/2628 4312/4277/3570
f 4308/4249/3550 4310/4275/3568 4323/4288/3579
f 4324/4289/3580 4309/4274/3567 4321/4286/3578
f 4312/4277/3570 4322/4287/2628 4325/4290/2624
f 4310/4275/3568 4309/4274/3567 4324/4289/3580
f 4320/4285/3577 4312/4277/3570 4325/4290/2624
f 4323/4288/3579 4310/4275/3568 4324/4289/3580
f 4321/4286/3578 4326/4291/3581 4324/4289/3580
f 4324/4289/3580 4327/4292/3582 4323/4288/3579
f 4315/4280/2576 4328/4293/2580 4322/4287/2628
f 4327/4292/3582 4324/4289/3580 4326/4291/3581
f 4329/4294/3583 4317/4282/3574 4320/4285/3577
f 4323/4288/3579 4327/4292/3582 4330/4295/3584
f 4317/4282/3574 4331/4296/3585 4321/4286/3578
f 4308/4249/3550 4323/4288/3579 4330/4295/3584
f 4330/4295/3584 4332/4268/3586 4308/4249/3550
f 4326/4291/3581 4321/4286/3578 4331/4296/3585
f 4331/4296/3585 4317/4282/3574 4329/4294/3583
f 4325/4290/2624 4329/4294/3583 4320/4285/3577
